solid OpenSCAD_Model
  facet normal 0 0 -1
    outer loop
      vertex 106.573 10.4635 0
      vertex 11.4266 10.4635 0
      vertex 106.614 10.574 0
    endloop
  endfacet
  facet normal 0 0 -1
    outer loop
      vertex 106.663 59.319 0
      vertex 11.4954 59.8823 0
      vertex 11.5 60 0
    endloop
  endfacet
  facet normal 0 0 -1
    outer loop
      vertex 11.3858 10.574 0
      vertex 106.614 10.574 0
      vertex 11.4266 10.4635 0
    endloop
  endfacet
  facet normal 0 0 -1
    outer loop
      vertex 106.663 59.319 0
      vertex 11.4815 59.7653 0
      vertex 11.4954 59.8823 0
    endloop
  endfacet
  facet normal 0 0 -1
    outer loop
      vertex 106.614 10.574 0
      vertex 11.3858 10.574 0
      vertex 106.663 10.681 0
    endloop
  endfacet
  facet normal 0 0 -1
    outer loop
      vertex 106.663 59.319 0
      vertex 11.4586 59.6498 0
      vertex 11.4815 59.7653 0
    endloop
  endfacet
  facet normal 0 0 -1
    outer loop
      vertex 11.3365 10.681 0
      vertex 106.663 10.681 0
      vertex 11.3858 10.574 0
    endloop
  endfacet
  facet normal 0 0 -1
    outer loop
      vertex 106.663 59.319 0
      vertex 11.4266 59.5365 0
      vertex 11.4586 59.6498 0
    endloop
  endfacet
  facet normal 0 0 -1
    outer loop
      vertex 106.663 10.681 0
      vertex 11.3365 10.681 0
      vertex 106.663 59.319 0
    endloop
  endfacet
  facet normal 0 0 -1
    outer loop
      vertex 106.663 59.319 0
      vertex 11.3858 59.426 0
      vertex 11.4266 59.5365 0
    endloop
  endfacet
  facet normal 0 0 -1
    outer loop
      vertex 11.3365 59.319 0
      vertex 106.663 59.319 0
      vertex 11.3365 10.681 0
    endloop
  endfacet
  facet normal 0 0 -1
    outer loop
      vertex 106.663 59.319 0
      vertex 11.3365 59.319 0
      vertex 11.3858 59.426 0
    endloop
  endfacet
  facet normal 0 0 -1
    outer loop
      vertex 11.279 10.7837 0
      vertex 11.3365 59.319 0
      vertex 11.3365 10.681 0
    endloop
  endfacet
  facet normal 0 0 -1
    outer loop
      vertex 11.279 10.7837 0
      vertex 11.279 59.2163 0
      vertex 11.3365 59.319 0
    endloop
  endfacet
  facet normal 0 0 -1
    outer loop
      vertex 11.2135 10.8817 0
      vertex 11.279 59.2163 0
      vertex 11.279 10.7837 0
    endloop
  endfacet
  facet normal 0 0 -1
    outer loop
      vertex 11.2135 10.8817 0
      vertex 11.2135 59.1183 0
      vertex 11.279 59.2163 0
    endloop
  endfacet
  facet normal 0 0 -1
    outer loop
      vertex 11.1406 10.9742 0
      vertex 11.2135 59.1183 0
      vertex 11.2135 10.8817 0
    endloop
  endfacet
  facet normal 0 0 -1
    outer loop
      vertex 11.1406 10.9742 0
      vertex 11.1406 59.0258 0
      vertex 11.2135 59.1183 0
    endloop
  endfacet
  facet normal 0 0 -1
    outer loop
      vertex 11.0607 11.0607 0
      vertex 11.1406 59.0258 0
      vertex 11.1406 10.9742 0
    endloop
  endfacet
  facet normal 0 0 -1
    outer loop
      vertex 11.0607 11.0607 0
      vertex 11.0607 58.9393 0
      vertex 11.1406 59.0258 0
    endloop
  endfacet
  facet normal 0 0 -1
    outer loop
      vertex 10.9742 11.1406 0
      vertex 11.0607 58.9393 0
      vertex 11.0607 11.0607 0
    endloop
  endfacet
  facet normal 0 0 -1
    outer loop
      vertex 10.9742 11.1406 0
      vertex 10.9742 58.8594 0
      vertex 11.0607 58.9393 0
    endloop
  endfacet
  facet normal 0 0 -1
    outer loop
      vertex 10.8817 11.2135 0
      vertex 10.9742 58.8594 0
      vertex 10.9742 11.1406 0
    endloop
  endfacet
  facet normal 0 0 -1
    outer loop
      vertex 10.8817 11.2135 0
      vertex 10.8817 58.7865 0
      vertex 10.9742 58.8594 0
    endloop
  endfacet
  facet normal 0 0 -1
    outer loop
      vertex 10.7837 11.279 0
      vertex 10.8817 58.7865 0
      vertex 10.8817 11.2135 0
    endloop
  endfacet
  facet normal 0 0 -1
    outer loop
      vertex 10.7837 11.279 0
      vertex 10.7837 58.721 0
      vertex 10.8817 58.7865 0
    endloop
  endfacet
  facet normal 0 0 -1
    outer loop
      vertex 10.681 11.3365 0
      vertex 10.7837 58.721 0
      vertex 10.7837 11.279 0
    endloop
  endfacet
  facet normal 0 0 -1
    outer loop
      vertex 10.681 11.3365 0
      vertex 10.681 58.6635 0
      vertex 10.7837 58.721 0
    endloop
  endfacet
  facet normal 0 0 -1
    outer loop
      vertex 10.574 11.3858 0
      vertex 10.681 58.6635 0
      vertex 10.681 11.3365 0
    endloop
  endfacet
  facet normal 0 0 -1
    outer loop
      vertex 10.574 11.3858 0
      vertex 10.574 58.6142 0
      vertex 10.681 58.6635 0
    endloop
  endfacet
  facet normal 0 0 -1
    outer loop
      vertex 10.4635 11.4266 0
      vertex 10.574 58.6142 0
      vertex 10.574 11.3858 0
    endloop
  endfacet
  facet normal 0 0 -1
    outer loop
      vertex 10.4635 11.4266 0
      vertex 10.4635 58.5734 0
      vertex 10.574 58.6142 0
    endloop
  endfacet
  facet normal 0 0 -1
    outer loop
      vertex 10.3502 11.4586 0
      vertex 10.4635 58.5734 0
      vertex 10.4635 11.4266 0
    endloop
  endfacet
  facet normal 0 0 -1
    outer loop
      vertex 10.3502 11.4586 0
      vertex 10.3502 58.5414 0
      vertex 10.4635 58.5734 0
    endloop
  endfacet
  facet normal 0 0 -1
    outer loop
      vertex 10.2347 11.4815 0
      vertex 10.3502 58.5414 0
      vertex 10.3502 11.4586 0
    endloop
  endfacet
  facet normal 0 0 -1
    outer loop
      vertex 10.2347 11.4815 0
      vertex 10.2347 58.5185 0
      vertex 10.3502 58.5414 0
    endloop
  endfacet
  facet normal 0 0 -1
    outer loop
      vertex 10.1177 11.4954 0
      vertex 10.2347 58.5185 0
      vertex 10.2347 11.4815 0
    endloop
  endfacet
  facet normal 0 0 -1
    outer loop
      vertex 10.1177 11.4954 0
      vertex 10.1177 58.5046 0
      vertex 10.2347 58.5185 0
    endloop
  endfacet
  facet normal 0 0 -1
    outer loop
      vertex 10 11.5 0
      vertex 10.1177 58.5046 0
      vertex 10.1177 11.4954 0
    endloop
  endfacet
  facet normal 0 0 -1
    outer loop
      vertex 10 11.5 0
      vertex 10 58.5 0
      vertex 10.1177 58.5046 0
    endloop
  endfacet
  facet normal 0 0 -1
    outer loop
      vertex 9.88231 11.4954 0
      vertex 10 58.5 0
      vertex 10 11.5 0
    endloop
  endfacet
  facet normal 0 0 -1
    outer loop
      vertex 9.88231 11.4954 0
      vertex 9.88231 58.5046 0
      vertex 10 58.5 0
    endloop
  endfacet
  facet normal 0 0 -1
    outer loop
      vertex 9.76535 11.4815 0
      vertex 9.88231 58.5046 0
      vertex 9.88231 11.4954 0
    endloop
  endfacet
  facet normal 0 0 -1
    outer loop
      vertex 9.76535 11.4815 0
      vertex 9.76535 58.5185 0
      vertex 9.88231 58.5046 0
    endloop
  endfacet
  facet normal 0 0 -1
    outer loop
      vertex 9.64983 11.4586 0
      vertex 9.76535 58.5185 0
      vertex 9.76535 11.4815 0
    endloop
  endfacet
  facet normal 0 0 -1
    outer loop
      vertex 9.64983 11.4586 0
      vertex 9.64983 58.5414 0
      vertex 9.76535 58.5185 0
    endloop
  endfacet
  facet normal 0 0 -1
    outer loop
      vertex 9.53647 11.4266 0
      vertex 9.64983 58.5414 0
      vertex 9.64983 11.4586 0
    endloop
  endfacet
  facet normal 0 0 -1
    outer loop
      vertex 9.53647 11.4266 0
      vertex 9.53647 58.5734 0
      vertex 9.64983 58.5414 0
    endloop
  endfacet
  facet normal 0 0 -1
    outer loop
      vertex 9.42597 11.3858 0
      vertex 9.53647 58.5734 0
      vertex 9.53647 11.4266 0
    endloop
  endfacet
  facet normal 0 0 -1
    outer loop
      vertex 9.42597 11.3858 0
      vertex 9.42597 58.6142 0
      vertex 9.53647 58.5734 0
    endloop
  endfacet
  facet normal 0 0 -1
    outer loop
      vertex 9.31901 11.3365 0
      vertex 9.42597 58.6142 0
      vertex 9.42597 11.3858 0
    endloop
  endfacet
  facet normal 0 0 -1
    outer loop
      vertex 9.31901 11.3365 0
      vertex 9.31901 58.6635 0
      vertex 9.42597 58.6142 0
    endloop
  endfacet
  facet normal 0 0 -1
    outer loop
      vertex 9.21625 11.279 0
      vertex 9.31901 58.6635 0
      vertex 9.31901 11.3365 0
    endloop
  endfacet
  facet normal 0 0 -1
    outer loop
      vertex 9.21625 11.279 0
      vertex 9.21625 58.721 0
      vertex 9.31901 58.6635 0
    endloop
  endfacet
  facet normal 0 0 -1
    outer loop
      vertex 9.11832 11.2135 0
      vertex 9.21625 58.721 0
      vertex 9.21625 11.279 0
    endloop
  endfacet
  facet normal 0 0 -1
    outer loop
      vertex 9.11832 11.2135 0
      vertex 9.11832 58.7865 0
      vertex 9.21625 58.721 0
    endloop
  endfacet
  facet normal 0 0 -1
    outer loop
      vertex 9.02583 11.1406 0
      vertex 9.11832 58.7865 0
      vertex 9.11832 11.2135 0
    endloop
  endfacet
  facet normal 0 0 -1
    outer loop
      vertex 9.02583 11.1406 0
      vertex 9.02583 58.8594 0
      vertex 9.11832 58.7865 0
    endloop
  endfacet
  facet normal 0 0 -1
    outer loop
      vertex 8.93934 11.0607 0
      vertex 9.02583 58.8594 0
      vertex 9.02583 11.1406 0
    endloop
  endfacet
  facet normal 0 0 -1
    outer loop
      vertex 8.93934 11.0607 0
      vertex 8.93934 58.9393 0
      vertex 9.02583 58.8594 0
    endloop
  endfacet
  facet normal 0 0 -1
    outer loop
      vertex 0 5 0
      vertex 8.93934 11.0607 0
      vertex 8.85939 10.9742 0
    endloop
  endfacet
  facet normal -0 0 -1
    outer loop
      vertex 8.93934 11.0607 0
      vertex 0 5 0
      vertex 8.93934 58.9393 0
    endloop
  endfacet
  facet normal 0 0 -1
    outer loop
      vertex 0 5 0
      vertex 8.85939 10.9742 0
      vertex 8.78647 10.8817 0
    endloop
  endfacet
  facet normal 0 0 -1
    outer loop
      vertex 0 65 0
      vertex 8.93934 58.9393 0
      vertex 0 5 0
    endloop
  endfacet
  facet normal 0 0 -1
    outer loop
      vertex 0 5 0
      vertex 8.78647 10.8817 0
      vertex 8.72104 10.7837 0
    endloop
  endfacet
  facet normal 0 0 -1
    outer loop
      vertex 8.93934 58.9393 0
      vertex 0 65 0
      vertex 8.85939 59.0258 0
    endloop
  endfacet
  facet normal 0 0 -1
    outer loop
      vertex 0 5 0
      vertex 8.72104 10.7837 0
      vertex 8.66349 10.681 0
    endloop
  endfacet
  facet normal 0 0 -1
    outer loop
      vertex 8.85939 59.0258 0
      vertex 0 65 0
      vertex 8.78647 59.1183 0
    endloop
  endfacet
  facet normal 0 0 -1
    outer loop
      vertex 0 5 0
      vertex 8.66349 10.681 0
      vertex 8.61418 10.574 0
    endloop
  endfacet
  facet normal 0 0 -1
    outer loop
      vertex 8.78647 59.1183 0
      vertex 0 65 0
      vertex 8.72104 59.2163 0
    endloop
  endfacet
  facet normal 0 0 -1
    outer loop
      vertex 0 5 0
      vertex 8.61418 10.574 0
      vertex 8.57341 10.4635 0
    endloop
  endfacet
  facet normal 0 0 -1
    outer loop
      vertex 8.72104 59.2163 0
      vertex 0 65 0
      vertex 8.66349 59.319 0
    endloop
  endfacet
  facet normal 0 0 -1
    outer loop
      vertex 0 5 0
      vertex 8.57341 10.4635 0
      vertex 8.54144 10.3502 0
    endloop
  endfacet
  facet normal 0 0 -1
    outer loop
      vertex 8.66349 59.319 0
      vertex 0 65 0
      vertex 8.61418 59.426 0
    endloop
  endfacet
  facet normal 0 0 -1
    outer loop
      vertex 0 5 0
      vertex 8.54144 10.3502 0
      vertex 8.51847 10.2347 0
    endloop
  endfacet
  facet normal 0 0 -1
    outer loop
      vertex 8.61418 59.426 0
      vertex 0 65 0
      vertex 8.57341 59.5365 0
    endloop
  endfacet
  facet normal 0 0 -1
    outer loop
      vertex 0 5 0
      vertex 8.51847 10.2347 0
      vertex 8.50462 10.1177 0
    endloop
  endfacet
  facet normal 0 0 -1
    outer loop
      vertex 8.57341 59.5365 0
      vertex 0 65 0
      vertex 8.54144 59.6498 0
    endloop
  endfacet
  facet normal 0 0 -1
    outer loop
      vertex 0 5 0
      vertex 8.50462 10.1177 0
      vertex 8.5 10 0
    endloop
  endfacet
  facet normal 0 0 -1
    outer loop
      vertex 8.54144 59.6498 0
      vertex 0 65 0
      vertex 8.51847 59.7653 0
    endloop
  endfacet
  facet normal 0 0 -1
    outer loop
      vertex 109.459 10.3502 0
      vertex 118 5 0
      vertex 109.482 10.2347 0
    endloop
  endfacet
  facet normal 0 0 -1
    outer loop
      vertex 118 65 0
      vertex 109.495 59.8823 0
      vertex 109.5 60 0
    endloop
  endfacet
  facet normal 0 0 -1
    outer loop
      vertex 109.427 10.4635 0
      vertex 118 5 0
      vertex 109.459 10.3502 0
    endloop
  endfacet
  facet normal 0 0 -1
    outer loop
      vertex 118 65 0
      vertex 109.482 59.7653 0
      vertex 109.495 59.8823 0
    endloop
  endfacet
  facet normal 0 0 -1
    outer loop
      vertex 109.386 10.574 0
      vertex 118 5 0
      vertex 109.427 10.4635 0
    endloop
  endfacet
  facet normal 0 0 -1
    outer loop
      vertex 118 65 0
      vertex 109.459 59.6498 0
      vertex 109.482 59.7653 0
    endloop
  endfacet
  facet normal 0 0 -1
    outer loop
      vertex 109.337 10.681 0
      vertex 118 5 0
      vertex 109.386 10.574 0
    endloop
  endfacet
  facet normal 0 0 -1
    outer loop
      vertex 118 65 0
      vertex 109.427 59.5365 0
      vertex 109.459 59.6498 0
    endloop
  endfacet
  facet normal 0 0 -1
    outer loop
      vertex 109.279 10.7837 0
      vertex 118 5 0
      vertex 109.337 10.681 0
    endloop
  endfacet
  facet normal 0 0 -1
    outer loop
      vertex 118 65 0
      vertex 109.386 59.426 0
      vertex 109.427 59.5365 0
    endloop
  endfacet
  facet normal 0 0 -1
    outer loop
      vertex 109.214 10.8817 0
      vertex 118 5 0
      vertex 109.279 10.7837 0
    endloop
  endfacet
  facet normal 0 0 -1
    outer loop
      vertex 118 65 0
      vertex 109.337 59.319 0
      vertex 109.386 59.426 0
    endloop
  endfacet
  facet normal 0 0 -1
    outer loop
      vertex 109.141 10.9742 0
      vertex 118 5 0
      vertex 109.214 10.8817 0
    endloop
  endfacet
  facet normal 0 0 -1
    outer loop
      vertex 118 65 0
      vertex 109.279 59.2163 0
      vertex 109.337 59.319 0
    endloop
  endfacet
  facet normal 0 0 -1
    outer loop
      vertex 109.061 11.0607 0
      vertex 118 5 0
      vertex 109.141 10.9742 0
    endloop
  endfacet
  facet normal 0 0 -1
    outer loop
      vertex 118 65 0
      vertex 109.214 59.1183 0
      vertex 109.279 59.2163 0
    endloop
  endfacet
  facet normal 0 0 -1
    outer loop
      vertex 118 5 0
      vertex 109.061 11.0607 0
      vertex 118 65 0
    endloop
  endfacet
  facet normal 0 0 -1
    outer loop
      vertex 118 65 0
      vertex 109.141 59.0258 0
      vertex 109.214 59.1183 0
    endloop
  endfacet
  facet normal 0 0 -1
    outer loop
      vertex 109.061 58.9393 0
      vertex 118 65 0
      vertex 109.061 11.0607 0
    endloop
  endfacet
  facet normal 0 0 -1
    outer loop
      vertex 118 65 0
      vertex 109.061 58.9393 0
      vertex 109.141 59.0258 0
    endloop
  endfacet
  facet normal 0 0 -1
    outer loop
      vertex 108.974 11.1406 0
      vertex 109.061 58.9393 0
      vertex 109.061 11.0607 0
    endloop
  endfacet
  facet normal 0 0 -1
    outer loop
      vertex 108.974 11.1406 0
      vertex 108.974 58.8594 0
      vertex 109.061 58.9393 0
    endloop
  endfacet
  facet normal 0 0 -1
    outer loop
      vertex 108.882 11.2135 0
      vertex 108.974 58.8594 0
      vertex 108.974 11.1406 0
    endloop
  endfacet
  facet normal 0 0 -1
    outer loop
      vertex 108.882 11.2135 0
      vertex 108.882 58.7865 0
      vertex 108.974 58.8594 0
    endloop
  endfacet
  facet normal 0 0 -1
    outer loop
      vertex 108.784 11.279 0
      vertex 108.882 58.7865 0
      vertex 108.882 11.2135 0
    endloop
  endfacet
  facet normal 0 0 -1
    outer loop
      vertex 108.784 11.279 0
      vertex 108.784 58.721 0
      vertex 108.882 58.7865 0
    endloop
  endfacet
  facet normal 0 0 -1
    outer loop
      vertex 108.681 11.3365 0
      vertex 108.784 58.721 0
      vertex 108.784 11.279 0
    endloop
  endfacet
  facet normal 0 0 -1
    outer loop
      vertex 108.681 11.3365 0
      vertex 108.681 58.6635 0
      vertex 108.784 58.721 0
    endloop
  endfacet
  facet normal 0 0 -1
    outer loop
      vertex 108.574 11.3858 0
      vertex 108.681 58.6635 0
      vertex 108.681 11.3365 0
    endloop
  endfacet
  facet normal 0 0 -1
    outer loop
      vertex 108.574 11.3858 0
      vertex 108.574 58.6142 0
      vertex 108.681 58.6635 0
    endloop
  endfacet
  facet normal 0 0 -1
    outer loop
      vertex 108.464 11.4266 0
      vertex 108.574 58.6142 0
      vertex 108.574 11.3858 0
    endloop
  endfacet
  facet normal 0 0 -1
    outer loop
      vertex 108.464 11.4266 0
      vertex 108.464 58.5734 0
      vertex 108.574 58.6142 0
    endloop
  endfacet
  facet normal 0 0 -1
    outer loop
      vertex 108.35 11.4586 0
      vertex 108.464 58.5734 0
      vertex 108.464 11.4266 0
    endloop
  endfacet
  facet normal 0 0 -1
    outer loop
      vertex 108.35 11.4586 0
      vertex 108.35 58.5414 0
      vertex 108.464 58.5734 0
    endloop
  endfacet
  facet normal 0 0 -1
    outer loop
      vertex 108.235 11.4815 0
      vertex 108.35 58.5414 0
      vertex 108.35 11.4586 0
    endloop
  endfacet
  facet normal 0 0 -1
    outer loop
      vertex 108.235 11.4815 0
      vertex 108.235 58.5185 0
      vertex 108.35 58.5414 0
    endloop
  endfacet
  facet normal 0 0 -1
    outer loop
      vertex 108.118 11.4954 0
      vertex 108.235 58.5185 0
      vertex 108.235 11.4815 0
    endloop
  endfacet
  facet normal 0 0 -1
    outer loop
      vertex 108.118 11.4954 0
      vertex 108.118 58.5046 0
      vertex 108.235 58.5185 0
    endloop
  endfacet
  facet normal 0 0 -1
    outer loop
      vertex 108 11.5 0
      vertex 108.118 58.5046 0
      vertex 108.118 11.4954 0
    endloop
  endfacet
  facet normal 0 0 -1
    outer loop
      vertex 108 11.5 0
      vertex 108 58.5 0
      vertex 108.118 58.5046 0
    endloop
  endfacet
  facet normal 0 0 -1
    outer loop
      vertex 107.882 11.4954 0
      vertex 108 58.5 0
      vertex 108 11.5 0
    endloop
  endfacet
  facet normal 0 0 -1
    outer loop
      vertex 107.882 11.4954 0
      vertex 107.882 58.5046 0
      vertex 108 58.5 0
    endloop
  endfacet
  facet normal 0 0 -1
    outer loop
      vertex 107.765 11.4815 0
      vertex 107.882 58.5046 0
      vertex 107.882 11.4954 0
    endloop
  endfacet
  facet normal 0 0 -1
    outer loop
      vertex 107.765 11.4815 0
      vertex 107.765 58.5185 0
      vertex 107.882 58.5046 0
    endloop
  endfacet
  facet normal 0 0 -1
    outer loop
      vertex 107.65 11.4586 0
      vertex 107.765 58.5185 0
      vertex 107.765 11.4815 0
    endloop
  endfacet
  facet normal 0 0 -1
    outer loop
      vertex 107.65 11.4586 0
      vertex 107.65 58.5414 0
      vertex 107.765 58.5185 0
    endloop
  endfacet
  facet normal 0 0 -1
    outer loop
      vertex 107.536 11.4266 0
      vertex 107.65 58.5414 0
      vertex 107.65 11.4586 0
    endloop
  endfacet
  facet normal 0 0 -1
    outer loop
      vertex 107.536 11.4266 0
      vertex 107.536 58.5734 0
      vertex 107.65 58.5414 0
    endloop
  endfacet
  facet normal 0 0 -1
    outer loop
      vertex 107.426 11.3858 0
      vertex 107.536 58.5734 0
      vertex 107.536 11.4266 0
    endloop
  endfacet
  facet normal 0 0 -1
    outer loop
      vertex 107.426 11.3858 0
      vertex 107.426 58.6142 0
      vertex 107.536 58.5734 0
    endloop
  endfacet
  facet normal 0 0 -1
    outer loop
      vertex 107.319 11.3365 0
      vertex 107.426 58.6142 0
      vertex 107.426 11.3858 0
    endloop
  endfacet
  facet normal 0 0 -1
    outer loop
      vertex 107.319 11.3365 0
      vertex 107.319 58.6635 0
      vertex 107.426 58.6142 0
    endloop
  endfacet
  facet normal 0 0 -1
    outer loop
      vertex 107.216 11.279 0
      vertex 107.319 58.6635 0
      vertex 107.319 11.3365 0
    endloop
  endfacet
  facet normal 0 0 -1
    outer loop
      vertex 107.216 11.279 0
      vertex 107.216 58.721 0
      vertex 107.319 58.6635 0
    endloop
  endfacet
  facet normal 0 0 -1
    outer loop
      vertex 107.118 11.2135 0
      vertex 107.216 58.721 0
      vertex 107.216 11.279 0
    endloop
  endfacet
  facet normal 0 0 -1
    outer loop
      vertex 107.118 11.2135 0
      vertex 107.118 58.7865 0
      vertex 107.216 58.721 0
    endloop
  endfacet
  facet normal 0 0 -1
    outer loop
      vertex 107.026 11.1406 0
      vertex 107.118 58.7865 0
      vertex 107.118 11.2135 0
    endloop
  endfacet
  facet normal 0 0 -1
    outer loop
      vertex 107.026 11.1406 0
      vertex 107.026 58.8594 0
      vertex 107.118 58.7865 0
    endloop
  endfacet
  facet normal 0 0 -1
    outer loop
      vertex 106.939 11.0607 0
      vertex 107.026 58.8594 0
      vertex 107.026 11.1406 0
    endloop
  endfacet
  facet normal 0 0 -1
    outer loop
      vertex 106.939 11.0607 0
      vertex 106.939 58.9393 0
      vertex 107.026 58.8594 0
    endloop
  endfacet
  facet normal 0 0 -1
    outer loop
      vertex 106.859 10.9742 0
      vertex 106.939 58.9393 0
      vertex 106.939 11.0607 0
    endloop
  endfacet
  facet normal 0 0 -1
    outer loop
      vertex 106.859 10.9742 0
      vertex 106.859 59.0258 0
      vertex 106.939 58.9393 0
    endloop
  endfacet
  facet normal 0 0 -1
    outer loop
      vertex 106.786 10.8817 0
      vertex 106.859 59.0258 0
      vertex 106.859 10.9742 0
    endloop
  endfacet
  facet normal 0 0 -1
    outer loop
      vertex 106.786 10.8817 0
      vertex 106.786 59.1183 0
      vertex 106.859 59.0258 0
    endloop
  endfacet
  facet normal 0 0 -1
    outer loop
      vertex 106.721 10.7837 0
      vertex 106.786 59.1183 0
      vertex 106.786 10.8817 0
    endloop
  endfacet
  facet normal 0 0 -1
    outer loop
      vertex 106.721 10.7837 0
      vertex 106.721 59.2163 0
      vertex 106.786 59.1183 0
    endloop
  endfacet
  facet normal 0 0 -1
    outer loop
      vertex 106.663 10.681 0
      vertex 106.721 59.2163 0
      vertex 106.721 10.7837 0
    endloop
  endfacet
  facet normal 0 0 -1
    outer loop
      vertex 106.663 10.681 0
      vertex 106.663 59.319 0
      vertex 106.721 59.2163 0
    endloop
  endfacet
  facet normal 0 0 -1
    outer loop
      vertex 11.4586 10.3502 0
      vertex 106.541 10.3502 0
      vertex 11.4815 10.2347 0
    endloop
  endfacet
  facet normal 0 0 -1
    outer loop
      vertex 106.541 10.3502 0
      vertex 11.4586 10.3502 0
      vertex 106.573 10.4635 0
    endloop
  endfacet
  facet normal 0 0 -1
    outer loop
      vertex 106.518 10.2347 0
      vertex 11.4815 10.2347 0
      vertex 106.541 10.3502 0
    endloop
  endfacet
  facet normal 0 0 -1
    outer loop
      vertex 11.4266 10.4635 0
      vertex 106.573 10.4635 0
      vertex 11.4586 10.3502 0
    endloop
  endfacet
  facet normal 0 0 -1
    outer loop
      vertex 11.4815 10.2347 0
      vertex 106.518 10.2347 0
      vertex 11.4954 10.1177 0
    endloop
  endfacet
  facet normal 0 0 -1
    outer loop
      vertex 106.663 59.319 0
      vertex 11.5 60 0
      vertex 106.614 59.426 0
    endloop
  endfacet
  facet normal 0 0 -1
    outer loop
      vertex 106.505 10.1177 0
      vertex 11.4954 10.1177 0
      vertex 106.518 10.2347 0
    endloop
  endfacet
  facet normal 0 0 -1
    outer loop
      vertex 106.614 59.426 0
      vertex 11.5 60 0
      vertex 106.573 59.5365 0
    endloop
  endfacet
  facet normal 0 0 -1
    outer loop
      vertex 11.4954 10.1177 0
      vertex 106.505 10.1177 0
      vertex 11.5 10 0
    endloop
  endfacet
  facet normal 0 0 -1
    outer loop
      vertex 106.573 59.5365 0
      vertex 11.5 60 0
      vertex 106.541 59.6498 0
    endloop
  endfacet
  facet normal 0 0 -1
    outer loop
      vertex 11.5 10 0
      vertex 106.505 10.1177 0
      vertex 106.5 10 0
    endloop
  endfacet
  facet normal 0 0 -1
    outer loop
      vertex 106.541 59.6498 0
      vertex 11.5 60 0
      vertex 106.518 59.7653 0
    endloop
  endfacet
  facet normal 0 0 -1
    outer loop
      vertex 109.141 9.02583 0
      vertex 118 5 0
      vertex 117.985 4.6077 0
    endloop
  endfacet
  facet normal 0 0 -1
    outer loop
      vertex 109.495 10.1177 0
      vertex 118 5 0
      vertex 109.5 10 0
    endloop
  endfacet
  facet normal 0 0 -1
    outer loop
      vertex 109.141 9.02583 0
      vertex 117.985 4.6077 0
      vertex 117.938 4.21783 0
    endloop
  endfacet
  facet normal 0 0 -1
    outer loop
      vertex 109.482 10.2347 0
      vertex 118 5 0
      vertex 109.495 10.1177 0
    endloop
  endfacet
  facet normal 0 0 -1
    outer loop
      vertex 109.141 9.02583 0
      vertex 117.938 4.21783 0
      vertex 117.862 3.83277 0
    endloop
  endfacet
  facet normal 0 0 -1
    outer loop
      vertex 109.495 60.1177 0
      vertex 118 65 0
      vertex 109.5 60 0
    endloop
  endfacet
  facet normal 0 0 -1
    outer loop
      vertex 109.141 9.02583 0
      vertex 117.862 3.83277 0
      vertex 117.755 3.45491 0
    endloop
  endfacet
  facet normal 0 0 -1
    outer loop
      vertex 109.482 60.2346 0
      vertex 118 65 0
      vertex 109.495 60.1177 0
    endloop
  endfacet
  facet normal 0 0 -1
    outer loop
      vertex 109.141 9.02583 0
      vertex 117.755 3.45491 0
      vertex 117.619 3.08658 0
    endloop
  endfacet
  facet normal 0 0 -1
    outer loop
      vertex 109.459 60.3502 0
      vertex 118 65 0
      vertex 109.482 60.2346 0
    endloop
  endfacet
  facet normal 0 0 -1
    outer loop
      vertex 109.141 9.02583 0
      vertex 117.619 3.08658 0
      vertex 117.455 2.73005 0
    endloop
  endfacet
  facet normal 0 0 -1
    outer loop
      vertex 109.427 60.4635 0
      vertex 118 65 0
      vertex 109.459 60.3502 0
    endloop
  endfacet
  facet normal 0 0 -1
    outer loop
      vertex 109.141 9.02583 0
      vertex 117.455 2.73005 0
      vertex 117.263 2.38751 0
    endloop
  endfacet
  facet normal 0 0 -1
    outer loop
      vertex 109.386 60.574 0
      vertex 118 65 0
      vertex 109.427 60.4635 0
    endloop
  endfacet
  facet normal 0 0 -1
    outer loop
      vertex 109.141 9.02583 0
      vertex 117.263 2.38751 0
      vertex 117.045 2.06107 0
    endloop
  endfacet
  facet normal 0 0 -1
    outer loop
      vertex 109.337 60.681 0
      vertex 118 65 0
      vertex 109.386 60.574 0
    endloop
  endfacet
  facet normal 0 0 -1
    outer loop
      vertex 109.141 9.02583 0
      vertex 117.045 2.06107 0
      vertex 116.802 1.75276 0
    endloop
  endfacet
  facet normal 0 0 -1
    outer loop
      vertex 109.279 60.7837 0
      vertex 118 65 0
      vertex 109.337 60.681 0
    endloop
  endfacet
  facet normal 0 0 -1
    outer loop
      vertex 109.141 9.02583 0
      vertex 116.802 1.75276 0
      vertex 116.536 1.46447 0
    endloop
  endfacet
  facet normal 0 0 -1
    outer loop
      vertex 109.214 60.8817 0
      vertex 118 65 0
      vertex 109.279 60.7837 0
    endloop
  endfacet
  facet normal 0 0 -1
    outer loop
      vertex 109.141 9.02583 0
      vertex 116.536 1.46447 0
      vertex 116.247 1.19797 0
    endloop
  endfacet
  facet normal 0 0 -1
    outer loop
      vertex 109.141 60.9742 0
      vertex 118 65 0
      vertex 109.214 60.8817 0
    endloop
  endfacet
  facet normal 0 0 -1
    outer loop
      vertex 109.141 9.02583 0
      vertex 116.247 1.19797 0
      vertex 115.939 0.954914 0
    endloop
  endfacet
  facet normal -0 0 -1
    outer loop
      vertex 118 65 0
      vertex 109.141 60.9742 0
      vertex 117.985 65.3923 0
    endloop
  endfacet
  facet normal 0 0 -1
    outer loop
      vertex 109.141 9.02583 0
      vertex 115.939 0.954914 0
      vertex 115.612 0.736798 0
    endloop
  endfacet
  facet normal -0 0 -1
    outer loop
      vertex 117.985 65.3923 0
      vertex 109.141 60.9742 0
      vertex 117.938 65.7822 0
    endloop
  endfacet
  facet normal 0 0 -1
    outer loop
      vertex 109.141 9.02583 0
      vertex 115.612 0.736798 0
      vertex 115.27 0.544967 0
    endloop
  endfacet
  facet normal -0 0 -1
    outer loop
      vertex 117.938 65.7822 0
      vertex 109.141 60.9742 0
      vertex 117.862 66.1672 0
    endloop
  endfacet
  facet normal 0 0 -1
    outer loop
      vertex 109.141 9.02583 0
      vertex 115.27 0.544967 0
      vertex 114.913 0.380602 0
    endloop
  endfacet
  facet normal -0 0 -1
    outer loop
      vertex 117.862 66.1672 0
      vertex 109.141 60.9742 0
      vertex 117.755 66.5451 0
    endloop
  endfacet
  facet normal 0 0 -1
    outer loop
      vertex 109.141 9.02583 0
      vertex 114.913 0.380602 0
      vertex 114.545 0.244717 0
    endloop
  endfacet
  facet normal -0 0 -1
    outer loop
      vertex 117.755 66.5451 0
      vertex 109.141 60.9742 0
      vertex 117.619 66.9134 0
    endloop
  endfacet
  facet normal 0 0 -1
    outer loop
      vertex 109.141 9.02583 0
      vertex 114.545 0.244717 0
      vertex 114.167 0.13815 0
    endloop
  endfacet
  facet normal -0 0 -1
    outer loop
      vertex 117.619 66.9134 0
      vertex 109.141 60.9742 0
      vertex 117.455 67.27 0
    endloop
  endfacet
  facet normal 0 0 -1
    outer loop
      vertex 109.141 9.02583 0
      vertex 114.167 0.13815 0
      vertex 113.782 0.0615578 0
    endloop
  endfacet
  facet normal -0 0 -1
    outer loop
      vertex 117.455 67.27 0
      vertex 109.141 60.9742 0
      vertex 117.263 67.6125 0
    endloop
  endfacet
  facet normal 0 0 -1
    outer loop
      vertex 109.141 9.02583 0
      vertex 113.782 0.0615578 0
      vertex 113.392 0.0154133 0
    endloop
  endfacet
  facet normal -0 0 -1
    outer loop
      vertex 117.263 67.6125 0
      vertex 109.141 60.9742 0
      vertex 117.045 67.9389 0
    endloop
  endfacet
  facet normal 0 0 -1
    outer loop
      vertex 109.141 9.02583 0
      vertex 113.392 0.0154133 0
      vertex 113 0 0
    endloop
  endfacet
  facet normal -0 0 -1
    outer loop
      vertex 117.045 67.9389 0
      vertex 109.141 60.9742 0
      vertex 116.802 68.2472 0
    endloop
  endfacet
  facet normal -0 0 -1
    outer loop
      vertex 116.802 68.2472 0
      vertex 109.141 60.9742 0
      vertex 116.536 68.5355 0
    endloop
  endfacet
  facet normal 0 0 -1
    outer loop
      vertex 118 5 0
      vertex 109.495 9.88231 0
      vertex 109.5 10 0
    endloop
  endfacet
  facet normal 0 0 -1
    outer loop
      vertex 118 5 0
      vertex 109.482 9.76535 0
      vertex 109.495 9.88231 0
    endloop
  endfacet
  facet normal 0 0 -1
    outer loop
      vertex 118 5 0
      vertex 109.459 9.64983 0
      vertex 109.482 9.76535 0
    endloop
  endfacet
  facet normal 0 0 -1
    outer loop
      vertex 118 5 0
      vertex 109.427 9.53647 0
      vertex 109.459 9.64983 0
    endloop
  endfacet
  facet normal 0 0 -1
    outer loop
      vertex 118 5 0
      vertex 109.386 9.42597 0
      vertex 109.427 9.53647 0
    endloop
  endfacet
  facet normal 0 0 -1
    outer loop
      vertex 118 5 0
      vertex 109.337 9.31901 0
      vertex 109.386 9.42597 0
    endloop
  endfacet
  facet normal 0 0 -1
    outer loop
      vertex 118 5 0
      vertex 109.279 9.21625 0
      vertex 109.337 9.31901 0
    endloop
  endfacet
  facet normal 0 0 -1
    outer loop
      vertex 118 5 0
      vertex 109.214 9.11832 0
      vertex 109.279 9.21625 0
    endloop
  endfacet
  facet normal 0 0 -1
    outer loop
      vertex 118 5 0
      vertex 109.141 9.02583 0
      vertex 109.214 9.11832 0
    endloop
  endfacet
  facet normal 0 0 -1
    outer loop
      vertex 113 0 0
      vertex 109.061 8.93934 0
      vertex 109.141 9.02583 0
    endloop
  endfacet
  facet normal 0 0 -1
    outer loop
      vertex 113 0 0
      vertex 108.974 8.85939 0
      vertex 109.061 8.93934 0
    endloop
  endfacet
  facet normal 0 0 -1
    outer loop
      vertex 113 0 0
      vertex 108.882 8.78647 0
      vertex 108.974 8.85939 0
    endloop
  endfacet
  facet normal 0 0 -1
    outer loop
      vertex 113 0 0
      vertex 108.784 8.72104 0
      vertex 108.882 8.78647 0
    endloop
  endfacet
  facet normal 0 0 -1
    outer loop
      vertex 113 0 0
      vertex 108.681 8.66349 0
      vertex 108.784 8.72104 0
    endloop
  endfacet
  facet normal 0 0 -1
    outer loop
      vertex 113 0 0
      vertex 108.574 8.61418 0
      vertex 108.681 8.66349 0
    endloop
  endfacet
  facet normal 0 0 -1
    outer loop
      vertex 113 0 0
      vertex 108.464 8.57341 0
      vertex 108.574 8.61418 0
    endloop
  endfacet
  facet normal 0 0 -1
    outer loop
      vertex 113 0 0
      vertex 108.35 8.54144 0
      vertex 108.464 8.57341 0
    endloop
  endfacet
  facet normal 0 0 -1
    outer loop
      vertex 113 0 0
      vertex 108.235 8.51847 0
      vertex 108.35 8.54144 0
    endloop
  endfacet
  facet normal 0 0 -1
    outer loop
      vertex 113 0 0
      vertex 108.118 8.50462 0
      vertex 108.235 8.51847 0
    endloop
  endfacet
  facet normal 0 0 -1
    outer loop
      vertex 113 0 0
      vertex 108 8.5 0
      vertex 108.118 8.50462 0
    endloop
  endfacet
  facet normal 0 0 -1
    outer loop
      vertex 113 0 0
      vertex 107.882 8.50462 0
      vertex 108 8.5 0
    endloop
  endfacet
  facet normal 0 0 -1
    outer loop
      vertex 113 0 0
      vertex 107.765 8.51847 0
      vertex 107.882 8.50462 0
    endloop
  endfacet
  facet normal 0 0 -1
    outer loop
      vertex 113 0 0
      vertex 107.65 8.54144 0
      vertex 107.765 8.51847 0
    endloop
  endfacet
  facet normal 0 0 -1
    outer loop
      vertex 113 0 0
      vertex 107.536 8.57341 0
      vertex 107.65 8.54144 0
    endloop
  endfacet
  facet normal 0 0 -1
    outer loop
      vertex 113 0 0
      vertex 107.426 8.61418 0
      vertex 107.536 8.57341 0
    endloop
  endfacet
  facet normal 0 0 -1
    outer loop
      vertex 113 0 0
      vertex 107.319 8.66349 0
      vertex 107.426 8.61418 0
    endloop
  endfacet
  facet normal 0 0 -1
    outer loop
      vertex 113 0 0
      vertex 107.216 8.72104 0
      vertex 107.319 8.66349 0
    endloop
  endfacet
  facet normal 0 0 -1
    outer loop
      vertex 113 0 0
      vertex 107.118 8.78647 0
      vertex 107.216 8.72104 0
    endloop
  endfacet
  facet normal 0 0 -1
    outer loop
      vertex 113 0 0
      vertex 107.026 8.85939 0
      vertex 107.118 8.78647 0
    endloop
  endfacet
  facet normal 0 0 -1
    outer loop
      vertex 113 0 0
      vertex 106.939 8.93934 0
      vertex 107.026 8.85939 0
    endloop
  endfacet
  facet normal 0 0 -1
    outer loop
      vertex 113 0 0
      vertex 106.859 9.02583 0
      vertex 106.939 8.93934 0
    endloop
  endfacet
  facet normal 0 0 -1
    outer loop
      vertex 11.1406 9.02583 0
      vertex 106.859 9.02583 0
      vertex 113 0 0
    endloop
  endfacet
  facet normal 0 0 -1
    outer loop
      vertex 106.518 59.7653 0
      vertex 11.5 60 0
      vertex 106.505 59.8823 0
    endloop
  endfacet
  facet normal 0 0 -1
    outer loop
      vertex 106.505 9.88231 0
      vertex 11.5 10 0
      vertex 106.5 10 0
    endloop
  endfacet
  facet normal 0 0 -1
    outer loop
      vertex 11.4954 9.88231 0
      vertex 106.505 9.88231 0
      vertex 106.518 9.76535 0
    endloop
  endfacet
  facet normal 0 0 -1
    outer loop
      vertex 11.4815 9.76535 0
      vertex 106.518 9.76535 0
      vertex 106.541 9.64983 0
    endloop
  endfacet
  facet normal 0 0 -1
    outer loop
      vertex 11.4586 9.64983 0
      vertex 106.541 9.64983 0
      vertex 106.573 9.53647 0
    endloop
  endfacet
  facet normal 0 0 -1
    outer loop
      vertex 11.4266 9.53647 0
      vertex 106.573 9.53647 0
      vertex 106.614 9.42597 0
    endloop
  endfacet
  facet normal 0 0 -1
    outer loop
      vertex 11.3858 9.42597 0
      vertex 106.614 9.42597 0
      vertex 106.663 9.31901 0
    endloop
  endfacet
  facet normal 0 0 -1
    outer loop
      vertex 11.3365 9.31901 0
      vertex 106.663 9.31901 0
      vertex 106.721 9.21625 0
    endloop
  endfacet
  facet normal 0 0 -1
    outer loop
      vertex 11.279 9.21625 0
      vertex 106.721 9.21625 0
      vertex 106.786 9.11832 0
    endloop
  endfacet
  facet normal 0 0 -1
    outer loop
      vertex 106.859 9.02583 0
      vertex 11.1406 9.02583 0
      vertex 106.786 9.11832 0
    endloop
  endfacet
  facet normal 0 0 -1
    outer loop
      vertex 106.505 9.88231 0
      vertex 11.4954 9.88231 0
      vertex 11.5 10 0
    endloop
  endfacet
  facet normal 0 0 -1
    outer loop
      vertex 106.518 9.76535 0
      vertex 11.4815 9.76535 0
      vertex 11.4954 9.88231 0
    endloop
  endfacet
  facet normal 0 0 -1
    outer loop
      vertex 106.541 9.64983 0
      vertex 11.4586 9.64983 0
      vertex 11.4815 9.76535 0
    endloop
  endfacet
  facet normal 0 0 -1
    outer loop
      vertex 106.573 9.53647 0
      vertex 11.4266 9.53647 0
      vertex 11.4586 9.64983 0
    endloop
  endfacet
  facet normal 0 0 -1
    outer loop
      vertex 106.614 9.42597 0
      vertex 11.3858 9.42597 0
      vertex 11.4266 9.53647 0
    endloop
  endfacet
  facet normal 0 0 -1
    outer loop
      vertex 106.663 9.31901 0
      vertex 11.3365 9.31901 0
      vertex 11.3858 9.42597 0
    endloop
  endfacet
  facet normal 0 0 -1
    outer loop
      vertex 106.721 9.21625 0
      vertex 11.279 9.21625 0
      vertex 11.3365 9.31901 0
    endloop
  endfacet
  facet normal 0 0 -1
    outer loop
      vertex 106.786 9.11832 0
      vertex 11.2135 9.11832 0
      vertex 11.279 9.21625 0
    endloop
  endfacet
  facet normal -0 0 -1
    outer loop
      vertex 106.786 9.11832 0
      vertex 11.1406 9.02583 0
      vertex 11.2135 9.11832 0
    endloop
  endfacet
  facet normal 0 0 -1
    outer loop
      vertex 5 0 0
      vertex 11.1406 9.02583 0
      vertex 113 0 0
    endloop
  endfacet
  facet normal 0 0 -1
    outer loop
      vertex 11.1406 9.02583 0
      vertex 5 0 0
      vertex 11.0607 8.93934 0
    endloop
  endfacet
  facet normal 0 0 -1
    outer loop
      vertex 11.0607 8.93934 0
      vertex 5 0 0
      vertex 10.9742 8.85939 0
    endloop
  endfacet
  facet normal 0 0 -1
    outer loop
      vertex 10.9742 8.85939 0
      vertex 5 0 0
      vertex 10.8817 8.78647 0
    endloop
  endfacet
  facet normal 0 0 -1
    outer loop
      vertex 10.8817 8.78647 0
      vertex 5 0 0
      vertex 10.7837 8.72104 0
    endloop
  endfacet
  facet normal 0 0 -1
    outer loop
      vertex 10.7837 8.72104 0
      vertex 5 0 0
      vertex 10.681 8.66349 0
    endloop
  endfacet
  facet normal 0 0 -1
    outer loop
      vertex 10.681 8.66349 0
      vertex 5 0 0
      vertex 10.574 8.61418 0
    endloop
  endfacet
  facet normal 0 0 -1
    outer loop
      vertex 10.574 8.61418 0
      vertex 5 0 0
      vertex 10.4635 8.57341 0
    endloop
  endfacet
  facet normal 0 0 -1
    outer loop
      vertex 10.4635 8.57341 0
      vertex 5 0 0
      vertex 10.3502 8.54144 0
    endloop
  endfacet
  facet normal 0 0 -1
    outer loop
      vertex 10.3502 8.54144 0
      vertex 5 0 0
      vertex 10.2347 8.51847 0
    endloop
  endfacet
  facet normal 0 0 -1
    outer loop
      vertex 10.2347 8.51847 0
      vertex 5 0 0
      vertex 10.1177 8.50462 0
    endloop
  endfacet
  facet normal 0 0 -1
    outer loop
      vertex 10.1177 8.50462 0
      vertex 5 0 0
      vertex 10 8.5 0
    endloop
  endfacet
  facet normal -0 0 -1
    outer loop
      vertex 8.50462 9.88231 0
      vertex 0 5 0
      vertex 8.5 10 0
    endloop
  endfacet
  facet normal -0 0 -1
    outer loop
      vertex 8.51847 9.76535 0
      vertex 0 5 0
      vertex 8.50462 9.88231 0
    endloop
  endfacet
  facet normal -0 0 -1
    outer loop
      vertex 8.54144 9.64983 0
      vertex 0 5 0
      vertex 8.51847 9.76535 0
    endloop
  endfacet
  facet normal -0 0 -1
    outer loop
      vertex 8.57341 9.53647 0
      vertex 0 5 0
      vertex 8.54144 9.64983 0
    endloop
  endfacet
  facet normal -0 0 -1
    outer loop
      vertex 8.61418 9.42597 0
      vertex 0 5 0
      vertex 8.57341 9.53647 0
    endloop
  endfacet
  facet normal -0 0 -1
    outer loop
      vertex 8.66349 9.31901 0
      vertex 0 5 0
      vertex 8.61418 9.42597 0
    endloop
  endfacet
  facet normal -0 0 -1
    outer loop
      vertex 8.72104 9.21625 0
      vertex 0 5 0
      vertex 8.66349 9.31901 0
    endloop
  endfacet
  facet normal -0 0 -1
    outer loop
      vertex 8.78647 9.11832 0
      vertex 0 5 0
      vertex 8.72104 9.21625 0
    endloop
  endfacet
  facet normal -0 0 -1
    outer loop
      vertex 8.85939 9.02583 0
      vertex 0 5 0
      vertex 8.78647 9.11832 0
    endloop
  endfacet
  facet normal -0 0 -1
    outer loop
      vertex 8.93934 8.93934 0
      vertex 0 5 0
      vertex 8.85939 9.02583 0
    endloop
  endfacet
  facet normal 0 0 -1
    outer loop
      vertex 0 5 0
      vertex 8.93934 8.93934 0
      vertex 5 0 0
    endloop
  endfacet
  facet normal -0 0 -1
    outer loop
      vertex 9.02583 8.85939 0
      vertex 5 0 0
      vertex 8.93934 8.93934 0
    endloop
  endfacet
  facet normal -0 0 -1
    outer loop
      vertex 9.11832 8.78647 0
      vertex 5 0 0
      vertex 9.02583 8.85939 0
    endloop
  endfacet
  facet normal -0 0 -1
    outer loop
      vertex 9.21625 8.72104 0
      vertex 5 0 0
      vertex 9.11832 8.78647 0
    endloop
  endfacet
  facet normal -0 0 -1
    outer loop
      vertex 9.31901 8.66349 0
      vertex 5 0 0
      vertex 9.21625 8.72104 0
    endloop
  endfacet
  facet normal -0 0 -1
    outer loop
      vertex 9.42597 8.61418 0
      vertex 5 0 0
      vertex 9.31901 8.66349 0
    endloop
  endfacet
  facet normal -0 0 -1
    outer loop
      vertex 9.53647 8.57341 0
      vertex 5 0 0
      vertex 9.42597 8.61418 0
    endloop
  endfacet
  facet normal -0 0 -1
    outer loop
      vertex 9.64983 8.54144 0
      vertex 5 0 0
      vertex 9.53647 8.57341 0
    endloop
  endfacet
  facet normal -0 0 -1
    outer loop
      vertex 9.76535 8.51847 0
      vertex 5 0 0
      vertex 9.64983 8.54144 0
    endloop
  endfacet
  facet normal -0 0 -1
    outer loop
      vertex 9.88231 8.50462 0
      vertex 5 0 0
      vertex 9.76535 8.51847 0
    endloop
  endfacet
  facet normal -0 0 -1
    outer loop
      vertex 10 8.5 0
      vertex 5 0 0
      vertex 9.88231 8.50462 0
    endloop
  endfacet
  facet normal -0 0 -1
    outer loop
      vertex 116.536 68.5355 0
      vertex 109.141 60.9742 0
      vertex 116.247 68.802 0
    endloop
  endfacet
  facet normal -0 0 -1
    outer loop
      vertex 116.247 68.802 0
      vertex 109.141 60.9742 0
      vertex 115.939 69.0451 0
    endloop
  endfacet
  facet normal -0 0 -1
    outer loop
      vertex 115.939 69.0451 0
      vertex 109.141 60.9742 0
      vertex 115.612 69.2632 0
    endloop
  endfacet
  facet normal -0 0 -1
    outer loop
      vertex 115.612 69.2632 0
      vertex 109.141 60.9742 0
      vertex 115.27 69.455 0
    endloop
  endfacet
  facet normal -0 0 -1
    outer loop
      vertex 115.27 69.455 0
      vertex 109.141 60.9742 0
      vertex 114.913 69.6194 0
    endloop
  endfacet
  facet normal -0 0 -1
    outer loop
      vertex 114.913 69.6194 0
      vertex 109.141 60.9742 0
      vertex 114.545 69.7553 0
    endloop
  endfacet
  facet normal -0 0 -1
    outer loop
      vertex 114.545 69.7553 0
      vertex 109.141 60.9742 0
      vertex 114.167 69.8618 0
    endloop
  endfacet
  facet normal -0 0 -1
    outer loop
      vertex 114.167 69.8618 0
      vertex 109.141 60.9742 0
      vertex 113.782 69.9384 0
    endloop
  endfacet
  facet normal -0 0 -1
    outer loop
      vertex 113.782 69.9384 0
      vertex 109.141 60.9742 0
      vertex 113.392 69.9846 0
    endloop
  endfacet
  facet normal -0 0 -1
    outer loop
      vertex 113.392 69.9846 0
      vertex 109.141 60.9742 0
      vertex 113 70 0
    endloop
  endfacet
  facet normal 0 0 -1
    outer loop
      vertex 109.061 61.0607 0
      vertex 113 70 0
      vertex 109.141 60.9742 0
    endloop
  endfacet
  facet normal 0 0 -1
    outer loop
      vertex 108.974 61.1406 0
      vertex 113 70 0
      vertex 109.061 61.0607 0
    endloop
  endfacet
  facet normal 0 0 -1
    outer loop
      vertex 108.882 61.2135 0
      vertex 113 70 0
      vertex 108.974 61.1406 0
    endloop
  endfacet
  facet normal 0 0 -1
    outer loop
      vertex 108.784 61.279 0
      vertex 113 70 0
      vertex 108.882 61.2135 0
    endloop
  endfacet
  facet normal 0 0 -1
    outer loop
      vertex 108.681 61.3365 0
      vertex 113 70 0
      vertex 108.784 61.279 0
    endloop
  endfacet
  facet normal 0 0 -1
    outer loop
      vertex 108.574 61.3858 0
      vertex 113 70 0
      vertex 108.681 61.3365 0
    endloop
  endfacet
  facet normal 0 0 -1
    outer loop
      vertex 108.464 61.4266 0
      vertex 113 70 0
      vertex 108.574 61.3858 0
    endloop
  endfacet
  facet normal 0 0 -1
    outer loop
      vertex 108.35 61.4586 0
      vertex 113 70 0
      vertex 108.464 61.4266 0
    endloop
  endfacet
  facet normal 0 0 -1
    outer loop
      vertex 108.235 61.4815 0
      vertex 113 70 0
      vertex 108.35 61.4586 0
    endloop
  endfacet
  facet normal 0 0 -1
    outer loop
      vertex 108.118 61.4954 0
      vertex 113 70 0
      vertex 108.235 61.4815 0
    endloop
  endfacet
  facet normal 0 0 -1
    outer loop
      vertex 108 61.5 0
      vertex 113 70 0
      vertex 108.118 61.4954 0
    endloop
  endfacet
  facet normal 0 0 -1
    outer loop
      vertex 107.882 61.4954 0
      vertex 113 70 0
      vertex 108 61.5 0
    endloop
  endfacet
  facet normal 0 0 -1
    outer loop
      vertex 107.765 61.4815 0
      vertex 113 70 0
      vertex 107.882 61.4954 0
    endloop
  endfacet
  facet normal 0 0 -1
    outer loop
      vertex 107.65 61.4586 0
      vertex 113 70 0
      vertex 107.765 61.4815 0
    endloop
  endfacet
  facet normal 0 0 -1
    outer loop
      vertex 107.536 61.4266 0
      vertex 113 70 0
      vertex 107.65 61.4586 0
    endloop
  endfacet
  facet normal 0 0 -1
    outer loop
      vertex 107.426 61.3858 0
      vertex 113 70 0
      vertex 107.536 61.4266 0
    endloop
  endfacet
  facet normal 0 0 -1
    outer loop
      vertex 107.319 61.3365 0
      vertex 113 70 0
      vertex 107.426 61.3858 0
    endloop
  endfacet
  facet normal 0 0 -1
    outer loop
      vertex 107.216 61.279 0
      vertex 113 70 0
      vertex 107.319 61.3365 0
    endloop
  endfacet
  facet normal 0 0 -1
    outer loop
      vertex 107.118 61.2135 0
      vertex 113 70 0
      vertex 107.216 61.279 0
    endloop
  endfacet
  facet normal 0 0 -1
    outer loop
      vertex 107.026 61.1406 0
      vertex 113 70 0
      vertex 107.118 61.2135 0
    endloop
  endfacet
  facet normal 0 0 -1
    outer loop
      vertex 106.939 61.0607 0
      vertex 113 70 0
      vertex 107.026 61.1406 0
    endloop
  endfacet
  facet normal 0 0 -1
    outer loop
      vertex 106.859 60.9742 0
      vertex 113 70 0
      vertex 106.939 61.0607 0
    endloop
  endfacet
  facet normal 0 0 -1
    outer loop
      vertex 11.1406 60.9742 0
      vertex 106.859 60.9742 0
      vertex 106.786 60.8817 0
    endloop
  endfacet
  facet normal 0 0 -1
    outer loop
      vertex 106.505 59.8823 0
      vertex 11.5 60 0
      vertex 106.5 60 0
    endloop
  endfacet
  facet normal 0 0 -1
    outer loop
      vertex 106.5 60 0
      vertex 11.5 60 0
      vertex 106.505 60.1177 0
    endloop
  endfacet
  facet normal 0 0 -1
    outer loop
      vertex 11.4954 60.1177 0
      vertex 106.505 60.1177 0
      vertex 11.5 60 0
    endloop
  endfacet
  facet normal 0 0 -1
    outer loop
      vertex 106.505 60.1177 0
      vertex 11.4954 60.1177 0
      vertex 106.518 60.2346 0
    endloop
  endfacet
  facet normal 0 0 -1
    outer loop
      vertex 11.4815 60.2346 0
      vertex 106.518 60.2346 0
      vertex 11.4954 60.1177 0
    endloop
  endfacet
  facet normal 0 0 -1
    outer loop
      vertex 106.518 60.2346 0
      vertex 11.4815 60.2346 0
      vertex 106.541 60.3502 0
    endloop
  endfacet
  facet normal 0 0 -1
    outer loop
      vertex 11.4586 60.3502 0
      vertex 106.541 60.3502 0
      vertex 11.4815 60.2346 0
    endloop
  endfacet
  facet normal 0 0 -1
    outer loop
      vertex 106.541 60.3502 0
      vertex 11.4586 60.3502 0
      vertex 106.573 60.4635 0
    endloop
  endfacet
  facet normal 0 0 -1
    outer loop
      vertex 11.4266 60.4635 0
      vertex 106.573 60.4635 0
      vertex 11.4586 60.3502 0
    endloop
  endfacet
  facet normal 0 0 -1
    outer loop
      vertex 106.573 60.4635 0
      vertex 11.4266 60.4635 0
      vertex 106.614 60.574 0
    endloop
  endfacet
  facet normal 0 0 -1
    outer loop
      vertex 11.3858 60.574 0
      vertex 106.614 60.574 0
      vertex 11.4266 60.4635 0
    endloop
  endfacet
  facet normal 0 0 -1
    outer loop
      vertex 106.614 60.574 0
      vertex 11.3858 60.574 0
      vertex 106.663 60.681 0
    endloop
  endfacet
  facet normal 0 0 -1
    outer loop
      vertex 11.3365 60.681 0
      vertex 106.663 60.681 0
      vertex 11.3858 60.574 0
    endloop
  endfacet
  facet normal 0 0 -1
    outer loop
      vertex 106.663 60.681 0
      vertex 11.3365 60.681 0
      vertex 106.721 60.7837 0
    endloop
  endfacet
  facet normal 0 0 -1
    outer loop
      vertex 11.279 60.7837 0
      vertex 106.721 60.7837 0
      vertex 11.3365 60.681 0
    endloop
  endfacet
  facet normal 0 0 -1
    outer loop
      vertex 106.721 60.7837 0
      vertex 11.279 60.7837 0
      vertex 106.786 60.8817 0
    endloop
  endfacet
  facet normal 0 0 -1
    outer loop
      vertex 11.2135 60.8817 0
      vertex 106.786 60.8817 0
      vertex 11.279 60.7837 0
    endloop
  endfacet
  facet normal 0 0 -1
    outer loop
      vertex 11.1406 60.9742 0
      vertex 106.786 60.8817 0
      vertex 11.2135 60.8817 0
    endloop
  endfacet
  facet normal 0 0 -1
    outer loop
      vertex 106.859 60.9742 0
      vertex 11.1406 60.9742 0
      vertex 113 70 0
    endloop
  endfacet
  facet normal 0 0 -1
    outer loop
      vertex 5 70 0
      vertex 11.1406 60.9742 0
      vertex 11.0607 61.0607 0
    endloop
  endfacet
  facet normal 0 0 -1
    outer loop
      vertex 5 70 0
      vertex 11.0607 61.0607 0
      vertex 10.9742 61.1406 0
    endloop
  endfacet
  facet normal 0 0 -1
    outer loop
      vertex 5 70 0
      vertex 10.9742 61.1406 0
      vertex 10.8817 61.2135 0
    endloop
  endfacet
  facet normal 0 0 -1
    outer loop
      vertex 5 70 0
      vertex 10.8817 61.2135 0
      vertex 10.7837 61.279 0
    endloop
  endfacet
  facet normal 0 0 -1
    outer loop
      vertex 5 70 0
      vertex 10.7837 61.279 0
      vertex 10.681 61.3365 0
    endloop
  endfacet
  facet normal 0 0 -1
    outer loop
      vertex 5 70 0
      vertex 10.681 61.3365 0
      vertex 10.574 61.3858 0
    endloop
  endfacet
  facet normal 0 0 -1
    outer loop
      vertex 5 70 0
      vertex 10.574 61.3858 0
      vertex 10.4635 61.4266 0
    endloop
  endfacet
  facet normal 0 0 -1
    outer loop
      vertex 5 70 0
      vertex 10.4635 61.4266 0
      vertex 10.3502 61.4586 0
    endloop
  endfacet
  facet normal 0 0 -1
    outer loop
      vertex 5 70 0
      vertex 10.3502 61.4586 0
      vertex 10.2347 61.4815 0
    endloop
  endfacet
  facet normal 0 0 -1
    outer loop
      vertex 5 70 0
      vertex 10.2347 61.4815 0
      vertex 10.1177 61.4954 0
    endloop
  endfacet
  facet normal 0 0 -1
    outer loop
      vertex 5 70 0
      vertex 10.1177 61.4954 0
      vertex 10 61.5 0
    endloop
  endfacet
  facet normal 0 0 -1
    outer loop
      vertex 5 70 0
      vertex 10 61.5 0
      vertex 9.88231 61.4954 0
    endloop
  endfacet
  facet normal 0 0 -1
    outer loop
      vertex 8.51847 59.7653 0
      vertex 0 65 0
      vertex 8.50462 59.8823 0
    endloop
  endfacet
  facet normal 0 0 -1
    outer loop
      vertex 11.1406 60.9742 0
      vertex 5 70 0
      vertex 113 70 0
    endloop
  endfacet
  facet normal 0 0 -1
    outer loop
      vertex 9.76535 61.4815 0
      vertex 5 70 0
      vertex 9.88231 61.4954 0
    endloop
  endfacet
  facet normal 0 0 -1
    outer loop
      vertex 9.64983 61.4586 0
      vertex 5 70 0
      vertex 9.76535 61.4815 0
    endloop
  endfacet
  facet normal 0 0 -1
    outer loop
      vertex 9.53647 61.4266 0
      vertex 5 70 0
      vertex 9.64983 61.4586 0
    endloop
  endfacet
  facet normal 0 0 -1
    outer loop
      vertex 9.42597 61.3858 0
      vertex 5 70 0
      vertex 9.53647 61.4266 0
    endloop
  endfacet
  facet normal 0 0 -1
    outer loop
      vertex 9.31901 61.3365 0
      vertex 5 70 0
      vertex 9.42597 61.3858 0
    endloop
  endfacet
  facet normal 0 0 -1
    outer loop
      vertex 9.21625 61.279 0
      vertex 5 70 0
      vertex 9.31901 61.3365 0
    endloop
  endfacet
  facet normal 0 0 -1
    outer loop
      vertex 9.11832 61.2135 0
      vertex 5 70 0
      vertex 9.21625 61.279 0
    endloop
  endfacet
  facet normal 0 0 -1
    outer loop
      vertex 9.02583 61.1406 0
      vertex 5 70 0
      vertex 9.11832 61.2135 0
    endloop
  endfacet
  facet normal 0 0 -1
    outer loop
      vertex 8.93934 61.0607 0
      vertex 5 70 0
      vertex 9.02583 61.1406 0
    endloop
  endfacet
  facet normal 0 0 -1
    outer loop
      vertex 0 65 0
      vertex 8.93934 61.0607 0
      vertex 8.85939 60.9742 0
    endloop
  endfacet
  facet normal 0 0 -1
    outer loop
      vertex 0 65 0
      vertex 8.85939 60.9742 0
      vertex 8.78647 60.8817 0
    endloop
  endfacet
  facet normal 0 0 -1
    outer loop
      vertex 0 65 0
      vertex 8.78647 60.8817 0
      vertex 8.72104 60.7837 0
    endloop
  endfacet
  facet normal 0 0 -1
    outer loop
      vertex 0 65 0
      vertex 8.72104 60.7837 0
      vertex 8.66349 60.681 0
    endloop
  endfacet
  facet normal 0 0 -1
    outer loop
      vertex 0 65 0
      vertex 8.66349 60.681 0
      vertex 8.61418 60.574 0
    endloop
  endfacet
  facet normal 0 0 -1
    outer loop
      vertex 0 65 0
      vertex 8.61418 60.574 0
      vertex 8.57341 60.4635 0
    endloop
  endfacet
  facet normal 0 0 -1
    outer loop
      vertex 0 65 0
      vertex 8.57341 60.4635 0
      vertex 8.54144 60.3502 0
    endloop
  endfacet
  facet normal 0 0 -1
    outer loop
      vertex 0 65 0
      vertex 8.54144 60.3502 0
      vertex 8.51847 60.2346 0
    endloop
  endfacet
  facet normal 0 0 -1
    outer loop
      vertex 0 65 0
      vertex 8.51847 60.2346 0
      vertex 8.50462 60.1177 0
    endloop
  endfacet
  facet normal 0 0 -1
    outer loop
      vertex 8.50462 59.8823 0
      vertex 0 65 0
      vertex 8.5 60 0
    endloop
  endfacet
  facet normal 0 0 -1
    outer loop
      vertex 0 5 0
      vertex 5 0 0
      vertex 4.6077 0.0154133 0
    endloop
  endfacet
  facet normal 0 0 -1
    outer loop
      vertex 8.5 60 0
      vertex 0 65 0
      vertex 8.50462 60.1177 0
    endloop
  endfacet
  facet normal 0 0 -1
    outer loop
      vertex 0 5 0
      vertex 4.6077 0.0154133 0
      vertex 4.21783 0.0615578 0
    endloop
  endfacet
  facet normal 0 0 -1
    outer loop
      vertex 8.93934 61.0607 0
      vertex 0 65 0
      vertex 5 70 0
    endloop
  endfacet
  facet normal 0 0 -1
    outer loop
      vertex 0 5 0
      vertex 4.21783 0.0615578 0
      vertex 3.83277 0.13815 0
    endloop
  endfacet
  facet normal 0 0 -1
    outer loop
      vertex 5 70 0
      vertex 0 65 0
      vertex 4.6077 69.9846 0
    endloop
  endfacet
  facet normal 0 0 -1
    outer loop
      vertex 0 5 0
      vertex 3.83277 0.13815 0
      vertex 3.45491 0.244717 0
    endloop
  endfacet
  facet normal 0 0 -1
    outer loop
      vertex 4.6077 69.9846 0
      vertex 0 65 0
      vertex 4.21783 69.9384 0
    endloop
  endfacet
  facet normal 0 0 -1
    outer loop
      vertex 0 5 0
      vertex 3.45491 0.244717 0
      vertex 3.08658 0.380602 0
    endloop
  endfacet
  facet normal 0 0 -1
    outer loop
      vertex 4.21783 69.9384 0
      vertex 0 65 0
      vertex 3.83277 69.8618 0
    endloop
  endfacet
  facet normal 0 0 -1
    outer loop
      vertex 0 5 0
      vertex 3.08658 0.380602 0
      vertex 2.73005 0.544967 0
    endloop
  endfacet
  facet normal 0 0 -1
    outer loop
      vertex 3.83277 69.8618 0
      vertex 0 65 0
      vertex 3.45491 69.7553 0
    endloop
  endfacet
  facet normal 0 0 -1
    outer loop
      vertex 0 5 0
      vertex 2.73005 0.544967 0
      vertex 2.38751 0.736798 0
    endloop
  endfacet
  facet normal 0 0 -1
    outer loop
      vertex 3.45491 69.7553 0
      vertex 0 65 0
      vertex 3.08658 69.6194 0
    endloop
  endfacet
  facet normal 0 0 -1
    outer loop
      vertex 0 5 0
      vertex 2.38751 0.736798 0
      vertex 2.06107 0.954914 0
    endloop
  endfacet
  facet normal 0 0 -1
    outer loop
      vertex 3.08658 69.6194 0
      vertex 0 65 0
      vertex 2.73005 69.455 0
    endloop
  endfacet
  facet normal 0 0 -1
    outer loop
      vertex 0 5 0
      vertex 2.06107 0.954914 0
      vertex 1.75276 1.19797 0
    endloop
  endfacet
  facet normal 0 0 -1
    outer loop
      vertex 2.73005 69.455 0
      vertex 0 65 0
      vertex 2.38751 69.2632 0
    endloop
  endfacet
  facet normal 0 0 -1
    outer loop
      vertex 0 5 0
      vertex 1.75276 1.19797 0
      vertex 1.46447 1.46447 0
    endloop
  endfacet
  facet normal 0 0 -1
    outer loop
      vertex 2.38751 69.2632 0
      vertex 0 65 0
      vertex 2.06107 69.0451 0
    endloop
  endfacet
  facet normal 0 0 -1
    outer loop
      vertex 0 5 0
      vertex 1.46447 1.46447 0
      vertex 1.19797 1.75276 0
    endloop
  endfacet
  facet normal 0 0 -1
    outer loop
      vertex 2.06107 69.0451 0
      vertex 0 65 0
      vertex 1.75276 68.802 0
    endloop
  endfacet
  facet normal 0 0 -1
    outer loop
      vertex 0 5 0
      vertex 1.19797 1.75276 0
      vertex 0.954914 2.06107 0
    endloop
  endfacet
  facet normal 0 0 -1
    outer loop
      vertex 1.75276 68.802 0
      vertex 0 65 0
      vertex 1.46447 68.5355 0
    endloop
  endfacet
  facet normal 0 0 -1
    outer loop
      vertex 0 5 0
      vertex 0.954914 2.06107 0
      vertex 0.736798 2.38751 0
    endloop
  endfacet
  facet normal 0 0 -1
    outer loop
      vertex 1.46447 68.5355 0
      vertex 0 65 0
      vertex 1.19797 68.2472 0
    endloop
  endfacet
  facet normal 0 0 -1
    outer loop
      vertex 0 5 0
      vertex 0.736798 2.38751 0
      vertex 0.544967 2.73005 0
    endloop
  endfacet
  facet normal 0 0 -1
    outer loop
      vertex 1.19797 68.2472 0
      vertex 0 65 0
      vertex 0.954914 67.9389 0
    endloop
  endfacet
  facet normal 0 0 -1
    outer loop
      vertex 0 5 0
      vertex 0.544967 2.73005 0
      vertex 0.380602 3.08658 0
    endloop
  endfacet
  facet normal 0 0 -1
    outer loop
      vertex 0.954914 67.9389 0
      vertex 0 65 0
      vertex 0.736798 67.6125 0
    endloop
  endfacet
  facet normal 0 0 -1
    outer loop
      vertex 0 5 0
      vertex 0.380602 3.08658 0
      vertex 0.244717 3.45491 0
    endloop
  endfacet
  facet normal 0 0 -1
    outer loop
      vertex 0.736798 67.6125 0
      vertex 0 65 0
      vertex 0.544967 67.27 0
    endloop
  endfacet
  facet normal 0 0 -1
    outer loop
      vertex 0 5 0
      vertex 0.244717 3.45491 0
      vertex 0.13815 3.83277 0
    endloop
  endfacet
  facet normal 0 0 -1
    outer loop
      vertex 0.544967 67.27 0
      vertex 0 65 0
      vertex 0.380602 66.9134 0
    endloop
  endfacet
  facet normal 0 0 -1
    outer loop
      vertex 0 5 0
      vertex 0.13815 3.83277 0
      vertex 0.0615578 4.21783 0
    endloop
  endfacet
  facet normal 0 0 -1
    outer loop
      vertex 0.380602 66.9134 0
      vertex 0 65 0
      vertex 0.244717 66.5451 0
    endloop
  endfacet
  facet normal 0 0 -1
    outer loop
      vertex 0 5 0
      vertex 0.0615578 4.21783 0
      vertex 0.0154133 4.6077 0
    endloop
  endfacet
  facet normal 0 0 -1
    outer loop
      vertex 0.244717 66.5451 0
      vertex 0 65 0
      vertex 0.13815 66.1672 0
    endloop
  endfacet
  facet normal 0 0 -1
    outer loop
      vertex 0.13815 66.1672 0
      vertex 0 65 0
      vertex 0.0615578 65.7822 0
    endloop
  endfacet
  facet normal 0 0 -1
    outer loop
      vertex 0.0615578 65.7822 0
      vertex 0 65 0
      vertex 0.0154133 65.3923 0
    endloop
  endfacet
  facet normal -0.993068 -0.117538 0
    outer loop
      vertex 0.0615578 4.21783 0
      vertex 0.0154133 4.6077 4
      vertex 0.0154133 4.6077 0
    endloop
  endfacet
  facet normal -0.993068 -0.117538 0
    outer loop
      vertex 0.0154133 4.6077 4
      vertex 0.0615578 4.21783 0
      vertex 0.0615578 4.21783 4
    endloop
  endfacet
  facet normal -1 0 0
    outer loop
      vertex 0 5 0
      vertex 0 65 4
      vertex 0 65 0
    endloop
  endfacet
  facet normal -1 -0 0
    outer loop
      vertex 0 65 4
      vertex 0 5 0
      vertex 0 5 4
    endloop
  endfacet
  facet normal 0.99927 0.0382081 0
    outer loop
      vertex 118 65 4
      vertex 117.985 65.3923 0
      vertex 117.985 65.3923 4
    endloop
  endfacet
  facet normal 0.99927 0.0382081 0
    outer loop
      vertex 117.985 65.3923 0
      vertex 118 65 4
      vertex 118 65 0
    endloop
  endfacet
  facet normal -0.999229 -0.0392593 0
    outer loop
      vertex 0.0154133 4.6077 0
      vertex 0 5 4
      vertex 0 5 0
    endloop
  endfacet
  facet normal -0.999229 -0.0392593 0
    outer loop
      vertex 0 5 4
      vertex 0.0154133 4.6077 0
      vertex 0.0154133 4.6077 4
    endloop
  endfacet
  facet normal -0.418738 0.908107 0
    outer loop
      vertex 3.08658 69.6194 0
      vertex 2.73005 69.455 4
      vertex 3.08658 69.6194 4
    endloop
  endfacet
  facet normal -0.418738 0.908107 0
    outer loop
      vertex 2.73005 69.455 4
      vertex 3.08658 69.6194 0
      vertex 2.73005 69.455 0
    endloop
  endfacet
  facet normal -0.993069 0.117529 0
    outer loop
      vertex 0.0154133 65.3923 0
      vertex 0.0615578 65.7822 4
      vertex 0.0615578 65.7822 0
    endloop
  endfacet
  facet normal -0.993069 0.117529 0
    outer loop
      vertex 0.0615578 65.7822 4
      vertex 0.0154133 65.3923 0
      vertex 0.0154133 65.3923 4
    endloop
  endfacet
  facet normal 0.0392554 0.999229 -0
    outer loop
      vertex 113.392 69.9846 0
      vertex 113 70 4
      vertex 113.392 69.9846 4
    endloop
  endfacet
  facet normal 0.0392554 0.999229 0
    outer loop
      vertex 113 70 4
      vertex 113.392 69.9846 0
      vertex 113 70 0
    endloop
  endfacet
  facet normal 0 1 -0
    outer loop
      vertex 113 70 0
      vertex 5 70 4
      vertex 113 70 4
    endloop
  endfacet
  facet normal 0 1 0
    outer loop
      vertex 5 70 4
      vertex 113 70 0
      vertex 5 70 0
    endloop
  endfacet
  facet normal -0.999229 0.0392593 0
    outer loop
      vertex 0 65 0
      vertex 0.0154133 65.3923 4
      vertex 0.0154133 65.3923 0
    endloop
  endfacet
  facet normal -0.999229 0.0392593 0
    outer loop
      vertex 0.0154133 65.3923 4
      vertex 0 65 0
      vertex 0 65 4
    endloop
  endfacet
  facet normal 0 0 1
    outer loop
      vertex 112.751 64.109 4
      vertex 118 65 4
      vertex 117.985 65.3923 4
    endloop
  endfacet
  facet normal 0 0 1
    outer loop
      vertex 118 65 4
      vertex 112.8 63.8 4
      vertex 118 5 4
    endloop
  endfacet
  facet normal 0 0 1
    outer loop
      vertex 112.724 64.1827 4
      vertex 117.985 65.3923 4
      vertex 117.938 65.7822 4
    endloop
  endfacet
  facet normal -0 0 1
    outer loop
      vertex 112.8 6.2 4
      vertex 118 5 4
      vertex 112.8 63.8 4
    endloop
  endfacet
  facet normal 0 0 1
    outer loop
      vertex 112.691 64.254 4
      vertex 117.938 65.7822 4
      vertex 117.862 66.1672 4
    endloop
  endfacet
  facet normal -0 0 1
    outer loop
      vertex 112.797 6.12154 4
      vertex 118 5 4
      vertex 112.8 6.2 4
    endloop
  endfacet
  facet normal 0 0 1
    outer loop
      vertex 112.691 64.254 4
      vertex 117.862 66.1672 4
      vertex 117.755 66.5451 4
    endloop
  endfacet
  facet normal -0 0 1
    outer loop
      vertex 112.788 6.04356 4
      vertex 118 5 4
      vertex 112.797 6.12154 4
    endloop
  endfacet
  facet normal 0 0 1
    outer loop
      vertex 112.653 64.3225 4
      vertex 117.755 66.5451 4
      vertex 117.619 66.9134 4
    endloop
  endfacet
  facet normal -0 0 1
    outer loop
      vertex 112.772 5.96655 4
      vertex 118 5 4
      vertex 112.788 6.04356 4
    endloop
  endfacet
  facet normal 0 0 1
    outer loop
      vertex 112.653 64.3225 4
      vertex 117.619 66.9134 4
      vertex 117.455 67.27 4
    endloop
  endfacet
  facet normal -0 0 1
    outer loop
      vertex 112.751 5.89098 4
      vertex 118 5 4
      vertex 112.772 5.96655 4
    endloop
  endfacet
  facet normal 0 0 1
    outer loop
      vertex 112.609 64.3878 4
      vertex 117.455 67.27 4
      vertex 117.263 67.6125 4
    endloop
  endfacet
  facet normal 0 0 1
    outer loop
      vertex 118 5 4
      vertex 112.751 5.89098 4
      vertex 117.985 4.6077 4
    endloop
  endfacet
  facet normal 0 0 1
    outer loop
      vertex 112.56 64.4494 4
      vertex 117.263 67.6125 4
      vertex 117.045 67.9389 4
    endloop
  endfacet
  facet normal -0 0 1
    outer loop
      vertex 112.724 5.81732 4
      vertex 117.985 4.6077 4
      vertex 112.751 5.89098 4
    endloop
  endfacet
  facet normal 0 0 1
    outer loop
      vertex 112.56 64.4494 4
      vertex 117.045 67.9389 4
      vertex 116.802 68.2472 4
    endloop
  endfacet
  facet normal 0 0 1
    outer loop
      vertex 117.985 4.6077 4
      vertex 112.724 5.81732 4
      vertex 117.938 4.21783 4
    endloop
  endfacet
  facet normal 0 0 1
    outer loop
      vertex 112.507 64.5071 4
      vertex 116.802 68.2472 4
      vertex 116.536 68.5355 4
    endloop
  endfacet
  facet normal -0 0 1
    outer loop
      vertex 112.691 5.74601 4
      vertex 117.938 4.21783 4
      vertex 112.724 5.81732 4
    endloop
  endfacet
  facet normal 0 0 1
    outer loop
      vertex 112.507 64.5071 4
      vertex 116.536 68.5355 4
      vertex 116.247 68.802 4
    endloop
  endfacet
  facet normal 0 0 1
    outer loop
      vertex 117.938 4.21783 4
      vertex 112.691 5.74601 4
      vertex 117.862 3.83277 4
    endloop
  endfacet
  facet normal 0 0 1
    outer loop
      vertex 112.449 64.5604 4
      vertex 116.247 68.802 4
      vertex 115.939 69.0451 4
    endloop
  endfacet
  facet normal 0 0 1
    outer loop
      vertex 117.862 3.83277 4
      vertex 112.691 5.74601 4
      vertex 117.755 3.45491 4
    endloop
  endfacet
  facet normal 0 0 1
    outer loop
      vertex 112.449 64.5604 4
      vertex 115.939 69.0451 4
      vertex 115.612 69.2632 4
    endloop
  endfacet
  facet normal -0 0 1
    outer loop
      vertex 112.653 5.6775 4
      vertex 117.755 3.45491 4
      vertex 112.691 5.74601 4
    endloop
  endfacet
  facet normal 0 0 1
    outer loop
      vertex 112.388 64.609 4
      vertex 115.612 69.2632 4
      vertex 115.27 69.455 4
    endloop
  endfacet
  facet normal 0 0 1
    outer loop
      vertex 117.755 3.45491 4
      vertex 112.653 5.6775 4
      vertex 117.619 3.08658 4
    endloop
  endfacet
  facet normal 0 0 1
    outer loop
      vertex 112.388 64.609 4
      vertex 115.27 69.455 4
      vertex 114.913 69.6194 4
    endloop
  endfacet
  facet normal 0 0 1
    outer loop
      vertex 117.619 3.08658 4
      vertex 112.653 5.6775 4
      vertex 117.455 2.73005 4
    endloop
  endfacet
  facet normal 0 0 1
    outer loop
      vertex 112.322 64.6526 4
      vertex 114.913 69.6194 4
      vertex 114.545 69.7553 4
    endloop
  endfacet
  facet normal -0 0 1
    outer loop
      vertex 112.609 5.61221 4
      vertex 117.455 2.73005 4
      vertex 112.653 5.6775 4
    endloop
  endfacet
  facet normal 0 0 1
    outer loop
      vertex 112.254 64.691 4
      vertex 114.545 69.7553 4
      vertex 114.167 69.8618 4
    endloop
  endfacet
  facet normal 0 0 1
    outer loop
      vertex 117.455 2.73005 4
      vertex 112.609 5.61221 4
      vertex 117.263 2.38751 4
    endloop
  endfacet
  facet normal 0 0 1
    outer loop
      vertex 112.254 64.691 4
      vertex 114.167 69.8618 4
      vertex 113.782 69.9384 4
    endloop
  endfacet
  facet normal -0 0 1
    outer loop
      vertex 112.56 5.55055 4
      vertex 117.263 2.38751 4
      vertex 112.609 5.61221 4
    endloop
  endfacet
  facet normal 0 0 1
    outer loop
      vertex 112.183 64.7239 4
      vertex 113.782 69.9384 4
      vertex 113.392 69.9846 4
    endloop
  endfacet
  facet normal 0 0 1
    outer loop
      vertex 117.263 2.38751 4
      vertex 112.56 5.55055 4
      vertex 117.045 2.06107 4
    endloop
  endfacet
  facet normal 0 0 1
    outer loop
      vertex 112.183 64.7239 4
      vertex 113.392 69.9846 4
      vertex 113 70 4
    endloop
  endfacet
  facet normal 0 0 1
    outer loop
      vertex 117.045 2.06107 4
      vertex 112.56 5.55055 4
      vertex 116.802 1.75276 4
    endloop
  endfacet
  facet normal -0 0 1
    outer loop
      vertex 112.507 5.49289 4
      vertex 116.802 1.75276 4
      vertex 112.56 5.55055 4
    endloop
  endfacet
  facet normal 0 0 1
    outer loop
      vertex 118 65 4
      vertex 112.797 63.8785 4
      vertex 112.8 63.8 4
    endloop
  endfacet
  facet normal 0 0 1
    outer loop
      vertex 118 65 4
      vertex 112.788 63.9564 4
      vertex 112.797 63.8785 4
    endloop
  endfacet
  facet normal 0 0 1
    outer loop
      vertex 118 65 4
      vertex 112.772 64.0334 4
      vertex 112.788 63.9564 4
    endloop
  endfacet
  facet normal 0 0 1
    outer loop
      vertex 118 65 4
      vertex 112.751 64.109 4
      vertex 112.772 64.0334 4
    endloop
  endfacet
  facet normal 0 0 1
    outer loop
      vertex 117.985 65.3923 4
      vertex 112.724 64.1827 4
      vertex 112.751 64.109 4
    endloop
  endfacet
  facet normal 0 0 1
    outer loop
      vertex 117.938 65.7822 4
      vertex 112.691 64.254 4
      vertex 112.724 64.1827 4
    endloop
  endfacet
  facet normal 0 0 1
    outer loop
      vertex 117.755 66.5451 4
      vertex 112.653 64.3225 4
      vertex 112.691 64.254 4
    endloop
  endfacet
  facet normal 0 0 1
    outer loop
      vertex 117.455 67.27 4
      vertex 112.609 64.3878 4
      vertex 112.653 64.3225 4
    endloop
  endfacet
  facet normal 0 0 1
    outer loop
      vertex 117.263 67.6125 4
      vertex 112.56 64.4494 4
      vertex 112.609 64.3878 4
    endloop
  endfacet
  facet normal 0 0 1
    outer loop
      vertex 116.802 68.2472 4
      vertex 112.507 64.5071 4
      vertex 112.56 64.4494 4
    endloop
  endfacet
  facet normal 0 0 1
    outer loop
      vertex 116.247 68.802 4
      vertex 112.449 64.5604 4
      vertex 112.507 64.5071 4
    endloop
  endfacet
  facet normal 0 0 1
    outer loop
      vertex 115.612 69.2632 4
      vertex 112.388 64.609 4
      vertex 112.449 64.5604 4
    endloop
  endfacet
  facet normal 0 0 1
    outer loop
      vertex 114.913 69.6194 4
      vertex 112.322 64.6526 4
      vertex 112.388 64.609 4
    endloop
  endfacet
  facet normal 0 0 1
    outer loop
      vertex 114.545 69.7553 4
      vertex 112.254 64.691 4
      vertex 112.322 64.6526 4
    endloop
  endfacet
  facet normal 0 0 1
    outer loop
      vertex 113.782 69.9384 4
      vertex 112.183 64.7239 4
      vertex 112.254 64.691 4
    endloop
  endfacet
  facet normal 0 0 1
    outer loop
      vertex 113 70 4
      vertex 112.109 64.7511 4
      vertex 112.183 64.7239 4
    endloop
  endfacet
  facet normal 0 0 1
    outer loop
      vertex 113 70 4
      vertex 112.033 64.7724 4
      vertex 112.109 64.7511 4
    endloop
  endfacet
  facet normal 0 0 1
    outer loop
      vertex 113 70 4
      vertex 111.956 64.7877 4
      vertex 112.033 64.7724 4
    endloop
  endfacet
  facet normal 0 0 1
    outer loop
      vertex 113 70 4
      vertex 111.878 64.7969 4
      vertex 111.956 64.7877 4
    endloop
  endfacet
  facet normal 0 0 1
    outer loop
      vertex 113 70 4
      vertex 111.8 64.8 4
      vertex 111.878 64.7969 4
    endloop
  endfacet
  facet normal 0 0 1
    outer loop
      vertex 113 70 4
      vertex 6.2 64.8 4
      vertex 111.8 64.8 4
    endloop
  endfacet
  facet normal -0 0 1
    outer loop
      vertex 5 70 4
      vertex 6.2 64.8 4
      vertex 113 70 4
    endloop
  endfacet
  facet normal -0 0 1
    outer loop
      vertex 1.19797 68.2472 4
      vertex 5.49289 64.5071 4
      vertex 1.46447 68.5355 4
    endloop
  endfacet
  facet normal -0 0 1
    outer loop
      vertex 1.46447 68.5355 4
      vertex 5.49289 64.5071 4
      vertex 1.75276 68.802 4
    endloop
  endfacet
  facet normal 0 0 1
    outer loop
      vertex 5.55055 64.5604 4
      vertex 1.75276 68.802 4
      vertex 5.49289 64.5071 4
    endloop
  endfacet
  facet normal -0 0 1
    outer loop
      vertex 1.75276 68.802 4
      vertex 5.55055 64.5604 4
      vertex 2.06107 69.0451 4
    endloop
  endfacet
  facet normal -0 0 1
    outer loop
      vertex 2.06107 69.0451 4
      vertex 5.55055 64.5604 4
      vertex 2.38751 69.2632 4
    endloop
  endfacet
  facet normal 0 0 1
    outer loop
      vertex 5.61221 64.609 4
      vertex 2.38751 69.2632 4
      vertex 5.55055 64.5604 4
    endloop
  endfacet
  facet normal -0 0 1
    outer loop
      vertex 2.38751 69.2632 4
      vertex 5.61221 64.609 4
      vertex 2.73005 69.455 4
    endloop
  endfacet
  facet normal -0 0 1
    outer loop
      vertex 2.73005 69.455 4
      vertex 5.61221 64.609 4
      vertex 3.08658 69.6194 4
    endloop
  endfacet
  facet normal 0 0 1
    outer loop
      vertex 5.6775 64.6526 4
      vertex 3.08658 69.6194 4
      vertex 5.61221 64.609 4
    endloop
  endfacet
  facet normal -0 0 1
    outer loop
      vertex 3.08658 69.6194 4
      vertex 5.6775 64.6526 4
      vertex 3.45491 69.7553 4
    endloop
  endfacet
  facet normal 0 0 1
    outer loop
      vertex 5.74601 64.691 4
      vertex 3.45491 69.7553 4
      vertex 5.6775 64.6526 4
    endloop
  endfacet
  facet normal -0 0 1
    outer loop
      vertex 3.45491 69.7553 4
      vertex 5.74601 64.691 4
      vertex 3.83277 69.8618 4
    endloop
  endfacet
  facet normal -0 0 1
    outer loop
      vertex 3.83277 69.8618 4
      vertex 5.74601 64.691 4
      vertex 4.21783 69.9384 4
    endloop
  endfacet
  facet normal 0 0 1
    outer loop
      vertex 5.81732 64.7239 4
      vertex 4.21783 69.9384 4
      vertex 5.74601 64.691 4
    endloop
  endfacet
  facet normal -0 0 1
    outer loop
      vertex 4.21783 69.9384 4
      vertex 5.81732 64.7239 4
      vertex 4.6077 69.9846 4
    endloop
  endfacet
  facet normal -0 0 1
    outer loop
      vertex 4.6077 69.9846 4
      vertex 5.81732 64.7239 4
      vertex 5 70 4
    endloop
  endfacet
  facet normal 0 0 1
    outer loop
      vertex 5.89098 64.7511 4
      vertex 5 70 4
      vertex 5.81732 64.7239 4
    endloop
  endfacet
  facet normal 0 0 1
    outer loop
      vertex 5.96655 64.7724 4
      vertex 5 70 4
      vertex 5.89098 64.7511 4
    endloop
  endfacet
  facet normal 0 0 1
    outer loop
      vertex 6.04356 64.7877 4
      vertex 5 70 4
      vertex 5.96655 64.7724 4
    endloop
  endfacet
  facet normal 0 0 1
    outer loop
      vertex 6.12154 64.7969 4
      vertex 5 70 4
      vertex 6.04356 64.7877 4
    endloop
  endfacet
  facet normal 0 0 1
    outer loop
      vertex 6.2 64.8 4
      vertex 5 70 4
      vertex 6.12154 64.7969 4
    endloop
  endfacet
  facet normal 0 0 1
    outer loop
      vertex 116.802 1.75276 4
      vertex 112.507 5.49289 4
      vertex 116.536 1.46447 4
    endloop
  endfacet
  facet normal 0 0 1
    outer loop
      vertex 116.536 1.46447 4
      vertex 112.507 5.49289 4
      vertex 116.247 1.19797 4
    endloop
  endfacet
  facet normal -0 0 1
    outer loop
      vertex 112.449 5.43959 4
      vertex 116.247 1.19797 4
      vertex 112.507 5.49289 4
    endloop
  endfacet
  facet normal 0 0 1
    outer loop
      vertex 116.247 1.19797 4
      vertex 112.449 5.43959 4
      vertex 115.939 0.954914 4
    endloop
  endfacet
  facet normal 0 0 1
    outer loop
      vertex 115.939 0.954914 4
      vertex 112.449 5.43959 4
      vertex 115.612 0.736798 4
    endloop
  endfacet
  facet normal -0 0 1
    outer loop
      vertex 112.388 5.39098 4
      vertex 115.612 0.736798 4
      vertex 112.449 5.43959 4
    endloop
  endfacet
  facet normal 0 0 1
    outer loop
      vertex 115.612 0.736798 4
      vertex 112.388 5.39098 4
      vertex 115.27 0.544967 4
    endloop
  endfacet
  facet normal 0 0 1
    outer loop
      vertex 115.27 0.544967 4
      vertex 112.388 5.39098 4
      vertex 114.913 0.380602 4
    endloop
  endfacet
  facet normal -0 0 1
    outer loop
      vertex 112.322 5.34736 4
      vertex 114.913 0.380602 4
      vertex 112.388 5.39098 4
    endloop
  endfacet
  facet normal 0 0 1
    outer loop
      vertex 114.913 0.380602 4
      vertex 112.322 5.34736 4
      vertex 114.545 0.244717 4
    endloop
  endfacet
  facet normal -0 0 1
    outer loop
      vertex 112.254 5.30899 4
      vertex 114.545 0.244717 4
      vertex 112.322 5.34736 4
    endloop
  endfacet
  facet normal 0 0 1
    outer loop
      vertex 114.545 0.244717 4
      vertex 112.254 5.30899 4
      vertex 114.167 0.13815 4
    endloop
  endfacet
  facet normal 0 0 1
    outer loop
      vertex 114.167 0.13815 4
      vertex 112.254 5.30899 4
      vertex 113.782 0.0615578 4
    endloop
  endfacet
  facet normal -0 0 1
    outer loop
      vertex 112.183 5.27612 4
      vertex 113.782 0.0615578 4
      vertex 112.254 5.30899 4
    endloop
  endfacet
  facet normal 0 0 1
    outer loop
      vertex 113.782 0.0615578 4
      vertex 112.183 5.27612 4
      vertex 113.392 0.0154133 4
    endloop
  endfacet
  facet normal 0 0 1
    outer loop
      vertex 113.392 0.0154133 4
      vertex 112.183 5.27612 4
      vertex 113 0 4
    endloop
  endfacet
  facet normal -0 0 1
    outer loop
      vertex 112.109 5.24894 4
      vertex 113 0 4
      vertex 112.183 5.27612 4
    endloop
  endfacet
  facet normal -0 0 1
    outer loop
      vertex 112.033 5.22763 4
      vertex 113 0 4
      vertex 112.109 5.24894 4
    endloop
  endfacet
  facet normal -0 0 1
    outer loop
      vertex 111.956 5.21231 4
      vertex 113 0 4
      vertex 112.033 5.22763 4
    endloop
  endfacet
  facet normal -0 0 1
    outer loop
      vertex 111.878 5.20308 4
      vertex 113 0 4
      vertex 111.956 5.21231 4
    endloop
  endfacet
  facet normal -0 0 1
    outer loop
      vertex 111.8 5.2 4
      vertex 113 0 4
      vertex 111.878 5.20308 4
    endloop
  endfacet
  facet normal -0 0 1
    outer loop
      vertex 6.2 5.2 4
      vertex 113 0 4
      vertex 111.8 5.2 4
    endloop
  endfacet
  facet normal 0 0 1
    outer loop
      vertex 5 0 4
      vertex 6.2 5.2 4
      vertex 6.12154 5.20308 4
    endloop
  endfacet
  facet normal 0 0 1
    outer loop
      vertex 6.2 5.2 4
      vertex 5 0 4
      vertex 113 0 4
    endloop
  endfacet
  facet normal 0 0 1
    outer loop
      vertex 6.04356 5.21231 4
      vertex 5 0 4
      vertex 6.12154 5.20308 4
    endloop
  endfacet
  facet normal 0 0 1
    outer loop
      vertex 5.96655 5.22763 4
      vertex 5 0 4
      vertex 6.04356 5.21231 4
    endloop
  endfacet
  facet normal 0 0 1
    outer loop
      vertex 5.89098 5.24894 4
      vertex 5 0 4
      vertex 5.96655 5.22763 4
    endloop
  endfacet
  facet normal 0 0 1
    outer loop
      vertex 5.81732 5.27612 4
      vertex 5 0 4
      vertex 5.89098 5.24894 4
    endloop
  endfacet
  facet normal 0 0 1
    outer loop
      vertex 4.21783 0.0615578 4
      vertex 5.81732 5.27612 4
      vertex 5.74601 5.30899 4
    endloop
  endfacet
  facet normal 0 0 1
    outer loop
      vertex 3.45491 0.244717 4
      vertex 5.74601 5.30899 4
      vertex 5.6775 5.34736 4
    endloop
  endfacet
  facet normal 0 0 1
    outer loop
      vertex 3.08658 0.380602 4
      vertex 5.6775 5.34736 4
      vertex 5.61221 5.39098 4
    endloop
  endfacet
  facet normal 0 0 1
    outer loop
      vertex 2.38751 0.736798 4
      vertex 5.61221 5.39098 4
      vertex 5.55055 5.43959 4
    endloop
  endfacet
  facet normal 0 0 1
    outer loop
      vertex 1.75276 1.19797 4
      vertex 5.55055 5.43959 4
      vertex 5.49289 5.49289 4
    endloop
  endfacet
  facet normal 0 0 1
    outer loop
      vertex 1.19797 1.75276 4
      vertex 5.49289 5.49289 4
      vertex 5.43959 5.55055 4
    endloop
  endfacet
  facet normal 0 0 1
    outer loop
      vertex 0.736798 2.38751 4
      vertex 5.43959 5.55055 4
      vertex 5.39098 5.61221 4
    endloop
  endfacet
  facet normal 0 0 1
    outer loop
      vertex 0.544967 2.73005 4
      vertex 5.39098 5.61221 4
      vertex 5.34736 5.6775 4
    endloop
  endfacet
  facet normal 0 0 1
    outer loop
      vertex 0.244717 3.45491 4
      vertex 5.34736 5.6775 4
      vertex 5.30899 5.74601 4
    endloop
  endfacet
  facet normal 0 0 1
    outer loop
      vertex 0.0615578 4.21783 4
      vertex 5.30899 5.74601 4
      vertex 5.27612 5.81732 4
    endloop
  endfacet
  facet normal 0 0 1
    outer loop
      vertex 0.0154133 4.6077 4
      vertex 5.27612 5.81732 4
      vertex 5.24894 5.89098 4
    endloop
  endfacet
  facet normal 0 0 1
    outer loop
      vertex 0 5 4
      vertex 5.24894 5.89098 4
      vertex 5.22763 5.96655 4
    endloop
  endfacet
  facet normal 0 0 1
    outer loop
      vertex 0 5 4
      vertex 5.22763 5.96655 4
      vertex 5.21231 6.04356 4
    endloop
  endfacet
  facet normal 0 0 1
    outer loop
      vertex 0 5 4
      vertex 5.21231 6.04356 4
      vertex 5.20308 6.12154 4
    endloop
  endfacet
  facet normal 0 0 1
    outer loop
      vertex 0 5 4
      vertex 5.20308 6.12154 4
      vertex 5.2 6.2 4
    endloop
  endfacet
  facet normal 0 0 1
    outer loop
      vertex 5.2 63.8 4
      vertex 0 65 4
      vertex 5.2 6.2 4
    endloop
  endfacet
  facet normal 0 0 1
    outer loop
      vertex 5.49289 64.5071 4
      vertex 1.19797 68.2472 4
      vertex 5.43959 64.4494 4
    endloop
  endfacet
  facet normal 0 0 1
    outer loop
      vertex 0 5 4
      vertex 5.2 6.2 4
      vertex 0 65 4
    endloop
  endfacet
  facet normal -0 0 1
    outer loop
      vertex 0.954914 67.9389 4
      vertex 5.43959 64.4494 4
      vertex 1.19797 68.2472 4
    endloop
  endfacet
  facet normal 0 0 1
    outer loop
      vertex 5.24894 5.89098 4
      vertex 0 5 4
      vertex 0.0154133 4.6077 4
    endloop
  endfacet
  facet normal -0 0 1
    outer loop
      vertex 0.736798 67.6125 4
      vertex 5.43959 64.4494 4
      vertex 0.954914 67.9389 4
    endloop
  endfacet
  facet normal 0 0 1
    outer loop
      vertex 5.81732 5.27612 4
      vertex 4.6077 0.0154133 4
      vertex 5 0 4
    endloop
  endfacet
  facet normal 0 0 1
    outer loop
      vertex 5.43959 64.4494 4
      vertex 0.736798 67.6125 4
      vertex 5.39098 64.3878 4
    endloop
  endfacet
  facet normal 0 0 1
    outer loop
      vertex 5.81732 5.27612 4
      vertex 4.21783 0.0615578 4
      vertex 4.6077 0.0154133 4
    endloop
  endfacet
  facet normal -0 0 1
    outer loop
      vertex 0.544967 67.27 4
      vertex 5.39098 64.3878 4
      vertex 0.736798 67.6125 4
    endloop
  endfacet
  facet normal 0 0 1
    outer loop
      vertex 5.74601 5.30899 4
      vertex 3.83277 0.13815 4
      vertex 4.21783 0.0615578 4
    endloop
  endfacet
  facet normal 0 0 1
    outer loop
      vertex 5.39098 64.3878 4
      vertex 0.544967 67.27 4
      vertex 5.34736 64.3225 4
    endloop
  endfacet
  facet normal 0 0 1
    outer loop
      vertex 5.74601 5.30899 4
      vertex 3.45491 0.244717 4
      vertex 3.83277 0.13815 4
    endloop
  endfacet
  facet normal -0 0 1
    outer loop
      vertex 0.380602 66.9134 4
      vertex 5.34736 64.3225 4
      vertex 0.544967 67.27 4
    endloop
  endfacet
  facet normal 0 0 1
    outer loop
      vertex 5.6775 5.34736 4
      vertex 3.08658 0.380602 4
      vertex 3.45491 0.244717 4
    endloop
  endfacet
  facet normal -0 0 1
    outer loop
      vertex 0.244717 66.5451 4
      vertex 5.34736 64.3225 4
      vertex 0.380602 66.9134 4
    endloop
  endfacet
  facet normal 0 0 1
    outer loop
      vertex 5.61221 5.39098 4
      vertex 2.73005 0.544967 4
      vertex 3.08658 0.380602 4
    endloop
  endfacet
  facet normal 0 0 1
    outer loop
      vertex 5.34736 64.3225 4
      vertex 0.244717 66.5451 4
      vertex 5.30899 64.254 4
    endloop
  endfacet
  facet normal 0 0 1
    outer loop
      vertex 5.61221 5.39098 4
      vertex 2.38751 0.736798 4
      vertex 2.73005 0.544967 4
    endloop
  endfacet
  facet normal -0 0 1
    outer loop
      vertex 0.13815 66.1672 4
      vertex 5.30899 64.254 4
      vertex 0.244717 66.5451 4
    endloop
  endfacet
  facet normal 0 0 1
    outer loop
      vertex 5.55055 5.43959 4
      vertex 2.06107 0.954914 4
      vertex 2.38751 0.736798 4
    endloop
  endfacet
  facet normal -0 0 1
    outer loop
      vertex 0.0615578 65.7822 4
      vertex 5.30899 64.254 4
      vertex 0.13815 66.1672 4
    endloop
  endfacet
  facet normal 0 0 1
    outer loop
      vertex 5.55055 5.43959 4
      vertex 1.75276 1.19797 4
      vertex 2.06107 0.954914 4
    endloop
  endfacet
  facet normal 0 0 1
    outer loop
      vertex 5.30899 64.254 4
      vertex 0.0615578 65.7822 4
      vertex 5.27612 64.1827 4
    endloop
  endfacet
  facet normal 0 0 1
    outer loop
      vertex 5.49289 5.49289 4
      vertex 1.46447 1.46447 4
      vertex 1.75276 1.19797 4
    endloop
  endfacet
  facet normal -0 0 1
    outer loop
      vertex 0.0154133 65.3923 4
      vertex 5.27612 64.1827 4
      vertex 0.0615578 65.7822 4
    endloop
  endfacet
  facet normal 0 0 1
    outer loop
      vertex 5.49289 5.49289 4
      vertex 1.19797 1.75276 4
      vertex 1.46447 1.46447 4
    endloop
  endfacet
  facet normal 0 0 1
    outer loop
      vertex 5.27612 64.1827 4
      vertex 0.0154133 65.3923 4
      vertex 5.24894 64.109 4
    endloop
  endfacet
  facet normal 0 0 1
    outer loop
      vertex 5.43959 5.55055 4
      vertex 0.954914 2.06107 4
      vertex 1.19797 1.75276 4
    endloop
  endfacet
  facet normal -0 0 1
    outer loop
      vertex 0 65 4
      vertex 5.24894 64.109 4
      vertex 0.0154133 65.3923 4
    endloop
  endfacet
  facet normal 0 0 1
    outer loop
      vertex 5.43959 5.55055 4
      vertex 0.736798 2.38751 4
      vertex 0.954914 2.06107 4
    endloop
  endfacet
  facet normal 0 0 1
    outer loop
      vertex 5.24894 64.109 4
      vertex 0 65 4
      vertex 5.22763 64.0334 4
    endloop
  endfacet
  facet normal 0 0 1
    outer loop
      vertex 5.39098 5.61221 4
      vertex 0.544967 2.73005 4
      vertex 0.736798 2.38751 4
    endloop
  endfacet
  facet normal 0 0 1
    outer loop
      vertex 5.22763 64.0334 4
      vertex 0 65 4
      vertex 5.21231 63.9564 4
    endloop
  endfacet
  facet normal 0 0 1
    outer loop
      vertex 5.34736 5.6775 4
      vertex 0.380602 3.08658 4
      vertex 0.544967 2.73005 4
    endloop
  endfacet
  facet normal 0 0 1
    outer loop
      vertex 5.21231 63.9564 4
      vertex 0 65 4
      vertex 5.20308 63.8785 4
    endloop
  endfacet
  facet normal 0 0 1
    outer loop
      vertex 5.34736 5.6775 4
      vertex 0.244717 3.45491 4
      vertex 0.380602 3.08658 4
    endloop
  endfacet
  facet normal 0 0 1
    outer loop
      vertex 5.20308 63.8785 4
      vertex 0 65 4
      vertex 5.2 63.8 4
    endloop
  endfacet
  facet normal 0 0 1
    outer loop
      vertex 5.30899 5.74601 4
      vertex 0.13815 3.83277 4
      vertex 0.244717 3.45491 4
    endloop
  endfacet
  facet normal 0 0 1
    outer loop
      vertex 5.30899 5.74601 4
      vertex 0.0615578 4.21783 4
      vertex 0.13815 3.83277 4
    endloop
  endfacet
  facet normal 0 0 1
    outer loop
      vertex 5.27612 5.81732 4
      vertex 0.0154133 4.6077 4
      vertex 0.0615578 4.21783 4
    endloop
  endfacet
  facet normal 0.99927 -0.0382081 0
    outer loop
      vertex 117.985 4.6077 4
      vertex 118 5 0
      vertex 118 5 4
    endloop
  endfacet
  facet normal 0.99927 -0.0382081 0
    outer loop
      vertex 118 5 0
      vertex 117.985 4.6077 4
      vertex 117.985 4.6077 0
    endloop
  endfacet
  facet normal 0 -1 0
    outer loop
      vertex 5 0 0
      vertex 113 0 4
      vertex 5 0 4
    endloop
  endfacet
  facet normal 0 -1 -0
    outer loop
      vertex 113 0 4
      vertex 5 0 0
      vertex 113 0 0
    endloop
  endfacet
  facet normal 0.908525 0.41783 0
    outer loop
      vertex 117.619 66.9134 4
      vertex 117.455 67.27 0
      vertex 117.455 67.27 4
    endloop
  endfacet
  facet normal 0.908525 0.41783 0
    outer loop
      vertex 117.455 67.27 0
      vertex 117.619 66.9134 4
      vertex 117.619 66.9134 0
    endloop
  endfacet
  facet normal 0.117639 0.993056 -0
    outer loop
      vertex 113.782 69.9384 0
      vertex 113.392 69.9846 4
      vertex 113.782 69.9384 4
    endloop
  endfacet
  facet normal 0.117639 0.993056 0
    outer loop
      vertex 113.392 69.9846 4
      vertex 113.782 69.9384 0
      vertex 113.392 69.9846 0
    endloop
  endfacet
  facet normal -0.734325 0.678798 0
    outer loop
      vertex 1.19797 68.2472 0
      vertex 1.46447 68.5355 4
      vertex 1.46447 68.5355 0
    endloop
  endfacet
  facet normal -0.734325 0.678798 0
    outer loop
      vertex 1.46447 68.5355 4
      vertex 1.19797 68.2472 0
      vertex 1.19797 68.2472 4
    endloop
  endfacet
  facet normal 0.734948 -0.678123 0
    outer loop
      vertex 116.536 1.46447 4
      vertex 116.802 1.75276 0
      vertex 116.802 1.75276 4
    endloop
  endfacet
  facet normal 0.734948 -0.678123 0
    outer loop
      vertex 116.802 1.75276 0
      vertex 116.536 1.46447 4
      vertex 116.536 1.46447 0
    endloop
  endfacet
  facet normal 0.992812 -0.119686 0
    outer loop
      vertex 117.938 4.21783 4
      vertex 117.985 4.6077 0
      vertex 117.985 4.6077 4
    endloop
  endfacet
  facet normal 0.992812 -0.119686 0
    outer loop
      vertex 117.985 4.6077 0
      vertex 117.938 4.21783 4
      vertex 117.938 4.21783 0
    endloop
  endfacet
  facet normal 1 -0 0
    outer loop
      vertex 118 5 4
      vertex 118 65 0
      vertex 118 65 4
    endloop
  endfacet
  facet normal 1 0 0
    outer loop
      vertex 118 65 0
      vertex 118 5 4
      vertex 118 5 0
    endloop
  endfacet
  facet normal 0.346392 -0.93809 0
    outer loop
      vertex 114.545 0.244717 0
      vertex 114.913 0.380602 4
      vertex 114.545 0.244717 4
    endloop
  endfacet
  facet normal 0.346392 -0.93809 0
    outer loop
      vertex 114.913 0.380602 4
      vertex 114.545 0.244717 0
      vertex 114.913 0.380602 0
    endloop
  endfacet
  facet normal -0.117538 -0.993068 0
    outer loop
      vertex 4.21783 0.0615578 0
      vertex 4.6077 0.0154133 4
      vertex 4.21783 0.0615578 4
    endloop
  endfacet
  facet normal -0.117538 -0.993068 -0
    outer loop
      vertex 4.6077 0.0154133 4
      vertex 4.21783 0.0615578 0
      vertex 4.6077 0.0154133 0
    endloop
  endfacet
  facet normal -0.872497 -0.48862 0
    outer loop
      vertex 0.736798 2.38751 0
      vertex 0.544967 2.73005 4
      vertex 0.544967 2.73005 0
    endloop
  endfacet
  facet normal -0.872497 -0.48862 0
    outer loop
      vertex 0.544967 2.73005 4
      vertex 0.736798 2.38751 0
      vertex 0.736798 2.38751 4
    endloop
  endfacet
  facet normal 0.554876 0.831933 -0
    outer loop
      vertex 115.939 69.0451 0
      vertex 115.612 69.2632 4
      vertex 115.939 69.0451 4
    endloop
  endfacet
  facet normal 0.554876 0.831933 0
    outer loop
      vertex 115.612 69.2632 4
      vertex 115.939 69.0451 0
      vertex 115.612 69.2632 0
    endloop
  endfacet
  facet normal 0.195136 0.980776 -0
    outer loop
      vertex 114.167 69.8618 0
      vertex 113.782 69.9384 4
      vertex 114.167 69.8618 4
    endloop
  endfacet
  facet normal 0.195136 0.980776 0
    outer loop
      vertex 113.782 69.9384 4
      vertex 114.167 69.8618 0
      vertex 113.782 69.9384 0
    endloop
  endfacet
  facet normal -0.195107 0.980782 0
    outer loop
      vertex 4.21783 69.9384 0
      vertex 3.83277 69.8618 4
      vertex 4.21783 69.9384 4
    endloop
  endfacet
  facet normal -0.195107 0.980782 0
    outer loop
      vertex 3.83277 69.8618 4
      vertex 4.21783 69.9384 0
      vertex 3.83277 69.8618 0
    endloop
  endfacet
  facet normal -0.271281 0.9625 0
    outer loop
      vertex 3.83277 69.8618 0
      vertex 3.45491 69.7553 4
      vertex 3.83277 69.8618 4
    endloop
  endfacet
  facet normal -0.271281 0.9625 0
    outer loop
      vertex 3.45491 69.7553 4
      vertex 3.83277 69.8618 0
      vertex 3.45491 69.7553 0
    endloop
  endfacet
  facet normal -0.831443 0.55561 0
    outer loop
      vertex 0.736798 67.6125 0
      vertex 0.954914 67.9389 4
      vertex 0.954914 67.9389 0
    endloop
  endfacet
  facet normal -0.831443 0.55561 0
    outer loop
      vertex 0.954914 67.9389 4
      vertex 0.736798 67.6125 0
      vertex 0.736798 67.6125 4
    endloop
  endfacet
  facet normal -0.872472 0.488663 0
    outer loop
      vertex 0.544967 67.27 0
      vertex 0.736798 67.6125 4
      vertex 0.736798 67.6125 0
    endloop
  endfacet
  facet normal -0.872472 0.488663 0
    outer loop
      vertex 0.736798 67.6125 4
      vertex 0.544967 67.27 0
      vertex 0.544967 67.27 4
    endloop
  endfacet
  facet normal -0.98078 0.195117 0
    outer loop
      vertex 0.0615578 65.7822 0
      vertex 0.13815 66.1672 4
      vertex 0.13815 66.1672 0
    endloop
  endfacet
  facet normal -0.98078 0.195117 0
    outer loop
      vertex 0.13815 66.1672 4
      vertex 0.0615578 65.7822 0
      vertex 0.0615578 65.7822 4
    endloop
  endfacet
  facet normal 0.872313 -0.488948 0
    outer loop
      vertex 117.263 2.38751 4
      vertex 117.455 2.73005 0
      vertex 117.455 2.73005 4
    endloop
  endfacet
  facet normal 0.872313 -0.488948 0
    outer loop
      vertex 117.455 2.73005 0
      vertex 117.263 2.38751 4
      vertex 117.263 2.38751 0
    endloop
  endfacet
  facet normal 0.195117 -0.98078 0
    outer loop
      vertex 113.782 0.0615578 0
      vertex 114.167 0.13815 4
      vertex 113.782 0.0615578 4
    endloop
  endfacet
  facet normal 0.195117 -0.98078 0
    outer loop
      vertex 114.167 0.13815 4
      vertex 113.782 0.0615578 0
      vertex 114.167 0.13815 0
    endloop
  endfacet
  facet normal 0.271346 -0.962482 0
    outer loop
      vertex 114.167 0.13815 0
      vertex 114.545 0.244717 4
      vertex 114.167 0.13815 4
    endloop
  endfacet
  facet normal 0.271346 -0.962482 0
    outer loop
      vertex 114.545 0.244717 4
      vertex 114.167 0.13815 0
      vertex 114.545 0.244717 0
    endloop
  endfacet
  facet normal -0.6191 -0.785312 0
    outer loop
      vertex 1.75276 1.19797 0
      vertex 2.06107 0.954914 4
      vertex 1.75276 1.19797 4
    endloop
  endfacet
  facet normal -0.6191 -0.785312 -0
    outer loop
      vertex 2.06107 0.954914 4
      vertex 1.75276 1.19797 0
      vertex 2.06107 0.954914 0
    endloop
  endfacet
  facet normal 0.981068 0.193665 0
    outer loop
      vertex 117.938 65.7822 4
      vertex 117.862 66.1672 0
      vertex 117.862 66.1672 4
    endloop
  endfacet
  facet normal 0.981068 0.193665 0
    outer loop
      vertex 117.862 66.1672 0
      vertex 117.938 65.7822 4
      vertex 117.938 65.7822 0
    endloop
  endfacet
  facet normal 0.992813 0.119677 0
    outer loop
      vertex 117.985 65.3923 4
      vertex 117.938 65.7822 0
      vertex 117.938 65.7822 4
    endloop
  endfacet
  facet normal 0.992813 0.119677 0
    outer loop
      vertex 117.938 65.7822 0
      vertex 117.985 65.3923 4
      vertex 117.985 65.3923 0
    endloop
  endfacet
  facet normal 0.938086 0.346402 0
    outer loop
      vertex 117.755 66.5451 4
      vertex 117.619 66.9134 0
      vertex 117.619 66.9134 4
    endloop
  endfacet
  facet normal 0.938086 0.346402 0
    outer loop
      vertex 117.619 66.9134 0
      vertex 117.755 66.5451 4
      vertex 117.755 66.5451 0
    endloop
  endfacet
  facet normal 0.962175 0.272434 0
    outer loop
      vertex 117.862 66.1672 4
      vertex 117.755 66.5451 0
      vertex 117.755 66.5451 4
    endloop
  endfacet
  facet normal 0.962175 0.272434 0
    outer loop
      vertex 117.755 66.5451 0
      vertex 117.862 66.1672 4
      vertex 117.862 66.1672 0
    endloop
  endfacet
  facet normal 0.872289 0.488991 0
    outer loop
      vertex 117.455 67.27 4
      vertex 117.263 67.6125 0
      vertex 117.263 67.6125 4
    endloop
  endfacet
  facet normal 0.872289 0.488991 0
    outer loop
      vertex 117.263 67.6125 0
      vertex 117.455 67.27 4
      vertex 117.455 67.27 0
    endloop
  endfacet
  facet normal 0.83158 0.555406 0
    outer loop
      vertex 117.263 67.6125 4
      vertex 117.045 67.9389 0
      vertex 117.045 67.9389 4
    endloop
  endfacet
  facet normal 0.83158 0.555406 0
    outer loop
      vertex 117.045 67.9389 0
      vertex 117.263 67.6125 4
      vertex 117.263 67.6125 0
    endloop
  endfacet
  facet normal 0.785372 0.619025 0
    outer loop
      vertex 117.045 67.9389 4
      vertex 116.802 68.2472 0
      vertex 116.802 68.2472 4
    endloop
  endfacet
  facet normal 0.785372 0.619025 0
    outer loop
      vertex 116.802 68.2472 0
      vertex 117.045 67.9389 4
      vertex 117.045 67.9389 0
    endloop
  endfacet
  facet normal 0.346426 0.938077 -0
    outer loop
      vertex 114.913 69.6194 0
      vertex 114.545 69.7553 4
      vertex 114.913 69.6194 4
    endloop
  endfacet
  facet normal 0.346426 0.938077 0
    outer loop
      vertex 114.545 69.7553 4
      vertex 114.913 69.6194 0
      vertex 114.545 69.7553 0
    endloop
  endfacet
  facet normal 0.489147 0.872201 -0
    outer loop
      vertex 115.612 69.2632 0
      vertex 115.27 69.455 4
      vertex 115.612 69.2632 4
    endloop
  endfacet
  facet normal 0.489147 0.872201 0
    outer loop
      vertex 115.27 69.455 4
      vertex 115.612 69.2632 0
      vertex 115.27 69.455 0
    endloop
  endfacet
  facet normal 0.619553 0.784955 -0
    outer loop
      vertex 116.247 68.802 0
      vertex 115.939 69.0451 4
      vertex 116.247 68.802 4
    endloop
  endfacet
  facet normal 0.619553 0.784955 0
    outer loop
      vertex 115.939 69.0451 4
      vertex 116.247 68.802 0
      vertex 115.939 69.0451 0
    endloop
  endfacet
  facet normal 0.418284 0.908316 -0
    outer loop
      vertex 115.27 69.455 0
      vertex 114.913 69.6194 4
      vertex 115.27 69.455 4
    endloop
  endfacet
  facet normal 0.418284 0.908316 0
    outer loop
      vertex 114.913 69.6194 4
      vertex 115.27 69.455 0
      vertex 114.913 69.6194 0
    endloop
  endfacet
  facet normal -0.0392255 0.99923 0
    outer loop
      vertex 5 70 0
      vertex 4.6077 69.9846 4
      vertex 5 70 4
    endloop
  endfacet
  facet normal -0.0392255 0.99923 0
    outer loop
      vertex 4.6077 69.9846 4
      vertex 5 70 0
      vertex 4.6077 69.9846 0
    endloop
  endfacet
  facet normal -0.117678 0.993052 0
    outer loop
      vertex 4.6077 69.9846 0
      vertex 4.21783 69.9384 4
      vertex 4.6077 69.9846 4
    endloop
  endfacet
  facet normal -0.117678 0.993052 0
    outer loop
      vertex 4.21783 69.9384 4
      vertex 4.6077 69.9846 0
      vertex 4.21783 69.9384 0
    endloop
  endfacet
  facet normal -0.346153 0.938178 0
    outer loop
      vertex 3.45491 69.7553 0
      vertex 3.08658 69.6194 4
      vertex 3.45491 69.7553 4
    endloop
  endfacet
  facet normal -0.346153 0.938178 0
    outer loop
      vertex 3.08658 69.6194 4
      vertex 3.45491 69.7553 0
      vertex 3.08658 69.6194 0
    endloop
  endfacet
  facet normal -0.555535 0.831493 0
    outer loop
      vertex 2.38751 69.2632 0
      vertex 2.06107 69.0451 4
      vertex 2.38751 69.2632 4
    endloop
  endfacet
  facet normal -0.555535 0.831493 0
    outer loop
      vertex 2.06107 69.0451 4
      vertex 2.38751 69.2632 0
      vertex 2.06107 69.0451 0
    endloop
  endfacet
  facet normal -0.48856 0.87253 0
    outer loop
      vertex 2.73005 69.455 0
      vertex 2.38751 69.2632 4
      vertex 2.73005 69.455 4
    endloop
  endfacet
  facet normal -0.48856 0.87253 0
    outer loop
      vertex 2.38751 69.2632 4
      vertex 2.73005 69.455 0
      vertex 2.38751 69.2632 0
    endloop
  endfacet
  facet normal -0.678811 0.734313 0
    outer loop
      vertex 1.75276 68.802 0
      vertex 1.46447 68.5355 4
      vertex 1.75276 68.802 4
    endloop
  endfacet
  facet normal -0.678811 0.734313 0
    outer loop
      vertex 1.46447 68.5355 4
      vertex 1.75276 68.802 0
      vertex 1.46447 68.5355 0
    endloop
  endfacet
  facet normal -0.619169 0.785257 0
    outer loop
      vertex 2.06107 69.0451 0
      vertex 1.75276 68.802 4
      vertex 2.06107 69.0451 4
    endloop
  endfacet
  facet normal -0.619169 0.785257 0
    outer loop
      vertex 1.75276 68.802 4
      vertex 2.06107 69.0451 0
      vertex 1.75276 68.802 0
    endloop
  endfacet
  facet normal -0.785302 0.619113 0
    outer loop
      vertex 0.954914 67.9389 0
      vertex 1.19797 68.2472 4
      vertex 1.19797 68.2472 0
    endloop
  endfacet
  facet normal -0.785302 0.619113 0
    outer loop
      vertex 1.19797 68.2472 4
      vertex 0.954914 67.9389 0
      vertex 0.954914 67.9389 4
    endloop
  endfacet
  facet normal -0.962463 0.271413 0
    outer loop
      vertex 0.13815 66.1672 0
      vertex 0.244717 66.5451 4
      vertex 0.244717 66.5451 0
    endloop
  endfacet
  facet normal -0.962463 0.271413 0
    outer loop
      vertex 0.244717 66.5451 4
      vertex 0.13815 66.1672 0
      vertex 0.13815 66.1672 4
    endloop
  endfacet
  facet normal -0.908172 0.418597 0
    outer loop
      vertex 0.380602 66.9134 0
      vertex 0.544967 67.27 4
      vertex 0.544967 67.27 0
    endloop
  endfacet
  facet normal -0.908172 0.418597 0
    outer loop
      vertex 0.544967 67.27 4
      vertex 0.380602 66.9134 0
      vertex 0.380602 66.9134 4
    endloop
  endfacet
  facet normal -0.938181 0.346144 0
    outer loop
      vertex 0.244717 66.5451 0
      vertex 0.380602 66.9134 4
      vertex 0.380602 66.9134 0
    endloop
  endfacet
  facet normal -0.938181 0.346144 0
    outer loop
      vertex 0.380602 66.9134 4
      vertex 0.244717 66.5451 0
      vertex 0.244717 66.5451 4
    endloop
  endfacet
  facet normal 0.489207 -0.872168 0
    outer loop
      vertex 115.27 0.544967 0
      vertex 115.612 0.736798 4
      vertex 115.27 0.544967 4
    endloop
  endfacet
  facet normal 0.489207 -0.872168 0
    outer loop
      vertex 115.612 0.736798 4
      vertex 115.27 0.544967 0
      vertex 115.612 0.736798 0
    endloop
  endfacet
  facet normal 0.619484 -0.785009 0
    outer loop
      vertex 115.939 0.954914 0
      vertex 116.247 1.19797 4
      vertex 115.939 0.954914 4
    endloop
  endfacet
  facet normal 0.619484 -0.785009 0
    outer loop
      vertex 116.247 1.19797 4
      vertex 115.939 0.954914 0
      vertex 116.247 1.19797 0
    endloop
  endfacet
  facet normal 0.831611 -0.555358 0
    outer loop
      vertex 117.045 2.06107 4
      vertex 117.263 2.38751 0
      vertex 117.263 2.38751 4
    endloop
  endfacet
  facet normal 0.831611 -0.555358 0
    outer loop
      vertex 117.263 2.38751 0
      vertex 117.045 2.06107 4
      vertex 117.045 2.06107 0
    endloop
  endfacet
  facet normal 0.962167 -0.27246 0
    outer loop
      vertex 117.755 3.45491 4
      vertex 117.862 3.83277 0
      vertex 117.862 3.83277 4
    endloop
  endfacet
  facet normal 0.962167 -0.27246 0
    outer loop
      vertex 117.862 3.83277 0
      vertex 117.755 3.45491 4
      vertex 117.755 3.45491 0
    endloop
  endfacet
  facet normal 0.908494 -0.417898 0
    outer loop
      vertex 117.455 2.73005 4
      vertex 117.619 3.08658 0
      vertex 117.619 3.08658 4
    endloop
  endfacet
  facet normal 0.908494 -0.417898 0
    outer loop
      vertex 117.619 3.08658 0
      vertex 117.455 2.73005 4
      vertex 117.455 2.73005 0
    endloop
  endfacet
  facet normal 0.938095 -0.346377 0
    outer loop
      vertex 117.619 3.08658 4
      vertex 117.755 3.45491 0
      vertex 117.755 3.45491 4
    endloop
  endfacet
  facet normal 0.938095 -0.346377 0
    outer loop
      vertex 117.755 3.45491 0
      vertex 117.619 3.08658 4
      vertex 117.619 3.08658 0
    endloop
  endfacet
  facet normal 0.0392893 -0.999228 0
    outer loop
      vertex 113 0 0
      vertex 113.392 0.0154133 4
      vertex 113 0 4
    endloop
  endfacet
  facet normal 0.0392893 -0.999228 0
    outer loop
      vertex 113.392 0.0154133 4
      vertex 113 0 0
      vertex 113.392 0.0154133 0
    endloop
  endfacet
  facet normal -0.0392593 -0.999229 0
    outer loop
      vertex 4.6077 0.0154133 0
      vertex 5 0 4
      vertex 4.6077 0.0154133 4
    endloop
  endfacet
  facet normal -0.0392593 -0.999229 -0
    outer loop
      vertex 5 0 4
      vertex 4.6077 0.0154133 0
      vertex 5 0 0
    endloop
  endfacet
  facet normal -0.271439 -0.962456 0
    outer loop
      vertex 3.45491 0.244717 0
      vertex 3.83277 0.13815 4
      vertex 3.45491 0.244717 4
    endloop
  endfacet
  facet normal -0.271439 -0.962456 -0
    outer loop
      vertex 3.83277 0.13815 4
      vertex 3.45491 0.244717 0
      vertex 3.83277 0.13815 0
    endloop
  endfacet
  facet normal -0.48862 -0.872497 0
    outer loop
      vertex 2.38751 0.736798 0
      vertex 2.73005 0.544967 4
      vertex 2.38751 0.736798 4
    endloop
  endfacet
  facet normal -0.48862 -0.872497 -0
    outer loop
      vertex 2.73005 0.544967 4
      vertex 2.38751 0.736798 0
      vertex 2.73005 0.544967 0
    endloop
  endfacet
  facet normal -0.678811 -0.734313 0
    outer loop
      vertex 1.46447 1.46447 0
      vertex 1.75276 1.19797 4
      vertex 1.46447 1.46447 4
    endloop
  endfacet
  facet normal -0.678811 -0.734313 -0
    outer loop
      vertex 1.75276 1.19797 4
      vertex 1.46447 1.46447 0
      vertex 1.75276 1.19797 0
    endloop
  endfacet
  facet normal -0.831475 -0.555563 0
    outer loop
      vertex 0.954914 2.06107 0
      vertex 0.736798 2.38751 4
      vertex 0.736798 2.38751 0
    endloop
  endfacet
  facet normal -0.831475 -0.555563 0
    outer loop
      vertex 0.736798 2.38751 4
      vertex 0.954914 2.06107 0
      vertex 0.954914 2.06107 4
    endloop
  endfacet
  facet normal -0.734313 -0.678811 0
    outer loop
      vertex 1.46447 1.46447 0
      vertex 1.19797 1.75276 4
      vertex 1.19797 1.75276 0
    endloop
  endfacet
  facet normal -0.734313 -0.678811 0
    outer loop
      vertex 1.19797 1.75276 4
      vertex 1.46447 1.46447 0
      vertex 1.46447 1.46447 4
    endloop
  endfacet
  facet normal -0.980786 -0.195088 0
    outer loop
      vertex 0.13815 3.83277 0
      vertex 0.0615578 4.21783 4
      vertex 0.0615578 4.21783 0
    endloop
  endfacet
  facet normal -0.980786 -0.195088 0
    outer loop
      vertex 0.0615578 4.21783 4
      vertex 0.13815 3.83277 0
      vertex 0.13815 3.83277 4
    endloop
  endfacet
  facet normal 0.73496 0.678111 0
    outer loop
      vertex 116.802 68.2472 4
      vertex 116.536 68.5355 0
      vertex 116.536 68.5355 4
    endloop
  endfacet
  facet normal 0.73496 0.678111 0
    outer loop
      vertex 116.536 68.5355 0
      vertex 116.802 68.2472 4
      vertex 116.802 68.2472 0
    endloop
  endfacet
  facet normal 0.271188 0.962526 -0
    outer loop
      vertex 114.545 69.7553 0
      vertex 114.167 69.8618 4
      vertex 114.545 69.7553 4
    endloop
  endfacet
  facet normal 0.271188 0.962526 0
    outer loop
      vertex 114.167 69.8618 4
      vertex 114.545 69.7553 0
      vertex 114.167 69.8618 0
    endloop
  endfacet
  facet normal 0.67791 0.735145 -0
    outer loop
      vertex 116.536 68.5355 0
      vertex 116.247 68.802 4
      vertex 116.536 68.5355 4
    endloop
  endfacet
  facet normal 0.67791 0.735145 0
    outer loop
      vertex 116.247 68.802 4
      vertex 116.536 68.5355 0
      vertex 116.247 68.802 0
    endloop
  endfacet
  facet normal 0.67791 -0.735145 0
    outer loop
      vertex 116.247 1.19797 0
      vertex 116.536 1.46447 4
      vertex 116.247 1.19797 4
    endloop
  endfacet
  facet normal 0.67791 -0.735145 0
    outer loop
      vertex 116.536 1.46447 4
      vertex 116.247 1.19797 0
      vertex 116.536 1.46447 0
    endloop
  endfacet
  facet normal 0.554904 -0.831914 0
    outer loop
      vertex 115.612 0.736798 0
      vertex 115.939 0.954914 4
      vertex 115.612 0.736798 4
    endloop
  endfacet
  facet normal 0.554904 -0.831914 0
    outer loop
      vertex 115.939 0.954914 4
      vertex 115.612 0.736798 0
      vertex 115.939 0.954914 0
    endloop
  endfacet
  facet normal 0.785381 -0.619012 0
    outer loop
      vertex 116.802 1.75276 4
      vertex 117.045 2.06107 0
      vertex 117.045 2.06107 4
    endloop
  endfacet
  facet normal 0.785381 -0.619012 0
    outer loop
      vertex 117.045 2.06107 0
      vertex 116.802 1.75276 4
      vertex 116.802 1.75276 0
    endloop
  endfacet
  facet normal 0.981073 -0.193636 0
    outer loop
      vertex 117.862 3.83277 4
      vertex 117.938 4.21783 0
      vertex 117.938 4.21783 4
    endloop
  endfacet
  facet normal 0.981073 -0.193636 0
    outer loop
      vertex 117.938 4.21783 0
      vertex 117.862 3.83277 4
      vertex 117.862 3.83277 0
    endloop
  endfacet
  facet normal 0.41821 -0.90835 0
    outer loop
      vertex 114.913 0.380602 0
      vertex 115.27 0.544967 4
      vertex 114.913 0.380602 4
    endloop
  endfacet
  facet normal 0.41821 -0.90835 0
    outer loop
      vertex 115.27 0.544967 4
      vertex 114.913 0.380602 0
      vertex 115.27 0.544967 0
    endloop
  endfacet
  facet normal 0.1175 -0.993073 0
    outer loop
      vertex 113.392 0.0154133 0
      vertex 113.782 0.0615578 4
      vertex 113.392 0.0154133 4
    endloop
  endfacet
  facet normal 0.1175 -0.993073 0
    outer loop
      vertex 113.782 0.0615578 4
      vertex 113.392 0.0154133 0
      vertex 113.782 0.0615578 0
    endloop
  endfacet
  facet normal -0.195088 -0.980786 0
    outer loop
      vertex 3.83277 0.13815 0
      vertex 4.21783 0.0615578 4
      vertex 3.83277 0.13815 4
    endloop
  endfacet
  facet normal -0.195088 -0.980786 -0
    outer loop
      vertex 4.21783 0.0615578 4
      vertex 3.83277 0.13815 0
      vertex 4.21783 0.0615578 0
    endloop
  endfacet
  facet normal -0.555563 -0.831475 0
    outer loop
      vertex 2.06107 0.954914 0
      vertex 2.38751 0.736798 4
      vertex 2.06107 0.954914 4
    endloop
  endfacet
  facet normal -0.555563 -0.831475 -0
    outer loop
      vertex 2.38751 0.736798 4
      vertex 2.06107 0.954914 0
      vertex 2.38751 0.736798 0
    endloop
  endfacet
  facet normal -0.418665 -0.908141 0
    outer loop
      vertex 2.73005 0.544967 0
      vertex 3.08658 0.380602 4
      vertex 2.73005 0.544967 4
    endloop
  endfacet
  facet normal -0.418665 -0.908141 -0
    outer loop
      vertex 3.08658 0.380602 4
      vertex 2.73005 0.544967 0
      vertex 3.08658 0.380602 0
    endloop
  endfacet
  facet normal -0.785312 -0.6191 0
    outer loop
      vertex 1.19797 1.75276 0
      vertex 0.954914 2.06107 4
      vertex 0.954914 2.06107 0
    endloop
  endfacet
  facet normal -0.785312 -0.6191 0
    outer loop
      vertex 0.954914 2.06107 4
      vertex 1.19797 1.75276 0
      vertex 1.19797 1.75276 4
    endloop
  endfacet
  facet normal -0.938191 -0.346119 0
    outer loop
      vertex 0.380602 3.08658 0
      vertex 0.244717 3.45491 4
      vertex 0.244717 3.45491 0
    endloop
  endfacet
  facet normal -0.938191 -0.346119 0
    outer loop
      vertex 0.244717 3.45491 4
      vertex 0.380602 3.08658 0
      vertex 0.380602 3.08658 4
    endloop
  endfacet
  facet normal -0.962456 -0.271439 0
    outer loop
      vertex 0.244717 3.45491 0
      vertex 0.13815 3.83277 4
      vertex 0.13815 3.83277 0
    endloop
  endfacet
  facet normal -0.962456 -0.271439 0
    outer loop
      vertex 0.13815 3.83277 4
      vertex 0.244717 3.45491 0
      vertex 0.244717 3.45491 4
    endloop
  endfacet
  facet normal -0.346119 -0.938191 0
    outer loop
      vertex 3.08658 0.380602 0
      vertex 3.45491 0.244717 4
      vertex 3.08658 0.380602 4
    endloop
  endfacet
  facet normal -0.346119 -0.938191 -0
    outer loop
      vertex 3.45491 0.244717 4
      vertex 3.08658 0.380602 0
      vertex 3.45491 0.244717 0
    endloop
  endfacet
  facet normal -0.908141 -0.418665 0
    outer loop
      vertex 0.544967 2.73005 0
      vertex 0.380602 3.08658 4
      vertex 0.380602 3.08658 0
    endloop
  endfacet
  facet normal -0.908141 -0.418665 0
    outer loop
      vertex 0.380602 3.08658 4
      vertex 0.544967 2.73005 0
      vertex 0.544967 2.73005 4
    endloop
  endfacet
  facet normal -0.993068 -0.117543 0
    outer loop
      vertex 5.21231 6.04356 4
      vertex 5.20308 6.12154 5
      vertex 5.20308 6.12154 4
    endloop
  endfacet
  facet normal -0.993068 -0.117543 0
    outer loop
      vertex 5.20308 6.12154 5
      vertex 5.21231 6.04356 4
      vertex 5.21231 6.04356 5
    endloop
  endfacet
  facet normal -1 0 0
    outer loop
      vertex 5.2 6.2 4
      vertex 5.2 63.8 5
      vertex 5.2 63.8 4
    endloop
  endfacet
  facet normal -1 -0 0
    outer loop
      vertex 5.2 63.8 5
      vertex 5.2 6.2 4
      vertex 5.2 6.2 5
    endloop
  endfacet
  facet normal 0.999271 0.0381887 0
    outer loop
      vertex 112.8 63.8 5
      vertex 112.797 63.8785 4
      vertex 112.797 63.8785 5
    endloop
  endfacet
  facet normal 0.999271 0.0381887 0
    outer loop
      vertex 112.797 63.8785 4
      vertex 112.8 63.8 5
      vertex 112.8 63.8 4
    endloop
  endfacet
  facet normal -0.99923 -0.0392255 0
    outer loop
      vertex 5.20308 6.12154 4
      vertex 5.2 6.2 5
      vertex 5.2 6.2 4
    endloop
  endfacet
  facet normal -0.99923 -0.0392255 0
    outer loop
      vertex 5.2 6.2 5
      vertex 5.20308 6.12154 4
      vertex 5.20308 6.12154 5
    endloop
  endfacet
  facet normal -0.418929 0.908019 0
    outer loop
      vertex 5.81732 64.7239 4
      vertex 5.74601 64.691 5
      vertex 5.81732 64.7239 5
    endloop
  endfacet
  facet normal -0.418929 0.908019 0
    outer loop
      vertex 5.74601 64.691 5
      vertex 5.81732 64.7239 4
      vertex 5.74601 64.691 4
    endloop
  endfacet
  facet normal 0 0 1
    outer loop
      vertex 111.8 64.8 5
      vertex 112.8 63.8 5
      vertex 112.797 63.8785 5
    endloop
  endfacet
  facet normal 0 0 1
    outer loop
      vertex 112.8 63.8 5
      vertex 110 61 5
      vertex 112.8 6.2 5
    endloop
  endfacet
  facet normal 0 0 1
    outer loop
      vertex 111.8 64.8 5
      vertex 112.797 63.8785 5
      vertex 112.788 63.9564 5
    endloop
  endfacet
  facet normal -0 0 1
    outer loop
      vertex 110 9 5
      vertex 112.8 6.2 5
      vertex 110 61 5
    endloop
  endfacet
  facet normal 0 0 1
    outer loop
      vertex 111.8 64.8 5
      vertex 112.788 63.9564 5
      vertex 112.772 64.0334 5
    endloop
  endfacet
  facet normal -0 0 1
    outer loop
      vertex 109.997 8.92154 5
      vertex 112.8 6.2 5
      vertex 110 9 5
    endloop
  endfacet
  facet normal 0 0 1
    outer loop
      vertex 111.8 64.8 5
      vertex 112.772 64.0334 5
      vertex 112.751 64.109 5
    endloop
  endfacet
  facet normal -0 0 1
    outer loop
      vertex 109.988 8.84356 5
      vertex 112.8 6.2 5
      vertex 109.997 8.92154 5
    endloop
  endfacet
  facet normal 0 0 1
    outer loop
      vertex 111.8 64.8 5
      vertex 112.751 64.109 5
      vertex 112.724 64.1827 5
    endloop
  endfacet
  facet normal -0 0 1
    outer loop
      vertex 109.972 8.76655 5
      vertex 112.8 6.2 5
      vertex 109.988 8.84356 5
    endloop
  endfacet
  facet normal 0 0 1
    outer loop
      vertex 111.8 64.8 5
      vertex 112.724 64.1827 5
      vertex 112.691 64.254 5
    endloop
  endfacet
  facet normal -0 0 1
    outer loop
      vertex 109.951 8.69098 5
      vertex 112.8 6.2 5
      vertex 109.972 8.76655 5
    endloop
  endfacet
  facet normal 0 0 1
    outer loop
      vertex 111.8 64.8 5
      vertex 112.691 64.254 5
      vertex 112.653 64.3225 5
    endloop
  endfacet
  facet normal -0 0 1
    outer loop
      vertex 109.924 8.61732 5
      vertex 112.8 6.2 5
      vertex 109.951 8.69098 5
    endloop
  endfacet
  facet normal 0 0 1
    outer loop
      vertex 111.8 64.8 5
      vertex 112.653 64.3225 5
      vertex 112.609 64.3878 5
    endloop
  endfacet
  facet normal -0 0 1
    outer loop
      vertex 109.891 8.54601 5
      vertex 112.8 6.2 5
      vertex 109.924 8.61732 5
    endloop
  endfacet
  facet normal 0 0 1
    outer loop
      vertex 111.8 64.8 5
      vertex 112.609 64.3878 5
      vertex 112.56 64.4494 5
    endloop
  endfacet
  facet normal -0 0 1
    outer loop
      vertex 109.853 8.4775 5
      vertex 112.8 6.2 5
      vertex 109.891 8.54601 5
    endloop
  endfacet
  facet normal 0 0 1
    outer loop
      vertex 111.8 64.8 5
      vertex 112.56 64.4494 5
      vertex 112.507 64.5071 5
    endloop
  endfacet
  facet normal -0 0 1
    outer loop
      vertex 109.809 8.41221 5
      vertex 112.8 6.2 5
      vertex 109.853 8.4775 5
    endloop
  endfacet
  facet normal 0 0 1
    outer loop
      vertex 111.8 64.8 5
      vertex 112.507 64.5071 5
      vertex 112.449 64.5604 5
    endloop
  endfacet
  facet normal -0 0 1
    outer loop
      vertex 109.76 8.35055 5
      vertex 112.8 6.2 5
      vertex 109.809 8.41221 5
    endloop
  endfacet
  facet normal 0 0 1
    outer loop
      vertex 111.8 64.8 5
      vertex 112.449 64.5604 5
      vertex 112.388 64.609 5
    endloop
  endfacet
  facet normal -0 0 1
    outer loop
      vertex 109.707 8.29289 5
      vertex 112.8 6.2 5
      vertex 109.76 8.35055 5
    endloop
  endfacet
  facet normal 0 0 1
    outer loop
      vertex 111.8 64.8 5
      vertex 112.388 64.609 5
      vertex 112.322 64.6526 5
    endloop
  endfacet
  facet normal 0 -0 1
    outer loop
      vertex 111.8 5.2 5
      vertex 112.8 6.2 5
      vertex 109.707 8.29289 5
    endloop
  endfacet
  facet normal 0 0 1
    outer loop
      vertex 111.8 64.8 5
      vertex 112.322 64.6526 5
      vertex 112.254 64.691 5
    endloop
  endfacet
  facet normal 0 0 1
    outer loop
      vertex 112.8 6.2 5
      vertex 111.8 5.2 5
      vertex 112.797 6.12154 5
    endloop
  endfacet
  facet normal 0 0 1
    outer loop
      vertex 111.8 64.8 5
      vertex 112.254 64.691 5
      vertex 112.183 64.7239 5
    endloop
  endfacet
  facet normal 0 0 1
    outer loop
      vertex 112.788 6.04356 5
      vertex 111.8 5.2 5
      vertex 112.772 5.96655 5
    endloop
  endfacet
  facet normal 0 0 1
    outer loop
      vertex 111.8 64.8 5
      vertex 112.183 64.7239 5
      vertex 112.109 64.7511 5
    endloop
  endfacet
  facet normal 0 0 1
    outer loop
      vertex 112.772 5.96655 5
      vertex 111.8 5.2 5
      vertex 112.751 5.89098 5
    endloop
  endfacet
  facet normal 0 0 1
    outer loop
      vertex 111.8 64.8 5
      vertex 112.109 64.7511 5
      vertex 112.033 64.7724 5
    endloop
  endfacet
  facet normal 0 0 1
    outer loop
      vertex 112.751 5.89098 5
      vertex 111.8 5.2 5
      vertex 112.724 5.81732 5
    endloop
  endfacet
  facet normal 0 0 1
    outer loop
      vertex 111.8 64.8 5
      vertex 112.033 64.7724 5
      vertex 111.956 64.7877 5
    endloop
  endfacet
  facet normal 0 0 1
    outer loop
      vertex 112.724 5.81732 5
      vertex 111.8 5.2 5
      vertex 112.691 5.74601 5
    endloop
  endfacet
  facet normal 0 0 1
    outer loop
      vertex 111.8 64.8 5
      vertex 111.956 64.7877 5
      vertex 111.878 64.7969 5
    endloop
  endfacet
  facet normal 0 0 1
    outer loop
      vertex 112.691 5.74601 5
      vertex 111.8 5.2 5
      vertex 112.653 5.6775 5
    endloop
  endfacet
  facet normal 0 0 1
    outer loop
      vertex 112.8 63.8 5
      vertex 111.8 64.8 5
      vertex 109.707 61.7071 5
    endloop
  endfacet
  facet normal 0 0 1
    outer loop
      vertex 112.609 5.61221 5
      vertex 111.8 5.2 5
      vertex 112.56 5.55055 5
    endloop
  endfacet
  facet normal 0 0 1
    outer loop
      vertex 112.56 5.55055 5
      vertex 111.8 5.2 5
      vertex 112.507 5.49289 5
    endloop
  endfacet
  facet normal 0 0 1
    outer loop
      vertex 112.8 63.8 5
      vertex 109.997 61.0785 5
      vertex 110 61 5
    endloop
  endfacet
  facet normal 0 0 1
    outer loop
      vertex 112.8 63.8 5
      vertex 109.988 61.1564 5
      vertex 109.997 61.0785 5
    endloop
  endfacet
  facet normal 0 0 1
    outer loop
      vertex 112.8 63.8 5
      vertex 109.972 61.2334 5
      vertex 109.988 61.1564 5
    endloop
  endfacet
  facet normal 0 0 1
    outer loop
      vertex 112.8 63.8 5
      vertex 109.951 61.309 5
      vertex 109.972 61.2334 5
    endloop
  endfacet
  facet normal 0 0 1
    outer loop
      vertex 112.8 63.8 5
      vertex 109.924 61.3827 5
      vertex 109.951 61.309 5
    endloop
  endfacet
  facet normal 0 0 1
    outer loop
      vertex 112.8 63.8 5
      vertex 109.891 61.454 5
      vertex 109.924 61.3827 5
    endloop
  endfacet
  facet normal 0 0 1
    outer loop
      vertex 112.8 63.8 5
      vertex 109.853 61.5225 5
      vertex 109.891 61.454 5
    endloop
  endfacet
  facet normal 0 0 1
    outer loop
      vertex 112.8 63.8 5
      vertex 109.809 61.5878 5
      vertex 109.853 61.5225 5
    endloop
  endfacet
  facet normal 0 0 1
    outer loop
      vertex 112.8 63.8 5
      vertex 109.76 61.6494 5
      vertex 109.809 61.5878 5
    endloop
  endfacet
  facet normal 0 0 1
    outer loop
      vertex 112.8 63.8 5
      vertex 109.707 61.7071 5
      vertex 109.76 61.6494 5
    endloop
  endfacet
  facet normal 0 0 1
    outer loop
      vertex 111.8 64.8 5
      vertex 109.649 61.7604 5
      vertex 109.707 61.7071 5
    endloop
  endfacet
  facet normal 0 0 1
    outer loop
      vertex 111.8 64.8 5
      vertex 109.588 61.809 5
      vertex 109.649 61.7604 5
    endloop
  endfacet
  facet normal 0 0 1
    outer loop
      vertex 111.8 64.8 5
      vertex 109.522 61.8526 5
      vertex 109.588 61.809 5
    endloop
  endfacet
  facet normal 0 0 1
    outer loop
      vertex 111.8 64.8 5
      vertex 109.454 61.891 5
      vertex 109.522 61.8526 5
    endloop
  endfacet
  facet normal 0 0 1
    outer loop
      vertex 111.8 64.8 5
      vertex 109.383 61.9239 5
      vertex 109.454 61.891 5
    endloop
  endfacet
  facet normal 0 0 1
    outer loop
      vertex 111.8 64.8 5
      vertex 109.309 61.9511 5
      vertex 109.383 61.9239 5
    endloop
  endfacet
  facet normal 0 0 1
    outer loop
      vertex 111.8 64.8 5
      vertex 109.233 61.9724 5
      vertex 109.309 61.9511 5
    endloop
  endfacet
  facet normal 0 0 1
    outer loop
      vertex 111.8 64.8 5
      vertex 109.156 61.9877 5
      vertex 109.233 61.9724 5
    endloop
  endfacet
  facet normal 0 0 1
    outer loop
      vertex 111.8 64.8 5
      vertex 109.078 61.9969 5
      vertex 109.156 61.9877 5
    endloop
  endfacet
  facet normal 0 0 1
    outer loop
      vertex 111.8 64.8 5
      vertex 109 62 5
      vertex 109.078 61.9969 5
    endloop
  endfacet
  facet normal 0 0 1
    outer loop
      vertex 111.8 64.8 5
      vertex 9 62 5
      vertex 109 62 5
    endloop
  endfacet
  facet normal 0 0 1
    outer loop
      vertex 8.00308 61.0785 5
      vertex 5.2 63.8 5
      vertex 8 61 5
    endloop
  endfacet
  facet normal 0 0 1
    outer loop
      vertex 8.01231 61.1564 5
      vertex 5.2 63.8 5
      vertex 8.00308 61.0785 5
    endloop
  endfacet
  facet normal 0 0 1
    outer loop
      vertex 8.02763 61.2334 5
      vertex 5.2 63.8 5
      vertex 8.01231 61.1564 5
    endloop
  endfacet
  facet normal 0 0 1
    outer loop
      vertex 8.04894 61.309 5
      vertex 5.2 63.8 5
      vertex 8.02763 61.2334 5
    endloop
  endfacet
  facet normal 0 0 1
    outer loop
      vertex 8.07612 61.3827 5
      vertex 5.2 63.8 5
      vertex 8.04894 61.309 5
    endloop
  endfacet
  facet normal 0 0 1
    outer loop
      vertex 8.10899 61.454 5
      vertex 5.2 63.8 5
      vertex 8.07612 61.3827 5
    endloop
  endfacet
  facet normal 0 0 1
    outer loop
      vertex 8.14736 61.5225 5
      vertex 5.2 63.8 5
      vertex 8.10899 61.454 5
    endloop
  endfacet
  facet normal 0 0 1
    outer loop
      vertex 8.19098 61.5878 5
      vertex 5.2 63.8 5
      vertex 8.14736 61.5225 5
    endloop
  endfacet
  facet normal 0 0 1
    outer loop
      vertex 8.23959 61.6494 5
      vertex 5.2 63.8 5
      vertex 8.19098 61.5878 5
    endloop
  endfacet
  facet normal 0 0 1
    outer loop
      vertex 8.29289 61.7071 5
      vertex 5.2 63.8 5
      vertex 8.23959 61.6494 5
    endloop
  endfacet
  facet normal -0 0 1
    outer loop
      vertex 5.2 63.8 5
      vertex 8.29289 61.7071 5
      vertex 6.2 64.8 5
    endloop
  endfacet
  facet normal 0 0 1
    outer loop
      vertex 8.35055 61.7604 5
      vertex 6.2 64.8 5
      vertex 8.29289 61.7071 5
    endloop
  endfacet
  facet normal 0 0 1
    outer loop
      vertex 8.41221 61.809 5
      vertex 6.2 64.8 5
      vertex 8.35055 61.7604 5
    endloop
  endfacet
  facet normal 0 0 1
    outer loop
      vertex 8.4775 61.8526 5
      vertex 6.2 64.8 5
      vertex 8.41221 61.809 5
    endloop
  endfacet
  facet normal 0 0 1
    outer loop
      vertex 8.54601 61.891 5
      vertex 6.2 64.8 5
      vertex 8.4775 61.8526 5
    endloop
  endfacet
  facet normal 0 0 1
    outer loop
      vertex 8.61732 61.9239 5
      vertex 6.2 64.8 5
      vertex 8.54601 61.891 5
    endloop
  endfacet
  facet normal 0 0 1
    outer loop
      vertex 8.69098 61.9511 5
      vertex 6.2 64.8 5
      vertex 8.61732 61.9239 5
    endloop
  endfacet
  facet normal 0 0 1
    outer loop
      vertex 8.76655 61.9724 5
      vertex 6.2 64.8 5
      vertex 8.69098 61.9511 5
    endloop
  endfacet
  facet normal 0 0 1
    outer loop
      vertex 8.84356 61.9877 5
      vertex 6.2 64.8 5
      vertex 8.76655 61.9724 5
    endloop
  endfacet
  facet normal 0 0 1
    outer loop
      vertex 8.92154 61.9969 5
      vertex 6.2 64.8 5
      vertex 8.84356 61.9877 5
    endloop
  endfacet
  facet normal 0 0 1
    outer loop
      vertex 9 62 5
      vertex 6.2 64.8 5
      vertex 8.92154 61.9969 5
    endloop
  endfacet
  facet normal -0 0 1
    outer loop
      vertex 6.2 64.8 5
      vertex 9 62 5
      vertex 111.8 64.8 5
    endloop
  endfacet
  facet normal 0 0 1
    outer loop
      vertex 112.507 5.49289 5
      vertex 111.8 5.2 5
      vertex 112.449 5.43959 5
    endloop
  endfacet
  facet normal 0 0 1
    outer loop
      vertex 112.449 5.43959 5
      vertex 111.8 5.2 5
      vertex 112.388 5.39098 5
    endloop
  endfacet
  facet normal 0 0 1
    outer loop
      vertex 112.388 5.39098 5
      vertex 111.8 5.2 5
      vertex 112.322 5.34736 5
    endloop
  endfacet
  facet normal 0 0 1
    outer loop
      vertex 112.254 5.30899 5
      vertex 111.8 5.2 5
      vertex 112.183 5.27612 5
    endloop
  endfacet
  facet normal 0 0 1
    outer loop
      vertex 112.183 5.27612 5
      vertex 111.8 5.2 5
      vertex 112.109 5.24894 5
    endloop
  endfacet
  facet normal 0 0 1
    outer loop
      vertex 112.109 5.24894 5
      vertex 111.8 5.2 5
      vertex 112.033 5.22763 5
    endloop
  endfacet
  facet normal 0 0 1
    outer loop
      vertex 112.033 5.22763 5
      vertex 111.8 5.2 5
      vertex 111.956 5.21231 5
    endloop
  endfacet
  facet normal 0 0 1
    outer loop
      vertex 111.956 5.21231 5
      vertex 111.8 5.2 5
      vertex 111.878 5.20308 5
    endloop
  endfacet
  facet normal 0 0 1
    outer loop
      vertex 112.322 5.34736 5
      vertex 111.8 5.2 5
      vertex 112.254 5.30899 5
    endloop
  endfacet
  facet normal 0 0 1
    outer loop
      vertex 112.653 5.6775 5
      vertex 111.8 5.2 5
      vertex 112.609 5.61221 5
    endloop
  endfacet
  facet normal 0 0 1
    outer loop
      vertex 112.797 6.12154 5
      vertex 111.8 5.2 5
      vertex 112.788 6.04356 5
    endloop
  endfacet
  facet normal -0 0 1
    outer loop
      vertex 109.649 8.23959 5
      vertex 111.8 5.2 5
      vertex 109.707 8.29289 5
    endloop
  endfacet
  facet normal -0 0 1
    outer loop
      vertex 109.588 8.19098 5
      vertex 111.8 5.2 5
      vertex 109.649 8.23959 5
    endloop
  endfacet
  facet normal -0 0 1
    outer loop
      vertex 109.522 8.14736 5
      vertex 111.8 5.2 5
      vertex 109.588 8.19098 5
    endloop
  endfacet
  facet normal -0 0 1
    outer loop
      vertex 109.454 8.10899 5
      vertex 111.8 5.2 5
      vertex 109.522 8.14736 5
    endloop
  endfacet
  facet normal -0 0 1
    outer loop
      vertex 109.383 8.07612 5
      vertex 111.8 5.2 5
      vertex 109.454 8.10899 5
    endloop
  endfacet
  facet normal -0 0 1
    outer loop
      vertex 109.309 8.04894 5
      vertex 111.8 5.2 5
      vertex 109.383 8.07612 5
    endloop
  endfacet
  facet normal -0 0 1
    outer loop
      vertex 109.233 8.02763 5
      vertex 111.8 5.2 5
      vertex 109.309 8.04894 5
    endloop
  endfacet
  facet normal -0 0 1
    outer loop
      vertex 109.156 8.01231 5
      vertex 111.8 5.2 5
      vertex 109.233 8.02763 5
    endloop
  endfacet
  facet normal -0 0 1
    outer loop
      vertex 109.078 8.00308 5
      vertex 111.8 5.2 5
      vertex 109.156 8.01231 5
    endloop
  endfacet
  facet normal -0 0 1
    outer loop
      vertex 109 8 5
      vertex 111.8 5.2 5
      vertex 109.078 8.00308 5
    endloop
  endfacet
  facet normal -0 0 1
    outer loop
      vertex 9 8 5
      vertex 111.8 5.2 5
      vertex 109 8 5
    endloop
  endfacet
  facet normal 0 0 1
    outer loop
      vertex 9 8 5
      vertex 6.2 5.2 5
      vertex 111.8 5.2 5
    endloop
  endfacet
  facet normal 0 0 1
    outer loop
      vertex 8.92154 8.00308 5
      vertex 6.2 5.2 5
      vertex 9 8 5
    endloop
  endfacet
  facet normal 0 0 1
    outer loop
      vertex 8.84356 8.01231 5
      vertex 6.2 5.2 5
      vertex 8.92154 8.00308 5
    endloop
  endfacet
  facet normal 0 0 1
    outer loop
      vertex 8.76655 8.02763 5
      vertex 6.2 5.2 5
      vertex 8.84356 8.01231 5
    endloop
  endfacet
  facet normal 0 0 1
    outer loop
      vertex 8.69098 8.04894 5
      vertex 6.2 5.2 5
      vertex 8.76655 8.02763 5
    endloop
  endfacet
  facet normal 0 0 1
    outer loop
      vertex 8.61732 8.07612 5
      vertex 6.2 5.2 5
      vertex 8.69098 8.04894 5
    endloop
  endfacet
  facet normal 0 0 1
    outer loop
      vertex 8.54601 8.10899 5
      vertex 6.2 5.2 5
      vertex 8.61732 8.07612 5
    endloop
  endfacet
  facet normal 0 0 1
    outer loop
      vertex 8.4775 8.14736 5
      vertex 6.2 5.2 5
      vertex 8.54601 8.10899 5
    endloop
  endfacet
  facet normal 0 0 1
    outer loop
      vertex 8.41221 8.19098 5
      vertex 6.2 5.2 5
      vertex 8.4775 8.14736 5
    endloop
  endfacet
  facet normal 0 0 1
    outer loop
      vertex 8.35055 8.23959 5
      vertex 6.2 5.2 5
      vertex 8.41221 8.19098 5
    endloop
  endfacet
  facet normal 0 0 1
    outer loop
      vertex 8.29289 8.29289 5
      vertex 6.2 5.2 5
      vertex 8.35055 8.23959 5
    endloop
  endfacet
  facet normal 0 0 1
    outer loop
      vertex 5.2 6.2 5
      vertex 8.29289 8.29289 5
      vertex 8.23959 8.35055 5
    endloop
  endfacet
  facet normal 0 0 1
    outer loop
      vertex 5.2 6.2 5
      vertex 8.23959 8.35055 5
      vertex 8.19098 8.41221 5
    endloop
  endfacet
  facet normal 0 0 1
    outer loop
      vertex 5.2 6.2 5
      vertex 8.19098 8.41221 5
      vertex 8.14736 8.4775 5
    endloop
  endfacet
  facet normal 0 0 1
    outer loop
      vertex 5.2 6.2 5
      vertex 8.14736 8.4775 5
      vertex 8.10899 8.54601 5
    endloop
  endfacet
  facet normal 0 0 1
    outer loop
      vertex 5.2 6.2 5
      vertex 8.10899 8.54601 5
      vertex 8.07612 8.61732 5
    endloop
  endfacet
  facet normal 0 0 1
    outer loop
      vertex 5.2 6.2 5
      vertex 8.07612 8.61732 5
      vertex 8.04894 8.69098 5
    endloop
  endfacet
  facet normal 0 0 1
    outer loop
      vertex 5.2 6.2 5
      vertex 8.04894 8.69098 5
      vertex 8.02763 8.76655 5
    endloop
  endfacet
  facet normal 0 0 1
    outer loop
      vertex 5.2 6.2 5
      vertex 8.02763 8.76655 5
      vertex 8.01231 8.84356 5
    endloop
  endfacet
  facet normal 0 0 1
    outer loop
      vertex 5.2 6.2 5
      vertex 8.01231 8.84356 5
      vertex 8.00308 8.92154 5
    endloop
  endfacet
  facet normal 0 0 1
    outer loop
      vertex 5.2 6.2 5
      vertex 8.00308 8.92154 5
      vertex 8 9 5
    endloop
  endfacet
  facet normal 0 0 1
    outer loop
      vertex 8 61 5
      vertex 5.2 63.8 5
      vertex 8 9 5
    endloop
  endfacet
  facet normal 0 0 1
    outer loop
      vertex 5.2 63.8 5
      vertex 6.2 64.8 5
      vertex 6.12154 64.7969 5
    endloop
  endfacet
  facet normal 0 0 1
    outer loop
      vertex 5.2 6.2 5
      vertex 8 9 5
      vertex 5.2 63.8 5
    endloop
  endfacet
  facet normal 0 0 1
    outer loop
      vertex 5.2 63.8 5
      vertex 6.12154 64.7969 5
      vertex 6.04356 64.7877 5
    endloop
  endfacet
  facet normal 0 0 1
    outer loop
      vertex 8.29289 8.29289 5
      vertex 5.2 6.2 5
      vertex 6.2 5.2 5
    endloop
  endfacet
  facet normal 0 0 1
    outer loop
      vertex 5.2 63.8 5
      vertex 6.04356 64.7877 5
      vertex 5.96655 64.7724 5
    endloop
  endfacet
  facet normal 0 0 1
    outer loop
      vertex 6.2 5.2 5
      vertex 5.2 6.2 5
      vertex 6.12154 5.20308 5
    endloop
  endfacet
  facet normal 0 0 1
    outer loop
      vertex 5.2 63.8 5
      vertex 5.96655 64.7724 5
      vertex 5.89098 64.7511 5
    endloop
  endfacet
  facet normal 0 0 1
    outer loop
      vertex 6.12154 5.20308 5
      vertex 5.2 6.2 5
      vertex 6.04356 5.21231 5
    endloop
  endfacet
  facet normal 0 0 1
    outer loop
      vertex 5.2 63.8 5
      vertex 5.89098 64.7511 5
      vertex 5.81732 64.7239 5
    endloop
  endfacet
  facet normal 0 0 1
    outer loop
      vertex 6.04356 5.21231 5
      vertex 5.2 6.2 5
      vertex 5.96655 5.22763 5
    endloop
  endfacet
  facet normal 0 0 1
    outer loop
      vertex 5.2 63.8 5
      vertex 5.81732 64.7239 5
      vertex 5.74601 64.691 5
    endloop
  endfacet
  facet normal 0 0 1
    outer loop
      vertex 5.96655 5.22763 5
      vertex 5.2 6.2 5
      vertex 5.89098 5.24894 5
    endloop
  endfacet
  facet normal 0 0 1
    outer loop
      vertex 5.2 63.8 5
      vertex 5.74601 64.691 5
      vertex 5.6775 64.6526 5
    endloop
  endfacet
  facet normal 0 0 1
    outer loop
      vertex 5.89098 5.24894 5
      vertex 5.2 6.2 5
      vertex 5.81732 5.27612 5
    endloop
  endfacet
  facet normal 0 0 1
    outer loop
      vertex 5.2 63.8 5
      vertex 5.6775 64.6526 5
      vertex 5.61221 64.609 5
    endloop
  endfacet
  facet normal 0 0 1
    outer loop
      vertex 5.81732 5.27612 5
      vertex 5.2 6.2 5
      vertex 5.74601 5.30899 5
    endloop
  endfacet
  facet normal 0 0 1
    outer loop
      vertex 5.2 63.8 5
      vertex 5.61221 64.609 5
      vertex 5.55055 64.5604 5
    endloop
  endfacet
  facet normal 0 0 1
    outer loop
      vertex 5.74601 5.30899 5
      vertex 5.2 6.2 5
      vertex 5.6775 5.34736 5
    endloop
  endfacet
  facet normal 0 0 1
    outer loop
      vertex 5.2 63.8 5
      vertex 5.55055 64.5604 5
      vertex 5.49289 64.5071 5
    endloop
  endfacet
  facet normal 0 0 1
    outer loop
      vertex 5.6775 5.34736 5
      vertex 5.2 6.2 5
      vertex 5.61221 5.39098 5
    endloop
  endfacet
  facet normal 0 0 1
    outer loop
      vertex 5.2 63.8 5
      vertex 5.49289 64.5071 5
      vertex 5.43959 64.4494 5
    endloop
  endfacet
  facet normal 0 0 1
    outer loop
      vertex 5.61221 5.39098 5
      vertex 5.2 6.2 5
      vertex 5.55055 5.43959 5
    endloop
  endfacet
  facet normal 0 0 1
    outer loop
      vertex 5.2 63.8 5
      vertex 5.43959 64.4494 5
      vertex 5.39098 64.3878 5
    endloop
  endfacet
  facet normal 0 0 1
    outer loop
      vertex 5.55055 5.43959 5
      vertex 5.2 6.2 5
      vertex 5.49289 5.49289 5
    endloop
  endfacet
  facet normal 0 0 1
    outer loop
      vertex 5.2 63.8 5
      vertex 5.39098 64.3878 5
      vertex 5.34736 64.3225 5
    endloop
  endfacet
  facet normal 0 0 1
    outer loop
      vertex 5.49289 5.49289 5
      vertex 5.2 6.2 5
      vertex 5.43959 5.55055 5
    endloop
  endfacet
  facet normal 0 0 1
    outer loop
      vertex 5.2 63.8 5
      vertex 5.34736 64.3225 5
      vertex 5.30899 64.254 5
    endloop
  endfacet
  facet normal 0 0 1
    outer loop
      vertex 5.43959 5.55055 5
      vertex 5.2 6.2 5
      vertex 5.39098 5.61221 5
    endloop
  endfacet
  facet normal 0 0 1
    outer loop
      vertex 5.2 63.8 5
      vertex 5.30899 64.254 5
      vertex 5.27612 64.1827 5
    endloop
  endfacet
  facet normal 0 0 1
    outer loop
      vertex 5.39098 5.61221 5
      vertex 5.2 6.2 5
      vertex 5.34736 5.6775 5
    endloop
  endfacet
  facet normal 0 0 1
    outer loop
      vertex 5.2 63.8 5
      vertex 5.27612 64.1827 5
      vertex 5.24894 64.109 5
    endloop
  endfacet
  facet normal 0 0 1
    outer loop
      vertex 5.34736 5.6775 5
      vertex 5.2 6.2 5
      vertex 5.30899 5.74601 5
    endloop
  endfacet
  facet normal 0 0 1
    outer loop
      vertex 5.2 63.8 5
      vertex 5.24894 64.109 5
      vertex 5.22763 64.0334 5
    endloop
  endfacet
  facet normal 0 0 1
    outer loop
      vertex 5.30899 5.74601 5
      vertex 5.2 6.2 5
      vertex 5.27612 5.81732 5
    endloop
  endfacet
  facet normal 0 0 1
    outer loop
      vertex 5.2 63.8 5
      vertex 5.22763 64.0334 5
      vertex 5.21231 63.9564 5
    endloop
  endfacet
  facet normal 0 0 1
    outer loop
      vertex 5.27612 5.81732 5
      vertex 5.2 6.2 5
      vertex 5.24894 5.89098 5
    endloop
  endfacet
  facet normal 0 0 1
    outer loop
      vertex 5.2 63.8 5
      vertex 5.21231 63.9564 5
      vertex 5.20308 63.8785 5
    endloop
  endfacet
  facet normal 0 0 1
    outer loop
      vertex 5.24894 5.89098 5
      vertex 5.2 6.2 5
      vertex 5.22763 5.96655 5
    endloop
  endfacet
  facet normal 0 0 1
    outer loop
      vertex 5.22763 5.96655 5
      vertex 5.2 6.2 5
      vertex 5.21231 6.04356 5
    endloop
  endfacet
  facet normal 0 0 1
    outer loop
      vertex 5.21231 6.04356 5
      vertex 5.2 6.2 5
      vertex 5.20308 6.12154 5
    endloop
  endfacet
  facet normal -0.0392255 -0.99923 0
    outer loop
      vertex 6.12154 5.20308 4
      vertex 6.2 5.2 5
      vertex 6.12154 5.20308 5
    endloop
  endfacet
  facet normal -0.0392255 -0.99923 -0
    outer loop
      vertex 6.2 5.2 5
      vertex 6.12154 5.20308 4
      vertex 6.2 5.2 4
    endloop
  endfacet
  facet normal 0.0397122 0.999211 -0
    outer loop
      vertex 111.878 64.7969 4
      vertex 111.8 64.8 5
      vertex 111.878 64.7969 5
    endloop
  endfacet
  facet normal 0.0397122 0.999211 0
    outer loop
      vertex 111.8 64.8 5
      vertex 111.878 64.7969 4
      vertex 111.8 64.8 4
    endloop
  endfacet
  facet normal 0 1 -0
    outer loop
      vertex 111.8 64.8 4
      vertex 6.2 64.8 5
      vertex 111.8 64.8 5
    endloop
  endfacet
  facet normal 0 1 0
    outer loop
      vertex 6.2 64.8 5
      vertex 111.8 64.8 4
      vertex 6.2 64.8 4
    endloop
  endfacet
  facet normal -0.999231 0.0392055 0
    outer loop
      vertex 5.2 63.8 4
      vertex 5.20308 63.8785 5
      vertex 5.20308 63.8785 4
    endloop
  endfacet
  facet normal -0.999231 0.0392055 0
    outer loop
      vertex 5.20308 63.8785 5
      vertex 5.2 63.8 4
      vertex 5.2 63.8 5
    endloop
  endfacet
  facet normal 0.99927 -0.0382081 0
    outer loop
      vertex 112.797 6.12154 5
      vertex 112.8 6.2 4
      vertex 112.8 6.2 5
    endloop
  endfacet
  facet normal 0.99927 -0.0382081 0
    outer loop
      vertex 112.8 6.2 4
      vertex 112.797 6.12154 5
      vertex 112.797 6.12154 4
    endloop
  endfacet
  facet normal 1 -0 0
    outer loop
      vertex 112.8 6.2 5
      vertex 112.8 63.8 4
      vertex 112.8 63.8 5
    endloop
  endfacet
  facet normal 1 0 0
    outer loop
      vertex 112.8 63.8 4
      vertex 112.8 6.2 5
      vertex 112.8 6.2 4
    endloop
  endfacet
  facet normal 0 -1 0
    outer loop
      vertex 6.2 5.2 4
      vertex 111.8 5.2 5
      vertex 6.2 5.2 5
    endloop
  endfacet
  facet normal 0 -1 -0
    outer loop
      vertex 111.8 5.2 5
      vertex 6.2 5.2 4
      vertex 111.8 5.2 4
    endloop
  endfacet
  facet normal -0.678798 -0.734325 0
    outer loop
      vertex 5.49289 5.49289 4
      vertex 5.55055 5.43959 5
      vertex 5.49289 5.49289 5
    endloop
  endfacet
  facet normal -0.678798 -0.734325 -0
    outer loop
      vertex 5.55055 5.43959 5
      vertex 5.49289 5.49289 4
      vertex 5.55055 5.43959 4
    endloop
  endfacet
  facet normal 0.736465 0.676476 0
    outer loop
      vertex 112.56 64.4494 5
      vertex 112.507 64.5071 4
      vertex 112.507 64.5071 5
    endloop
  endfacet
  facet normal 0.736465 0.676476 0
    outer loop
      vertex 112.507 64.5071 4
      vertex 112.56 64.4494 5
      vertex 112.56 64.4494 4
    endloop
  endfacet
  facet normal -0.831541 0.555464 0
    outer loop
      vertex 5.34736 64.3225 4
      vertex 5.39098 64.3878 5
      vertex 5.39098 64.3878 4
    endloop
  endfacet
  facet normal -0.831541 0.555464 0
    outer loop
      vertex 5.39098 64.3878 5
      vertex 5.34736 64.3225 4
      vertex 5.34736 64.3225 5
    endloop
  endfacet
  facet normal -0.872482 -0.488646 0
    outer loop
      vertex 5.34736 5.6775 4
      vertex 5.30899 5.74601 5
      vertex 5.30899 5.74601 4
    endloop
  endfacet
  facet normal -0.872482 -0.488646 0
    outer loop
      vertex 5.30899 5.74601 5
      vertex 5.34736 5.6775 4
      vertex 5.34736 5.6775 5
    endloop
  endfacet
  facet normal 0.938972 0.343993 0
    outer loop
      vertex 112.751 64.109 5
      vertex 112.724 64.1827 4
      vertex 112.724 64.1827 5
    endloop
  endfacet
  facet normal 0.938972 0.343993 0
    outer loop
      vertex 112.724 64.1827 4
      vertex 112.751 64.109 5
      vertex 112.751 64.109 4
    endloop
  endfacet
  facet normal 0.420435 0.907322 -0
    outer loop
      vertex 112.254 64.691 4
      vertex 112.183 64.7239 5
      vertex 112.254 64.691 5
    endloop
  endfacet
  facet normal 0.420435 0.907322 0
    outer loop
      vertex 112.183 64.7239 5
      vertex 112.254 64.691 4
      vertex 112.183 64.7239 4
    endloop
  endfacet
  facet normal 0.551194 0.834377 -0
    outer loop
      vertex 112.388 64.609 4
      vertex 112.322 64.6526 5
      vertex 112.388 64.609 5
    endloop
  endfacet
  facet normal 0.551194 0.834377 0
    outer loop
      vertex 112.322 64.6526 5
      vertex 112.388 64.609 4
      vertex 112.322 64.6526 4
    endloop
  endfacet
  facet normal -0.194867 0.98083 0
    outer loop
      vertex 6.04356 64.7877 4
      vertex 5.96655 64.7724 5
      vertex 6.04356 64.7877 5
    endloop
  endfacet
  facet normal -0.194867 0.98083 0
    outer loop
      vertex 5.96655 64.7724 5
      vertex 6.04356 64.7877 4
      vertex 5.96655 64.7724 4
    endloop
  endfacet
  facet normal -0.678798 0.734325 0
    outer loop
      vertex 5.55055 64.5604 4
      vertex 5.49289 64.5071 5
      vertex 5.55055 64.5604 5
    endloop
  endfacet
  facet normal -0.678798 0.734325 0
    outer loop
      vertex 5.49289 64.5071 5
      vertex 5.55055 64.5604 4
      vertex 5.49289 64.5071 4
    endloop
  endfacet
  facet normal -0.962493 0.271306 0
    outer loop
      vertex 5.22763 64.0334 4
      vertex 5.24894 64.109 5
      vertex 5.24894 64.109 4
    endloop
  endfacet
  facet normal -0.962493 0.271306 0
    outer loop
      vertex 5.24894 64.109 5
      vertex 5.22763 64.0334 4
      vertex 5.22763 64.0334 5
    endloop
  endfacet
  facet normal -0.980776 0.195136 0
    outer loop
      vertex 5.21231 63.9564 4
      vertex 5.22763 64.0334 5
      vertex 5.22763 64.0334 4
    endloop
  endfacet
  facet normal -0.980776 0.195136 0
    outer loop
      vertex 5.22763 64.0334 5
      vertex 5.21231 63.9564 4
      vertex 5.21231 63.9564 5
    endloop
  endfacet
  facet normal -0.908142 0.418662 0
    outer loop
      vertex 5.27612 64.1827 4
      vertex 5.30899 64.254 5
      vertex 5.30899 64.254 4
    endloop
  endfacet
  facet normal -0.908142 0.418662 0
    outer loop
      vertex 5.30899 64.254 5
      vertex 5.27612 64.1827 4
      vertex 5.27612 64.1827 5
    endloop
  endfacet
  facet normal 0.963491 -0.267742 0
    outer loop
      vertex 112.751 5.89098 5
      vertex 112.772 5.96655 4
      vertex 112.772 5.96655 5
    endloop
  endfacet
  facet normal 0.963491 -0.267742 0
    outer loop
      vertex 112.772 5.96655 4
      vertex 112.751 5.89098 5
      vertex 112.751 5.89098 4
    endloop
  endfacet
  facet normal 0.979091 -0.203421 0
    outer loop
      vertex 112.772 5.96655 5
      vertex 112.788 6.04356 4
      vertex 112.788 6.04356 5
    endloop
  endfacet
  facet normal 0.979091 -0.203421 0
    outer loop
      vertex 112.788 6.04356 4
      vertex 112.772 5.96655 5
      vertex 112.772 5.96655 4
    endloop
  endfacet
  facet normal 0.979086 0.203446 0
    outer loop
      vertex 112.788 63.9564 5
      vertex 112.772 64.0334 4
      vertex 112.772 64.0334 5
    endloop
  endfacet
  facet normal 0.979086 0.203446 0
    outer loop
      vertex 112.772 64.0334 4
      vertex 112.788 63.9564 5
      vertex 112.788 63.9564 4
    endloop
  endfacet
  facet normal 0.993392 0.114769 0
    outer loop
      vertex 112.797 63.8785 5
      vertex 112.788 63.9564 4
      vertex 112.788 63.9564 5
    endloop
  endfacet
  facet normal 0.993392 0.114769 0
    outer loop
      vertex 112.788 63.9564 4
      vertex 112.797 63.8785 5
      vertex 112.797 63.8785 4
    endloop
  endfacet
  facet normal 0.963518 0.267644 0
    outer loop
      vertex 112.772 64.0334 5
      vertex 112.751 64.109 4
      vertex 112.751 64.109 5
    endloop
  endfacet
  facet normal 0.963518 0.267644 0
    outer loop
      vertex 112.751 64.109 4
      vertex 112.772 64.0334 5
      vertex 112.772 64.0334 4
    endloop
  endfacet
  facet normal 0.874458 0.485101 0
    outer loop
      vertex 112.691 64.254 5
      vertex 112.653 64.3225 4
      vertex 112.653 64.3225 5
    endloop
  endfacet
  facet normal 0.874458 0.485101 0
    outer loop
      vertex 112.653 64.3225 4
      vertex 112.691 64.254 5
      vertex 112.691 64.254 4
    endloop
  endfacet
  facet normal 0.829305 0.558797 0
    outer loop
      vertex 112.653 64.3225 5
      vertex 112.609 64.3878 4
      vertex 112.609 64.3878 5
    endloop
  endfacet
  facet normal 0.829305 0.558797 0
    outer loop
      vertex 112.609 64.3878 4
      vertex 112.653 64.3225 5
      vertex 112.653 64.3225 4
    endloop
  endfacet
  facet normal 0.907512 0.420027 0
    outer loop
      vertex 112.724 64.1827 5
      vertex 112.691 64.254 4
      vertex 112.691 64.254 5
    endloop
  endfacet
  facet normal 0.907512 0.420027 0
    outer loop
      vertex 112.691 64.254 4
      vertex 112.724 64.1827 5
      vertex 112.724 64.1827 4
    endloop
  endfacet
  facet normal 0.194891 0.980825 -0
    outer loop
      vertex 112.033 64.7724 4
      vertex 111.956 64.7877 5
      vertex 112.033 64.7724 5
    endloop
  endfacet
  facet normal 0.194891 0.980825 0
    outer loop
      vertex 111.956 64.7877 5
      vertex 112.033 64.7724 4
      vertex 111.956 64.7877 4
    endloop
  endfacet
  facet normal 0.117137 0.993116 -0
    outer loop
      vertex 111.956 64.7877 4
      vertex 111.878 64.7969 5
      vertex 111.956 64.7877 5
    endloop
  endfacet
  facet normal 0.117137 0.993116 0
    outer loop
      vertex 111.878 64.7969 5
      vertex 111.956 64.7877 4
      vertex 111.878 64.7969 4
    endloop
  endfacet
  facet normal 0.49172 0.870754 -0
    outer loop
      vertex 112.322 64.6526 4
      vertex 112.254 64.691 5
      vertex 112.322 64.6526 5
    endloop
  endfacet
  facet normal 0.49172 0.870754 0
    outer loop
      vertex 112.254 64.691 5
      vertex 112.322 64.6526 4
      vertex 112.254 64.691 4
    endloop
  endfacet
  facet normal 0.62313 0.782118 -0
    outer loop
      vertex 112.449 64.5604 4
      vertex 112.388 64.609 5
      vertex 112.449 64.5604 5
    endloop
  endfacet
  facet normal 0.62313 0.782118 0
    outer loop
      vertex 112.388 64.609 5
      vertex 112.449 64.5604 4
      vertex 112.388 64.609 4
    endloop
  endfacet
  facet normal -0.117166 0.993112 0
    outer loop
      vertex 6.12154 64.7969 4
      vertex 6.04356 64.7877 5
      vertex 6.12154 64.7969 5
    endloop
  endfacet
  facet normal -0.117166 0.993112 0
    outer loop
      vertex 6.04356 64.7877 5
      vertex 6.12154 64.7969 4
      vertex 6.04356 64.7877 4
    endloop
  endfacet
  facet normal -0.0394798 0.99922 0
    outer loop
      vertex 6.2 64.8 4
      vertex 6.12154 64.7969 5
      vertex 6.2 64.8 5
    endloop
  endfacet
  facet normal -0.0394798 0.99922 0
    outer loop
      vertex 6.12154 64.7969 5
      vertex 6.2 64.8 4
      vertex 6.12154 64.7969 4
    endloop
  endfacet
  facet normal -0.271288 0.962498 0
    outer loop
      vertex 5.96655 64.7724 4
      vertex 5.89098 64.7511 5
      vertex 5.96655 64.7724 5
    endloop
  endfacet
  facet normal -0.271288 0.962498 0
    outer loop
      vertex 5.89098 64.7511 5
      vertex 5.96655 64.7724 4
      vertex 5.89098 64.7511 4
    endloop
  endfacet
  facet normal -0.346402 0.938086 0
    outer loop
      vertex 5.89098 64.7511 4
      vertex 5.81732 64.7239 5
      vertex 5.89098 64.7511 5
    endloop
  endfacet
  facet normal -0.346402 0.938086 0
    outer loop
      vertex 5.81732 64.7239 5
      vertex 5.89098 64.7511 4
      vertex 5.81732 64.7239 4
    endloop
  endfacet
  facet normal -0.555347 0.831619 0
    outer loop
      vertex 5.6775 64.6526 4
      vertex 5.61221 64.609 5
      vertex 5.6775 64.6526 5
    endloop
  endfacet
  facet normal -0.555347 0.831619 0
    outer loop
      vertex 5.61221 64.609 5
      vertex 5.6775 64.6526 4
      vertex 5.61221 64.609 4
    endloop
  endfacet
  facet normal -0.488937 0.872319 0
    outer loop
      vertex 5.74601 64.691 4
      vertex 5.6775 64.6526 5
      vertex 5.74601 64.691 5
    endloop
  endfacet
  facet normal -0.488937 0.872319 0
    outer loop
      vertex 5.6775 64.6526 5
      vertex 5.74601 64.691 4
      vertex 5.6775 64.6526 4
    endloop
  endfacet
  facet normal -0.619025 0.785372 0
    outer loop
      vertex 5.61221 64.609 4
      vertex 5.55055 64.5604 5
      vertex 5.61221 64.609 5
    endloop
  endfacet
  facet normal -0.619025 0.785372 0
    outer loop
      vertex 5.55055 64.5604 5
      vertex 5.61221 64.609 4
      vertex 5.55055 64.5604 4
    endloop
  endfacet
  facet normal -0.785016 0.619475 0
    outer loop
      vertex 5.39098 64.3878 4
      vertex 5.43959 64.4494 5
      vertex 5.43959 64.4494 4
    endloop
  endfacet
  facet normal -0.785016 0.619475 0
    outer loop
      vertex 5.43959 64.4494 5
      vertex 5.39098 64.3878 4
      vertex 5.39098 64.3878 5
    endloop
  endfacet
  facet normal -0.734559 0.678544 0
    outer loop
      vertex 5.43959 64.4494 4
      vertex 5.49289 64.5071 5
      vertex 5.49289 64.5071 4
    endloop
  endfacet
  facet normal -0.734559 0.678544 0
    outer loop
      vertex 5.49289 64.5071 5
      vertex 5.43959 64.4494 4
      vertex 5.43959 64.4494 5
    endloop
  endfacet
  facet normal -0.993054 0.117662 0
    outer loop
      vertex 5.20308 63.8785 4
      vertex 5.21231 63.9564 5
      vertex 5.21231 63.9564 4
    endloop
  endfacet
  facet normal -0.993054 0.117662 0
    outer loop
      vertex 5.21231 63.9564 5
      vertex 5.20308 63.8785 4
      vertex 5.20308 63.8785 5
    endloop
  endfacet
  facet normal -0.93823 0.346012 0
    outer loop
      vertex 5.24894 64.109 4
      vertex 5.27612 64.1827 5
      vertex 5.27612 64.1827 4
    endloop
  endfacet
  facet normal -0.93823 0.346012 0
    outer loop
      vertex 5.27612 64.1827 5
      vertex 5.24894 64.109 4
      vertex 5.24894 64.109 5
    endloop
  endfacet
  facet normal -0.872452 0.4887 0
    outer loop
      vertex 5.30899 64.254 4
      vertex 5.34736 64.3225 5
      vertex 5.34736 64.3225 4
    endloop
  endfacet
  facet normal -0.872452 0.4887 0
    outer loop
      vertex 5.34736 64.3225 5
      vertex 5.30899 64.254 4
      vertex 5.30899 64.254 5
    endloop
  endfacet
  facet normal 0.491428 -0.870918 0
    outer loop
      vertex 112.254 5.30899 4
      vertex 112.322 5.34736 5
      vertex 112.254 5.30899 5
    endloop
  endfacet
  facet normal 0.491428 -0.870918 0
    outer loop
      vertex 112.322 5.34736 5
      vertex 112.254 5.30899 4
      vertex 112.322 5.34736 4
    endloop
  endfacet
  facet normal 0.623209 -0.782056 0
    outer loop
      vertex 112.388 5.39098 4
      vertex 112.449 5.43959 5
      vertex 112.388 5.39098 5
    endloop
  endfacet
  facet normal 0.623209 -0.782056 0
    outer loop
      vertex 112.449 5.43959 5
      vertex 112.388 5.39098 4
      vertex 112.449 5.43959 4
    endloop
  endfacet
  facet normal 0.829265 -0.558855 0
    outer loop
      vertex 112.609 5.61221 5
      vertex 112.653 5.6775 4
      vertex 112.653 5.6775 5
    endloop
  endfacet
  facet normal 0.829265 -0.558855 0
    outer loop
      vertex 112.653 5.6775 4
      vertex 112.609 5.61221 5
      vertex 112.609 5.61221 4
    endloop
  endfacet
  facet normal 0.736231 -0.67673 0
    outer loop
      vertex 112.507 5.49289 5
      vertex 112.56 5.55055 4
      vertex 112.56 5.55055 5
    endloop
  endfacet
  facet normal 0.736231 -0.67673 0
    outer loop
      vertex 112.56 5.55055 4
      vertex 112.507 5.49289 5
      vertex 112.507 5.49289 4
    endloop
  endfacet
  facet normal 0.993406 -0.114653 0
    outer loop
      vertex 112.788 6.04356 5
      vertex 112.797 6.12154 4
      vertex 112.797 6.12154 5
    endloop
  endfacet
  facet normal 0.993406 -0.114653 0
    outer loop
      vertex 112.797 6.12154 4
      vertex 112.788 6.04356 5
      vertex 112.788 6.04356 4
    endloop
  endfacet
  facet normal 0.938912 -0.344157 0
    outer loop
      vertex 112.724 5.81732 5
      vertex 112.751 5.89098 4
      vertex 112.751 5.89098 5
    endloop
  endfacet
  facet normal 0.938912 -0.344157 0
    outer loop
      vertex 112.751 5.89098 4
      vertex 112.724 5.81732 5
      vertex 112.724 5.81732 4
    endloop
  endfacet
  facet normal 0.874488 -0.485047 0
    outer loop
      vertex 112.653 5.6775 5
      vertex 112.691 5.74601 4
      vertex 112.691 5.74601 5
    endloop
  endfacet
  facet normal 0.874488 -0.485047 0
    outer loop
      vertex 112.691 5.74601 4
      vertex 112.653 5.6775 5
      vertex 112.653 5.6775 4
    endloop
  endfacet
  facet normal 0.0394564 -0.999221 0
    outer loop
      vertex 111.8 5.2 4
      vertex 111.878 5.20308 5
      vertex 111.8 5.2 5
    endloop
  endfacet
  facet normal 0.0394564 -0.999221 0
    outer loop
      vertex 111.878 5.20308 5
      vertex 111.8 5.2 4
      vertex 111.878 5.20308 4
    endloop
  endfacet
  facet normal 0.195136 -0.980776 0
    outer loop
      vertex 111.956 5.21231 4
      vertex 112.033 5.22763 5
      vertex 111.956 5.21231 5
    endloop
  endfacet
  facet normal 0.195136 -0.980776 0
    outer loop
      vertex 112.033 5.22763 5
      vertex 111.956 5.21231 4
      vertex 112.033 5.22763 4
    endloop
  endfacet
  facet normal 0.269982 -0.962865 0
    outer loop
      vertex 112.033 5.22763 4
      vertex 112.109 5.24894 5
      vertex 112.033 5.22763 5
    endloop
  endfacet
  facet normal 0.269982 -0.962865 0
    outer loop
      vertex 112.109 5.24894 5
      vertex 112.033 5.22763 4
      vertex 112.109 5.24894 4
    endloop
  endfacet
  facet normal 0.42012 -0.907469 0
    outer loop
      vertex 112.183 5.27612 4
      vertex 112.254 5.30899 5
      vertex 112.183 5.27612 5
    endloop
  endfacet
  facet normal 0.42012 -0.907469 0
    outer loop
      vertex 112.254 5.30899 5
      vertex 112.183 5.27612 4
      vertex 112.254 5.30899 4
    endloop
  endfacet
  facet normal -0.619103 -0.78531 0
    outer loop
      vertex 5.55055 5.43959 4
      vertex 5.61221 5.39098 5
      vertex 5.55055 5.43959 5
    endloop
  endfacet
  facet normal -0.619103 -0.78531 -0
    outer loop
      vertex 5.61221 5.39098 5
      vertex 5.55055 5.43959 4
      vertex 5.61221 5.39098 4
    endloop
  endfacet
  facet normal -0.488646 -0.872482 0
    outer loop
      vertex 5.6775 5.34736 4
      vertex 5.74601 5.30899 5
      vertex 5.6775 5.34736 5
    endloop
  endfacet
  facet normal -0.488646 -0.872482 -0
    outer loop
      vertex 5.74601 5.30899 5
      vertex 5.6775 5.34736 4
      vertex 5.74601 5.30899 4
    endloop
  endfacet
  facet normal -0.117543 -0.993068 0
    outer loop
      vertex 6.04356 5.21231 4
      vertex 6.12154 5.20308 5
      vertex 6.04356 5.21231 5
    endloop
  endfacet
  facet normal -0.117543 -0.993068 -0
    outer loop
      vertex 6.12154 5.20308 5
      vertex 6.04356 5.21231 4
      vertex 6.12154 5.20308 4
    endloop
  endfacet
  facet normal -0.831501 -0.555523 0
    outer loop
      vertex 5.39098 5.61221 4
      vertex 5.34736 5.6775 5
      vertex 5.34736 5.6775 4
    endloop
  endfacet
  facet normal -0.831501 -0.555523 0
    outer loop
      vertex 5.34736 5.6775 5
      vertex 5.39098 5.61221 4
      vertex 5.39098 5.61221 5
    endloop
  endfacet
  facet normal -0.734325 -0.678798 0
    outer loop
      vertex 5.49289 5.49289 4
      vertex 5.43959 5.55055 5
      vertex 5.43959 5.55055 4
    endloop
  endfacet
  facet normal -0.734325 -0.678798 0
    outer loop
      vertex 5.43959 5.55055 5
      vertex 5.49289 5.49289 4
      vertex 5.49289 5.49289 5
    endloop
  endfacet
  facet normal -0.908164 -0.418614 0
    outer loop
      vertex 5.30899 5.74601 4
      vertex 5.27612 5.81732 5
      vertex 5.27612 5.81732 4
    endloop
  endfacet
  facet normal -0.908164 -0.418614 0
    outer loop
      vertex 5.27612 5.81732 5
      vertex 5.30899 5.74601 4
      vertex 5.30899 5.74601 5
    endloop
  endfacet
  facet normal -0.980781 -0.195112 0
    outer loop
      vertex 5.22763 5.96655 4
      vertex 5.21231 6.04356 5
      vertex 5.21231 6.04356 4
    endloop
  endfacet
  facet normal -0.980781 -0.195112 0
    outer loop
      vertex 5.21231 6.04356 5
      vertex 5.22763 5.96655 4
      vertex 5.22763 5.96655 5
    endloop
  endfacet
  facet normal 0.782601 0.622524 0
    outer loop
      vertex 112.609 64.3878 5
      vertex 112.56 64.4494 4
      vertex 112.56 64.4494 5
    endloop
  endfacet
  facet normal 0.782601 0.622524 0
    outer loop
      vertex 112.56 64.4494 4
      vertex 112.609 64.3878 5
      vertex 112.609 64.3878 4
    endloop
  endfacet
  facet normal 0.269865 0.962898 -0
    outer loop
      vertex 112.109 64.7511 4
      vertex 112.033 64.7724 5
      vertex 112.109 64.7511 5
    endloop
  endfacet
  facet normal 0.269865 0.962898 0
    outer loop
      vertex 112.033 64.7724 5
      vertex 112.109 64.7511 4
      vertex 112.033 64.7724 4
    endloop
  endfacet
  facet normal 0.345 0.938603 -0
    outer loop
      vertex 112.183 64.7239 4
      vertex 112.109 64.7511 5
      vertex 112.183 64.7239 5
    endloop
  endfacet
  facet normal 0.345 0.938603 0
    outer loop
      vertex 112.109 64.7511 5
      vertex 112.183 64.7239 4
      vertex 112.109 64.7511 4
    endloop
  endfacet
  facet normal 0.676644 0.73631 -0
    outer loop
      vertex 112.507 64.5071 4
      vertex 112.449 64.5604 5
      vertex 112.507 64.5071 5
    endloop
  endfacet
  facet normal 0.676644 0.73631 0
    outer loop
      vertex 112.449 64.5604 5
      vertex 112.507 64.5071 4
      vertex 112.449 64.5604 4
    endloop
  endfacet
  facet normal 0.55137 -0.834261 0
    outer loop
      vertex 112.322 5.34736 4
      vertex 112.388 5.39098 5
      vertex 112.322 5.34736 5
    endloop
  endfacet
  facet normal 0.55137 -0.834261 0
    outer loop
      vertex 112.388 5.39098 5
      vertex 112.322 5.34736 4
      vertex 112.388 5.39098 4
    endloop
  endfacet
  facet normal 0.676644 -0.73631 0
    outer loop
      vertex 112.449 5.43959 4
      vertex 112.507 5.49289 5
      vertex 112.449 5.43959 5
    endloop
  endfacet
  facet normal 0.676644 -0.73631 0
    outer loop
      vertex 112.507 5.49289 5
      vertex 112.449 5.43959 4
      vertex 112.507 5.49289 4
    endloop
  endfacet
  facet normal 0.782896 -0.622152 0
    outer loop
      vertex 112.56 5.55055 5
      vertex 112.609 5.61221 4
      vertex 112.609 5.61221 5
    endloop
  endfacet
  facet normal 0.782896 -0.622152 0
    outer loop
      vertex 112.609 5.61221 4
      vertex 112.56 5.55055 5
      vertex 112.56 5.55055 4
    endloop
  endfacet
  facet normal 0.907534 -0.419978 0
    outer loop
      vertex 112.691 5.74601 5
      vertex 112.724 5.81732 4
      vertex 112.724 5.81732 5
    endloop
  endfacet
  facet normal 0.907534 -0.419978 0
    outer loop
      vertex 112.724 5.81732 4
      vertex 112.691 5.74601 5
      vertex 112.691 5.74601 4
    endloop
  endfacet
  facet normal 0.117513 -0.993071 0
    outer loop
      vertex 111.878 5.20308 4
      vertex 111.956 5.21231 5
      vertex 111.878 5.20308 5
    endloop
  endfacet
  facet normal 0.117513 -0.993071 0
    outer loop
      vertex 111.956 5.21231 5
      vertex 111.878 5.20308 4
      vertex 111.956 5.21231 4
    endloop
  endfacet
  facet normal 0.344776 -0.938685 0
    outer loop
      vertex 112.109 5.24894 4
      vertex 112.183 5.27612 5
      vertex 112.109 5.24894 5
    endloop
  endfacet
  facet normal 0.344776 -0.938685 0
    outer loop
      vertex 112.183 5.27612 5
      vertex 112.109 5.24894 4
      vertex 112.183 5.27612 4
    endloop
  endfacet
  facet normal -0.555523 -0.831501 0
    outer loop
      vertex 5.61221 5.39098 4
      vertex 5.6775 5.34736 5
      vertex 5.61221 5.39098 5
    endloop
  endfacet
  facet normal -0.555523 -0.831501 -0
    outer loop
      vertex 5.6775 5.34736 5
      vertex 5.61221 5.39098 4
      vertex 5.6775 5.34736 4
    endloop
  endfacet
  facet normal -0.418614 -0.908164 0
    outer loop
      vertex 5.74601 5.30899 4
      vertex 5.81732 5.27612 5
      vertex 5.74601 5.30899 5
    endloop
  endfacet
  facet normal -0.418614 -0.908164 -0
    outer loop
      vertex 5.81732 5.27612 5
      vertex 5.74601 5.30899 4
      vertex 5.81732 5.27612 4
    endloop
  endfacet
  facet normal -0.195112 -0.980781 0
    outer loop
      vertex 5.96655 5.22763 4
      vertex 6.04356 5.21231 5
      vertex 5.96655 5.22763 5
    endloop
  endfacet
  facet normal -0.195112 -0.980781 -0
    outer loop
      vertex 6.04356 5.21231 5
      vertex 5.96655 5.22763 4
      vertex 6.04356 5.21231 4
    endloop
  endfacet
  facet normal -0.346177 -0.938169 0
    outer loop
      vertex 5.81732 5.27612 4
      vertex 5.89098 5.24894 5
      vertex 5.81732 5.27612 5
    endloop
  endfacet
  facet normal -0.346177 -0.938169 -0
    outer loop
      vertex 5.89098 5.24894 5
      vertex 5.81732 5.27612 4
      vertex 5.89098 5.24894 4
    endloop
  endfacet
  facet normal -0.271406 -0.962465 0
    outer loop
      vertex 5.89098 5.24894 4
      vertex 5.96655 5.22763 5
      vertex 5.89098 5.24894 5
    endloop
  endfacet
  facet normal -0.271406 -0.962465 -0
    outer loop
      vertex 5.96655 5.22763 5
      vertex 5.89098 5.24894 4
      vertex 5.96655 5.22763 4
    endloop
  endfacet
  facet normal -0.78531 -0.619103 0
    outer loop
      vertex 5.43959 5.55055 4
      vertex 5.39098 5.61221 5
      vertex 5.39098 5.61221 4
    endloop
  endfacet
  facet normal -0.78531 -0.619103 0
    outer loop
      vertex 5.39098 5.61221 5
      vertex 5.43959 5.55055 4
      vertex 5.43959 5.55055 5
    endloop
  endfacet
  facet normal -0.962465 -0.271406 0
    outer loop
      vertex 5.24894 5.89098 4
      vertex 5.22763 5.96655 5
      vertex 5.22763 5.96655 4
    endloop
  endfacet
  facet normal -0.962465 -0.271406 0
    outer loop
      vertex 5.22763 5.96655 5
      vertex 5.24894 5.89098 4
      vertex 5.24894 5.89098 5
    endloop
  endfacet
  facet normal -0.938169 -0.346177 0
    outer loop
      vertex 5.27612 5.81732 4
      vertex 5.24894 5.89098 5
      vertex 5.24894 5.89098 4
    endloop
  endfacet
  facet normal -0.938169 -0.346177 0
    outer loop
      vertex 5.24894 5.89098 5
      vertex 5.27612 5.81732 4
      vertex 5.27612 5.81732 5
    endloop
  endfacet
  facet normal -0.618983 -0.785404 0
    outer loop
      vertex 10.8817 11.2135 0
      vertex 10.9742 11.1406 3.8
      vertex 10.8817 11.2135 3.8
    endloop
  endfacet
  facet normal -0.618983 -0.785404 -0
    outer loop
      vertex 10.9742 11.1406 3.8
      vertex 10.8817 11.2135 0
      vertex 10.9742 11.1406 0
    endloop
  endfacet
  facet normal 0.418595 -0.908173 0
    outer loop
      vertex 9.31901 11.3365 0
      vertex 9.42597 11.3858 3.8
      vertex 9.31901 11.3365 3.8
    endloop
  endfacet
  facet normal 0.418595 -0.908173 0
    outer loop
      vertex 9.42597 11.3858 3.8
      vertex 9.31901 11.3365 0
      vertex 9.42597 11.3858 0
    endloop
  endfacet
  facet normal 0.938179 -0.34615 0
    outer loop
      vertex 8.57341 10.4635 3.8
      vertex 8.61418 10.574 0
      vertex 8.61418 10.574 3.8
    endloop
  endfacet
  facet normal 0.938179 -0.34615 0
    outer loop
      vertex 8.61418 10.574 0
      vertex 8.57341 10.4635 3.8
      vertex 8.57341 10.4635 0
    endloop
  endfacet
  facet normal -0.908232 -0.418466 0
    outer loop
      vertex 11.3858 10.574 0
      vertex 11.3365 10.681 3.8
      vertex 11.3365 10.681 0
    endloop
  endfacet
  facet normal -0.908232 -0.418466 0
    outer loop
      vertex 11.3365 10.681 3.8
      vertex 11.3858 10.574 0
      vertex 11.3858 10.574 3.8
    endloop
  endfacet
  facet normal -0.872549 -0.488526 0
    outer loop
      vertex 11.3365 10.681 0
      vertex 11.279 10.7837 3.8
      vertex 11.279 10.7837 0
    endloop
  endfacet
  facet normal -0.872549 -0.488526 0
    outer loop
      vertex 11.279 10.7837 3.8
      vertex 11.3365 10.681 0
      vertex 11.3365 10.681 3.8
    endloop
  endfacet
  facet normal -0.346374 -0.938096 0
    outer loop
      vertex 10.4635 11.4266 0
      vertex 10.574 11.3858 3.8
      vertex 10.4635 11.4266 3.8
    endloop
  endfacet
  facet normal -0.346374 -0.938096 -0
    outer loop
      vertex 10.574 11.3858 3.8
      vertex 10.4635 11.4266 0
      vertex 10.574 11.3858 0
    endloop
  endfacet
  facet normal 0.993066 -0.117555 0
    outer loop
      vertex 8.50462 10.1177 3.8
      vertex 8.51847 10.2347 0
      vertex 8.51847 10.2347 3.8
    endloop
  endfacet
  facet normal 0.993066 -0.117555 0
    outer loop
      vertex 8.51847 10.2347 0
      vertex 8.50462 10.1177 3.8
      vertex 8.50462 10.1177 0
    endloop
  endfacet
  facet normal 0.785322 -0.619088 0
    outer loop
      vertex 8.78647 10.8817 3.8
      vertex 8.85939 10.9742 0
      vertex 8.85939 10.9742 3.8
    endloop
  endfacet
  facet normal 0.785322 -0.619088 0
    outer loop
      vertex 8.85939 10.9742 0
      vertex 8.78647 10.8817 3.8
      vertex 8.78647 10.8817 0
    endloop
  endfacet
  facet normal 0.27167 -0.962391 0
    outer loop
      vertex 9.53647 11.4266 0
      vertex 9.64983 11.4586 3.8
      vertex 9.53647 11.4266 3.8
    endloop
  endfacet
  facet normal 0.27167 -0.962391 0
    outer loop
      vertex 9.64983 11.4586 3.8
      vertex 9.53647 11.4266 0
      vertex 9.64983 11.4586 0
    endloop
  endfacet
  facet normal -0.999237 0.0390559 0
    outer loop
      vertex 11.4954 9.88231 0
      vertex 11.5 10 3.8
      vertex 11.5 10 0
    endloop
  endfacet
  facet normal -0.999237 0.0390559 0
    outer loop
      vertex 11.5 10 3.8
      vertex 11.4954 9.88231 0
      vertex 11.4954 9.88231 3.8
    endloop
  endfacet
  facet normal -0.785372 0.619025 0
    outer loop
      vertex 11.1406 9.02583 0
      vertex 11.2135 9.11832 3.8
      vertex 11.2135 9.11832 0
    endloop
  endfacet
  facet normal -0.785372 0.619025 0
    outer loop
      vertex 11.2135 9.11832 3.8
      vertex 11.1406 9.02583 0
      vertex 11.1406 9.02583 3.8
    endloop
  endfacet
  facet normal 0.117595 0.993062 -0
    outer loop
      vertex 9.88231 8.50462 0
      vertex 9.76535 8.51847 3.8
      vertex 9.88231 8.50462 3.8
    endloop
  endfacet
  facet normal 0.117595 0.993062 0
    outer loop
      vertex 9.76535 8.51847 3.8
      vertex 9.88231 8.50462 0
      vertex 9.76535 8.51847 0
    endloop
  endfacet
  facet normal 0.619129 0.785289 -0
    outer loop
      vertex 9.11832 8.78647 0
      vertex 9.02583 8.85939 3.8
      vertex 9.11832 8.78647 3.8
    endloop
  endfacet
  facet normal 0.619129 0.785289 0
    outer loop
      vertex 9.02583 8.85939 3.8
      vertex 9.11832 8.78647 0
      vertex 9.02583 8.85939 0
    endloop
  endfacet
  facet normal 0.908141 0.418665 0
    outer loop
      vertex 8.66349 9.31901 3.8
      vertex 8.61418 9.42597 0
      vertex 8.61418 9.42597 3.8
    endloop
  endfacet
  facet normal 0.908141 0.418665 0
    outer loop
      vertex 8.61418 9.42597 0
      vertex 8.66349 9.31901 3.8
      vertex 8.66349 9.31901 0
    endloop
  endfacet
  facet normal 0.734325 0.678798 0
    outer loop
      vertex 8.93934 8.93934 3.8
      vertex 8.85939 9.02583 0
      vertex 8.85939 9.02583 3.8
    endloop
  endfacet
  facet normal 0.734325 0.678798 0
    outer loop
      vertex 8.85939 9.02583 0
      vertex 8.93934 8.93934 3.8
      vertex 8.93934 8.93934 0
    endloop
  endfacet
  facet normal -0.993017 -0.117974 0
    outer loop
      vertex 11.4954 10.1177 0
      vertex 11.4815 10.2347 3.8
      vertex 11.4815 10.2347 0
    endloop
  endfacet
  facet normal -0.993017 -0.117974 0
    outer loop
      vertex 11.4815 10.2347 3.8
      vertex 11.4954 10.1177 0
      vertex 11.4954 10.1177 3.8
    endloop
  endfacet
  facet normal -0.980906 -0.194483 0
    outer loop
      vertex 11.4815 10.2347 0
      vertex 11.4586 10.3502 3.8
      vertex 11.4586 10.3502 0
    endloop
  endfacet
  facet normal -0.980906 -0.194483 0
    outer loop
      vertex 11.4586 10.3502 3.8
      vertex 11.4815 10.2347 0
      vertex 11.4815 10.2347 3.8
    endloop
  endfacet
  facet normal -0.938096 -0.346374 0
    outer loop
      vertex 11.4266 10.4635 0
      vertex 11.3858 10.574 3.8
      vertex 11.3858 10.574 0
    endloop
  endfacet
  facet normal -0.938096 -0.346374 0
    outer loop
      vertex 11.3858 10.574 3.8
      vertex 11.4266 10.4635 0
      vertex 11.4266 10.4635 3.8
    endloop
  endfacet
  facet normal -0.734575 -0.678527 0
    outer loop
      vertex 11.1406 10.9742 0
      vertex 11.0607 11.0607 3.8
      vertex 11.0607 11.0607 0
    endloop
  endfacet
  facet normal -0.734575 -0.678527 0
    outer loop
      vertex 11.0607 11.0607 3.8
      vertex 11.1406 10.9742 0
      vertex 11.1406 10.9742 3.8
    endloop
  endfacet
  facet normal -0.785404 -0.618983 0
    outer loop
      vertex 11.2135 10.8817 0
      vertex 11.1406 10.9742 3.8
      vertex 11.1406 10.9742 0
    endloop
  endfacet
  facet normal -0.785404 -0.618983 0
    outer loop
      vertex 11.1406 10.9742 3.8
      vertex 11.2135 10.8817 0
      vertex 11.2135 10.8817 3.8
    endloop
  endfacet
  facet normal -0.678527 -0.734575 0
    outer loop
      vertex 10.9742 11.1406 0
      vertex 11.0607 11.0607 3.8
      vertex 10.9742 11.1406 3.8
    endloop
  endfacet
  facet normal -0.678527 -0.734575 -0
    outer loop
      vertex 11.0607 11.0607 3.8
      vertex 10.9742 11.1406 0
      vertex 11.0607 11.0607 0
    endloop
  endfacet
  facet normal -0.555679 -0.831397 0
    outer loop
      vertex 10.7837 11.279 0
      vertex 10.8817 11.2135 3.8
      vertex 10.7837 11.279 3.8
    endloop
  endfacet
  facet normal -0.555679 -0.831397 -0
    outer loop
      vertex 10.8817 11.2135 3.8
      vertex 10.7837 11.279 0
      vertex 10.8817 11.2135 0
    endloop
  endfacet
  facet normal 0.0390559 -0.999237 0
    outer loop
      vertex 9.88231 11.4954 0
      vertex 10 11.5 3.8
      vertex 9.88231 11.4954 3.8
    endloop
  endfacet
  facet normal 0.0390559 -0.999237 0
    outer loop
      vertex 10 11.5 3.8
      vertex 9.88231 11.4954 0
      vertex 10 11.5 0
    endloop
  endfacet
  facet normal -0.488526 -0.872549 0
    outer loop
      vertex 10.681 11.3365 0
      vertex 10.7837 11.279 3.8
      vertex 10.681 11.3365 3.8
    endloop
  endfacet
  facet normal -0.488526 -0.872549 -0
    outer loop
      vertex 10.7837 11.279 3.8
      vertex 10.681 11.3365 0
      vertex 10.7837 11.279 0
    endloop
  endfacet
  facet normal -0.0390526 -0.999237 0
    outer loop
      vertex 10 11.5 0
      vertex 10.1177 11.4954 3.8
      vertex 10 11.5 3.8
    endloop
  endfacet
  facet normal -0.0390526 -0.999237 -0
    outer loop
      vertex 10.1177 11.4954 3.8
      vertex 10 11.5 0
      vertex 10.1177 11.4954 0
    endloop
  endfacet
  facet normal -0.271803 -0.962353 0
    outer loop
      vertex 10.3502 11.4586 0
      vertex 10.4635 11.4266 3.8
      vertex 10.3502 11.4586 3.8
    endloop
  endfacet
  facet normal -0.271803 -0.962353 -0
    outer loop
      vertex 10.4635 11.4266 3.8
      vertex 10.3502 11.4586 0
      vertex 10.4635 11.4266 0
    endloop
  endfacet
  facet normal -0.194483 -0.980906 0
    outer loop
      vertex 10.2347 11.4815 0
      vertex 10.3502 11.4586 3.8
      vertex 10.2347 11.4815 3.8
    endloop
  endfacet
  facet normal -0.194483 -0.980906 -0
    outer loop
      vertex 10.3502 11.4586 3.8
      vertex 10.2347 11.4815 0
      vertex 10.3502 11.4586 0
    endloop
  endfacet
  facet normal 0.99923 0.0392255 0
    outer loop
      vertex 8.50462 9.88231 3.8
      vertex 8.5 10 0
      vertex 8.5 10 3.8
    endloop
  endfacet
  facet normal 0.99923 0.0392255 0
    outer loop
      vertex 8.5 10 0
      vertex 8.50462 9.88231 3.8
      vertex 8.50462 9.88231 0
    endloop
  endfacet
  facet normal 0.96242 -0.271567 0
    outer loop
      vertex 8.54144 10.3502 3.8
      vertex 8.57341 10.4635 0
      vertex 8.57341 10.4635 3.8
    endloop
  endfacet
  facet normal 0.96242 -0.271567 0
    outer loop
      vertex 8.57341 10.4635 0
      vertex 8.54144 10.3502 3.8
      vertex 8.54144 10.3502 0
    endloop
  endfacet
  facet normal 0.980792 -0.195055 0
    outer loop
      vertex 8.51847 10.2347 3.8
      vertex 8.54144 10.3502 0
      vertex 8.54144 10.3502 3.8
    endloop
  endfacet
  facet normal 0.980792 -0.195055 0
    outer loop
      vertex 8.54144 10.3502 0
      vertex 8.51847 10.2347 3.8
      vertex 8.51847 10.2347 0
    endloop
  endfacet
  facet normal 0.872368 -0.488849 0
    outer loop
      vertex 8.66349 10.681 3.8
      vertex 8.72104 10.7837 0
      vertex 8.72104 10.7837 3.8
    endloop
  endfacet
  facet normal 0.872368 -0.488849 0
    outer loop
      vertex 8.72104 10.7837 0
      vertex 8.66349 10.681 3.8
      vertex 8.66349 10.681 0
    endloop
  endfacet
  facet normal 0.831671 -0.555268 0
    outer loop
      vertex 8.72104 10.7837 3.8
      vertex 8.78647 10.8817 0
      vertex 8.78647 10.8817 3.8
    endloop
  endfacet
  facet normal 0.831671 -0.555268 0
    outer loop
      vertex 8.78647 10.8817 0
      vertex 8.72104 10.7837 3.8
      vertex 8.72104 10.7837 0
    endloop
  endfacet
  facet normal 0.346374 -0.938096 0
    outer loop
      vertex 9.42597 11.3858 0
      vertex 9.53647 11.4266 3.8
      vertex 9.42597 11.3858 3.8
    endloop
  endfacet
  facet normal 0.346374 -0.938096 0
    outer loop
      vertex 9.53647 11.4266 3.8
      vertex 9.42597 11.3858 0
      vertex 9.53647 11.4266 0
    endloop
  endfacet
  facet normal 0.118014 -0.993012 0
    outer loop
      vertex 9.76535 11.4815 0
      vertex 9.88231 11.4954 3.8
      vertex 9.76535 11.4815 3.8
    endloop
  endfacet
  facet normal 0.118014 -0.993012 0
    outer loop
      vertex 9.88231 11.4954 3.8
      vertex 9.76535 11.4815 0
      vertex 9.88231 11.4954 0
    endloop
  endfacet
  facet normal 0.619025 -0.785372 0
    outer loop
      vertex 9.02583 11.1406 0
      vertex 9.11832 11.2135 3.8
      vertex 9.02583 11.1406 3.8
    endloop
  endfacet
  facet normal 0.619025 -0.785372 0
    outer loop
      vertex 9.11832 11.2135 3.8
      vertex 9.02583 11.1406 0
      vertex 9.11832 11.2135 0
    endloop
  endfacet
  facet normal 0.678569 -0.734536 0
    outer loop
      vertex 8.93934 11.0607 0
      vertex 9.02583 11.1406 3.8
      vertex 8.93934 11.0607 3.8
    endloop
  endfacet
  facet normal 0.678569 -0.734536 0
    outer loop
      vertex 9.02583 11.1406 3.8
      vertex 8.93934 11.0607 0
      vertex 9.02583 11.1406 0
    endloop
  endfacet
  facet normal 0.488309 -0.872671 0
    outer loop
      vertex 9.21625 11.279 0
      vertex 9.31901 11.3365 3.8
      vertex 9.21625 11.279 3.8
    endloop
  endfacet
  facet normal 0.488309 -0.872671 0
    outer loop
      vertex 9.31901 11.3365 3.8
      vertex 9.21625 11.279 0
      vertex 9.31901 11.3365 0
    endloop
  endfacet
  facet normal 0.734364 -0.678756 0
    outer loop
      vertex 8.85939 10.9742 3.8
      vertex 8.93934 11.0607 0
      vertex 8.93934 11.0607 3.8
    endloop
  endfacet
  facet normal 0.734364 -0.678756 0
    outer loop
      vertex 8.93934 11.0607 0
      vertex 8.85939 10.9742 3.8
      vertex 8.85939 10.9742 0
    endloop
  endfacet
  facet normal -0.999237 -0.0390526 0
    outer loop
      vertex 11.5 10 0
      vertex 11.4954 10.1177 3.8
      vertex 11.4954 10.1177 0
    endloop
  endfacet
  facet normal -0.999237 -0.0390526 0
    outer loop
      vertex 11.4954 10.1177 3.8
      vertex 11.5 10 0
      vertex 11.5 10 3.8
    endloop
  endfacet
  facet normal -0.117555 0.993066 0
    outer loop
      vertex 10.2347 8.51847 0
      vertex 10.1177 8.50462 3.8
      vertex 10.2347 8.51847 3.8
    endloop
  endfacet
  facet normal -0.117555 0.993066 0
    outer loop
      vertex 10.1177 8.50462 3.8
      vertex 10.2347 8.51847 0
      vertex 10.1177 8.50462 0
    endloop
  endfacet
  facet normal -0.962391 0.27167 0
    outer loop
      vertex 11.4266 9.53647 0
      vertex 11.4586 9.64983 3.8
      vertex 11.4586 9.64983 0
    endloop
  endfacet
  facet normal -0.962391 0.27167 0
    outer loop
      vertex 11.4586 9.64983 3.8
      vertex 11.4266 9.53647 0
      vertex 11.4266 9.53647 3.8
    endloop
  endfacet
  facet normal -0.195055 0.980792 0
    outer loop
      vertex 10.3502 8.54144 0
      vertex 10.2347 8.51847 3.8
      vertex 10.3502 8.54144 3.8
    endloop
  endfacet
  facet normal -0.195055 0.980792 0
    outer loop
      vertex 10.2347 8.51847 3.8
      vertex 10.3502 8.54144 0
      vertex 10.2347 8.51847 0
    endloop
  endfacet
  facet normal -0.34615 0.938179 0
    outer loop
      vertex 10.574 8.61418 0
      vertex 10.4635 8.57341 3.8
      vertex 10.574 8.61418 3.8
    endloop
  endfacet
  facet normal -0.34615 0.938179 0
    outer loop
      vertex 10.4635 8.57341 3.8
      vertex 10.574 8.61418 0
      vertex 10.4635 8.57341 0
    endloop
  endfacet
  facet normal -0.678756 0.734364 0
    outer loop
      vertex 11.0607 8.93934 0
      vertex 10.9742 8.85939 3.8
      vertex 11.0607 8.93934 3.8
    endloop
  endfacet
  facet normal -0.678756 0.734364 0
    outer loop
      vertex 10.9742 8.85939 3.8
      vertex 11.0607 8.93934 0
      vertex 10.9742 8.85939 0
    endloop
  endfacet
  facet normal -0.619088 0.785322 0
    outer loop
      vertex 10.9742 8.85939 0
      vertex 10.8817 8.78647 3.8
      vertex 10.9742 8.85939 3.8
    endloop
  endfacet
  facet normal -0.619088 0.785322 0
    outer loop
      vertex 10.8817 8.78647 3.8
      vertex 10.9742 8.85939 0
      vertex 10.8817 8.78647 0
    endloop
  endfacet
  facet normal -0.488849 0.872368 0
    outer loop
      vertex 10.7837 8.72104 0
      vertex 10.681 8.66349 3.8
      vertex 10.7837 8.72104 3.8
    endloop
  endfacet
  facet normal -0.488849 0.872368 0
    outer loop
      vertex 10.681 8.66349 3.8
      vertex 10.7837 8.72104 0
      vertex 10.681 8.66349 0
    endloop
  endfacet
  facet normal -0.872671 0.488309 0
    outer loop
      vertex 11.279 9.21625 0
      vertex 11.3365 9.31901 3.8
      vertex 11.3365 9.31901 0
    endloop
  endfacet
  facet normal -0.872671 0.488309 0
    outer loop
      vertex 11.3365 9.31901 3.8
      vertex 11.279 9.21625 0
      vertex 11.279 9.21625 3.8
    endloop
  endfacet
  facet normal -0.938096 0.346374 0
    outer loop
      vertex 11.3858 9.42597 0
      vertex 11.4266 9.53647 3.8
      vertex 11.4266 9.53647 0
    endloop
  endfacet
  facet normal -0.938096 0.346374 0
    outer loop
      vertex 11.4266 9.53647 3.8
      vertex 11.3858 9.42597 0
      vertex 11.3858 9.42597 3.8
    endloop
  endfacet
  facet normal -0.0392221 0.999231 0
    outer loop
      vertex 10.1177 8.50462 0
      vertex 10 8.5 3.8
      vertex 10.1177 8.50462 3.8
    endloop
  endfacet
  facet normal -0.0392221 0.999231 0
    outer loop
      vertex 10 8.5 3.8
      vertex 10.1177 8.50462 0
      vertex 10 8.5 0
    endloop
  endfacet
  facet normal 0.271434 0.962457 -0
    outer loop
      vertex 9.64983 8.54144 0
      vertex 9.53647 8.57341 3.8
      vertex 9.64983 8.54144 3.8
    endloop
  endfacet
  facet normal 0.271434 0.962457 0
    outer loop
      vertex 9.53647 8.57341 3.8
      vertex 9.64983 8.54144 0
      vertex 9.53647 8.57341 0
    endloop
  endfacet
  facet normal 0.488632 0.87249 -0
    outer loop
      vertex 9.31901 8.66349 0
      vertex 9.21625 8.72104 3.8
      vertex 9.31901 8.66349 3.8
    endloop
  endfacet
  facet normal 0.488632 0.87249 0
    outer loop
      vertex 9.21625 8.72104 3.8
      vertex 9.31901 8.66349 0
      vertex 9.21625 8.72104 0
    endloop
  endfacet
  facet normal 0.34615 0.938179 -0
    outer loop
      vertex 9.53647 8.57341 0
      vertex 9.42597 8.61418 3.8
      vertex 9.53647 8.57341 3.8
    endloop
  endfacet
  facet normal 0.34615 0.938179 0
    outer loop
      vertex 9.42597 8.61418 3.8
      vertex 9.53647 8.57341 0
      vertex 9.42597 8.61418 0
    endloop
  endfacet
  facet normal 0.993062 0.117595 0
    outer loop
      vertex 8.51847 9.76535 3.8
      vertex 8.50462 9.88231 0
      vertex 8.50462 9.88231 3.8
    endloop
  endfacet
  facet normal 0.993062 0.117595 0
    outer loop
      vertex 8.50462 9.88231 0
      vertex 8.51847 9.76535 3.8
      vertex 8.51847 9.76535 0
    endloop
  endfacet
  facet normal 0.938179 0.34615 0
    outer loop
      vertex 8.61418 9.42597 3.8
      vertex 8.57341 9.53647 0
      vertex 8.57341 9.53647 3.8
    endloop
  endfacet
  facet normal 0.938179 0.34615 0
    outer loop
      vertex 8.57341 9.53647 0
      vertex 8.61418 9.42597 3.8
      vertex 8.61418 9.42597 0
    endloop
  endfacet
  facet normal 0.87249 0.488632 0
    outer loop
      vertex 8.72104 9.21625 3.8
      vertex 8.66349 9.31901 0
      vertex 8.66349 9.31901 3.8
    endloop
  endfacet
  facet normal 0.87249 0.488632 0
    outer loop
      vertex 8.66349 9.31901 0
      vertex 8.72104 9.21625 3.8
      vertex 8.72104 9.21625 0
    endloop
  endfacet
  facet normal -0.962353 -0.271803 0
    outer loop
      vertex 11.4586 10.3502 0
      vertex 11.4266 10.4635 3.8
      vertex 11.4266 10.4635 0
    endloop
  endfacet
  facet normal -0.962353 -0.271803 0
    outer loop
      vertex 11.4266 10.4635 3.8
      vertex 11.4586 10.3502 0
      vertex 11.4586 10.3502 3.8
    endloop
  endfacet
  facet normal -0.831397 -0.555679 0
    outer loop
      vertex 11.279 10.7837 0
      vertex 11.2135 10.8817 3.8
      vertex 11.2135 10.8817 0
    endloop
  endfacet
  facet normal -0.831397 -0.555679 0
    outer loop
      vertex 11.2135 10.8817 3.8
      vertex 11.279 10.7837 0
      vertex 11.279 10.7837 3.8
    endloop
  endfacet
  facet normal -0.418466 -0.908232 0
    outer loop
      vertex 10.574 11.3858 0
      vertex 10.681 11.3365 3.8
      vertex 10.574 11.3858 3.8
    endloop
  endfacet
  facet normal -0.418466 -0.908232 -0
    outer loop
      vertex 10.681 11.3365 3.8
      vertex 10.574 11.3858 0
      vertex 10.681 11.3365 0
    endloop
  endfacet
  facet normal -0.117974 -0.993017 0
    outer loop
      vertex 10.1177 11.4954 0
      vertex 10.2347 11.4815 3.8
      vertex 10.1177 11.4954 3.8
    endloop
  endfacet
  facet normal -0.117974 -0.993017 -0
    outer loop
      vertex 10.2347 11.4815 3.8
      vertex 10.1177 11.4954 0
      vertex 10.2347 11.4815 0
    endloop
  endfacet
  facet normal 0.9082 -0.418536 0
    outer loop
      vertex 8.61418 10.574 3.8
      vertex 8.66349 10.681 0
      vertex 8.66349 10.681 3.8
    endloop
  endfacet
  facet normal 0.9082 -0.418536 0
    outer loop
      vertex 8.66349 10.681 0
      vertex 8.61418 10.574 3.8
      vertex 8.61418 10.574 0
    endloop
  endfacet
  facet normal 0.19445 -0.980912 0
    outer loop
      vertex 9.64983 11.4586 0
      vertex 9.76535 11.4815 3.8
      vertex 9.64983 11.4586 3.8
    endloop
  endfacet
  facet normal 0.19445 -0.980912 0
    outer loop
      vertex 9.76535 11.4815 3.8
      vertex 9.64983 11.4586 0
      vertex 9.76535 11.4815 0
    endloop
  endfacet
  facet normal 0.555953 -0.831214 0
    outer loop
      vertex 9.11832 11.2135 0
      vertex 9.21625 11.279 3.8
      vertex 9.11832 11.2135 3.8
    endloop
  endfacet
  facet normal 0.555953 -0.831214 0
    outer loop
      vertex 9.21625 11.279 3.8
      vertex 9.11832 11.2135 0
      vertex 9.21625 11.279 0
    endloop
  endfacet
  facet normal -0.980912 0.19445 0
    outer loop
      vertex 11.4586 9.64983 0
      vertex 11.4815 9.76535 3.8
      vertex 11.4815 9.76535 0
    endloop
  endfacet
  facet normal -0.980912 0.19445 0
    outer loop
      vertex 11.4815 9.76535 3.8
      vertex 11.4586 9.64983 0
      vertex 11.4586 9.64983 3.8
    endloop
  endfacet
  facet normal -0.993012 0.118014 0
    outer loop
      vertex 11.4815 9.76535 0
      vertex 11.4954 9.88231 3.8
      vertex 11.4954 9.88231 0
    endloop
  endfacet
  facet normal -0.993012 0.118014 0
    outer loop
      vertex 11.4954 9.88231 3.8
      vertex 11.4815 9.76535 0
      vertex 11.4815 9.76535 3.8
    endloop
  endfacet
  facet normal -0.418536 0.9082 0
    outer loop
      vertex 10.681 8.66349 0
      vertex 10.574 8.61418 3.8
      vertex 10.681 8.66349 3.8
    endloop
  endfacet
  facet normal -0.418536 0.9082 0
    outer loop
      vertex 10.574 8.61418 3.8
      vertex 10.681 8.66349 0
      vertex 10.574 8.61418 0
    endloop
  endfacet
  facet normal -0.734536 0.678569 0
    outer loop
      vertex 11.0607 8.93934 0
      vertex 11.1406 9.02583 3.8
      vertex 11.1406 9.02583 0
    endloop
  endfacet
  facet normal -0.734536 0.678569 0
    outer loop
      vertex 11.1406 9.02583 3.8
      vertex 11.0607 8.93934 0
      vertex 11.0607 8.93934 3.8
    endloop
  endfacet
  facet normal -0.555268 0.831671 0
    outer loop
      vertex 10.8817 8.78647 0
      vertex 10.7837 8.72104 3.8
      vertex 10.8817 8.78647 3.8
    endloop
  endfacet
  facet normal -0.555268 0.831671 0
    outer loop
      vertex 10.7837 8.72104 3.8
      vertex 10.8817 8.78647 0
      vertex 10.7837 8.72104 0
    endloop
  endfacet
  facet normal -0.908173 0.418595 0
    outer loop
      vertex 11.3365 9.31901 0
      vertex 11.3858 9.42597 3.8
      vertex 11.3858 9.42597 0
    endloop
  endfacet
  facet normal -0.908173 0.418595 0
    outer loop
      vertex 11.3858 9.42597 3.8
      vertex 11.3365 9.31901 0
      vertex 11.3365 9.31901 3.8
    endloop
  endfacet
  facet normal -0.831214 0.555953 0
    outer loop
      vertex 11.2135 9.11832 0
      vertex 11.279 9.21625 3.8
      vertex 11.279 9.21625 0
    endloop
  endfacet
  facet normal -0.831214 0.555953 0
    outer loop
      vertex 11.279 9.21625 3.8
      vertex 11.2135 9.11832 0
      vertex 11.2135 9.11832 3.8
    endloop
  endfacet
  facet normal 0.0392255 0.99923 -0
    outer loop
      vertex 10 8.5 0
      vertex 9.88231 8.50462 3.8
      vertex 10 8.5 3.8
    endloop
  endfacet
  facet normal 0.0392255 0.99923 0
    outer loop
      vertex 9.88231 8.50462 3.8
      vertex 10 8.5 0
      vertex 9.88231 8.50462 0
    endloop
  endfacet
  facet normal 0.195022 0.980799 -0
    outer loop
      vertex 9.76535 8.51847 0
      vertex 9.64983 8.54144 3.8
      vertex 9.76535 8.51847 3.8
    endloop
  endfacet
  facet normal 0.195022 0.980799 0
    outer loop
      vertex 9.64983 8.54144 3.8
      vertex 9.76535 8.51847 0
      vertex 9.64983 8.54144 0
    endloop
  endfacet
  facet normal 0.418665 0.908141 -0
    outer loop
      vertex 9.42597 8.61418 0
      vertex 9.31901 8.66349 3.8
      vertex 9.42597 8.61418 3.8
    endloop
  endfacet
  facet normal 0.418665 0.908141 0
    outer loop
      vertex 9.31901 8.66349 3.8
      vertex 9.42597 8.61418 0
      vertex 9.31901 8.66349 0
    endloop
  endfacet
  facet normal 0.555542 0.831488 -0
    outer loop
      vertex 9.21625 8.72104 0
      vertex 9.11832 8.78647 3.8
      vertex 9.21625 8.72104 3.8
    endloop
  endfacet
  facet normal 0.555542 0.831488 0
    outer loop
      vertex 9.11832 8.78647 3.8
      vertex 9.21625 8.72104 0
      vertex 9.11832 8.78647 0
    endloop
  endfacet
  facet normal 0.980799 0.195022 0
    outer loop
      vertex 8.54144 9.64983 3.8
      vertex 8.51847 9.76535 0
      vertex 8.51847 9.76535 3.8
    endloop
  endfacet
  facet normal 0.980799 0.195022 0
    outer loop
      vertex 8.51847 9.76535 0
      vertex 8.54144 9.64983 3.8
      vertex 8.54144 9.64983 0
    endloop
  endfacet
  facet normal 0.831488 0.555542 0
    outer loop
      vertex 8.78647 9.11832 3.8
      vertex 8.72104 9.21625 0
      vertex 8.72104 9.21625 3.8
    endloop
  endfacet
  facet normal 0.831488 0.555542 0
    outer loop
      vertex 8.72104 9.21625 0
      vertex 8.78647 9.11832 3.8
      vertex 8.78647 9.11832 0
    endloop
  endfacet
  facet normal 0.678798 0.734325 -0
    outer loop
      vertex 9.02583 8.85939 0
      vertex 8.93934 8.93934 3.8
      vertex 9.02583 8.85939 3.8
    endloop
  endfacet
  facet normal 0.678798 0.734325 0
    outer loop
      vertex 8.93934 8.93934 3.8
      vertex 9.02583 8.85939 0
      vertex 8.93934 8.93934 0
    endloop
  endfacet
  facet normal 0.999231 -0.0392221 0
    outer loop
      vertex 8.5 10 3.8
      vertex 8.50462 10.1177 0
      vertex 8.50462 10.1177 3.8
    endloop
  endfacet
  facet normal 0.999231 -0.0392221 0
    outer loop
      vertex 8.50462 10.1177 0
      vertex 8.5 10 3.8
      vertex 8.5 10 0
    endloop
  endfacet
  facet normal -0.271567 0.96242 0
    outer loop
      vertex 10.4635 8.57341 0
      vertex 10.3502 8.54144 3.8
      vertex 10.4635 8.57341 3.8
    endloop
  endfacet
  facet normal -0.271567 0.96242 0
    outer loop
      vertex 10.3502 8.54144 3.8
      vertex 10.4635 8.57341 0
      vertex 10.3502 8.54144 0
    endloop
  endfacet
  facet normal 0.962457 0.271434 0
    outer loop
      vertex 8.57341 9.53647 3.8
      vertex 8.54144 9.64983 0
      vertex 8.54144 9.64983 3.8
    endloop
  endfacet
  facet normal 0.962457 0.271434 0
    outer loop
      vertex 8.54144 9.64983 0
      vertex 8.57341 9.53647 3.8
      vertex 8.57341 9.53647 0
    endloop
  endfacet
  facet normal 0.785289 0.619129 0
    outer loop
      vertex 8.85939 9.02583 3.8
      vertex 8.78647 9.11832 0
      vertex 8.78647 9.11832 3.8
    endloop
  endfacet
  facet normal 0.785289 0.619129 0
    outer loop
      vertex 8.78647 9.11832 0
      vertex 8.85939 9.02583 3.8
      vertex 8.85939 9.02583 0
    endloop
  endfacet
  facet normal -0.618983 -0.785404 0
    outer loop
      vertex 10.8817 61.2135 0
      vertex 10.9742 61.1406 3.8
      vertex 10.8817 61.2135 3.8
    endloop
  endfacet
  facet normal -0.618983 -0.785404 -0
    outer loop
      vertex 10.9742 61.1406 3.8
      vertex 10.8817 61.2135 0
      vertex 10.9742 61.1406 0
    endloop
  endfacet
  facet normal 0.418595 -0.908173 0
    outer loop
      vertex 9.31901 61.3365 0
      vertex 9.42597 61.3858 3.8
      vertex 9.31901 61.3365 3.8
    endloop
  endfacet
  facet normal 0.418595 -0.908173 0
    outer loop
      vertex 9.42597 61.3858 3.8
      vertex 9.31901 61.3365 0
      vertex 9.42597 61.3858 0
    endloop
  endfacet
  facet normal 0.938179 -0.34615 0
    outer loop
      vertex 8.57341 60.4635 3.8
      vertex 8.61418 60.574 0
      vertex 8.61418 60.574 3.8
    endloop
  endfacet
  facet normal 0.938179 -0.34615 0
    outer loop
      vertex 8.61418 60.574 0
      vertex 8.57341 60.4635 3.8
      vertex 8.57341 60.4635 0
    endloop
  endfacet
  facet normal -0.908232 -0.418466 0
    outer loop
      vertex 11.3858 60.574 0
      vertex 11.3365 60.681 3.8
      vertex 11.3365 60.681 0
    endloop
  endfacet
  facet normal -0.908232 -0.418466 0
    outer loop
      vertex 11.3365 60.681 3.8
      vertex 11.3858 60.574 0
      vertex 11.3858 60.574 3.8
    endloop
  endfacet
  facet normal -0.872549 -0.488526 0
    outer loop
      vertex 11.3365 60.681 0
      vertex 11.279 60.7837 3.8
      vertex 11.279 60.7837 0
    endloop
  endfacet
  facet normal -0.872549 -0.488526 0
    outer loop
      vertex 11.279 60.7837 3.8
      vertex 11.3365 60.681 0
      vertex 11.3365 60.681 3.8
    endloop
  endfacet
  facet normal -0.346374 -0.938096 0
    outer loop
      vertex 10.4635 61.4266 0
      vertex 10.574 61.3858 3.8
      vertex 10.4635 61.4266 3.8
    endloop
  endfacet
  facet normal -0.346374 -0.938096 -0
    outer loop
      vertex 10.574 61.3858 3.8
      vertex 10.4635 61.4266 0
      vertex 10.574 61.3858 0
    endloop
  endfacet
  facet normal 0.993055 -0.117654 0
    outer loop
      vertex 8.50462 60.1177 3.8
      vertex 8.51847 60.2346 0
      vertex 8.51847 60.2346 3.8
    endloop
  endfacet
  facet normal 0.993055 -0.117654 0
    outer loop
      vertex 8.51847 60.2346 0
      vertex 8.50462 60.1177 3.8
      vertex 8.50462 60.1177 0
    endloop
  endfacet
  facet normal 0.785322 -0.619088 0
    outer loop
      vertex 8.78647 60.8817 3.8
      vertex 8.85939 60.9742 0
      vertex 8.85939 60.9742 3.8
    endloop
  endfacet
  facet normal 0.785322 -0.619088 0
    outer loop
      vertex 8.85939 60.9742 0
      vertex 8.78647 60.8817 3.8
      vertex 8.78647 60.8817 0
    endloop
  endfacet
  facet normal 0.27167 -0.962391 0
    outer loop
      vertex 9.53647 61.4266 0
      vertex 9.64983 61.4586 3.8
      vertex 9.53647 61.4266 3.8
    endloop
  endfacet
  facet normal 0.27167 -0.962391 0
    outer loop
      vertex 9.64983 61.4586 3.8
      vertex 9.53647 61.4266 0
      vertex 9.64983 61.4586 0
    endloop
  endfacet
  facet normal -0.993017 0.117974 0
    outer loop
      vertex 11.4815 59.7653 0
      vertex 11.4954 59.8823 3.8
      vertex 11.4954 59.8823 0
    endloop
  endfacet
  facet normal -0.993017 0.117974 0
    outer loop
      vertex 11.4954 59.8823 3.8
      vertex 11.4815 59.7653 0
      vertex 11.4815 59.7653 3.8
    endloop
  endfacet
  facet normal -0.785404 0.618983 0
    outer loop
      vertex 11.1406 59.0258 0
      vertex 11.2135 59.1183 3.8
      vertex 11.2135 59.1183 0
    endloop
  endfacet
  facet normal -0.785404 0.618983 0
    outer loop
      vertex 11.2135 59.1183 3.8
      vertex 11.1406 59.0258 0
      vertex 11.1406 59.0258 3.8
    endloop
  endfacet
  facet normal 0.118014 0.993012 -0
    outer loop
      vertex 9.88231 58.5046 0
      vertex 9.76535 58.5185 3.8
      vertex 9.88231 58.5046 3.8
    endloop
  endfacet
  facet normal 0.118014 0.993012 0
    outer loop
      vertex 9.76535 58.5185 3.8
      vertex 9.88231 58.5046 0
      vertex 9.76535 58.5185 0
    endloop
  endfacet
  facet normal 0.619025 0.785372 -0
    outer loop
      vertex 9.11832 58.7865 0
      vertex 9.02583 58.8594 3.8
      vertex 9.11832 58.7865 3.8
    endloop
  endfacet
  facet normal 0.619025 0.785372 0
    outer loop
      vertex 9.02583 58.8594 3.8
      vertex 9.11832 58.7865 0
      vertex 9.02583 58.8594 0
    endloop
  endfacet
  facet normal 0.9082 0.418536 0
    outer loop
      vertex 8.66349 59.319 3.8
      vertex 8.61418 59.426 0
      vertex 8.61418 59.426 3.8
    endloop
  endfacet
  facet normal 0.9082 0.418536 0
    outer loop
      vertex 8.61418 59.426 0
      vertex 8.66349 59.319 3.8
      vertex 8.66349 59.319 0
    endloop
  endfacet
  facet normal -0.993005 -0.118073 0
    outer loop
      vertex 11.4954 60.1177 0
      vertex 11.4815 60.2346 3.8
      vertex 11.4815 60.2346 0
    endloop
  endfacet
  facet normal -0.993005 -0.118073 0
    outer loop
      vertex 11.4815 60.2346 3.8
      vertex 11.4954 60.1177 0
      vertex 11.4954 60.1177 3.8
    endloop
  endfacet
  facet normal -0.962353 -0.271803 0
    outer loop
      vertex 11.4586 60.3502 0
      vertex 11.4266 60.4635 3.8
      vertex 11.4266 60.4635 0
    endloop
  endfacet
  facet normal -0.962353 -0.271803 0
    outer loop
      vertex 11.4266 60.4635 3.8
      vertex 11.4586 60.3502 0
      vertex 11.4586 60.3502 3.8
    endloop
  endfacet
  facet normal -0.938096 -0.346374 0
    outer loop
      vertex 11.4266 60.4635 0
      vertex 11.3858 60.574 3.8
      vertex 11.3858 60.574 0
    endloop
  endfacet
  facet normal -0.938096 -0.346374 0
    outer loop
      vertex 11.3858 60.574 3.8
      vertex 11.4266 60.4635 0
      vertex 11.4266 60.4635 3.8
    endloop
  endfacet
  facet normal -0.734575 -0.678527 0
    outer loop
      vertex 11.1406 60.9742 0
      vertex 11.0607 61.0607 3.8
      vertex 11.0607 61.0607 0
    endloop
  endfacet
  facet normal -0.734575 -0.678527 0
    outer loop
      vertex 11.0607 61.0607 3.8
      vertex 11.1406 60.9742 0
      vertex 11.1406 60.9742 3.8
    endloop
  endfacet
  facet normal -0.785404 -0.618983 0
    outer loop
      vertex 11.2135 60.8817 0
      vertex 11.1406 60.9742 3.8
      vertex 11.1406 60.9742 0
    endloop
  endfacet
  facet normal -0.785404 -0.618983 0
    outer loop
      vertex 11.1406 60.9742 3.8
      vertex 11.2135 60.8817 0
      vertex 11.2135 60.8817 3.8
    endloop
  endfacet
  facet normal -0.678527 -0.734575 0
    outer loop
      vertex 10.9742 61.1406 0
      vertex 11.0607 61.0607 3.8
      vertex 10.9742 61.1406 3.8
    endloop
  endfacet
  facet normal -0.678527 -0.734575 -0
    outer loop
      vertex 11.0607 61.0607 3.8
      vertex 10.9742 61.1406 0
      vertex 11.0607 61.0607 0
    endloop
  endfacet
  facet normal -0.555679 -0.831397 0
    outer loop
      vertex 10.7837 61.279 0
      vertex 10.8817 61.2135 3.8
      vertex 10.7837 61.279 3.8
    endloop
  endfacet
  facet normal -0.555679 -0.831397 -0
    outer loop
      vertex 10.8817 61.2135 3.8
      vertex 10.7837 61.279 0
      vertex 10.8817 61.2135 0
    endloop
  endfacet
  facet normal 0.0390559 -0.999237 0
    outer loop
      vertex 9.88231 61.4954 0
      vertex 10 61.5 3.8
      vertex 9.88231 61.4954 3.8
    endloop
  endfacet
  facet normal 0.0390559 -0.999237 0
    outer loop
      vertex 10 61.5 3.8
      vertex 9.88231 61.4954 0
      vertex 10 61.5 0
    endloop
  endfacet
  facet normal -0.488526 -0.872549 0
    outer loop
      vertex 10.681 61.3365 0
      vertex 10.7837 61.279 3.8
      vertex 10.681 61.3365 3.8
    endloop
  endfacet
  facet normal -0.488526 -0.872549 -0
    outer loop
      vertex 10.7837 61.279 3.8
      vertex 10.681 61.3365 0
      vertex 10.7837 61.279 0
    endloop
  endfacet
  facet normal -0.0390526 -0.999237 0
    outer loop
      vertex 10 61.5 0
      vertex 10.1177 61.4954 3.8
      vertex 10 61.5 3.8
    endloop
  endfacet
  facet normal -0.0390526 -0.999237 -0
    outer loop
      vertex 10.1177 61.4954 3.8
      vertex 10 61.5 0
      vertex 10.1177 61.4954 0
    endloop
  endfacet
  facet normal -0.271803 -0.962353 0
    outer loop
      vertex 10.3502 61.4586 0
      vertex 10.4635 61.4266 3.8
      vertex 10.3502 61.4586 3.8
    endloop
  endfacet
  facet normal -0.271803 -0.962353 -0
    outer loop
      vertex 10.4635 61.4266 3.8
      vertex 10.3502 61.4586 0
      vertex 10.4635 61.4266 0
    endloop
  endfacet
  facet normal -0.194483 -0.980906 0
    outer loop
      vertex 10.2347 61.4815 0
      vertex 10.3502 61.4586 3.8
      vertex 10.2347 61.4815 3.8
    endloop
  endfacet
  facet normal -0.194483 -0.980906 -0
    outer loop
      vertex 10.3502 61.4586 3.8
      vertex 10.2347 61.4815 0
      vertex 10.3502 61.4586 0
    endloop
  endfacet
  facet normal 0.999231 0.0392221 0
    outer loop
      vertex 8.50462 59.8823 3.8
      vertex 8.5 60 0
      vertex 8.5 60 3.8
    endloop
  endfacet
  facet normal 0.999231 0.0392221 0
    outer loop
      vertex 8.5 60 0
      vertex 8.50462 59.8823 3.8
      vertex 8.50462 59.8823 0
    endloop
  endfacet
  facet normal 0.96242 -0.271567 0
    outer loop
      vertex 8.54144 60.3502 3.8
      vertex 8.57341 60.4635 0
      vertex 8.57341 60.4635 3.8
    endloop
  endfacet
  facet normal 0.96242 -0.271567 0
    outer loop
      vertex 8.57341 60.4635 0
      vertex 8.54144 60.3502 3.8
      vertex 8.54144 60.3502 0
    endloop
  endfacet
  facet normal 0.980825 -0.194892 0
    outer loop
      vertex 8.51847 60.2346 3.8
      vertex 8.54144 60.3502 0
      vertex 8.54144 60.3502 3.8
    endloop
  endfacet
  facet normal 0.980825 -0.194892 0
    outer loop
      vertex 8.54144 60.3502 0
      vertex 8.51847 60.2346 3.8
      vertex 8.51847 60.2346 0
    endloop
  endfacet
  facet normal 0.872368 -0.488849 0
    outer loop
      vertex 8.66349 60.681 3.8
      vertex 8.72104 60.7837 0
      vertex 8.72104 60.7837 3.8
    endloop
  endfacet
  facet normal 0.872368 -0.488849 0
    outer loop
      vertex 8.72104 60.7837 0
      vertex 8.66349 60.681 3.8
      vertex 8.66349 60.681 0
    endloop
  endfacet
  facet normal 0.831671 -0.555268 0
    outer loop
      vertex 8.72104 60.7837 3.8
      vertex 8.78647 60.8817 0
      vertex 8.78647 60.8817 3.8
    endloop
  endfacet
  facet normal 0.831671 -0.555268 0
    outer loop
      vertex 8.78647 60.8817 0
      vertex 8.72104 60.7837 3.8
      vertex 8.72104 60.7837 0
    endloop
  endfacet
  facet normal 0.346374 -0.938096 0
    outer loop
      vertex 9.42597 61.3858 0
      vertex 9.53647 61.4266 3.8
      vertex 9.42597 61.3858 3.8
    endloop
  endfacet
  facet normal 0.346374 -0.938096 0
    outer loop
      vertex 9.53647 61.4266 3.8
      vertex 9.42597 61.3858 0
      vertex 9.53647 61.4266 0
    endloop
  endfacet
  facet normal 0.118014 -0.993012 0
    outer loop
      vertex 9.76535 61.4815 0
      vertex 9.88231 61.4954 3.8
      vertex 9.76535 61.4815 3.8
    endloop
  endfacet
  facet normal 0.118014 -0.993012 0
    outer loop
      vertex 9.88231 61.4954 3.8
      vertex 9.76535 61.4815 0
      vertex 9.88231 61.4954 0
    endloop
  endfacet
  facet normal 0.619025 -0.785372 0
    outer loop
      vertex 9.02583 61.1406 0
      vertex 9.11832 61.2135 3.8
      vertex 9.02583 61.1406 3.8
    endloop
  endfacet
  facet normal 0.619025 -0.785372 0
    outer loop
      vertex 9.11832 61.2135 3.8
      vertex 9.02583 61.1406 0
      vertex 9.11832 61.2135 0
    endloop
  endfacet
  facet normal 0.678569 -0.734536 0
    outer loop
      vertex 8.93934 61.0607 0
      vertex 9.02583 61.1406 3.8
      vertex 8.93934 61.0607 3.8
    endloop
  endfacet
  facet normal 0.678569 -0.734536 0
    outer loop
      vertex 9.02583 61.1406 3.8
      vertex 8.93934 61.0607 0
      vertex 9.02583 61.1406 0
    endloop
  endfacet
  facet normal 0.488309 -0.872671 0
    outer loop
      vertex 9.21625 61.279 0
      vertex 9.31901 61.3365 3.8
      vertex 9.21625 61.279 3.8
    endloop
  endfacet
  facet normal 0.488309 -0.872671 0
    outer loop
      vertex 9.31901 61.3365 3.8
      vertex 9.21625 61.279 0
      vertex 9.31901 61.3365 0
    endloop
  endfacet
  facet normal 0.734364 -0.678756 0
    outer loop
      vertex 8.85939 60.9742 3.8
      vertex 8.93934 61.0607 0
      vertex 8.93934 61.0607 3.8
    endloop
  endfacet
  facet normal 0.734364 -0.678756 0
    outer loop
      vertex 8.93934 61.0607 0
      vertex 8.85939 60.9742 3.8
      vertex 8.85939 60.9742 0
    endloop
  endfacet
  facet normal -0.999237 -0.0390526 0
    outer loop
      vertex 11.5 60 0
      vertex 11.4954 60.1177 3.8
      vertex 11.4954 60.1177 0
    endloop
  endfacet
  facet normal -0.999237 -0.0390526 0
    outer loop
      vertex 11.4954 60.1177 3.8
      vertex 11.5 60 0
      vertex 11.5 60 3.8
    endloop
  endfacet
  facet normal -0.117974 0.993017 0
    outer loop
      vertex 10.2347 58.5185 0
      vertex 10.1177 58.5046 3.8
      vertex 10.2347 58.5185 3.8
    endloop
  endfacet
  facet normal -0.117974 0.993017 0
    outer loop
      vertex 10.1177 58.5046 3.8
      vertex 10.2347 58.5185 0
      vertex 10.1177 58.5046 0
    endloop
  endfacet
  facet normal -0.962353 0.271803 0
    outer loop
      vertex 11.4266 59.5365 0
      vertex 11.4586 59.6498 3.8
      vertex 11.4586 59.6498 0
    endloop
  endfacet
  facet normal -0.962353 0.271803 0
    outer loop
      vertex 11.4586 59.6498 3.8
      vertex 11.4266 59.5365 0
      vertex 11.4266 59.5365 3.8
    endloop
  endfacet
  facet normal -0.346374 0.938096 0
    outer loop
      vertex 10.574 58.6142 0
      vertex 10.4635 58.5734 3.8
      vertex 10.574 58.6142 3.8
    endloop
  endfacet
  facet normal -0.346374 0.938096 0
    outer loop
      vertex 10.4635 58.5734 3.8
      vertex 10.574 58.6142 0
      vertex 10.4635 58.5734 0
    endloop
  endfacet
  facet normal -0.678527 0.734575 0
    outer loop
      vertex 11.0607 58.9393 0
      vertex 10.9742 58.8594 3.8
      vertex 11.0607 58.9393 3.8
    endloop
  endfacet
  facet normal -0.678527 0.734575 0
    outer loop
      vertex 10.9742 58.8594 3.8
      vertex 11.0607 58.9393 0
      vertex 10.9742 58.8594 0
    endloop
  endfacet
  facet normal -0.488526 0.872549 0
    outer loop
      vertex 10.7837 58.721 0
      vertex 10.681 58.6635 3.8
      vertex 10.7837 58.721 3.8
    endloop
  endfacet
  facet normal -0.488526 0.872549 0
    outer loop
      vertex 10.681 58.6635 3.8
      vertex 10.7837 58.721 0
      vertex 10.681 58.6635 0
    endloop
  endfacet
  facet normal -0.872549 0.488526 0
    outer loop
      vertex 11.279 59.2163 0
      vertex 11.3365 59.319 3.8
      vertex 11.3365 59.319 0
    endloop
  endfacet
  facet normal -0.872549 0.488526 0
    outer loop
      vertex 11.3365 59.319 3.8
      vertex 11.279 59.2163 0
      vertex 11.279 59.2163 3.8
    endloop
  endfacet
  facet normal -0.0390526 0.999237 0
    outer loop
      vertex 10.1177 58.5046 0
      vertex 10 58.5 3.8
      vertex 10.1177 58.5046 3.8
    endloop
  endfacet
  facet normal -0.0390526 0.999237 0
    outer loop
      vertex 10 58.5 3.8
      vertex 10.1177 58.5046 0
      vertex 10 58.5 0
    endloop
  endfacet
  facet normal 0.27167 0.962391 -0
    outer loop
      vertex 9.64983 58.5414 0
      vertex 9.53647 58.5734 3.8
      vertex 9.64983 58.5414 3.8
    endloop
  endfacet
  facet normal 0.27167 0.962391 0
    outer loop
      vertex 9.53647 58.5734 3.8
      vertex 9.64983 58.5414 0
      vertex 9.53647 58.5734 0
    endloop
  endfacet
  facet normal 0.488309 0.872671 -0
    outer loop
      vertex 9.31901 58.6635 0
      vertex 9.21625 58.721 3.8
      vertex 9.31901 58.6635 3.8
    endloop
  endfacet
  facet normal 0.488309 0.872671 0
    outer loop
      vertex 9.21625 58.721 3.8
      vertex 9.31901 58.6635 0
      vertex 9.21625 58.721 0
    endloop
  endfacet
  facet normal 0.346374 0.938096 -0
    outer loop
      vertex 9.53647 58.5734 0
      vertex 9.42597 58.6142 3.8
      vertex 9.53647 58.5734 3.8
    endloop
  endfacet
  facet normal 0.346374 0.938096 0
    outer loop
      vertex 9.42597 58.6142 3.8
      vertex 9.53647 58.5734 0
      vertex 9.42597 58.6142 0
    endloop
  endfacet
  facet normal 0.993066 0.117555 0
    outer loop
      vertex 8.51847 59.7653 3.8
      vertex 8.50462 59.8823 0
      vertex 8.50462 59.8823 3.8
    endloop
  endfacet
  facet normal 0.993066 0.117555 0
    outer loop
      vertex 8.50462 59.8823 0
      vertex 8.51847 59.7653 3.8
      vertex 8.51847 59.7653 0
    endloop
  endfacet
  facet normal 0.938179 0.34615 0
    outer loop
      vertex 8.61418 59.426 3.8
      vertex 8.57341 59.5365 0
      vertex 8.57341 59.5365 3.8
    endloop
  endfacet
  facet normal 0.938179 0.34615 0
    outer loop
      vertex 8.57341 59.5365 0
      vertex 8.61418 59.426 3.8
      vertex 8.61418 59.426 0
    endloop
  endfacet
  facet normal 0.734364 0.678756 0
    outer loop
      vertex 8.93934 58.9393 3.8
      vertex 8.85939 59.0258 0
      vertex 8.85939 59.0258 3.8
    endloop
  endfacet
  facet normal 0.734364 0.678756 0
    outer loop
      vertex 8.85939 59.0258 0
      vertex 8.93934 58.9393 3.8
      vertex 8.93934 58.9393 0
    endloop
  endfacet
  facet normal 0.872368 0.488849 0
    outer loop
      vertex 8.72104 59.2163 3.8
      vertex 8.66349 59.319 0
      vertex 8.66349 59.319 3.8
    endloop
  endfacet
  facet normal 0.872368 0.488849 0
    outer loop
      vertex 8.66349 59.319 0
      vertex 8.72104 59.2163 3.8
      vertex 8.72104 59.2163 0
    endloop
  endfacet
  facet normal 0.678569 0.734536 -0
    outer loop
      vertex 9.02583 58.8594 0
      vertex 8.93934 58.9393 3.8
      vertex 9.02583 58.8594 3.8
    endloop
  endfacet
  facet normal 0.678569 0.734536 0
    outer loop
      vertex 8.93934 58.9393 3.8
      vertex 9.02583 58.8594 0
      vertex 8.93934 58.9393 0
    endloop
  endfacet
  facet normal -0.980938 -0.194321 0
    outer loop
      vertex 11.4815 60.2346 0
      vertex 11.4586 60.3502 3.8
      vertex 11.4586 60.3502 0
    endloop
  endfacet
  facet normal -0.980938 -0.194321 0
    outer loop
      vertex 11.4586 60.3502 3.8
      vertex 11.4815 60.2346 0
      vertex 11.4815 60.2346 3.8
    endloop
  endfacet
  facet normal -0.418466 -0.908232 0
    outer loop
      vertex 10.574 61.3858 0
      vertex 10.681 61.3365 3.8
      vertex 10.574 61.3858 3.8
    endloop
  endfacet
  facet normal -0.418466 -0.908232 -0
    outer loop
      vertex 10.681 61.3365 3.8
      vertex 10.574 61.3858 0
      vertex 10.681 61.3365 0
    endloop
  endfacet
  facet normal 0.9082 -0.418536 0
    outer loop
      vertex 8.61418 60.574 3.8
      vertex 8.66349 60.681 0
      vertex 8.66349 60.681 3.8
    endloop
  endfacet
  facet normal 0.9082 -0.418536 0
    outer loop
      vertex 8.66349 60.681 0
      vertex 8.61418 60.574 3.8
      vertex 8.61418 60.574 0
    endloop
  endfacet
  facet normal 0.555953 -0.831214 0
    outer loop
      vertex 9.11832 61.2135 0
      vertex 9.21625 61.279 3.8
      vertex 9.11832 61.2135 3.8
    endloop
  endfacet
  facet normal 0.555953 -0.831214 0
    outer loop
      vertex 9.21625 61.279 3.8
      vertex 9.11832 61.2135 0
      vertex 9.21625 61.279 0
    endloop
  endfacet
  facet normal -0.999237 0.0390526 0
    outer loop
      vertex 11.4954 59.8823 0
      vertex 11.5 60 3.8
      vertex 11.5 60 0
    endloop
  endfacet
  facet normal -0.999237 0.0390526 0
    outer loop
      vertex 11.5 60 3.8
      vertex 11.4954 59.8823 0
      vertex 11.4954 59.8823 3.8
    endloop
  endfacet
  facet normal -0.980906 0.194483 0
    outer loop
      vertex 11.4586 59.6498 0
      vertex 11.4815 59.7653 3.8
      vertex 11.4815 59.7653 0
    endloop
  endfacet
  facet normal -0.980906 0.194483 0
    outer loop
      vertex 11.4815 59.7653 3.8
      vertex 11.4586 59.6498 0
      vertex 11.4586 59.6498 3.8
    endloop
  endfacet
  facet normal -0.194483 0.980906 0
    outer loop
      vertex 10.3502 58.5414 0
      vertex 10.2347 58.5185 3.8
      vertex 10.3502 58.5414 3.8
    endloop
  endfacet
  facet normal -0.194483 0.980906 0
    outer loop
      vertex 10.2347 58.5185 3.8
      vertex 10.3502 58.5414 0
      vertex 10.2347 58.5185 0
    endloop
  endfacet
  facet normal -0.418466 0.908232 0
    outer loop
      vertex 10.681 58.6635 0
      vertex 10.574 58.6142 3.8
      vertex 10.681 58.6635 3.8
    endloop
  endfacet
  facet normal -0.418466 0.908232 0
    outer loop
      vertex 10.574 58.6142 3.8
      vertex 10.681 58.6635 0
      vertex 10.574 58.6142 0
    endloop
  endfacet
  facet normal -0.734575 0.678527 0
    outer loop
      vertex 11.0607 58.9393 0
      vertex 11.1406 59.0258 3.8
      vertex 11.1406 59.0258 0
    endloop
  endfacet
  facet normal -0.734575 0.678527 0
    outer loop
      vertex 11.1406 59.0258 3.8
      vertex 11.0607 58.9393 0
      vertex 11.0607 58.9393 3.8
    endloop
  endfacet
  facet normal -0.555679 0.831397 0
    outer loop
      vertex 10.8817 58.7865 0
      vertex 10.7837 58.721 3.8
      vertex 10.8817 58.7865 3.8
    endloop
  endfacet
  facet normal -0.555679 0.831397 0
    outer loop
      vertex 10.7837 58.721 3.8
      vertex 10.8817 58.7865 0
      vertex 10.7837 58.721 0
    endloop
  endfacet
  facet normal -0.618983 0.785404 0
    outer loop
      vertex 10.9742 58.8594 0
      vertex 10.8817 58.7865 3.8
      vertex 10.9742 58.8594 3.8
    endloop
  endfacet
  facet normal -0.618983 0.785404 0
    outer loop
      vertex 10.8817 58.7865 3.8
      vertex 10.9742 58.8594 0
      vertex 10.8817 58.7865 0
    endloop
  endfacet
  facet normal -0.908232 0.418466 0
    outer loop
      vertex 11.3365 59.319 0
      vertex 11.3858 59.426 3.8
      vertex 11.3858 59.426 0
    endloop
  endfacet
  facet normal -0.908232 0.418466 0
    outer loop
      vertex 11.3858 59.426 3.8
      vertex 11.3365 59.319 0
      vertex 11.3365 59.319 3.8
    endloop
  endfacet
  facet normal -0.831397 0.555679 0
    outer loop
      vertex 11.2135 59.1183 0
      vertex 11.279 59.2163 3.8
      vertex 11.279 59.2163 0
    endloop
  endfacet
  facet normal -0.831397 0.555679 0
    outer loop
      vertex 11.279 59.2163 3.8
      vertex 11.2135 59.1183 0
      vertex 11.2135 59.1183 3.8
    endloop
  endfacet
  facet normal 0.0390559 0.999237 -0
    outer loop
      vertex 10 58.5 0
      vertex 9.88231 58.5046 3.8
      vertex 10 58.5 3.8
    endloop
  endfacet
  facet normal 0.0390559 0.999237 0
    outer loop
      vertex 9.88231 58.5046 3.8
      vertex 10 58.5 0
      vertex 9.88231 58.5046 0
    endloop
  endfacet
  facet normal 0.19445 0.980912 -0
    outer loop
      vertex 9.76535 58.5185 0
      vertex 9.64983 58.5414 3.8
      vertex 9.76535 58.5185 3.8
    endloop
  endfacet
  facet normal 0.19445 0.980912 0
    outer loop
      vertex 9.64983 58.5414 3.8
      vertex 9.76535 58.5185 0
      vertex 9.64983 58.5414 0
    endloop
  endfacet
  facet normal 0.418595 0.908173 -0
    outer loop
      vertex 9.42597 58.6142 0
      vertex 9.31901 58.6635 3.8
      vertex 9.42597 58.6142 3.8
    endloop
  endfacet
  facet normal 0.418595 0.908173 0
    outer loop
      vertex 9.31901 58.6635 3.8
      vertex 9.42597 58.6142 0
      vertex 9.31901 58.6635 0
    endloop
  endfacet
  facet normal 0.555953 0.831214 -0
    outer loop
      vertex 9.21625 58.721 0
      vertex 9.11832 58.7865 3.8
      vertex 9.21625 58.721 3.8
    endloop
  endfacet
  facet normal 0.555953 0.831214 0
    outer loop
      vertex 9.11832 58.7865 3.8
      vertex 9.21625 58.721 0
      vertex 9.11832 58.7865 0
    endloop
  endfacet
  facet normal 0.980792 0.195055 0
    outer loop
      vertex 8.54144 59.6498 3.8
      vertex 8.51847 59.7653 0
      vertex 8.51847 59.7653 3.8
    endloop
  endfacet
  facet normal 0.980792 0.195055 0
    outer loop
      vertex 8.51847 59.7653 0
      vertex 8.54144 59.6498 3.8
      vertex 8.54144 59.6498 0
    endloop
  endfacet
  facet normal 0.96242 0.271567 0
    outer loop
      vertex 8.57341 59.5365 3.8
      vertex 8.54144 59.6498 0
      vertex 8.54144 59.6498 3.8
    endloop
  endfacet
  facet normal 0.96242 0.271567 0
    outer loop
      vertex 8.54144 59.6498 0
      vertex 8.57341 59.5365 3.8
      vertex 8.57341 59.5365 0
    endloop
  endfacet
  facet normal 0.785322 0.619088 0
    outer loop
      vertex 8.85939 59.0258 3.8
      vertex 8.78647 59.1183 0
      vertex 8.78647 59.1183 3.8
    endloop
  endfacet
  facet normal 0.785322 0.619088 0
    outer loop
      vertex 8.78647 59.1183 0
      vertex 8.85939 59.0258 3.8
      vertex 8.85939 59.0258 0
    endloop
  endfacet
  facet normal 0.831671 0.555268 0
    outer loop
      vertex 8.78647 59.1183 3.8
      vertex 8.72104 59.2163 0
      vertex 8.72104 59.2163 3.8
    endloop
  endfacet
  facet normal 0.831671 0.555268 0
    outer loop
      vertex 8.72104 59.2163 0
      vertex 8.78647 59.1183 3.8
      vertex 8.78647 59.1183 0
    endloop
  endfacet
  facet normal -0.831397 -0.555679 0
    outer loop
      vertex 11.279 60.7837 0
      vertex 11.2135 60.8817 3.8
      vertex 11.2135 60.8817 0
    endloop
  endfacet
  facet normal -0.831397 -0.555679 0
    outer loop
      vertex 11.2135 60.8817 3.8
      vertex 11.279 60.7837 0
      vertex 11.279 60.7837 3.8
    endloop
  endfacet
  facet normal -0.117974 -0.993017 0
    outer loop
      vertex 10.1177 61.4954 0
      vertex 10.2347 61.4815 3.8
      vertex 10.1177 61.4954 3.8
    endloop
  endfacet
  facet normal -0.117974 -0.993017 -0
    outer loop
      vertex 10.2347 61.4815 3.8
      vertex 10.1177 61.4954 0
      vertex 10.2347 61.4815 0
    endloop
  endfacet
  facet normal 0.999231 -0.0392221 0
    outer loop
      vertex 8.5 60 3.8
      vertex 8.50462 60.1177 0
      vertex 8.50462 60.1177 3.8
    endloop
  endfacet
  facet normal 0.999231 -0.0392221 0
    outer loop
      vertex 8.50462 60.1177 0
      vertex 8.5 60 3.8
      vertex 8.5 60 0
    endloop
  endfacet
  facet normal 0.19445 -0.980912 0
    outer loop
      vertex 9.64983 61.4586 0
      vertex 9.76535 61.4815 3.8
      vertex 9.64983 61.4586 3.8
    endloop
  endfacet
  facet normal 0.19445 -0.980912 0
    outer loop
      vertex 9.76535 61.4815 3.8
      vertex 9.64983 61.4586 0
      vertex 9.76535 61.4815 0
    endloop
  endfacet
  facet normal -0.271803 0.962353 0
    outer loop
      vertex 10.4635 58.5734 0
      vertex 10.3502 58.5414 3.8
      vertex 10.4635 58.5734 3.8
    endloop
  endfacet
  facet normal -0.271803 0.962353 0
    outer loop
      vertex 10.3502 58.5414 3.8
      vertex 10.4635 58.5734 0
      vertex 10.3502 58.5414 0
    endloop
  endfacet
  facet normal -0.938096 0.346374 0
    outer loop
      vertex 11.3858 59.426 0
      vertex 11.4266 59.5365 3.8
      vertex 11.4266 59.5365 0
    endloop
  endfacet
  facet normal -0.938096 0.346374 0
    outer loop
      vertex 11.4266 59.5365 3.8
      vertex 11.3858 59.426 0
      vertex 11.3858 59.426 3.8
    endloop
  endfacet
  facet normal -0.621052 -0.783769 0
    outer loop
      vertex 108.882 11.2135 0
      vertex 108.974 11.1406 3.8
      vertex 108.882 11.2135 3.8
    endloop
  endfacet
  facet normal -0.621052 -0.783769 -0
    outer loop
      vertex 108.974 11.1406 3.8
      vertex 108.882 11.2135 0
      vertex 108.974 11.1406 0
    endloop
  endfacet
  facet normal 0.418466 -0.908232 0
    outer loop
      vertex 107.319 11.3365 0
      vertex 107.426 11.3858 3.8
      vertex 107.319 11.3365 3.8
    endloop
  endfacet
  facet normal 0.418466 -0.908232 0
    outer loop
      vertex 107.426 11.3858 3.8
      vertex 107.319 11.3365 0
      vertex 107.426 11.3858 0
    endloop
  endfacet
  facet normal 0.937544 -0.347867 0
    outer loop
      vertex 106.573 10.4635 3.8
      vertex 106.614 10.574 0
      vertex 106.614 10.574 3.8
    endloop
  endfacet
  facet normal 0.937544 -0.347867 0
    outer loop
      vertex 106.614 10.574 0
      vertex 106.573 10.4635 3.8
      vertex 106.573 10.4635 0
    endloop
  endfacet
  facet normal -0.621157 0.783686 0
    outer loop
      vertex 108.974 8.85939 0
      vertex 108.882 8.78647 3.8
      vertex 108.974 8.85939 3.8
    endloop
  endfacet
  facet normal -0.621157 0.783686 0
    outer loop
      vertex 108.882 8.78647 3.8
      vertex 108.974 8.85939 0
      vertex 108.882 8.78647 0
    endloop
  endfacet
  facet normal 0.347534 0.937668 -0
    outer loop
      vertex 107.536 8.57341 0
      vertex 107.426 8.61418 3.8
      vertex 107.536 8.57341 3.8
    endloop
  endfacet
  facet normal 0.347534 0.937668 0
    outer loop
      vertex 107.426 8.61418 3.8
      vertex 107.536 8.57341 0
      vertex 107.426 8.61418 0
    endloop
  endfacet
  facet normal -0.909199 -0.416362 0
    outer loop
      vertex 109.386 10.574 0
      vertex 109.337 10.681 3.8
      vertex 109.337 10.681 0
    endloop
  endfacet
  facet normal -0.909199 -0.416362 0
    outer loop
      vertex 109.337 10.681 3.8
      vertex 109.386 10.574 0
      vertex 109.386 10.574 3.8
    endloop
  endfacet
  facet normal -0.870736 -0.49175 0
    outer loop
      vertex 109.337 10.681 0
      vertex 109.279 10.7837 3.8
      vertex 109.279 10.7837 0
    endloop
  endfacet
  facet normal -0.870736 -0.49175 0
    outer loop
      vertex 109.279 10.7837 3.8
      vertex 109.337 10.681 0
      vertex 109.337 10.681 3.8
    endloop
  endfacet
  facet normal -0.347758 -0.937584 0
    outer loop
      vertex 108.464 11.4266 0
      vertex 108.574 11.3858 3.8
      vertex 108.464 11.4266 3.8
    endloop
  endfacet
  facet normal -0.347758 -0.937584 -0
    outer loop
      vertex 108.574 11.3858 3.8
      vertex 108.464 11.4266 0
      vertex 108.574 11.3858 0
    endloop
  endfacet
  facet normal 0.993884 -0.110432 0
    outer loop
      vertex 106.505 10.1177 3.8
      vertex 106.518 10.2347 0
      vertex 106.518 10.2347 3.8
    endloop
  endfacet
  facet normal 0.993884 -0.110432 0
    outer loop
      vertex 106.518 10.2347 0
      vertex 106.505 10.1177 3.8
      vertex 106.505 10.1177 0
    endloop
  endfacet
  facet normal 0.784991 -0.619507 0
    outer loop
      vertex 106.786 10.8817 3.8
      vertex 106.859 10.9742 0
      vertex 106.859 10.9742 3.8
    endloop
  endfacet
  facet normal 0.784991 -0.619507 0
    outer loop
      vertex 106.859 10.9742 0
      vertex 106.786 10.8817 3.8
      vertex 106.786 10.8817 0
    endloop
  endfacet
  facet normal 0.270256 -0.962788 0
    outer loop
      vertex 107.536 11.4266 0
      vertex 107.65 11.4586 3.8
      vertex 107.536 11.4266 3.8
    endloop
  endfacet
  facet normal 0.270256 -0.962788 0
    outer loop
      vertex 107.65 11.4586 3.8
      vertex 107.536 11.4266 0
      vertex 107.65 11.4586 0
    endloop
  endfacet
  facet normal -0.99388 0.110469 0
    outer loop
      vertex 109.482 9.76535 0
      vertex 109.495 9.88231 3.8
      vertex 109.495 9.88231 0
    endloop
  endfacet
  facet normal -0.99388 0.110469 0
    outer loop
      vertex 109.495 9.88231 3.8
      vertex 109.482 9.76535 0
      vertex 109.482 9.76535 3.8
    endloop
  endfacet
  facet normal -0.784959 0.619548 0
    outer loop
      vertex 109.141 9.02583 0
      vertex 109.214 9.11832 3.8
      vertex 109.214 9.11832 0
    endloop
  endfacet
  facet normal -0.784959 0.619548 0
    outer loop
      vertex 109.214 9.11832 3.8
      vertex 109.141 9.02583 0
      vertex 109.141 9.02583 3.8
    endloop
  endfacet
  facet normal 0.117555 0.993066 -0
    outer loop
      vertex 107.882 8.50462 0
      vertex 107.765 8.51847 3.8
      vertex 107.882 8.50462 3.8
    endloop
  endfacet
  facet normal 0.117555 0.993066 0
    outer loop
      vertex 107.765 8.51847 3.8
      vertex 107.882 8.50462 0
      vertex 107.765 8.51847 0
    endloop
  endfacet
  facet normal 0.621157 0.783686 -0
    outer loop
      vertex 107.118 8.78647 0
      vertex 107.026 8.85939 3.8
      vertex 107.118 8.78647 3.8
    endloop
  endfacet
  facet normal 0.621157 0.783686 0
    outer loop
      vertex 107.026 8.85939 3.8
      vertex 107.118 8.78647 0
      vertex 107.026 8.85939 0
    endloop
  endfacet
  facet normal 0.962391 0.27167 0
    outer loop
      vertex 106.573 9.53647 3.8
      vertex 106.541 9.64983 0
      vertex 106.541 9.64983 3.8
    endloop
  endfacet
  facet normal 0.962391 0.27167 0
    outer loop
      vertex 106.541 9.64983 0
      vertex 106.573 9.53647 3.8
      vertex 106.573 9.53647 0
    endloop
  endfacet
  facet normal -0.993884 -0.110432 0
    outer loop
      vertex 109.495 10.1177 0
      vertex 109.482 10.2347 3.8
      vertex 109.482 10.2347 0
    endloop
  endfacet
  facet normal -0.993884 -0.110432 0
    outer loop
      vertex 109.482 10.2347 3.8
      vertex 109.495 10.1177 0
      vertex 109.495 10.1177 3.8
    endloop
  endfacet
  facet normal -0.962353 -0.271803 0
    outer loop
      vertex 109.459 10.3502 0
      vertex 109.427 10.4635 3.8
      vertex 109.427 10.4635 0
    endloop
  endfacet
  facet normal -0.962353 -0.271803 0
    outer loop
      vertex 109.427 10.4635 3.8
      vertex 109.459 10.3502 0
      vertex 109.459 10.3502 3.8
    endloop
  endfacet
  facet normal -0.937544 -0.347867 0
    outer loop
      vertex 109.427 10.4635 0
      vertex 109.386 10.574 3.8
      vertex 109.386 10.574 0
    endloop
  endfacet
  facet normal -0.937544 -0.347867 0
    outer loop
      vertex 109.386 10.574 3.8
      vertex 109.427 10.4635 0
      vertex 109.427 10.4635 3.8
    endloop
  endfacet
  facet normal -0.734152 -0.678985 0
    outer loop
      vertex 109.141 10.9742 0
      vertex 109.061 11.0607 3.8
      vertex 109.061 11.0607 0
    endloop
  endfacet
  facet normal -0.734152 -0.678985 0
    outer loop
      vertex 109.061 11.0607 3.8
      vertex 109.141 10.9742 0
      vertex 109.141 10.9742 3.8
    endloop
  endfacet
  facet normal -0.784991 -0.619507 0
    outer loop
      vertex 109.214 10.8817 0
      vertex 109.141 10.9742 3.8
      vertex 109.141 10.9742 0
    endloop
  endfacet
  facet normal -0.784991 -0.619507 0
    outer loop
      vertex 109.141 10.9742 3.8
      vertex 109.214 10.8817 0
      vertex 109.214 10.8817 3.8
    endloop
  endfacet
  facet normal -0.676414 -0.736521 0
    outer loop
      vertex 108.974 11.1406 0
      vertex 109.061 11.0607 3.8
      vertex 108.974 11.1406 3.8
    endloop
  endfacet
  facet normal -0.676414 -0.736521 -0
    outer loop
      vertex 109.061 11.0607 3.8
      vertex 108.974 11.1406 0
      vertex 109.061 11.0607 0
    endloop
  endfacet
  facet normal -0.555679 -0.831397 0
    outer loop
      vertex 108.784 11.279 0
      vertex 108.882 11.2135 3.8
      vertex 108.784 11.279 3.8
    endloop
  endfacet
  facet normal -0.555679 -0.831397 -0
    outer loop
      vertex 108.882 11.2135 3.8
      vertex 108.784 11.279 0
      vertex 108.882 11.2135 0
    endloop
  endfacet
  facet normal 0.0389535 -0.999241 0
    outer loop
      vertex 107.882 11.4954 0
      vertex 108 11.5 3.8
      vertex 107.882 11.4954 3.8
    endloop
  endfacet
  facet normal 0.0389535 -0.999241 0
    outer loop
      vertex 108 11.5 3.8
      vertex 107.882 11.4954 0
      vertex 108 11.5 0
    endloop
  endfacet
  facet normal -0.487441 -0.873156 0
    outer loop
      vertex 108.681 11.3365 0
      vertex 108.784 11.279 3.8
      vertex 108.681 11.3365 3.8
    endloop
  endfacet
  facet normal -0.487441 -0.873156 -0
    outer loop
      vertex 108.784 11.279 3.8
      vertex 108.681 11.3365 0
      vertex 108.784 11.279 0
    endloop
  endfacet
  facet normal -0.270256 -0.962788 0
    outer loop
      vertex 108.35 11.4586 0
      vertex 108.464 11.4266 3.8
      vertex 108.35 11.4586 3.8
    endloop
  endfacet
  facet normal -0.270256 -0.962788 -0
    outer loop
      vertex 108.464 11.4266 3.8
      vertex 108.35 11.4586 0
      vertex 108.464 11.4266 0
    endloop
  endfacet
  facet normal -0.195296 -0.980744 0
    outer loop
      vertex 108.235 11.4815 0
      vertex 108.35 11.4586 3.8
      vertex 108.235 11.4815 3.8
    endloop
  endfacet
  facet normal -0.195296 -0.980744 -0
    outer loop
      vertex 108.35 11.4586 3.8
      vertex 108.235 11.4815 0
      vertex 108.35 11.4586 0
    endloop
  endfacet
  facet normal 0.999099 0.0424462 0
    outer loop
      vertex 106.505 9.88231 3.8
      vertex 106.5 10 0
      vertex 106.5 10 3.8
    endloop
  endfacet
  facet normal 0.999099 0.0424462 0
    outer loop
      vertex 106.5 10 0
      vertex 106.505 9.88231 3.8
      vertex 106.505 9.88231 0
    endloop
  endfacet
  facet normal 0.962353 -0.271803 0
    outer loop
      vertex 106.541 10.3502 3.8
      vertex 106.573 10.4635 0
      vertex 106.573 10.4635 3.8
    endloop
  endfacet
  facet normal 0.962353 -0.271803 0
    outer loop
      vertex 106.573 10.4635 0
      vertex 106.541 10.3502 3.8
      vertex 106.541 10.3502 0
    endloop
  endfacet
  facet normal 0.980744 -0.1953 0
    outer loop
      vertex 106.518 10.2347 3.8
      vertex 106.541 10.3502 0
      vertex 106.541 10.3502 3.8
    endloop
  endfacet
  facet normal 0.980744 -0.1953 0
    outer loop
      vertex 106.541 10.3502 0
      vertex 106.518 10.2347 3.8
      vertex 106.518 10.2347 0
    endloop
  endfacet
  facet normal 0.870736 -0.49175 0
    outer loop
      vertex 106.663 10.681 3.8
      vertex 106.721 10.7837 0
      vertex 106.721 10.7837 3.8
    endloop
  endfacet
  facet normal 0.870736 -0.49175 0
    outer loop
      vertex 106.721 10.7837 0
      vertex 106.663 10.681 3.8
      vertex 106.663 10.681 0
    endloop
  endfacet
  facet normal 0.833356 -0.552736 0
    outer loop
      vertex 106.721 10.7837 3.8
      vertex 106.786 10.8817 0
      vertex 106.786 10.8817 3.8
    endloop
  endfacet
  facet normal 0.833356 -0.552736 0
    outer loop
      vertex 106.786 10.8817 0
      vertex 106.721 10.7837 3.8
      vertex 106.721 10.7837 0
    endloop
  endfacet
  facet normal 0.347758 -0.937584 0
    outer loop
      vertex 107.426 11.3858 0
      vertex 107.536 11.4266 3.8
      vertex 107.426 11.3858 3.8
    endloop
  endfacet
  facet normal 0.347758 -0.937584 0
    outer loop
      vertex 107.536 11.4266 3.8
      vertex 107.426 11.3858 0
      vertex 107.536 11.4266 0
    endloop
  endfacet
  facet normal 0.117974 -0.993017 0
    outer loop
      vertex 107.765 11.4815 0
      vertex 107.882 11.4954 3.8
      vertex 107.765 11.4815 3.8
    endloop
  endfacet
  facet normal 0.117974 -0.993017 0
    outer loop
      vertex 107.882 11.4954 3.8
      vertex 107.765 11.4815 0
      vertex 107.882 11.4954 0
    endloop
  endfacet
  facet normal 0.621052 -0.783769 0
    outer loop
      vertex 107.026 11.1406 0
      vertex 107.118 11.2135 3.8
      vertex 107.026 11.1406 3.8
    endloop
  endfacet
  facet normal 0.621052 -0.783769 0
    outer loop
      vertex 107.118 11.2135 3.8
      vertex 107.026 11.1406 0
      vertex 107.118 11.2135 0
    endloop
  endfacet
  facet normal 0.676414 -0.736521 0
    outer loop
      vertex 106.939 11.0607 0
      vertex 107.026 11.1406 3.8
      vertex 106.939 11.0607 3.8
    endloop
  endfacet
  facet normal 0.676414 -0.736521 0
    outer loop
      vertex 107.026 11.1406 3.8
      vertex 106.939 11.0607 0
      vertex 107.026 11.1406 0
    endloop
  endfacet
  facet normal 0.487441 -0.873156 0
    outer loop
      vertex 107.216 11.279 0
      vertex 107.319 11.3365 3.8
      vertex 107.216 11.279 3.8
    endloop
  endfacet
  facet normal 0.487441 -0.873156 0
    outer loop
      vertex 107.319 11.3365 3.8
      vertex 107.216 11.279 0
      vertex 107.319 11.3365 0
    endloop
  endfacet
  facet normal 0.734152 -0.678985 0
    outer loop
      vertex 106.859 10.9742 3.8
      vertex 106.939 11.0607 0
      vertex 106.939 11.0607 3.8
    endloop
  endfacet
  facet normal 0.734152 -0.678985 0
    outer loop
      vertex 106.939 11.0607 0
      vertex 106.859 10.9742 3.8
      vertex 106.859 10.9742 0
    endloop
  endfacet
  facet normal -0.999099 -0.0424426 0
    outer loop
      vertex 109.5 10 0
      vertex 109.495 10.1177 3.8
      vertex 109.495 10.1177 0
    endloop
  endfacet
  facet normal -0.999099 -0.0424426 0
    outer loop
      vertex 109.495 10.1177 3.8
      vertex 109.5 10 0
      vertex 109.5 10 3.8
    endloop
  endfacet
  facet normal -0.117555 0.993066 0
    outer loop
      vertex 108.235 8.51847 0
      vertex 108.118 8.50462 3.8
      vertex 108.235 8.51847 3.8
    endloop
  endfacet
  facet normal -0.117555 0.993066 0
    outer loop
      vertex 108.118 8.50462 3.8
      vertex 108.235 8.51847 0
      vertex 108.118 8.50462 0
    endloop
  endfacet
  facet normal -0.962391 0.27167 0
    outer loop
      vertex 109.427 9.53647 0
      vertex 109.459 9.64983 3.8
      vertex 109.459 9.64983 0
    endloop
  endfacet
  facet normal -0.962391 0.27167 0
    outer loop
      vertex 109.459 9.64983 3.8
      vertex 109.427 9.53647 0
      vertex 109.427 9.53647 3.8
    endloop
  endfacet
  facet normal -0.270022 0.962854 0
    outer loop
      vertex 108.464 8.57341 0
      vertex 108.35 8.54144 3.8
      vertex 108.464 8.57341 3.8
    endloop
  endfacet
  facet normal -0.270022 0.962854 0
    outer loop
      vertex 108.35 8.54144 3.8
      vertex 108.464 8.57341 0
      vertex 108.35 8.54144 0
    endloop
  endfacet
  facet normal -0.347534 0.937668 0
    outer loop
      vertex 108.574 8.61418 0
      vertex 108.464 8.57341 3.8
      vertex 108.574 8.61418 3.8
    endloop
  endfacet
  facet normal -0.347534 0.937668 0
    outer loop
      vertex 108.464 8.57341 3.8
      vertex 108.574 8.61418 0
      vertex 108.464 8.57341 0
    endloop
  endfacet
  facet normal -0.676644 0.73631 0
    outer loop
      vertex 109.061 8.93934 0
      vertex 108.974 8.85939 3.8
      vertex 109.061 8.93934 3.8
    endloop
  endfacet
  facet normal -0.676644 0.73631 0
    outer loop
      vertex 108.974 8.85939 3.8
      vertex 109.061 8.93934 0
      vertex 108.974 8.85939 0
    endloop
  endfacet
  facet normal -0.487764 0.872975 0
    outer loop
      vertex 108.784 8.72104 0
      vertex 108.681 8.66349 3.8
      vertex 108.784 8.72104 3.8
    endloop
  endfacet
  facet normal -0.487764 0.872975 0
    outer loop
      vertex 108.681 8.66349 3.8
      vertex 108.784 8.72104 0
      vertex 108.681 8.66349 0
    endloop
  endfacet
  facet normal -0.870859 0.491532 0
    outer loop
      vertex 109.279 9.21625 0
      vertex 109.337 9.31901 3.8
      vertex 109.337 9.31901 0
    endloop
  endfacet
  facet normal -0.870859 0.491532 0
    outer loop
      vertex 109.337 9.31901 3.8
      vertex 109.279 9.21625 0
      vertex 109.279 9.21625 3.8
    endloop
  endfacet
  facet normal 0.270022 0.962854 -0
    outer loop
      vertex 107.65 8.54144 0
      vertex 107.536 8.57341 3.8
      vertex 107.65 8.54144 3.8
    endloop
  endfacet
  facet normal 0.270022 0.962854 0
    outer loop
      vertex 107.536 8.57341 3.8
      vertex 107.65 8.54144 0
      vertex 107.536 8.57341 0
    endloop
  endfacet
  facet normal 0.487764 0.872975 -0
    outer loop
      vertex 107.319 8.66349 0
      vertex 107.216 8.72104 3.8
      vertex 107.319 8.66349 3.8
    endloop
  endfacet
  facet normal 0.487764 0.872975 0
    outer loop
      vertex 107.216 8.72104 3.8
      vertex 107.319 8.66349 0
      vertex 107.216 8.72104 0
    endloop
  endfacet
  facet normal 0.937544 0.347867 0
    outer loop
      vertex 106.614 9.42597 3.8
      vertex 106.573 9.53647 0
      vertex 106.573 9.53647 3.8
    endloop
  endfacet
  facet normal 0.937544 0.347867 0
    outer loop
      vertex 106.573 9.53647 0
      vertex 106.614 9.42597 3.8
      vertex 106.614 9.42597 0
    endloop
  endfacet
  facet normal 0.99388 0.110469 0
    outer loop
      vertex 106.518 9.76535 3.8
      vertex 106.505 9.88231 0
      vertex 106.505 9.88231 3.8
    endloop
  endfacet
  facet normal 0.99388 0.110469 0
    outer loop
      vertex 106.505 9.88231 0
      vertex 106.518 9.76535 3.8
      vertex 106.518 9.76535 0
    endloop
  endfacet
  facet normal 0.784959 0.619548 0
    outer loop
      vertex 106.859 9.02583 3.8
      vertex 106.786 9.11832 0
      vertex 106.786 9.11832 3.8
    endloop
  endfacet
  facet normal 0.784959 0.619548 0
    outer loop
      vertex 106.786 9.11832 0
      vertex 106.859 9.02583 3.8
      vertex 106.859 9.02583 0
    endloop
  endfacet
  facet normal 0.734113 0.679027 0
    outer loop
      vertex 106.939 8.93934 3.8
      vertex 106.859 9.02583 0
      vertex 106.859 9.02583 3.8
    endloop
  endfacet
  facet normal 0.734113 0.679027 0
    outer loop
      vertex 106.859 9.02583 0
      vertex 106.939 8.93934 3.8
      vertex 106.939 8.93934 0
    endloop
  endfacet
  facet normal 0.870859 0.491532 0
    outer loop
      vertex 106.721 9.21625 3.8
      vertex 106.663 9.31901 0
      vertex 106.663 9.31901 3.8
    endloop
  endfacet
  facet normal 0.870859 0.491532 0
    outer loop
      vertex 106.663 9.31901 0
      vertex 106.721 9.21625 3.8
      vertex 106.721 9.21625 0
    endloop
  endfacet
  facet normal -0.980744 -0.1953 0
    outer loop
      vertex 109.482 10.2347 0
      vertex 109.459 10.3502 3.8
      vertex 109.459 10.3502 0
    endloop
  endfacet
  facet normal -0.980744 -0.1953 0
    outer loop
      vertex 109.459 10.3502 3.8
      vertex 109.482 10.2347 0
      vertex 109.482 10.2347 3.8
    endloop
  endfacet
  facet normal -0.833356 -0.552736 0
    outer loop
      vertex 109.279 10.7837 0
      vertex 109.214 10.8817 3.8
      vertex 109.214 10.8817 0
    endloop
  endfacet
  facet normal -0.833356 -0.552736 0
    outer loop
      vertex 109.214 10.8817 3.8
      vertex 109.279 10.7837 0
      vertex 109.279 10.7837 3.8
    endloop
  endfacet
  facet normal -0.418466 -0.908232 0
    outer loop
      vertex 108.574 11.3858 0
      vertex 108.681 11.3365 3.8
      vertex 108.574 11.3858 3.8
    endloop
  endfacet
  facet normal -0.418466 -0.908232 -0
    outer loop
      vertex 108.681 11.3365 3.8
      vertex 108.574 11.3858 0
      vertex 108.681 11.3365 0
    endloop
  endfacet
  facet normal -0.117974 -0.993017 0
    outer loop
      vertex 108.118 11.4954 0
      vertex 108.235 11.4815 3.8
      vertex 108.118 11.4954 3.8
    endloop
  endfacet
  facet normal -0.117974 -0.993017 -0
    outer loop
      vertex 108.235 11.4815 3.8
      vertex 108.118 11.4954 0
      vertex 108.235 11.4815 0
    endloop
  endfacet
  facet normal -0.0389535 -0.999241 0
    outer loop
      vertex 108 11.5 0
      vertex 108.118 11.4954 3.8
      vertex 108 11.5 3.8
    endloop
  endfacet
  facet normal -0.0389535 -0.999241 -0
    outer loop
      vertex 108.118 11.4954 3.8
      vertex 108 11.5 0
      vertex 108.118 11.4954 0
    endloop
  endfacet
  facet normal 0.999099 -0.0424426 0
    outer loop
      vertex 106.5 10 3.8
      vertex 106.505 10.1177 0
      vertex 106.505 10.1177 3.8
    endloop
  endfacet
  facet normal 0.999099 -0.0424426 0
    outer loop
      vertex 106.505 10.1177 0
      vertex 106.5 10 3.8
      vertex 106.5 10 0
    endloop
  endfacet
  facet normal 0.909199 -0.416362 0
    outer loop
      vertex 106.614 10.574 3.8
      vertex 106.663 10.681 0
      vertex 106.663 10.681 3.8
    endloop
  endfacet
  facet normal 0.909199 -0.416362 0
    outer loop
      vertex 106.663 10.681 0
      vertex 106.614 10.574 3.8
      vertex 106.614 10.574 0
    endloop
  endfacet
  facet normal 0.195296 -0.980744 0
    outer loop
      vertex 107.65 11.4586 0
      vertex 107.765 11.4815 3.8
      vertex 107.65 11.4586 3.8
    endloop
  endfacet
  facet normal 0.195296 -0.980744 0
    outer loop
      vertex 107.765 11.4815 3.8
      vertex 107.65 11.4586 0
      vertex 107.765 11.4815 0
    endloop
  endfacet
  facet normal 0.555679 -0.831397 0
    outer loop
      vertex 107.118 11.2135 0
      vertex 107.216 11.279 3.8
      vertex 107.118 11.2135 3.8
    endloop
  endfacet
  facet normal 0.555679 -0.831397 0
    outer loop
      vertex 107.216 11.279 3.8
      vertex 107.118 11.2135 0
      vertex 107.216 11.279 0
    endloop
  endfacet
  facet normal -0.999099 0.0424462 0
    outer loop
      vertex 109.495 9.88231 0
      vertex 109.5 10 3.8
      vertex 109.5 10 0
    endloop
  endfacet
  facet normal -0.999099 0.0424462 0
    outer loop
      vertex 109.5 10 3.8
      vertex 109.495 9.88231 0
      vertex 109.495 9.88231 3.8
    endloop
  endfacet
  facet normal -0.98075 0.195267 0
    outer loop
      vertex 109.459 9.64983 0
      vertex 109.482 9.76535 3.8
      vertex 109.482 9.76535 0
    endloop
  endfacet
  facet normal -0.98075 0.195267 0
    outer loop
      vertex 109.482 9.76535 3.8
      vertex 109.459 9.64983 0
      vertex 109.459 9.64983 3.8
    endloop
  endfacet
  facet normal -0.19587 0.98063 0
    outer loop
      vertex 108.35 8.54144 0
      vertex 108.235 8.51847 3.8
      vertex 108.35 8.54144 3.8
    endloop
  endfacet
  facet normal -0.19587 0.98063 0
    outer loop
      vertex 108.235 8.51847 3.8
      vertex 108.35 8.54144 0
      vertex 108.235 8.51847 0
    endloop
  endfacet
  facet normal -0.418536 0.9082 0
    outer loop
      vertex 108.681 8.66349 0
      vertex 108.574 8.61418 3.8
      vertex 108.681 8.66349 3.8
    endloop
  endfacet
  facet normal -0.418536 0.9082 0
    outer loop
      vertex 108.574 8.61418 3.8
      vertex 108.681 8.66349 0
      vertex 108.574 8.61418 0
    endloop
  endfacet
  facet normal -0.734113 0.679027 0
    outer loop
      vertex 109.061 8.93934 0
      vertex 109.141 9.02583 3.8
      vertex 109.141 9.02583 0
    endloop
  endfacet
  facet normal -0.734113 0.679027 0
    outer loop
      vertex 109.141 9.02583 3.8
      vertex 109.061 8.93934 0
      vertex 109.061 8.93934 3.8
    endloop
  endfacet
  facet normal -0.555268 0.831671 0
    outer loop
      vertex 108.882 8.78647 0
      vertex 108.784 8.72104 3.8
      vertex 108.882 8.78647 3.8
    endloop
  endfacet
  facet normal -0.555268 0.831671 0
    outer loop
      vertex 108.784 8.72104 3.8
      vertex 108.882 8.78647 0
      vertex 108.784 8.72104 0
    endloop
  endfacet
  facet normal -0.90914 0.416491 0
    outer loop
      vertex 109.337 9.31901 0
      vertex 109.386 9.42597 3.8
      vertex 109.386 9.42597 0
    endloop
  endfacet
  facet normal -0.90914 0.416491 0
    outer loop
      vertex 109.386 9.42597 3.8
      vertex 109.337 9.31901 0
      vertex 109.337 9.31901 3.8
    endloop
  endfacet
  facet normal -0.833174 0.553011 0
    outer loop
      vertex 109.214 9.11832 0
      vertex 109.279 9.21625 3.8
      vertex 109.279 9.21625 0
    endloop
  endfacet
  facet normal -0.833174 0.553011 0
    outer loop
      vertex 109.279 9.21625 3.8
      vertex 109.214 9.11832 0
      vertex 109.214 9.11832 3.8
    endloop
  endfacet
  facet normal 0.0391226 0.999234 -0
    outer loop
      vertex 108 8.5 0
      vertex 107.882 8.50462 3.8
      vertex 108 8.5 3.8
    endloop
  endfacet
  facet normal 0.0391226 0.999234 0
    outer loop
      vertex 107.882 8.50462 3.8
      vertex 108 8.5 0
      vertex 107.882 8.50462 0
    endloop
  endfacet
  facet normal 0.19587 0.98063 -0
    outer loop
      vertex 107.765 8.51847 0
      vertex 107.65 8.54144 3.8
      vertex 107.765 8.51847 3.8
    endloop
  endfacet
  facet normal 0.19587 0.98063 0
    outer loop
      vertex 107.65 8.54144 3.8
      vertex 107.765 8.51847 0
      vertex 107.65 8.54144 0
    endloop
  endfacet
  facet normal 0.418536 0.9082 -0
    outer loop
      vertex 107.426 8.61418 0
      vertex 107.319 8.66349 3.8
      vertex 107.426 8.61418 3.8
    endloop
  endfacet
  facet normal 0.418536 0.9082 0
    outer loop
      vertex 107.319 8.66349 3.8
      vertex 107.426 8.61418 0
      vertex 107.319 8.66349 0
    endloop
  endfacet
  facet normal 0.555268 0.831671 -0
    outer loop
      vertex 107.216 8.72104 0
      vertex 107.118 8.78647 3.8
      vertex 107.216 8.72104 3.8
    endloop
  endfacet
  facet normal 0.555268 0.831671 0
    outer loop
      vertex 107.118 8.78647 3.8
      vertex 107.216 8.72104 0
      vertex 107.118 8.78647 0
    endloop
  endfacet
  facet normal 0.90914 0.416491 0
    outer loop
      vertex 106.663 9.31901 3.8
      vertex 106.614 9.42597 0
      vertex 106.614 9.42597 3.8
    endloop
  endfacet
  facet normal 0.90914 0.416491 0
    outer loop
      vertex 106.614 9.42597 0
      vertex 106.663 9.31901 3.8
      vertex 106.663 9.31901 0
    endloop
  endfacet
  facet normal 0.98075 0.195267 0
    outer loop
      vertex 106.541 9.64983 3.8
      vertex 106.518 9.76535 0
      vertex 106.518 9.76535 3.8
    endloop
  endfacet
  facet normal 0.98075 0.195267 0
    outer loop
      vertex 106.518 9.76535 0
      vertex 106.541 9.64983 3.8
      vertex 106.541 9.64983 0
    endloop
  endfacet
  facet normal 0.833174 0.553011 0
    outer loop
      vertex 106.786 9.11832 3.8
      vertex 106.721 9.21625 0
      vertex 106.721 9.21625 3.8
    endloop
  endfacet
  facet normal 0.833174 0.553011 0
    outer loop
      vertex 106.721 9.21625 0
      vertex 106.786 9.11832 3.8
      vertex 106.786 9.11832 0
    endloop
  endfacet
  facet normal 0.676644 0.73631 -0
    outer loop
      vertex 107.026 8.85939 0
      vertex 106.939 8.93934 3.8
      vertex 107.026 8.85939 3.8
    endloop
  endfacet
  facet normal 0.676644 0.73631 0
    outer loop
      vertex 106.939 8.93934 3.8
      vertex 107.026 8.85939 0
      vertex 106.939 8.93934 0
    endloop
  endfacet
  facet normal -0.937544 0.347867 0
    outer loop
      vertex 109.386 9.42597 0
      vertex 109.427 9.53647 3.8
      vertex 109.427 9.53647 0
    endloop
  endfacet
  facet normal -0.937544 0.347867 0
    outer loop
      vertex 109.427 9.53647 3.8
      vertex 109.386 9.42597 0
      vertex 109.386 9.42597 3.8
    endloop
  endfacet
  facet normal -0.0391226 0.999234 0
    outer loop
      vertex 108.118 8.50462 0
      vertex 108 8.5 3.8
      vertex 108.118 8.50462 3.8
    endloop
  endfacet
  facet normal -0.0391226 0.999234 0
    outer loop
      vertex 108 8.5 3.8
      vertex 108.118 8.50462 0
      vertex 108 8.5 0
    endloop
  endfacet
  facet normal -0.621052 -0.783769 0
    outer loop
      vertex 108.882 61.2135 0
      vertex 108.974 61.1406 3.8
      vertex 108.882 61.2135 3.8
    endloop
  endfacet
  facet normal -0.621052 -0.783769 -0
    outer loop
      vertex 108.974 61.1406 3.8
      vertex 108.882 61.2135 0
      vertex 108.974 61.1406 0
    endloop
  endfacet
  facet normal 0.418466 -0.908232 0
    outer loop
      vertex 107.319 61.3365 0
      vertex 107.426 61.3858 3.8
      vertex 107.319 61.3365 3.8
    endloop
  endfacet
  facet normal 0.418466 -0.908232 0
    outer loop
      vertex 107.426 61.3858 3.8
      vertex 107.319 61.3365 0
      vertex 107.426 61.3858 0
    endloop
  endfacet
  facet normal 0.937544 -0.347867 0
    outer loop
      vertex 106.573 60.4635 3.8
      vertex 106.614 60.574 0
      vertex 106.614 60.574 3.8
    endloop
  endfacet
  facet normal 0.937544 -0.347867 0
    outer loop
      vertex 106.614 60.574 0
      vertex 106.573 60.4635 3.8
      vertex 106.573 60.4635 0
    endloop
  endfacet
  facet normal -0.621052 0.783769 0
    outer loop
      vertex 108.974 58.8594 0
      vertex 108.882 58.7865 3.8
      vertex 108.974 58.8594 3.8
    endloop
  endfacet
  facet normal -0.621052 0.783769 0
    outer loop
      vertex 108.882 58.7865 3.8
      vertex 108.974 58.8594 0
      vertex 108.882 58.7865 0
    endloop
  endfacet
  facet normal -0.937544 0.347867 0
    outer loop
      vertex 109.386 59.426 0
      vertex 109.427 59.5365 3.8
      vertex 109.427 59.5365 0
    endloop
  endfacet
  facet normal -0.937544 0.347867 0
    outer loop
      vertex 109.427 59.5365 3.8
      vertex 109.386 59.426 0
      vertex 109.386 59.426 3.8
    endloop
  endfacet
  facet normal 0.347758 0.937584 -0
    outer loop
      vertex 107.536 58.5734 0
      vertex 107.426 58.6142 3.8
      vertex 107.536 58.5734 3.8
    endloop
  endfacet
  facet normal 0.347758 0.937584 0
    outer loop
      vertex 107.426 58.6142 3.8
      vertex 107.536 58.5734 0
      vertex 107.426 58.6142 0
    endloop
  endfacet
  facet normal -0.909199 -0.416362 0
    outer loop
      vertex 109.386 60.574 0
      vertex 109.337 60.681 3.8
      vertex 109.337 60.681 0
    endloop
  endfacet
  facet normal -0.909199 -0.416362 0
    outer loop
      vertex 109.337 60.681 3.8
      vertex 109.386 60.574 0
      vertex 109.386 60.574 3.8
    endloop
  endfacet
  facet normal -0.870736 -0.49175 0
    outer loop
      vertex 109.337 60.681 0
      vertex 109.279 60.7837 3.8
      vertex 109.279 60.7837 0
    endloop
  endfacet
  facet normal -0.870736 -0.49175 0
    outer loop
      vertex 109.279 60.7837 3.8
      vertex 109.337 60.681 0
      vertex 109.337 60.681 3.8
    endloop
  endfacet
  facet normal -0.347758 -0.937584 0
    outer loop
      vertex 108.464 61.4266 0
      vertex 108.574 61.3858 3.8
      vertex 108.464 61.4266 3.8
    endloop
  endfacet
  facet normal -0.347758 -0.937584 -0
    outer loop
      vertex 108.574 61.3858 3.8
      vertex 108.464 61.4266 0
      vertex 108.574 61.3858 0
    endloop
  endfacet
  facet normal 0.993873 -0.110525 0
    outer loop
      vertex 106.505 60.1177 3.8
      vertex 106.518 60.2346 0
      vertex 106.518 60.2346 3.8
    endloop
  endfacet
  facet normal 0.993873 -0.110525 0
    outer loop
      vertex 106.518 60.2346 0
      vertex 106.505 60.1177 3.8
      vertex 106.505 60.1177 0
    endloop
  endfacet
  facet normal 0.784991 -0.619507 0
    outer loop
      vertex 106.786 60.8817 3.8
      vertex 106.859 60.9742 0
      vertex 106.859 60.9742 3.8
    endloop
  endfacet
  facet normal 0.784991 -0.619507 0
    outer loop
      vertex 106.859 60.9742 0
      vertex 106.786 60.8817 3.8
      vertex 106.786 60.8817 0
    endloop
  endfacet
  facet normal 0.270256 -0.962788 0
    outer loop
      vertex 107.536 61.4266 0
      vertex 107.65 61.4586 3.8
      vertex 107.536 61.4266 3.8
    endloop
  endfacet
  facet normal 0.270256 -0.962788 0
    outer loop
      vertex 107.65 61.4586 3.8
      vertex 107.536 61.4266 0
      vertex 107.65 61.4586 0
    endloop
  endfacet
  facet normal -0.993884 0.110432 0
    outer loop
      vertex 109.482 59.7653 0
      vertex 109.495 59.8823 3.8
      vertex 109.495 59.8823 0
    endloop
  endfacet
  facet normal -0.993884 0.110432 0
    outer loop
      vertex 109.495 59.8823 3.8
      vertex 109.482 59.7653 0
      vertex 109.482 59.7653 3.8
    endloop
  endfacet
  facet normal -0.784991 0.619507 0
    outer loop
      vertex 109.141 59.0258 0
      vertex 109.214 59.1183 3.8
      vertex 109.214 59.1183 0
    endloop
  endfacet
  facet normal -0.784991 0.619507 0
    outer loop
      vertex 109.214 59.1183 3.8
      vertex 109.141 59.0258 0
      vertex 109.141 59.0258 3.8
    endloop
  endfacet
  facet normal 0.117974 0.993017 -0
    outer loop
      vertex 107.882 58.5046 0
      vertex 107.765 58.5185 3.8
      vertex 107.882 58.5046 3.8
    endloop
  endfacet
  facet normal 0.117974 0.993017 0
    outer loop
      vertex 107.765 58.5185 3.8
      vertex 107.882 58.5046 0
      vertex 107.765 58.5185 0
    endloop
  endfacet
  facet normal 0.621052 0.783769 -0
    outer loop
      vertex 107.118 58.7865 0
      vertex 107.026 58.8594 3.8
      vertex 107.118 58.7865 3.8
    endloop
  endfacet
  facet normal 0.621052 0.783769 0
    outer loop
      vertex 107.026 58.8594 3.8
      vertex 107.118 58.7865 0
      vertex 107.026 58.8594 0
    endloop
  endfacet
  facet normal 0.962353 0.271803 0
    outer loop
      vertex 106.573 59.5365 3.8
      vertex 106.541 59.6498 0
      vertex 106.541 59.6498 3.8
    endloop
  endfacet
  facet normal 0.962353 0.271803 0
    outer loop
      vertex 106.541 59.6498 0
      vertex 106.573 59.5365 3.8
      vertex 106.573 59.5365 0
    endloop
  endfacet
  facet normal -0.993873 -0.110525 0
    outer loop
      vertex 109.495 60.1177 0
      vertex 109.482 60.2346 3.8
      vertex 109.482 60.2346 0
    endloop
  endfacet
  facet normal -0.993873 -0.110525 0
    outer loop
      vertex 109.482 60.2346 3.8
      vertex 109.495 60.1177 0
      vertex 109.495 60.1177 3.8
    endloop
  endfacet
  facet normal -0.962353 -0.271803 0
    outer loop
      vertex 109.459 60.3502 0
      vertex 109.427 60.4635 3.8
      vertex 109.427 60.4635 0
    endloop
  endfacet
  facet normal -0.962353 -0.271803 0
    outer loop
      vertex 109.427 60.4635 3.8
      vertex 109.459 60.3502 0
      vertex 109.459 60.3502 3.8
    endloop
  endfacet
  facet normal -0.937544 -0.347867 0
    outer loop
      vertex 109.427 60.4635 0
      vertex 109.386 60.574 3.8
      vertex 109.386 60.574 0
    endloop
  endfacet
  facet normal -0.937544 -0.347867 0
    outer loop
      vertex 109.386 60.574 3.8
      vertex 109.427 60.4635 0
      vertex 109.427 60.4635 3.8
    endloop
  endfacet
  facet normal -0.734152 -0.678985 0
    outer loop
      vertex 109.141 60.9742 0
      vertex 109.061 61.0607 3.8
      vertex 109.061 61.0607 0
    endloop
  endfacet
  facet normal -0.734152 -0.678985 0
    outer loop
      vertex 109.061 61.0607 3.8
      vertex 109.141 60.9742 0
      vertex 109.141 60.9742 3.8
    endloop
  endfacet
  facet normal -0.784991 -0.619507 0
    outer loop
      vertex 109.214 60.8817 0
      vertex 109.141 60.9742 3.8
      vertex 109.141 60.9742 0
    endloop
  endfacet
  facet normal -0.784991 -0.619507 0
    outer loop
      vertex 109.141 60.9742 3.8
      vertex 109.214 60.8817 0
      vertex 109.214 60.8817 3.8
    endloop
  endfacet
  facet normal -0.676414 -0.736521 0
    outer loop
      vertex 108.974 61.1406 0
      vertex 109.061 61.0607 3.8
      vertex 108.974 61.1406 3.8
    endloop
  endfacet
  facet normal -0.676414 -0.736521 -0
    outer loop
      vertex 109.061 61.0607 3.8
      vertex 108.974 61.1406 0
      vertex 109.061 61.0607 0
    endloop
  endfacet
  facet normal -0.555679 -0.831397 0
    outer loop
      vertex 108.784 61.279 0
      vertex 108.882 61.2135 3.8
      vertex 108.784 61.279 3.8
    endloop
  endfacet
  facet normal -0.555679 -0.831397 -0
    outer loop
      vertex 108.882 61.2135 3.8
      vertex 108.784 61.279 0
      vertex 108.882 61.2135 0
    endloop
  endfacet
  facet normal 0.0389535 -0.999241 0
    outer loop
      vertex 107.882 61.4954 0
      vertex 108 61.5 3.8
      vertex 107.882 61.4954 3.8
    endloop
  endfacet
  facet normal 0.0389535 -0.999241 0
    outer loop
      vertex 108 61.5 3.8
      vertex 107.882 61.4954 0
      vertex 108 61.5 0
    endloop
  endfacet
  facet normal -0.487441 -0.873156 0
    outer loop
      vertex 108.681 61.3365 0
      vertex 108.784 61.279 3.8
      vertex 108.681 61.3365 3.8
    endloop
  endfacet
  facet normal -0.487441 -0.873156 -0
    outer loop
      vertex 108.784 61.279 3.8
      vertex 108.681 61.3365 0
      vertex 108.784 61.279 0
    endloop
  endfacet
  facet normal -0.270256 -0.962788 0
    outer loop
      vertex 108.35 61.4586 0
      vertex 108.464 61.4266 3.8
      vertex 108.35 61.4586 3.8
    endloop
  endfacet
  facet normal -0.270256 -0.962788 -0
    outer loop
      vertex 108.464 61.4266 3.8
      vertex 108.35 61.4586 0
      vertex 108.464 61.4266 0
    endloop
  endfacet
  facet normal -0.195296 -0.980744 0
    outer loop
      vertex 108.235 61.4815 0
      vertex 108.35 61.4586 3.8
      vertex 108.235 61.4815 3.8
    endloop
  endfacet
  facet normal -0.195296 -0.980744 -0
    outer loop
      vertex 108.35 61.4586 3.8
      vertex 108.235 61.4815 0
      vertex 108.35 61.4586 0
    endloop
  endfacet
  facet normal 0.999099 0.0424426 0
    outer loop
      vertex 106.505 59.8823 3.8
      vertex 106.5 60 0
      vertex 106.5 60 3.8
    endloop
  endfacet
  facet normal 0.999099 0.0424426 0
    outer loop
      vertex 106.5 60 0
      vertex 106.505 59.8823 3.8
      vertex 106.505 59.8823 0
    endloop
  endfacet
  facet normal 0.962353 -0.271803 0
    outer loop
      vertex 106.541 60.3502 3.8
      vertex 106.573 60.4635 0
      vertex 106.573 60.4635 3.8
    endloop
  endfacet
  facet normal 0.962353 -0.271803 0
    outer loop
      vertex 106.573 60.4635 0
      vertex 106.541 60.3502 3.8
      vertex 106.541 60.3502 0
    endloop
  endfacet
  facet normal 0.980776 -0.195137 0
    outer loop
      vertex 106.518 60.2346 3.8
      vertex 106.541 60.3502 0
      vertex 106.541 60.3502 3.8
    endloop
  endfacet
  facet normal 0.980776 -0.195137 0
    outer loop
      vertex 106.541 60.3502 0
      vertex 106.518 60.2346 3.8
      vertex 106.518 60.2346 0
    endloop
  endfacet
  facet normal 0.870736 -0.49175 0
    outer loop
      vertex 106.663 60.681 3.8
      vertex 106.721 60.7837 0
      vertex 106.721 60.7837 3.8
    endloop
  endfacet
  facet normal 0.870736 -0.49175 0
    outer loop
      vertex 106.721 60.7837 0
      vertex 106.663 60.681 3.8
      vertex 106.663 60.681 0
    endloop
  endfacet
  facet normal 0.833356 -0.552736 0
    outer loop
      vertex 106.721 60.7837 3.8
      vertex 106.786 60.8817 0
      vertex 106.786 60.8817 3.8
    endloop
  endfacet
  facet normal 0.833356 -0.552736 0
    outer loop
      vertex 106.786 60.8817 0
      vertex 106.721 60.7837 3.8
      vertex 106.721 60.7837 0
    endloop
  endfacet
  facet normal 0.347758 -0.937584 0
    outer loop
      vertex 107.426 61.3858 0
      vertex 107.536 61.4266 3.8
      vertex 107.426 61.3858 3.8
    endloop
  endfacet
  facet normal 0.347758 -0.937584 0
    outer loop
      vertex 107.536 61.4266 3.8
      vertex 107.426 61.3858 0
      vertex 107.536 61.4266 0
    endloop
  endfacet
  facet normal 0.117974 -0.993017 0
    outer loop
      vertex 107.765 61.4815 0
      vertex 107.882 61.4954 3.8
      vertex 107.765 61.4815 3.8
    endloop
  endfacet
  facet normal 0.117974 -0.993017 0
    outer loop
      vertex 107.882 61.4954 3.8
      vertex 107.765 61.4815 0
      vertex 107.882 61.4954 0
    endloop
  endfacet
  facet normal 0.621052 -0.783769 0
    outer loop
      vertex 107.026 61.1406 0
      vertex 107.118 61.2135 3.8
      vertex 107.026 61.1406 3.8
    endloop
  endfacet
  facet normal 0.621052 -0.783769 0
    outer loop
      vertex 107.118 61.2135 3.8
      vertex 107.026 61.1406 0
      vertex 107.118 61.2135 0
    endloop
  endfacet
  facet normal 0.676414 -0.736521 0
    outer loop
      vertex 106.939 61.0607 0
      vertex 107.026 61.1406 3.8
      vertex 106.939 61.0607 3.8
    endloop
  endfacet
  facet normal 0.676414 -0.736521 0
    outer loop
      vertex 107.026 61.1406 3.8
      vertex 106.939 61.0607 0
      vertex 107.026 61.1406 0
    endloop
  endfacet
  facet normal 0.487441 -0.873156 0
    outer loop
      vertex 107.216 61.279 0
      vertex 107.319 61.3365 3.8
      vertex 107.216 61.279 3.8
    endloop
  endfacet
  facet normal 0.487441 -0.873156 0
    outer loop
      vertex 107.319 61.3365 3.8
      vertex 107.216 61.279 0
      vertex 107.319 61.3365 0
    endloop
  endfacet
  facet normal 0.734152 -0.678985 0
    outer loop
      vertex 106.859 60.9742 3.8
      vertex 106.939 61.0607 0
      vertex 106.939 61.0607 3.8
    endloop
  endfacet
  facet normal 0.734152 -0.678985 0
    outer loop
      vertex 106.939 61.0607 0
      vertex 106.859 60.9742 3.8
      vertex 106.859 60.9742 0
    endloop
  endfacet
  facet normal -0.999099 -0.0424426 0
    outer loop
      vertex 109.5 60 0
      vertex 109.495 60.1177 3.8
      vertex 109.495 60.1177 0
    endloop
  endfacet
  facet normal -0.999099 -0.0424426 0
    outer loop
      vertex 109.495 60.1177 3.8
      vertex 109.5 60 0
      vertex 109.5 60 3.8
    endloop
  endfacet
  facet normal -0.117974 0.993017 0
    outer loop
      vertex 108.235 58.5185 0
      vertex 108.118 58.5046 3.8
      vertex 108.235 58.5185 3.8
    endloop
  endfacet
  facet normal -0.117974 0.993017 0
    outer loop
      vertex 108.118 58.5046 3.8
      vertex 108.235 58.5185 0
      vertex 108.118 58.5046 0
    endloop
  endfacet
  facet normal -0.962353 0.271803 0
    outer loop
      vertex 109.427 59.5365 0
      vertex 109.459 59.6498 3.8
      vertex 109.459 59.6498 0
    endloop
  endfacet
  facet normal -0.962353 0.271803 0
    outer loop
      vertex 109.459 59.6498 3.8
      vertex 109.427 59.5365 0
      vertex 109.427 59.5365 3.8
    endloop
  endfacet
  facet normal -0.270256 0.962788 0
    outer loop
      vertex 108.464 58.5734 0
      vertex 108.35 58.5414 3.8
      vertex 108.464 58.5734 3.8
    endloop
  endfacet
  facet normal -0.270256 0.962788 0
    outer loop
      vertex 108.35 58.5414 3.8
      vertex 108.464 58.5734 0
      vertex 108.35 58.5414 0
    endloop
  endfacet
  facet normal -0.347758 0.937584 0
    outer loop
      vertex 108.574 58.6142 0
      vertex 108.464 58.5734 3.8
      vertex 108.574 58.6142 3.8
    endloop
  endfacet
  facet normal -0.347758 0.937584 0
    outer loop
      vertex 108.464 58.5734 3.8
      vertex 108.574 58.6142 0
      vertex 108.464 58.5734 0
    endloop
  endfacet
  facet normal -0.676414 0.736521 0
    outer loop
      vertex 109.061 58.9393 0
      vertex 108.974 58.8594 3.8
      vertex 109.061 58.9393 3.8
    endloop
  endfacet
  facet normal -0.676414 0.736521 0
    outer loop
      vertex 108.974 58.8594 3.8
      vertex 109.061 58.9393 0
      vertex 108.974 58.8594 0
    endloop
  endfacet
  facet normal -0.487441 0.873156 0
    outer loop
      vertex 108.784 58.721 0
      vertex 108.681 58.6635 3.8
      vertex 108.784 58.721 3.8
    endloop
  endfacet
  facet normal -0.487441 0.873156 0
    outer loop
      vertex 108.681 58.6635 3.8
      vertex 108.784 58.721 0
      vertex 108.681 58.6635 0
    endloop
  endfacet
  facet normal -0.870736 0.49175 0
    outer loop
      vertex 109.279 59.2163 0
      vertex 109.337 59.319 3.8
      vertex 109.337 59.319 0
    endloop
  endfacet
  facet normal -0.870736 0.49175 0
    outer loop
      vertex 109.337 59.319 3.8
      vertex 109.279 59.2163 0
      vertex 109.279 59.2163 3.8
    endloop
  endfacet
  facet normal -0.0389535 0.999241 0
    outer loop
      vertex 108.118 58.5046 0
      vertex 108 58.5 3.8
      vertex 108.118 58.5046 3.8
    endloop
  endfacet
  facet normal -0.0389535 0.999241 0
    outer loop
      vertex 108 58.5 3.8
      vertex 108.118 58.5046 0
      vertex 108 58.5 0
    endloop
  endfacet
  facet normal 0.270256 0.962788 -0
    outer loop
      vertex 107.65 58.5414 0
      vertex 107.536 58.5734 3.8
      vertex 107.65 58.5414 3.8
    endloop
  endfacet
  facet normal 0.270256 0.962788 0
    outer loop
      vertex 107.536 58.5734 3.8
      vertex 107.65 58.5414 0
      vertex 107.536 58.5734 0
    endloop
  endfacet
  facet normal 0.487441 0.873156 -0
    outer loop
      vertex 107.319 58.6635 0
      vertex 107.216 58.721 3.8
      vertex 107.319 58.6635 3.8
    endloop
  endfacet
  facet normal 0.487441 0.873156 0
    outer loop
      vertex 107.216 58.721 3.8
      vertex 107.319 58.6635 0
      vertex 107.216 58.721 0
    endloop
  endfacet
  facet normal 0.937544 0.347867 0
    outer loop
      vertex 106.614 59.426 3.8
      vertex 106.573 59.5365 0
      vertex 106.573 59.5365 3.8
    endloop
  endfacet
  facet normal 0.937544 0.347867 0
    outer loop
      vertex 106.573 59.5365 0
      vertex 106.614 59.426 3.8
      vertex 106.614 59.426 0
    endloop
  endfacet
  facet normal 0.993884 0.110432 0
    outer loop
      vertex 106.518 59.7653 3.8
      vertex 106.505 59.8823 0
      vertex 106.505 59.8823 3.8
    endloop
  endfacet
  facet normal 0.993884 0.110432 0
    outer loop
      vertex 106.505 59.8823 0
      vertex 106.518 59.7653 3.8
      vertex 106.518 59.7653 0
    endloop
  endfacet
  facet normal 0.784991 0.619507 0
    outer loop
      vertex 106.859 59.0258 3.8
      vertex 106.786 59.1183 0
      vertex 106.786 59.1183 3.8
    endloop
  endfacet
  facet normal 0.784991 0.619507 0
    outer loop
      vertex 106.786 59.1183 0
      vertex 106.859 59.0258 3.8
      vertex 106.859 59.0258 0
    endloop
  endfacet
  facet normal 0.734152 0.678985 0
    outer loop
      vertex 106.939 58.9393 3.8
      vertex 106.859 59.0258 0
      vertex 106.859 59.0258 3.8
    endloop
  endfacet
  facet normal 0.734152 0.678985 0
    outer loop
      vertex 106.859 59.0258 0
      vertex 106.939 58.9393 3.8
      vertex 106.939 58.9393 0
    endloop
  endfacet
  facet normal 0.870736 0.49175 0
    outer loop
      vertex 106.721 59.2163 3.8
      vertex 106.663 59.319 0
      vertex 106.663 59.319 3.8
    endloop
  endfacet
  facet normal 0.870736 0.49175 0
    outer loop
      vertex 106.663 59.319 0
      vertex 106.721 59.2163 3.8
      vertex 106.721 59.2163 0
    endloop
  endfacet
  facet normal -0.980776 -0.195137 0
    outer loop
      vertex 109.482 60.2346 0
      vertex 109.459 60.3502 3.8
      vertex 109.459 60.3502 0
    endloop
  endfacet
  facet normal -0.980776 -0.195137 0
    outer loop
      vertex 109.459 60.3502 3.8
      vertex 109.482 60.2346 0
      vertex 109.482 60.2346 3.8
    endloop
  endfacet
  facet normal -0.833356 -0.552736 0
    outer loop
      vertex 109.279 60.7837 0
      vertex 109.214 60.8817 3.8
      vertex 109.214 60.8817 0
    endloop
  endfacet
  facet normal -0.833356 -0.552736 0
    outer loop
      vertex 109.214 60.8817 3.8
      vertex 109.279 60.7837 0
      vertex 109.279 60.7837 3.8
    endloop
  endfacet
  facet normal -0.418466 -0.908232 0
    outer loop
      vertex 108.574 61.3858 0
      vertex 108.681 61.3365 3.8
      vertex 108.574 61.3858 3.8
    endloop
  endfacet
  facet normal -0.418466 -0.908232 -0
    outer loop
      vertex 108.681 61.3365 3.8
      vertex 108.574 61.3858 0
      vertex 108.681 61.3365 0
    endloop
  endfacet
  facet normal -0.117974 -0.993017 0
    outer loop
      vertex 108.118 61.4954 0
      vertex 108.235 61.4815 3.8
      vertex 108.118 61.4954 3.8
    endloop
  endfacet
  facet normal -0.117974 -0.993017 -0
    outer loop
      vertex 108.235 61.4815 3.8
      vertex 108.118 61.4954 0
      vertex 108.235 61.4815 0
    endloop
  endfacet
  facet normal -0.0389535 -0.999241 0
    outer loop
      vertex 108 61.5 0
      vertex 108.118 61.4954 3.8
      vertex 108 61.5 3.8
    endloop
  endfacet
  facet normal -0.0389535 -0.999241 -0
    outer loop
      vertex 108.118 61.4954 3.8
      vertex 108 61.5 0
      vertex 108.118 61.4954 0
    endloop
  endfacet
  facet normal 0.999099 -0.0424426 0
    outer loop
      vertex 106.5 60 3.8
      vertex 106.505 60.1177 0
      vertex 106.505 60.1177 3.8
    endloop
  endfacet
  facet normal 0.999099 -0.0424426 0
    outer loop
      vertex 106.505 60.1177 0
      vertex 106.5 60 3.8
      vertex 106.5 60 0
    endloop
  endfacet
  facet normal 0.909199 -0.416362 0
    outer loop
      vertex 106.614 60.574 3.8
      vertex 106.663 60.681 0
      vertex 106.663 60.681 3.8
    endloop
  endfacet
  facet normal 0.909199 -0.416362 0
    outer loop
      vertex 106.663 60.681 0
      vertex 106.614 60.574 3.8
      vertex 106.614 60.574 0
    endloop
  endfacet
  facet normal 0.195296 -0.980744 0
    outer loop
      vertex 107.65 61.4586 0
      vertex 107.765 61.4815 3.8
      vertex 107.65 61.4586 3.8
    endloop
  endfacet
  facet normal 0.195296 -0.980744 0
    outer loop
      vertex 107.765 61.4815 3.8
      vertex 107.65 61.4586 0
      vertex 107.765 61.4815 0
    endloop
  endfacet
  facet normal 0.555679 -0.831397 0
    outer loop
      vertex 107.118 61.2135 0
      vertex 107.216 61.279 3.8
      vertex 107.118 61.2135 3.8
    endloop
  endfacet
  facet normal 0.555679 -0.831397 0
    outer loop
      vertex 107.216 61.279 3.8
      vertex 107.118 61.2135 0
      vertex 107.216 61.279 0
    endloop
  endfacet
  facet normal -0.980744 0.1953 0
    outer loop
      vertex 109.459 59.6498 0
      vertex 109.482 59.7653 3.8
      vertex 109.482 59.7653 0
    endloop
  endfacet
  facet normal -0.980744 0.1953 0
    outer loop
      vertex 109.482 59.7653 3.8
      vertex 109.459 59.6498 0
      vertex 109.459 59.6498 3.8
    endloop
  endfacet
  facet normal -0.195296 0.980744 0
    outer loop
      vertex 108.35 58.5414 0
      vertex 108.235 58.5185 3.8
      vertex 108.35 58.5414 3.8
    endloop
  endfacet
  facet normal -0.195296 0.980744 0
    outer loop
      vertex 108.235 58.5185 3.8
      vertex 108.35 58.5414 0
      vertex 108.235 58.5185 0
    endloop
  endfacet
  facet normal -0.418466 0.908232 0
    outer loop
      vertex 108.681 58.6635 0
      vertex 108.574 58.6142 3.8
      vertex 108.681 58.6635 3.8
    endloop
  endfacet
  facet normal -0.418466 0.908232 0
    outer loop
      vertex 108.574 58.6142 3.8
      vertex 108.681 58.6635 0
      vertex 108.574 58.6142 0
    endloop
  endfacet
  facet normal -0.734152 0.678985 0
    outer loop
      vertex 109.061 58.9393 0
      vertex 109.141 59.0258 3.8
      vertex 109.141 59.0258 0
    endloop
  endfacet
  facet normal -0.734152 0.678985 0
    outer loop
      vertex 109.141 59.0258 3.8
      vertex 109.061 58.9393 0
      vertex 109.061 58.9393 3.8
    endloop
  endfacet
  facet normal -0.555679 0.831397 0
    outer loop
      vertex 108.882 58.7865 0
      vertex 108.784 58.721 3.8
      vertex 108.882 58.7865 3.8
    endloop
  endfacet
  facet normal -0.555679 0.831397 0
    outer loop
      vertex 108.784 58.721 3.8
      vertex 108.882 58.7865 0
      vertex 108.784 58.721 0
    endloop
  endfacet
  facet normal -0.909199 0.416362 0
    outer loop
      vertex 109.337 59.319 0
      vertex 109.386 59.426 3.8
      vertex 109.386 59.426 0
    endloop
  endfacet
  facet normal -0.909199 0.416362 0
    outer loop
      vertex 109.386 59.426 3.8
      vertex 109.337 59.319 0
      vertex 109.337 59.319 3.8
    endloop
  endfacet
  facet normal -0.833356 0.552736 0
    outer loop
      vertex 109.214 59.1183 0
      vertex 109.279 59.2163 3.8
      vertex 109.279 59.2163 0
    endloop
  endfacet
  facet normal -0.833356 0.552736 0
    outer loop
      vertex 109.279 59.2163 3.8
      vertex 109.214 59.1183 0
      vertex 109.214 59.1183 3.8
    endloop
  endfacet
  facet normal 0.0389535 0.999241 -0
    outer loop
      vertex 108 58.5 0
      vertex 107.882 58.5046 3.8
      vertex 108 58.5 3.8
    endloop
  endfacet
  facet normal 0.0389535 0.999241 0
    outer loop
      vertex 107.882 58.5046 3.8
      vertex 108 58.5 0
      vertex 107.882 58.5046 0
    endloop
  endfacet
  facet normal 0.195296 0.980744 -0
    outer loop
      vertex 107.765 58.5185 0
      vertex 107.65 58.5414 3.8
      vertex 107.765 58.5185 3.8
    endloop
  endfacet
  facet normal 0.195296 0.980744 0
    outer loop
      vertex 107.65 58.5414 3.8
      vertex 107.765 58.5185 0
      vertex 107.65 58.5414 0
    endloop
  endfacet
  facet normal 0.418466 0.908232 -0
    outer loop
      vertex 107.426 58.6142 0
      vertex 107.319 58.6635 3.8
      vertex 107.426 58.6142 3.8
    endloop
  endfacet
  facet normal 0.418466 0.908232 0
    outer loop
      vertex 107.319 58.6635 3.8
      vertex 107.426 58.6142 0
      vertex 107.319 58.6635 0
    endloop
  endfacet
  facet normal 0.555679 0.831397 -0
    outer loop
      vertex 107.216 58.721 0
      vertex 107.118 58.7865 3.8
      vertex 107.216 58.721 3.8
    endloop
  endfacet
  facet normal 0.555679 0.831397 0
    outer loop
      vertex 107.118 58.7865 3.8
      vertex 107.216 58.721 0
      vertex 107.118 58.7865 0
    endloop
  endfacet
  facet normal 0.909199 0.416362 0
    outer loop
      vertex 106.663 59.319 3.8
      vertex 106.614 59.426 0
      vertex 106.614 59.426 3.8
    endloop
  endfacet
  facet normal 0.909199 0.416362 0
    outer loop
      vertex 106.614 59.426 0
      vertex 106.663 59.319 3.8
      vertex 106.663 59.319 0
    endloop
  endfacet
  facet normal 0.980744 0.1953 0
    outer loop
      vertex 106.541 59.6498 3.8
      vertex 106.518 59.7653 0
      vertex 106.518 59.7653 3.8
    endloop
  endfacet
  facet normal 0.980744 0.1953 0
    outer loop
      vertex 106.518 59.7653 0
      vertex 106.541 59.6498 3.8
      vertex 106.541 59.6498 0
    endloop
  endfacet
  facet normal 0.833356 0.552736 0
    outer loop
      vertex 106.786 59.1183 3.8
      vertex 106.721 59.2163 0
      vertex 106.721 59.2163 3.8
    endloop
  endfacet
  facet normal 0.833356 0.552736 0
    outer loop
      vertex 106.721 59.2163 0
      vertex 106.786 59.1183 3.8
      vertex 106.786 59.1183 0
    endloop
  endfacet
  facet normal 0.676414 0.736521 -0
    outer loop
      vertex 107.026 58.8594 0
      vertex 106.939 58.9393 3.8
      vertex 107.026 58.8594 3.8
    endloop
  endfacet
  facet normal 0.676414 0.736521 0
    outer loop
      vertex 106.939 58.9393 3.8
      vertex 107.026 58.8594 0
      vertex 106.939 58.9393 0
    endloop
  endfacet
  facet normal -0.999099 0.0424426 0
    outer loop
      vertex 109.495 59.8823 0
      vertex 109.5 60 3.8
      vertex 109.5 60 0
    endloop
  endfacet
  facet normal -0.999099 0.0424426 0
    outer loop
      vertex 109.5 60 3.8
      vertex 109.495 59.8823 0
      vertex 109.495 59.8823 3.8
    endloop
  endfacet
  facet normal 0 0 1
    outer loop
      vertex 106.573 59.5365 3.8
      vertex 11.4266 59.5365 3.8
      vertex 106.614 59.426 3.8
    endloop
  endfacet
  facet normal 0 0 1
    outer loop
      vertex 106.663 10.681 3.8
      vertex 11.4954 10.1177 3.8
      vertex 11.5 10 3.8
    endloop
  endfacet
  facet normal 0 0 1
    outer loop
      vertex 11.3858 59.426 3.8
      vertex 106.614 59.426 3.8
      vertex 11.4266 59.5365 3.8
    endloop
  endfacet
  facet normal 0 0 1
    outer loop
      vertex 106.663 10.681 3.8
      vertex 11.4815 10.2347 3.8
      vertex 11.4954 10.1177 3.8
    endloop
  endfacet
  facet normal 0 0 1
    outer loop
      vertex 106.614 59.426 3.8
      vertex 11.3858 59.426 3.8
      vertex 106.663 59.319 3.8
    endloop
  endfacet
  facet normal 0 0 1
    outer loop
      vertex 106.663 10.681 3.8
      vertex 11.4586 10.3502 3.8
      vertex 11.4815 10.2347 3.8
    endloop
  endfacet
  facet normal 0 0 1
    outer loop
      vertex 11.3365 59.319 3.8
      vertex 106.663 59.319 3.8
      vertex 11.3858 59.426 3.8
    endloop
  endfacet
  facet normal 0 0 1
    outer loop
      vertex 106.663 10.681 3.8
      vertex 11.4266 10.4635 3.8
      vertex 11.4586 10.3502 3.8
    endloop
  endfacet
  facet normal 0 0 1
    outer loop
      vertex 106.663 59.319 3.8
      vertex 11.3365 59.319 3.8
      vertex 106.663 10.681 3.8
    endloop
  endfacet
  facet normal 0 0 1
    outer loop
      vertex 106.663 10.681 3.8
      vertex 11.3858 10.574 3.8
      vertex 11.4266 10.4635 3.8
    endloop
  endfacet
  facet normal 0 0 1
    outer loop
      vertex 11.3365 10.681 3.8
      vertex 106.663 10.681 3.8
      vertex 11.3365 59.319 3.8
    endloop
  endfacet
  facet normal 0 0 1
    outer loop
      vertex 106.663 10.681 3.8
      vertex 11.3365 10.681 3.8
      vertex 11.3858 10.574 3.8
    endloop
  endfacet
  facet normal -0 0 1
    outer loop
      vertex 11.279 59.2163 3.8
      vertex 11.3365 10.681 3.8
      vertex 11.3365 59.319 3.8
    endloop
  endfacet
  facet normal 0 0 1
    outer loop
      vertex 11.279 59.2163 3.8
      vertex 11.279 10.7837 3.8
      vertex 11.3365 10.681 3.8
    endloop
  endfacet
  facet normal -0 0 1
    outer loop
      vertex 11.2135 59.1183 3.8
      vertex 11.279 10.7837 3.8
      vertex 11.279 59.2163 3.8
    endloop
  endfacet
  facet normal 0 0 1
    outer loop
      vertex 11.2135 59.1183 3.8
      vertex 11.2135 10.8817 3.8
      vertex 11.279 10.7837 3.8
    endloop
  endfacet
  facet normal -0 0 1
    outer loop
      vertex 11.1406 59.0258 3.8
      vertex 11.2135 10.8817 3.8
      vertex 11.2135 59.1183 3.8
    endloop
  endfacet
  facet normal 0 0 1
    outer loop
      vertex 11.1406 59.0258 3.8
      vertex 11.1406 10.9742 3.8
      vertex 11.2135 10.8817 3.8
    endloop
  endfacet
  facet normal -0 0 1
    outer loop
      vertex 11.0607 58.9393 3.8
      vertex 11.1406 10.9742 3.8
      vertex 11.1406 59.0258 3.8
    endloop
  endfacet
  facet normal 0 0 1
    outer loop
      vertex 11.0607 58.9393 3.8
      vertex 11.0607 11.0607 3.8
      vertex 11.1406 10.9742 3.8
    endloop
  endfacet
  facet normal -0 0 1
    outer loop
      vertex 10.9742 58.8594 3.8
      vertex 11.0607 11.0607 3.8
      vertex 11.0607 58.9393 3.8
    endloop
  endfacet
  facet normal 0 0 1
    outer loop
      vertex 10.9742 58.8594 3.8
      vertex 10.9742 11.1406 3.8
      vertex 11.0607 11.0607 3.8
    endloop
  endfacet
  facet normal -0 0 1
    outer loop
      vertex 10.8817 58.7865 3.8
      vertex 10.9742 11.1406 3.8
      vertex 10.9742 58.8594 3.8
    endloop
  endfacet
  facet normal 0 0 1
    outer loop
      vertex 10.8817 58.7865 3.8
      vertex 10.8817 11.2135 3.8
      vertex 10.9742 11.1406 3.8
    endloop
  endfacet
  facet normal -0 0 1
    outer loop
      vertex 10.7837 58.721 3.8
      vertex 10.8817 11.2135 3.8
      vertex 10.8817 58.7865 3.8
    endloop
  endfacet
  facet normal 0 0 1
    outer loop
      vertex 10.7837 58.721 3.8
      vertex 10.7837 11.279 3.8
      vertex 10.8817 11.2135 3.8
    endloop
  endfacet
  facet normal -0 0 1
    outer loop
      vertex 10.681 58.6635 3.8
      vertex 10.7837 11.279 3.8
      vertex 10.7837 58.721 3.8
    endloop
  endfacet
  facet normal 0 0 1
    outer loop
      vertex 10.681 58.6635 3.8
      vertex 10.681 11.3365 3.8
      vertex 10.7837 11.279 3.8
    endloop
  endfacet
  facet normal -0 0 1
    outer loop
      vertex 10.574 58.6142 3.8
      vertex 10.681 11.3365 3.8
      vertex 10.681 58.6635 3.8
    endloop
  endfacet
  facet normal 0 0 1
    outer loop
      vertex 10.574 58.6142 3.8
      vertex 10.574 11.3858 3.8
      vertex 10.681 11.3365 3.8
    endloop
  endfacet
  facet normal -0 0 1
    outer loop
      vertex 10.4635 58.5734 3.8
      vertex 10.574 11.3858 3.8
      vertex 10.574 58.6142 3.8
    endloop
  endfacet
  facet normal 0 0 1
    outer loop
      vertex 10.4635 58.5734 3.8
      vertex 10.4635 11.4266 3.8
      vertex 10.574 11.3858 3.8
    endloop
  endfacet
  facet normal -0 0 1
    outer loop
      vertex 10.3502 58.5414 3.8
      vertex 10.4635 11.4266 3.8
      vertex 10.4635 58.5734 3.8
    endloop
  endfacet
  facet normal 0 0 1
    outer loop
      vertex 10.3502 58.5414 3.8
      vertex 10.3502 11.4586 3.8
      vertex 10.4635 11.4266 3.8
    endloop
  endfacet
  facet normal -0 0 1
    outer loop
      vertex 10.2347 58.5185 3.8
      vertex 10.3502 11.4586 3.8
      vertex 10.3502 58.5414 3.8
    endloop
  endfacet
  facet normal 0 0 1
    outer loop
      vertex 10.2347 58.5185 3.8
      vertex 10.2347 11.4815 3.8
      vertex 10.3502 11.4586 3.8
    endloop
  endfacet
  facet normal -0 0 1
    outer loop
      vertex 10.1177 58.5046 3.8
      vertex 10.2347 11.4815 3.8
      vertex 10.2347 58.5185 3.8
    endloop
  endfacet
  facet normal 0 0 1
    outer loop
      vertex 10.1177 58.5046 3.8
      vertex 10.1177 11.4954 3.8
      vertex 10.2347 11.4815 3.8
    endloop
  endfacet
  facet normal -0 0 1
    outer loop
      vertex 10 58.5 3.8
      vertex 10.1177 11.4954 3.8
      vertex 10.1177 58.5046 3.8
    endloop
  endfacet
  facet normal 0 0 1
    outer loop
      vertex 10 58.5 3.8
      vertex 10 11.5 3.8
      vertex 10.1177 11.4954 3.8
    endloop
  endfacet
  facet normal 0 0 1
    outer loop
      vertex 9.88231 58.5046 3.8
      vertex 10 11.5 3.8
      vertex 10 58.5 3.8
    endloop
  endfacet
  facet normal 0 0 1
    outer loop
      vertex 9.88231 58.5046 3.8
      vertex 9.88231 11.4954 3.8
      vertex 10 11.5 3.8
    endloop
  endfacet
  facet normal 0 0 1
    outer loop
      vertex 9.76535 58.5185 3.8
      vertex 9.88231 11.4954 3.8
      vertex 9.88231 58.5046 3.8
    endloop
  endfacet
  facet normal 0 0 1
    outer loop
      vertex 9.76535 58.5185 3.8
      vertex 9.76535 11.4815 3.8
      vertex 9.88231 11.4954 3.8
    endloop
  endfacet
  facet normal 0 0 1
    outer loop
      vertex 9.64983 58.5414 3.8
      vertex 9.76535 11.4815 3.8
      vertex 9.76535 58.5185 3.8
    endloop
  endfacet
  facet normal 0 0 1
    outer loop
      vertex 9.64983 58.5414 3.8
      vertex 9.64983 11.4586 3.8
      vertex 9.76535 11.4815 3.8
    endloop
  endfacet
  facet normal 0 0 1
    outer loop
      vertex 9.53647 58.5734 3.8
      vertex 9.64983 11.4586 3.8
      vertex 9.64983 58.5414 3.8
    endloop
  endfacet
  facet normal 0 0 1
    outer loop
      vertex 9.53647 58.5734 3.8
      vertex 9.53647 11.4266 3.8
      vertex 9.64983 11.4586 3.8
    endloop
  endfacet
  facet normal 0 0 1
    outer loop
      vertex 9.42597 58.6142 3.8
      vertex 9.53647 11.4266 3.8
      vertex 9.53647 58.5734 3.8
    endloop
  endfacet
  facet normal 0 0 1
    outer loop
      vertex 9.42597 58.6142 3.8
      vertex 9.42597 11.3858 3.8
      vertex 9.53647 11.4266 3.8
    endloop
  endfacet
  facet normal 0 0 1
    outer loop
      vertex 9.31901 58.6635 3.8
      vertex 9.42597 11.3858 3.8
      vertex 9.42597 58.6142 3.8
    endloop
  endfacet
  facet normal 0 0 1
    outer loop
      vertex 9.31901 58.6635 3.8
      vertex 9.31901 11.3365 3.8
      vertex 9.42597 11.3858 3.8
    endloop
  endfacet
  facet normal 0 0 1
    outer loop
      vertex 9.21625 58.721 3.8
      vertex 9.31901 11.3365 3.8
      vertex 9.31901 58.6635 3.8
    endloop
  endfacet
  facet normal 0 0 1
    outer loop
      vertex 9.21625 58.721 3.8
      vertex 9.21625 11.279 3.8
      vertex 9.31901 11.3365 3.8
    endloop
  endfacet
  facet normal 0 0 1
    outer loop
      vertex 9.11832 58.7865 3.8
      vertex 9.21625 11.279 3.8
      vertex 9.21625 58.721 3.8
    endloop
  endfacet
  facet normal 0 0 1
    outer loop
      vertex 9.11832 58.7865 3.8
      vertex 9.11832 11.2135 3.8
      vertex 9.21625 11.279 3.8
    endloop
  endfacet
  facet normal 0 0 1
    outer loop
      vertex 9.02583 58.8594 3.8
      vertex 9.11832 11.2135 3.8
      vertex 9.11832 58.7865 3.8
    endloop
  endfacet
  facet normal 0 0 1
    outer loop
      vertex 9.02583 58.8594 3.8
      vertex 9.02583 11.1406 3.8
      vertex 9.11832 11.2135 3.8
    endloop
  endfacet
  facet normal 0 0 1
    outer loop
      vertex 8.93934 58.9393 3.8
      vertex 9.02583 11.1406 3.8
      vertex 9.02583 58.8594 3.8
    endloop
  endfacet
  facet normal 0 0 1
    outer loop
      vertex 8.93934 58.9393 3.8
      vertex 8.93934 11.0607 3.8
      vertex 9.02583 11.1406 3.8
    endloop
  endfacet
  facet normal 0 0 1
    outer loop
      vertex 8.85939 59.0258 3.8
      vertex 8.93934 11.0607 3.8
      vertex 8.93934 58.9393 3.8
    endloop
  endfacet
  facet normal 0 0 1
    outer loop
      vertex 8.85939 59.0258 3.8
      vertex 8.85939 10.9742 3.8
      vertex 8.93934 11.0607 3.8
    endloop
  endfacet
  facet normal 0 0 1
    outer loop
      vertex 8.78647 59.1183 3.8
      vertex 8.85939 10.9742 3.8
      vertex 8.85939 59.0258 3.8
    endloop
  endfacet
  facet normal 0 0 1
    outer loop
      vertex 8.78647 59.1183 3.8
      vertex 8.78647 10.8817 3.8
      vertex 8.85939 10.9742 3.8
    endloop
  endfacet
  facet normal 0 0 1
    outer loop
      vertex 8.72104 59.2163 3.8
      vertex 8.78647 10.8817 3.8
      vertex 8.78647 59.1183 3.8
    endloop
  endfacet
  facet normal 0 0 1
    outer loop
      vertex 8.72104 59.2163 3.8
      vertex 8.72104 10.7837 3.8
      vertex 8.78647 10.8817 3.8
    endloop
  endfacet
  facet normal 0 0 1
    outer loop
      vertex 8.66349 59.319 3.8
      vertex 8.72104 10.7837 3.8
      vertex 8.72104 59.2163 3.8
    endloop
  endfacet
  facet normal 0 0 1
    outer loop
      vertex 8.66349 59.319 3.8
      vertex 8.66349 10.681 3.8
      vertex 8.72104 10.7837 3.8
    endloop
  endfacet
  facet normal 0 0 1
    outer loop
      vertex 8.61418 59.426 3.8
      vertex 8.66349 10.681 3.8
      vertex 8.66349 59.319 3.8
    endloop
  endfacet
  facet normal 0 0 1
    outer loop
      vertex 8.61418 59.426 3.8
      vertex 8.61418 10.574 3.8
      vertex 8.66349 10.681 3.8
    endloop
  endfacet
  facet normal 0 0 1
    outer loop
      vertex 8.57341 59.5365 3.8
      vertex 8.61418 10.574 3.8
      vertex 8.61418 59.426 3.8
    endloop
  endfacet
  facet normal 0 0 1
    outer loop
      vertex 8.57341 59.5365 3.8
      vertex 8.57341 10.4635 3.8
      vertex 8.61418 10.574 3.8
    endloop
  endfacet
  facet normal 0 0 1
    outer loop
      vertex 8 61 3.8
      vertex 8.57341 59.5365 3.8
      vertex 8.54144 59.6498 3.8
    endloop
  endfacet
  facet normal 0 0 1
    outer loop
      vertex 8.57341 59.5365 3.8
      vertex 8 61 3.8
      vertex 8.57341 10.4635 3.8
    endloop
  endfacet
  facet normal 0 0 1
    outer loop
      vertex 8 61 3.8
      vertex 8.54144 59.6498 3.8
      vertex 8.51847 59.7653 3.8
    endloop
  endfacet
  facet normal 0 0 1
    outer loop
      vertex 8 9 3.8
      vertex 8.57341 10.4635 3.8
      vertex 8 61 3.8
    endloop
  endfacet
  facet normal 0 0 1
    outer loop
      vertex 8 61 3.8
      vertex 8.51847 59.7653 3.8
      vertex 8.50462 59.8823 3.8
    endloop
  endfacet
  facet normal 0 0 1
    outer loop
      vertex 8.57341 10.4635 3.8
      vertex 8 9 3.8
      vertex 8.54144 10.3502 3.8
    endloop
  endfacet
  facet normal 0 0 1
    outer loop
      vertex 8 61 3.8
      vertex 8.50462 59.8823 3.8
      vertex 8.5 60 3.8
    endloop
  endfacet
  facet normal 0 0 1
    outer loop
      vertex 8.54144 10.3502 3.8
      vertex 8 9 3.8
      vertex 8.51847 10.2347 3.8
    endloop
  endfacet
  facet normal 0 0 1
    outer loop
      vertex 109.459 59.6498 3.8
      vertex 110 61 3.8
      vertex 109.482 59.7653 3.8
    endloop
  endfacet
  facet normal 0 0 1
    outer loop
      vertex 110 9 3.8
      vertex 109.495 10.1177 3.8
      vertex 109.5 10 3.8
    endloop
  endfacet
  facet normal 0 0 1
    outer loop
      vertex 109.427 59.5365 3.8
      vertex 110 61 3.8
      vertex 109.459 59.6498 3.8
    endloop
  endfacet
  facet normal 0 0 1
    outer loop
      vertex 110 9 3.8
      vertex 109.482 10.2347 3.8
      vertex 109.495 10.1177 3.8
    endloop
  endfacet
  facet normal 0 0 1
    outer loop
      vertex 110 61 3.8
      vertex 109.427 59.5365 3.8
      vertex 110 9 3.8
    endloop
  endfacet
  facet normal 0 0 1
    outer loop
      vertex 110 9 3.8
      vertex 109.459 10.3502 3.8
      vertex 109.482 10.2347 3.8
    endloop
  endfacet
  facet normal -0 0 1
    outer loop
      vertex 109.427 10.4635 3.8
      vertex 110 9 3.8
      vertex 109.427 59.5365 3.8
    endloop
  endfacet
  facet normal 0 0 1
    outer loop
      vertex 110 9 3.8
      vertex 109.427 10.4635 3.8
      vertex 109.459 10.3502 3.8
    endloop
  endfacet
  facet normal -0 0 1
    outer loop
      vertex 109.386 59.426 3.8
      vertex 109.427 10.4635 3.8
      vertex 109.427 59.5365 3.8
    endloop
  endfacet
  facet normal 0 0 1
    outer loop
      vertex 109.386 59.426 3.8
      vertex 109.386 10.574 3.8
      vertex 109.427 10.4635 3.8
    endloop
  endfacet
  facet normal -0 0 1
    outer loop
      vertex 109.337 59.319 3.8
      vertex 109.386 10.574 3.8
      vertex 109.386 59.426 3.8
    endloop
  endfacet
  facet normal 0 0 1
    outer loop
      vertex 109.337 59.319 3.8
      vertex 109.337 10.681 3.8
      vertex 109.386 10.574 3.8
    endloop
  endfacet
  facet normal -0 0 1
    outer loop
      vertex 109.279 59.2163 3.8
      vertex 109.337 10.681 3.8
      vertex 109.337 59.319 3.8
    endloop
  endfacet
  facet normal 0 0 1
    outer loop
      vertex 109.279 59.2163 3.8
      vertex 109.279 10.7837 3.8
      vertex 109.337 10.681 3.8
    endloop
  endfacet
  facet normal -0 0 1
    outer loop
      vertex 109.214 59.1183 3.8
      vertex 109.279 10.7837 3.8
      vertex 109.279 59.2163 3.8
    endloop
  endfacet
  facet normal 0 0 1
    outer loop
      vertex 109.214 59.1183 3.8
      vertex 109.214 10.8817 3.8
      vertex 109.279 10.7837 3.8
    endloop
  endfacet
  facet normal -0 0 1
    outer loop
      vertex 109.141 59.0258 3.8
      vertex 109.214 10.8817 3.8
      vertex 109.214 59.1183 3.8
    endloop
  endfacet
  facet normal 0 0 1
    outer loop
      vertex 109.141 59.0258 3.8
      vertex 109.141 10.9742 3.8
      vertex 109.214 10.8817 3.8
    endloop
  endfacet
  facet normal -0 0 1
    outer loop
      vertex 109.061 58.9393 3.8
      vertex 109.141 10.9742 3.8
      vertex 109.141 59.0258 3.8
    endloop
  endfacet
  facet normal 0 0 1
    outer loop
      vertex 109.061 58.9393 3.8
      vertex 109.061 11.0607 3.8
      vertex 109.141 10.9742 3.8
    endloop
  endfacet
  facet normal -0 0 1
    outer loop
      vertex 108.974 58.8594 3.8
      vertex 109.061 11.0607 3.8
      vertex 109.061 58.9393 3.8
    endloop
  endfacet
  facet normal 0 0 1
    outer loop
      vertex 108.974 58.8594 3.8
      vertex 108.974 11.1406 3.8
      vertex 109.061 11.0607 3.8
    endloop
  endfacet
  facet normal -0 0 1
    outer loop
      vertex 108.882 58.7865 3.8
      vertex 108.974 11.1406 3.8
      vertex 108.974 58.8594 3.8
    endloop
  endfacet
  facet normal 0 0 1
    outer loop
      vertex 108.882 58.7865 3.8
      vertex 108.882 11.2135 3.8
      vertex 108.974 11.1406 3.8
    endloop
  endfacet
  facet normal -0 0 1
    outer loop
      vertex 108.784 58.721 3.8
      vertex 108.882 11.2135 3.8
      vertex 108.882 58.7865 3.8
    endloop
  endfacet
  facet normal 0 0 1
    outer loop
      vertex 108.784 58.721 3.8
      vertex 108.784 11.279 3.8
      vertex 108.882 11.2135 3.8
    endloop
  endfacet
  facet normal -0 0 1
    outer loop
      vertex 108.681 58.6635 3.8
      vertex 108.784 11.279 3.8
      vertex 108.784 58.721 3.8
    endloop
  endfacet
  facet normal 0 0 1
    outer loop
      vertex 108.681 58.6635 3.8
      vertex 108.681 11.3365 3.8
      vertex 108.784 11.279 3.8
    endloop
  endfacet
  facet normal -0 0 1
    outer loop
      vertex 108.574 58.6142 3.8
      vertex 108.681 11.3365 3.8
      vertex 108.681 58.6635 3.8
    endloop
  endfacet
  facet normal 0 0 1
    outer loop
      vertex 108.574 58.6142 3.8
      vertex 108.574 11.3858 3.8
      vertex 108.681 11.3365 3.8
    endloop
  endfacet
  facet normal -0 0 1
    outer loop
      vertex 108.464 58.5734 3.8
      vertex 108.574 11.3858 3.8
      vertex 108.574 58.6142 3.8
    endloop
  endfacet
  facet normal 0 0 1
    outer loop
      vertex 108.464 58.5734 3.8
      vertex 108.464 11.4266 3.8
      vertex 108.574 11.3858 3.8
    endloop
  endfacet
  facet normal -0 0 1
    outer loop
      vertex 108.35 58.5414 3.8
      vertex 108.464 11.4266 3.8
      vertex 108.464 58.5734 3.8
    endloop
  endfacet
  facet normal 0 0 1
    outer loop
      vertex 108.35 58.5414 3.8
      vertex 108.35 11.4586 3.8
      vertex 108.464 11.4266 3.8
    endloop
  endfacet
  facet normal -0 0 1
    outer loop
      vertex 108.235 58.5185 3.8
      vertex 108.35 11.4586 3.8
      vertex 108.35 58.5414 3.8
    endloop
  endfacet
  facet normal 0 0 1
    outer loop
      vertex 108.235 58.5185 3.8
      vertex 108.235 11.4815 3.8
      vertex 108.35 11.4586 3.8
    endloop
  endfacet
  facet normal -0 0 1
    outer loop
      vertex 108.118 58.5046 3.8
      vertex 108.235 11.4815 3.8
      vertex 108.235 58.5185 3.8
    endloop
  endfacet
  facet normal 0 0 1
    outer loop
      vertex 108.118 58.5046 3.8
      vertex 108.118 11.4954 3.8
      vertex 108.235 11.4815 3.8
    endloop
  endfacet
  facet normal -0 0 1
    outer loop
      vertex 108 58.5 3.8
      vertex 108.118 11.4954 3.8
      vertex 108.118 58.5046 3.8
    endloop
  endfacet
  facet normal 0 0 1
    outer loop
      vertex 108 58.5 3.8
      vertex 108 11.5 3.8
      vertex 108.118 11.4954 3.8
    endloop
  endfacet
  facet normal 0 0 1
    outer loop
      vertex 107.882 58.5046 3.8
      vertex 108 11.5 3.8
      vertex 108 58.5 3.8
    endloop
  endfacet
  facet normal 0 0 1
    outer loop
      vertex 107.882 58.5046 3.8
      vertex 107.882 11.4954 3.8
      vertex 108 11.5 3.8
    endloop
  endfacet
  facet normal 0 0 1
    outer loop
      vertex 107.765 58.5185 3.8
      vertex 107.882 11.4954 3.8
      vertex 107.882 58.5046 3.8
    endloop
  endfacet
  facet normal 0 0 1
    outer loop
      vertex 107.765 58.5185 3.8
      vertex 107.765 11.4815 3.8
      vertex 107.882 11.4954 3.8
    endloop
  endfacet
  facet normal 0 0 1
    outer loop
      vertex 107.65 58.5414 3.8
      vertex 107.765 11.4815 3.8
      vertex 107.765 58.5185 3.8
    endloop
  endfacet
  facet normal 0 0 1
    outer loop
      vertex 107.65 58.5414 3.8
      vertex 107.65 11.4586 3.8
      vertex 107.765 11.4815 3.8
    endloop
  endfacet
  facet normal 0 0 1
    outer loop
      vertex 107.536 58.5734 3.8
      vertex 107.65 11.4586 3.8
      vertex 107.65 58.5414 3.8
    endloop
  endfacet
  facet normal 0 0 1
    outer loop
      vertex 107.536 58.5734 3.8
      vertex 107.536 11.4266 3.8
      vertex 107.65 11.4586 3.8
    endloop
  endfacet
  facet normal 0 0 1
    outer loop
      vertex 107.426 58.6142 3.8
      vertex 107.536 11.4266 3.8
      vertex 107.536 58.5734 3.8
    endloop
  endfacet
  facet normal 0 0 1
    outer loop
      vertex 107.426 58.6142 3.8
      vertex 107.426 11.3858 3.8
      vertex 107.536 11.4266 3.8
    endloop
  endfacet
  facet normal 0 0 1
    outer loop
      vertex 107.319 58.6635 3.8
      vertex 107.426 11.3858 3.8
      vertex 107.426 58.6142 3.8
    endloop
  endfacet
  facet normal 0 0 1
    outer loop
      vertex 107.319 58.6635 3.8
      vertex 107.319 11.3365 3.8
      vertex 107.426 11.3858 3.8
    endloop
  endfacet
  facet normal 0 0 1
    outer loop
      vertex 107.216 58.721 3.8
      vertex 107.319 11.3365 3.8
      vertex 107.319 58.6635 3.8
    endloop
  endfacet
  facet normal 0 0 1
    outer loop
      vertex 107.216 58.721 3.8
      vertex 107.216 11.279 3.8
      vertex 107.319 11.3365 3.8
    endloop
  endfacet
  facet normal 0 0 1
    outer loop
      vertex 107.118 58.7865 3.8
      vertex 107.216 11.279 3.8
      vertex 107.216 58.721 3.8
    endloop
  endfacet
  facet normal 0 0 1
    outer loop
      vertex 107.118 58.7865 3.8
      vertex 107.118 11.2135 3.8
      vertex 107.216 11.279 3.8
    endloop
  endfacet
  facet normal 0 0 1
    outer loop
      vertex 107.026 58.8594 3.8
      vertex 107.118 11.2135 3.8
      vertex 107.118 58.7865 3.8
    endloop
  endfacet
  facet normal 0 0 1
    outer loop
      vertex 107.026 58.8594 3.8
      vertex 107.026 11.1406 3.8
      vertex 107.118 11.2135 3.8
    endloop
  endfacet
  facet normal 0 0 1
    outer loop
      vertex 106.939 58.9393 3.8
      vertex 107.026 11.1406 3.8
      vertex 107.026 58.8594 3.8
    endloop
  endfacet
  facet normal 0 0 1
    outer loop
      vertex 106.939 58.9393 3.8
      vertex 106.939 11.0607 3.8
      vertex 107.026 11.1406 3.8
    endloop
  endfacet
  facet normal 0 0 1
    outer loop
      vertex 106.859 59.0258 3.8
      vertex 106.939 11.0607 3.8
      vertex 106.939 58.9393 3.8
    endloop
  endfacet
  facet normal 0 0 1
    outer loop
      vertex 106.859 59.0258 3.8
      vertex 106.859 10.9742 3.8
      vertex 106.939 11.0607 3.8
    endloop
  endfacet
  facet normal 0 0 1
    outer loop
      vertex 106.786 59.1183 3.8
      vertex 106.859 10.9742 3.8
      vertex 106.859 59.0258 3.8
    endloop
  endfacet
  facet normal 0 0 1
    outer loop
      vertex 106.786 59.1183 3.8
      vertex 106.786 10.8817 3.8
      vertex 106.859 10.9742 3.8
    endloop
  endfacet
  facet normal 0 0 1
    outer loop
      vertex 106.721 59.2163 3.8
      vertex 106.786 10.8817 3.8
      vertex 106.786 59.1183 3.8
    endloop
  endfacet
  facet normal 0 0 1
    outer loop
      vertex 106.721 59.2163 3.8
      vertex 106.721 10.7837 3.8
      vertex 106.786 10.8817 3.8
    endloop
  endfacet
  facet normal 0 0 1
    outer loop
      vertex 106.663 59.319 3.8
      vertex 106.721 10.7837 3.8
      vertex 106.721 59.2163 3.8
    endloop
  endfacet
  facet normal 0 0 1
    outer loop
      vertex 106.663 59.319 3.8
      vertex 106.663 10.681 3.8
      vertex 106.721 10.7837 3.8
    endloop
  endfacet
  facet normal 0 0 1
    outer loop
      vertex 11.4586 59.6498 3.8
      vertex 106.541 59.6498 3.8
      vertex 11.4815 59.7653 3.8
    endloop
  endfacet
  facet normal 0 0 1
    outer loop
      vertex 106.541 59.6498 3.8
      vertex 11.4586 59.6498 3.8
      vertex 106.573 59.5365 3.8
    endloop
  endfacet
  facet normal 0 0 1
    outer loop
      vertex 106.518 59.7653 3.8
      vertex 11.4815 59.7653 3.8
      vertex 106.541 59.6498 3.8
    endloop
  endfacet
  facet normal 0 0 1
    outer loop
      vertex 11.4266 59.5365 3.8
      vertex 106.573 59.5365 3.8
      vertex 11.4586 59.6498 3.8
    endloop
  endfacet
  facet normal 0 0 1
    outer loop
      vertex 11.4815 59.7653 3.8
      vertex 106.518 59.7653 3.8
      vertex 11.4954 59.8823 3.8
    endloop
  endfacet
  facet normal 0 0 1
    outer loop
      vertex 106.663 10.681 3.8
      vertex 11.5 10 3.8
      vertex 106.614 10.574 3.8
    endloop
  endfacet
  facet normal 0 0 1
    outer loop
      vertex 106.505 59.8823 3.8
      vertex 11.4954 59.8823 3.8
      vertex 106.518 59.7653 3.8
    endloop
  endfacet
  facet normal 0 0 1
    outer loop
      vertex 106.614 10.574 3.8
      vertex 11.5 10 3.8
      vertex 106.573 10.4635 3.8
    endloop
  endfacet
  facet normal 0 0 1
    outer loop
      vertex 11.4954 59.8823 3.8
      vertex 106.505 59.8823 3.8
      vertex 11.5 60 3.8
    endloop
  endfacet
  facet normal 0 0 1
    outer loop
      vertex 106.573 10.4635 3.8
      vertex 11.5 10 3.8
      vertex 106.541 10.3502 3.8
    endloop
  endfacet
  facet normal -0 0 1
    outer loop
      vertex 11.5 60 3.8
      vertex 106.505 59.8823 3.8
      vertex 106.5 60 3.8
    endloop
  endfacet
  facet normal 0 0 1
    outer loop
      vertex 106.541 10.3502 3.8
      vertex 11.5 10 3.8
      vertex 106.518 10.2347 3.8
    endloop
  endfacet
  facet normal 0 0 1
    outer loop
      vertex 109.279 60.7837 3.8
      vertex 110 61 3.8
      vertex 109.997 61.0785 3.8
    endloop
  endfacet
  facet normal 0 0 1
    outer loop
      vertex 109.495 59.8823 3.8
      vertex 110 61 3.8
      vertex 109.5 60 3.8
    endloop
  endfacet
  facet normal 0 0 1
    outer loop
      vertex 109.214 60.8817 3.8
      vertex 109.997 61.0785 3.8
      vertex 109.988 61.1564 3.8
    endloop
  endfacet
  facet normal 0 0 1
    outer loop
      vertex 109.482 59.7653 3.8
      vertex 110 61 3.8
      vertex 109.495 59.8823 3.8
    endloop
  endfacet
  facet normal 0 0 1
    outer loop
      vertex 109.214 60.8817 3.8
      vertex 109.988 61.1564 3.8
      vertex 109.972 61.2334 3.8
    endloop
  endfacet
  facet normal -0 0 1
    outer loop
      vertex 109.495 9.88231 3.8
      vertex 110 9 3.8
      vertex 109.5 10 3.8
    endloop
  endfacet
  facet normal 0 0 1
    outer loop
      vertex 109.214 60.8817 3.8
      vertex 109.972 61.2334 3.8
      vertex 109.951 61.309 3.8
    endloop
  endfacet
  facet normal -0 0 1
    outer loop
      vertex 109.482 9.76535 3.8
      vertex 110 9 3.8
      vertex 109.495 9.88231 3.8
    endloop
  endfacet
  facet normal 0 0 1
    outer loop
      vertex 109.214 60.8817 3.8
      vertex 109.951 61.309 3.8
      vertex 109.924 61.3827 3.8
    endloop
  endfacet
  facet normal -0 0 1
    outer loop
      vertex 109.459 9.64983 3.8
      vertex 110 9 3.8
      vertex 109.482 9.76535 3.8
    endloop
  endfacet
  facet normal 0 0 1
    outer loop
      vertex 109.141 60.9742 3.8
      vertex 109.924 61.3827 3.8
      vertex 109.891 61.454 3.8
    endloop
  endfacet
  facet normal -0 0 1
    outer loop
      vertex 109.427 9.53647 3.8
      vertex 110 9 3.8
      vertex 109.459 9.64983 3.8
    endloop
  endfacet
  facet normal 0 0 1
    outer loop
      vertex 109.141 60.9742 3.8
      vertex 109.891 61.454 3.8
      vertex 109.853 61.5225 3.8
    endloop
  endfacet
  facet normal -0 0 1
    outer loop
      vertex 109.386 9.42597 3.8
      vertex 110 9 3.8
      vertex 109.427 9.53647 3.8
    endloop
  endfacet
  facet normal 0 0 1
    outer loop
      vertex 109.141 60.9742 3.8
      vertex 109.853 61.5225 3.8
      vertex 109.809 61.5878 3.8
    endloop
  endfacet
  facet normal -0 0 1
    outer loop
      vertex 109.337 9.31901 3.8
      vertex 110 9 3.8
      vertex 109.386 9.42597 3.8
    endloop
  endfacet
  facet normal 0 0 1
    outer loop
      vertex 109.061 61.0607 3.8
      vertex 109.809 61.5878 3.8
      vertex 109.76 61.6494 3.8
    endloop
  endfacet
  facet normal -0 0 1
    outer loop
      vertex 109.279 9.21625 3.8
      vertex 110 9 3.8
      vertex 109.337 9.31901 3.8
    endloop
  endfacet
  facet normal 0 0 1
    outer loop
      vertex 109.061 61.0607 3.8
      vertex 109.76 61.6494 3.8
      vertex 109.707 61.7071 3.8
    endloop
  endfacet
  facet normal 0 0 1
    outer loop
      vertex 110 9 3.8
      vertex 109.279 9.21625 3.8
      vertex 109.997 8.92154 3.8
    endloop
  endfacet
  facet normal 0 0 1
    outer loop
      vertex 109.061 61.0607 3.8
      vertex 109.707 61.7071 3.8
      vertex 109.649 61.7604 3.8
    endloop
  endfacet
  facet normal -0 0 1
    outer loop
      vertex 109.214 9.11832 3.8
      vertex 109.997 8.92154 3.8
      vertex 109.279 9.21625 3.8
    endloop
  endfacet
  facet normal 0 0 1
    outer loop
      vertex 109.061 61.0607 3.8
      vertex 109.649 61.7604 3.8
      vertex 109.588 61.809 3.8
    endloop
  endfacet
  facet normal 0 0 1
    outer loop
      vertex 109.997 8.92154 3.8
      vertex 109.214 9.11832 3.8
      vertex 109.988 8.84356 3.8
    endloop
  endfacet
  facet normal 0 0 1
    outer loop
      vertex 108.974 61.1406 3.8
      vertex 109.588 61.809 3.8
      vertex 109.522 61.8526 3.8
    endloop
  endfacet
  facet normal 0 0 1
    outer loop
      vertex 109.988 8.84356 3.8
      vertex 109.214 9.11832 3.8
      vertex 109.972 8.76655 3.8
    endloop
  endfacet
  facet normal 0 0 1
    outer loop
      vertex 109.972 8.76655 3.8
      vertex 109.214 9.11832 3.8
      vertex 109.951 8.69098 3.8
    endloop
  endfacet
  facet normal 0 0 1
    outer loop
      vertex 110 61 3.8
      vertex 109.495 60.1177 3.8
      vertex 109.5 60 3.8
    endloop
  endfacet
  facet normal 0 0 1
    outer loop
      vertex 110 61 3.8
      vertex 109.482 60.2346 3.8
      vertex 109.495 60.1177 3.8
    endloop
  endfacet
  facet normal 0 0 1
    outer loop
      vertex 110 61 3.8
      vertex 109.459 60.3502 3.8
      vertex 109.482 60.2346 3.8
    endloop
  endfacet
  facet normal 0 0 1
    outer loop
      vertex 108.974 61.1406 3.8
      vertex 109.522 61.8526 3.8
      vertex 109.454 61.891 3.8
    endloop
  endfacet
  facet normal 0 0 1
    outer loop
      vertex 110 61 3.8
      vertex 109.427 60.4635 3.8
      vertex 109.459 60.3502 3.8
    endloop
  endfacet
  facet normal 0 0 1
    outer loop
      vertex 110 61 3.8
      vertex 109.386 60.574 3.8
      vertex 109.427 60.4635 3.8
    endloop
  endfacet
  facet normal 0 0 1
    outer loop
      vertex 108.974 61.1406 3.8
      vertex 109.454 61.891 3.8
      vertex 109.383 61.9239 3.8
    endloop
  endfacet
  facet normal 0 0 1
    outer loop
      vertex 110 61 3.8
      vertex 109.337 60.681 3.8
      vertex 109.386 60.574 3.8
    endloop
  endfacet
  facet normal 0 0 1
    outer loop
      vertex 108.882 61.2135 3.8
      vertex 109.383 61.9239 3.8
      vertex 109.309 61.9511 3.8
    endloop
  endfacet
  facet normal 0 0 1
    outer loop
      vertex 110 61 3.8
      vertex 109.279 60.7837 3.8
      vertex 109.337 60.681 3.8
    endloop
  endfacet
  facet normal 0 0 1
    outer loop
      vertex 108.882 61.2135 3.8
      vertex 109.309 61.9511 3.8
      vertex 109.233 61.9724 3.8
    endloop
  endfacet
  facet normal 0 0 1
    outer loop
      vertex 109.997 61.0785 3.8
      vertex 109.214 60.8817 3.8
      vertex 109.279 60.7837 3.8
    endloop
  endfacet
  facet normal 0 0 1
    outer loop
      vertex 108.882 61.2135 3.8
      vertex 109.233 61.9724 3.8
      vertex 109.156 61.9877 3.8
    endloop
  endfacet
  facet normal 0 0 1
    outer loop
      vertex 109.924 61.3827 3.8
      vertex 109.141 60.9742 3.8
      vertex 109.214 60.8817 3.8
    endloop
  endfacet
  facet normal 0 0 1
    outer loop
      vertex 108.882 61.2135 3.8
      vertex 109.156 61.9877 3.8
      vertex 109.078 61.9969 3.8
    endloop
  endfacet
  facet normal 0 0 1
    outer loop
      vertex 109.809 61.5878 3.8
      vertex 109.061 61.0607 3.8
      vertex 109.141 60.9742 3.8
    endloop
  endfacet
  facet normal 0 0 1
    outer loop
      vertex 108.784 61.279 3.8
      vertex 109.078 61.9969 3.8
      vertex 109 62 3.8
    endloop
  endfacet
  facet normal 0 0 1
    outer loop
      vertex 109.588 61.809 3.8
      vertex 108.974 61.1406 3.8
      vertex 109.061 61.0607 3.8
    endloop
  endfacet
  facet normal 0 0 1
    outer loop
      vertex 109.383 61.9239 3.8
      vertex 108.882 61.2135 3.8
      vertex 108.974 61.1406 3.8
    endloop
  endfacet
  facet normal 0 0 1
    outer loop
      vertex 109.078 61.9969 3.8
      vertex 108.784 61.279 3.8
      vertex 108.882 61.2135 3.8
    endloop
  endfacet
  facet normal 0 0 1
    outer loop
      vertex 109 62 3.8
      vertex 108.681 61.3365 3.8
      vertex 108.784 61.279 3.8
    endloop
  endfacet
  facet normal 0 0 1
    outer loop
      vertex 109 62 3.8
      vertex 108.574 61.3858 3.8
      vertex 108.681 61.3365 3.8
    endloop
  endfacet
  facet normal 0 0 1
    outer loop
      vertex 109 62 3.8
      vertex 108.464 61.4266 3.8
      vertex 108.574 61.3858 3.8
    endloop
  endfacet
  facet normal 0 0 1
    outer loop
      vertex 109 62 3.8
      vertex 108.35 61.4586 3.8
      vertex 108.464 61.4266 3.8
    endloop
  endfacet
  facet normal 0 0 1
    outer loop
      vertex 109 62 3.8
      vertex 108.235 61.4815 3.8
      vertex 108.35 61.4586 3.8
    endloop
  endfacet
  facet normal 0 0 1
    outer loop
      vertex 109 62 3.8
      vertex 108.118 61.4954 3.8
      vertex 108.235 61.4815 3.8
    endloop
  endfacet
  facet normal 0 0 1
    outer loop
      vertex 109 62 3.8
      vertex 108 61.5 3.8
      vertex 108.118 61.4954 3.8
    endloop
  endfacet
  facet normal 0 0 1
    outer loop
      vertex 109 62 3.8
      vertex 107.882 61.4954 3.8
      vertex 108 61.5 3.8
    endloop
  endfacet
  facet normal 0 0 1
    outer loop
      vertex 109 62 3.8
      vertex 107.765 61.4815 3.8
      vertex 107.882 61.4954 3.8
    endloop
  endfacet
  facet normal 0 0 1
    outer loop
      vertex 109 62 3.8
      vertex 107.65 61.4586 3.8
      vertex 107.765 61.4815 3.8
    endloop
  endfacet
  facet normal 0 0 1
    outer loop
      vertex 109 62 3.8
      vertex 107.536 61.4266 3.8
      vertex 107.65 61.4586 3.8
    endloop
  endfacet
  facet normal 0 0 1
    outer loop
      vertex 109 62 3.8
      vertex 107.426 61.3858 3.8
      vertex 107.536 61.4266 3.8
    endloop
  endfacet
  facet normal 0 0 1
    outer loop
      vertex 106.518 10.2347 3.8
      vertex 11.5 10 3.8
      vertex 106.505 10.1177 3.8
    endloop
  endfacet
  facet normal 0 0 1
    outer loop
      vertex 106.505 60.1177 3.8
      vertex 11.5 60 3.8
      vertex 106.5 60 3.8
    endloop
  endfacet
  facet normal 0 0 1
    outer loop
      vertex 11.4954 60.1177 3.8
      vertex 106.505 60.1177 3.8
      vertex 106.518 60.2346 3.8
    endloop
  endfacet
  facet normal 0 0 1
    outer loop
      vertex 11.4815 60.2346 3.8
      vertex 106.518 60.2346 3.8
      vertex 106.541 60.3502 3.8
    endloop
  endfacet
  facet normal 0 0 1
    outer loop
      vertex 11.4586 60.3502 3.8
      vertex 106.541 60.3502 3.8
      vertex 106.573 60.4635 3.8
    endloop
  endfacet
  facet normal 0 0 1
    outer loop
      vertex 11.4266 60.4635 3.8
      vertex 106.573 60.4635 3.8
      vertex 106.614 60.574 3.8
    endloop
  endfacet
  facet normal 0 0 1
    outer loop
      vertex 11.3858 60.574 3.8
      vertex 106.614 60.574 3.8
      vertex 106.663 60.681 3.8
    endloop
  endfacet
  facet normal 0 0 1
    outer loop
      vertex 11.3365 60.681 3.8
      vertex 106.663 60.681 3.8
      vertex 106.721 60.7837 3.8
    endloop
  endfacet
  facet normal 0 0 1
    outer loop
      vertex 11.279 60.7837 3.8
      vertex 106.721 60.7837 3.8
      vertex 106.786 60.8817 3.8
    endloop
  endfacet
  facet normal 0 0 1
    outer loop
      vertex 11.2135 60.8817 3.8
      vertex 106.786 60.8817 3.8
      vertex 106.859 60.9742 3.8
    endloop
  endfacet
  facet normal 0 0 1
    outer loop
      vertex 11.1406 60.9742 3.8
      vertex 106.859 60.9742 3.8
      vertex 106.939 61.0607 3.8
    endloop
  endfacet
  facet normal 0 0 1
    outer loop
      vertex 11.0607 61.0607 3.8
      vertex 106.939 61.0607 3.8
      vertex 107.026 61.1406 3.8
    endloop
  endfacet
  facet normal 0 0 1
    outer loop
      vertex 10.9742 61.1406 3.8
      vertex 107.026 61.1406 3.8
      vertex 107.118 61.2135 3.8
    endloop
  endfacet
  facet normal 0 0 1
    outer loop
      vertex 10.8817 61.2135 3.8
      vertex 107.118 61.2135 3.8
      vertex 107.216 61.279 3.8
    endloop
  endfacet
  facet normal 0 0 1
    outer loop
      vertex 10.7837 61.279 3.8
      vertex 107.216 61.279 3.8
      vertex 107.319 61.3365 3.8
    endloop
  endfacet
  facet normal 0 0 1
    outer loop
      vertex 10.681 61.3365 3.8
      vertex 107.319 61.3365 3.8
      vertex 107.426 61.3858 3.8
    endloop
  endfacet
  facet normal 0 0 1
    outer loop
      vertex 10.574 61.3858 3.8
      vertex 107.426 61.3858 3.8
      vertex 109 62 3.8
    endloop
  endfacet
  facet normal 0 0 1
    outer loop
      vertex 106.505 60.1177 3.8
      vertex 11.4954 60.1177 3.8
      vertex 11.5 60 3.8
    endloop
  endfacet
  facet normal 0 0 1
    outer loop
      vertex 106.518 60.2346 3.8
      vertex 11.4815 60.2346 3.8
      vertex 11.4954 60.1177 3.8
    endloop
  endfacet
  facet normal 0 0 1
    outer loop
      vertex 106.541 60.3502 3.8
      vertex 11.4586 60.3502 3.8
      vertex 11.4815 60.2346 3.8
    endloop
  endfacet
  facet normal 0 0 1
    outer loop
      vertex 106.573 60.4635 3.8
      vertex 11.4266 60.4635 3.8
      vertex 11.4586 60.3502 3.8
    endloop
  endfacet
  facet normal 0 0 1
    outer loop
      vertex 106.614 60.574 3.8
      vertex 11.3858 60.574 3.8
      vertex 11.4266 60.4635 3.8
    endloop
  endfacet
  facet normal 0 0 1
    outer loop
      vertex 106.663 60.681 3.8
      vertex 11.3365 60.681 3.8
      vertex 11.3858 60.574 3.8
    endloop
  endfacet
  facet normal 0 0 1
    outer loop
      vertex 106.721 60.7837 3.8
      vertex 11.279 60.7837 3.8
      vertex 11.3365 60.681 3.8
    endloop
  endfacet
  facet normal 0 0 1
    outer loop
      vertex 106.786 60.8817 3.8
      vertex 11.2135 60.8817 3.8
      vertex 11.279 60.7837 3.8
    endloop
  endfacet
  facet normal 0 0 1
    outer loop
      vertex 106.859 60.9742 3.8
      vertex 11.1406 60.9742 3.8
      vertex 11.2135 60.8817 3.8
    endloop
  endfacet
  facet normal 0 0 1
    outer loop
      vertex 106.939 61.0607 3.8
      vertex 11.0607 61.0607 3.8
      vertex 11.1406 60.9742 3.8
    endloop
  endfacet
  facet normal 0 0 1
    outer loop
      vertex 107.026 61.1406 3.8
      vertex 10.9742 61.1406 3.8
      vertex 11.0607 61.0607 3.8
    endloop
  endfacet
  facet normal 0 0 1
    outer loop
      vertex 107.118 61.2135 3.8
      vertex 10.8817 61.2135 3.8
      vertex 10.9742 61.1406 3.8
    endloop
  endfacet
  facet normal 0 0 1
    outer loop
      vertex 107.216 61.279 3.8
      vertex 10.7837 61.279 3.8
      vertex 10.8817 61.2135 3.8
    endloop
  endfacet
  facet normal 0 0 1
    outer loop
      vertex 107.319 61.3365 3.8
      vertex 10.681 61.3365 3.8
      vertex 10.7837 61.279 3.8
    endloop
  endfacet
  facet normal 0 0 1
    outer loop
      vertex 107.426 61.3858 3.8
      vertex 10.574 61.3858 3.8
      vertex 10.681 61.3365 3.8
    endloop
  endfacet
  facet normal -0 0 1
    outer loop
      vertex 9 62 3.8
      vertex 10.574 61.3858 3.8
      vertex 109 62 3.8
    endloop
  endfacet
  facet normal 0 0 1
    outer loop
      vertex 10.574 61.3858 3.8
      vertex 9 62 3.8
      vertex 10.4635 61.4266 3.8
    endloop
  endfacet
  facet normal 0 0 1
    outer loop
      vertex 10.4635 61.4266 3.8
      vertex 9 62 3.8
      vertex 10.3502 61.4586 3.8
    endloop
  endfacet
  facet normal 0 0 1
    outer loop
      vertex 10.3502 61.4586 3.8
      vertex 9 62 3.8
      vertex 10.2347 61.4815 3.8
    endloop
  endfacet
  facet normal 0 0 1
    outer loop
      vertex 10.2347 61.4815 3.8
      vertex 9 62 3.8
      vertex 10.1177 61.4954 3.8
    endloop
  endfacet
  facet normal 0 0 1
    outer loop
      vertex 10.1177 61.4954 3.8
      vertex 9 62 3.8
      vertex 10 61.5 3.8
    endloop
  endfacet
  facet normal 0 0 1
    outer loop
      vertex 9 62 3.8
      vertex 9.88231 61.4954 3.8
      vertex 10 61.5 3.8
    endloop
  endfacet
  facet normal 0 0 1
    outer loop
      vertex 9 62 3.8
      vertex 9.76535 61.4815 3.8
      vertex 9.88231 61.4954 3.8
    endloop
  endfacet
  facet normal 0 0 1
    outer loop
      vertex 9 62 3.8
      vertex 9.64983 61.4586 3.8
      vertex 9.76535 61.4815 3.8
    endloop
  endfacet
  facet normal 0 0 1
    outer loop
      vertex 9 62 3.8
      vertex 9.53647 61.4266 3.8
      vertex 9.64983 61.4586 3.8
    endloop
  endfacet
  facet normal 0 0 1
    outer loop
      vertex 9 62 3.8
      vertex 9.42597 61.3858 3.8
      vertex 9.53647 61.4266 3.8
    endloop
  endfacet
  facet normal 0 0 1
    outer loop
      vertex 9 62 3.8
      vertex 9.31901 61.3365 3.8
      vertex 9.42597 61.3858 3.8
    endloop
  endfacet
  facet normal 0 0 1
    outer loop
      vertex 9 62 3.8
      vertex 9.21625 61.279 3.8
      vertex 9.31901 61.3365 3.8
    endloop
  endfacet
  facet normal -0 0 1
    outer loop
      vertex 8.92154 61.9969 3.8
      vertex 9.21625 61.279 3.8
      vertex 9 62 3.8
    endloop
  endfacet
  facet normal 0 0 1
    outer loop
      vertex 9.21625 61.279 3.8
      vertex 8.92154 61.9969 3.8
      vertex 9.11832 61.2135 3.8
    endloop
  endfacet
  facet normal -0 0 1
    outer loop
      vertex 8.84356 61.9877 3.8
      vertex 9.11832 61.2135 3.8
      vertex 8.92154 61.9969 3.8
    endloop
  endfacet
  facet normal -0 0 1
    outer loop
      vertex 8.76655 61.9724 3.8
      vertex 9.11832 61.2135 3.8
      vertex 8.84356 61.9877 3.8
    endloop
  endfacet
  facet normal -0 0 1
    outer loop
      vertex 8.69098 61.9511 3.8
      vertex 9.11832 61.2135 3.8
      vertex 8.76655 61.9724 3.8
    endloop
  endfacet
  facet normal -0 0 1
    outer loop
      vertex 8.61732 61.9239 3.8
      vertex 9.11832 61.2135 3.8
      vertex 8.69098 61.9511 3.8
    endloop
  endfacet
  facet normal 0 0 1
    outer loop
      vertex 9.11832 61.2135 3.8
      vertex 8.61732 61.9239 3.8
      vertex 9.02583 61.1406 3.8
    endloop
  endfacet
  facet normal -0 0 1
    outer loop
      vertex 8.54601 61.891 3.8
      vertex 9.02583 61.1406 3.8
      vertex 8.61732 61.9239 3.8
    endloop
  endfacet
  facet normal -0 0 1
    outer loop
      vertex 8.4775 61.8526 3.8
      vertex 9.02583 61.1406 3.8
      vertex 8.54601 61.891 3.8
    endloop
  endfacet
  facet normal -0 0 1
    outer loop
      vertex 8.41221 61.809 3.8
      vertex 9.02583 61.1406 3.8
      vertex 8.4775 61.8526 3.8
    endloop
  endfacet
  facet normal 0 0 1
    outer loop
      vertex 9.02583 61.1406 3.8
      vertex 8.41221 61.809 3.8
      vertex 8.93934 61.0607 3.8
    endloop
  endfacet
  facet normal -0 0 1
    outer loop
      vertex 8.35055 61.7604 3.8
      vertex 8.93934 61.0607 3.8
      vertex 8.41221 61.809 3.8
    endloop
  endfacet
  facet normal -0 0 1
    outer loop
      vertex 8.29289 61.7071 3.8
      vertex 8.93934 61.0607 3.8
      vertex 8.35055 61.7604 3.8
    endloop
  endfacet
  facet normal -0 0 1
    outer loop
      vertex 8.23959 61.6494 3.8
      vertex 8.93934 61.0607 3.8
      vertex 8.29289 61.7071 3.8
    endloop
  endfacet
  facet normal -0 0 1
    outer loop
      vertex 8.19098 61.5878 3.8
      vertex 8.93934 61.0607 3.8
      vertex 8.23959 61.6494 3.8
    endloop
  endfacet
  facet normal 0 0 1
    outer loop
      vertex 8.93934 61.0607 3.8
      vertex 8.19098 61.5878 3.8
      vertex 8.85939 60.9742 3.8
    endloop
  endfacet
  facet normal -0 0 1
    outer loop
      vertex 8.14736 61.5225 3.8
      vertex 8.85939 60.9742 3.8
      vertex 8.19098 61.5878 3.8
    endloop
  endfacet
  facet normal -0 0 1
    outer loop
      vertex 8.10899 61.454 3.8
      vertex 8.85939 60.9742 3.8
      vertex 8.14736 61.5225 3.8
    endloop
  endfacet
  facet normal 0 0 1
    outer loop
      vertex 8.51847 60.2346 3.8
      vertex 8 61 3.8
      vertex 8.50462 60.1177 3.8
    endloop
  endfacet
  facet normal 0 0 1
    outer loop
      vertex 8.50462 60.1177 3.8
      vertex 8 61 3.8
      vertex 8.5 60 3.8
    endloop
  endfacet
  facet normal -0 0 1
    outer loop
      vertex 8.07612 61.3827 3.8
      vertex 8.85939 60.9742 3.8
      vertex 8.10899 61.454 3.8
    endloop
  endfacet
  facet normal 0 0 1
    outer loop
      vertex 109.951 8.69098 3.8
      vertex 109.214 9.11832 3.8
      vertex 109.924 8.61732 3.8
    endloop
  endfacet
  facet normal -0 0 1
    outer loop
      vertex 109.141 9.02583 3.8
      vertex 109.924 8.61732 3.8
      vertex 109.214 9.11832 3.8
    endloop
  endfacet
  facet normal 0 0 1
    outer loop
      vertex 109.924 8.61732 3.8
      vertex 109.141 9.02583 3.8
      vertex 109.891 8.54601 3.8
    endloop
  endfacet
  facet normal 0 0 1
    outer loop
      vertex 109.891 8.54601 3.8
      vertex 109.141 9.02583 3.8
      vertex 109.853 8.4775 3.8
    endloop
  endfacet
  facet normal 0 0 1
    outer loop
      vertex 109.853 8.4775 3.8
      vertex 109.141 9.02583 3.8
      vertex 109.809 8.41221 3.8
    endloop
  endfacet
  facet normal -0 0 1
    outer loop
      vertex 109.061 8.93934 3.8
      vertex 109.809 8.41221 3.8
      vertex 109.141 9.02583 3.8
    endloop
  endfacet
  facet normal 0 0 1
    outer loop
      vertex 109.809 8.41221 3.8
      vertex 109.061 8.93934 3.8
      vertex 109.76 8.35055 3.8
    endloop
  endfacet
  facet normal 0 0 1
    outer loop
      vertex 109.76 8.35055 3.8
      vertex 109.061 8.93934 3.8
      vertex 109.707 8.29289 3.8
    endloop
  endfacet
  facet normal 0 0 1
    outer loop
      vertex 109.707 8.29289 3.8
      vertex 109.061 8.93934 3.8
      vertex 109.649 8.23959 3.8
    endloop
  endfacet
  facet normal 0 0 1
    outer loop
      vertex 109.649 8.23959 3.8
      vertex 109.061 8.93934 3.8
      vertex 109.588 8.19098 3.8
    endloop
  endfacet
  facet normal -0 0 1
    outer loop
      vertex 108.974 8.85939 3.8
      vertex 109.588 8.19098 3.8
      vertex 109.061 8.93934 3.8
    endloop
  endfacet
  facet normal 0 0 1
    outer loop
      vertex 109.588 8.19098 3.8
      vertex 108.974 8.85939 3.8
      vertex 109.522 8.14736 3.8
    endloop
  endfacet
  facet normal 0 0 1
    outer loop
      vertex 109.522 8.14736 3.8
      vertex 108.974 8.85939 3.8
      vertex 109.454 8.10899 3.8
    endloop
  endfacet
  facet normal 0 0 1
    outer loop
      vertex 109.454 8.10899 3.8
      vertex 108.974 8.85939 3.8
      vertex 109.383 8.07612 3.8
    endloop
  endfacet
  facet normal -0 0 1
    outer loop
      vertex 108.882 8.78647 3.8
      vertex 109.383 8.07612 3.8
      vertex 108.974 8.85939 3.8
    endloop
  endfacet
  facet normal 0 0 1
    outer loop
      vertex 109.383 8.07612 3.8
      vertex 108.882 8.78647 3.8
      vertex 109.309 8.04894 3.8
    endloop
  endfacet
  facet normal 0 0 1
    outer loop
      vertex 109.309 8.04894 3.8
      vertex 108.882 8.78647 3.8
      vertex 109.233 8.02763 3.8
    endloop
  endfacet
  facet normal 0 0 1
    outer loop
      vertex 109.233 8.02763 3.8
      vertex 108.882 8.78647 3.8
      vertex 109.156 8.01231 3.8
    endloop
  endfacet
  facet normal 0 0 1
    outer loop
      vertex 109.156 8.01231 3.8
      vertex 108.882 8.78647 3.8
      vertex 109.078 8.00308 3.8
    endloop
  endfacet
  facet normal -0 0 1
    outer loop
      vertex 108.784 8.72104 3.8
      vertex 109.078 8.00308 3.8
      vertex 108.882 8.78647 3.8
    endloop
  endfacet
  facet normal 0 0 1
    outer loop
      vertex 109.078 8.00308 3.8
      vertex 108.784 8.72104 3.8
      vertex 109 8 3.8
    endloop
  endfacet
  facet normal -0 0 1
    outer loop
      vertex 108.681 8.66349 3.8
      vertex 109 8 3.8
      vertex 108.784 8.72104 3.8
    endloop
  endfacet
  facet normal -0 0 1
    outer loop
      vertex 108.574 8.61418 3.8
      vertex 109 8 3.8
      vertex 108.681 8.66349 3.8
    endloop
  endfacet
  facet normal -0 0 1
    outer loop
      vertex 108.464 8.57341 3.8
      vertex 109 8 3.8
      vertex 108.574 8.61418 3.8
    endloop
  endfacet
  facet normal -0 0 1
    outer loop
      vertex 108.35 8.54144 3.8
      vertex 109 8 3.8
      vertex 108.464 8.57341 3.8
    endloop
  endfacet
  facet normal -0 0 1
    outer loop
      vertex 108.235 8.51847 3.8
      vertex 109 8 3.8
      vertex 108.35 8.54144 3.8
    endloop
  endfacet
  facet normal -0 0 1
    outer loop
      vertex 108.118 8.50462 3.8
      vertex 109 8 3.8
      vertex 108.235 8.51847 3.8
    endloop
  endfacet
  facet normal -0 0 1
    outer loop
      vertex 108 8.5 3.8
      vertex 109 8 3.8
      vertex 108.118 8.50462 3.8
    endloop
  endfacet
  facet normal 0 0 1
    outer loop
      vertex 107.882 8.50462 3.8
      vertex 109 8 3.8
      vertex 108 8.5 3.8
    endloop
  endfacet
  facet normal 0 0 1
    outer loop
      vertex 107.765 8.51847 3.8
      vertex 109 8 3.8
      vertex 107.882 8.50462 3.8
    endloop
  endfacet
  facet normal 0 0 1
    outer loop
      vertex 107.65 8.54144 3.8
      vertex 109 8 3.8
      vertex 107.765 8.51847 3.8
    endloop
  endfacet
  facet normal 0 0 1
    outer loop
      vertex 107.536 8.57341 3.8
      vertex 109 8 3.8
      vertex 107.65 8.54144 3.8
    endloop
  endfacet
  facet normal 0 0 1
    outer loop
      vertex 107.426 8.61418 3.8
      vertex 109 8 3.8
      vertex 107.536 8.57341 3.8
    endloop
  endfacet
  facet normal 0 0 1
    outer loop
      vertex 106.505 10.1177 3.8
      vertex 11.5 10 3.8
      vertex 106.5 10 3.8
    endloop
  endfacet
  facet normal 0 0 1
    outer loop
      vertex 106.5 10 3.8
      vertex 11.5 10 3.8
      vertex 106.505 9.88231 3.8
    endloop
  endfacet
  facet normal 0 0 1
    outer loop
      vertex 11.4954 9.88231 3.8
      vertex 106.505 9.88231 3.8
      vertex 11.5 10 3.8
    endloop
  endfacet
  facet normal 0 0 1
    outer loop
      vertex 106.505 9.88231 3.8
      vertex 11.4954 9.88231 3.8
      vertex 106.518 9.76535 3.8
    endloop
  endfacet
  facet normal 0 0 1
    outer loop
      vertex 11.4815 9.76535 3.8
      vertex 106.518 9.76535 3.8
      vertex 11.4954 9.88231 3.8
    endloop
  endfacet
  facet normal 0 0 1
    outer loop
      vertex 106.518 9.76535 3.8
      vertex 11.4815 9.76535 3.8
      vertex 106.541 9.64983 3.8
    endloop
  endfacet
  facet normal 0 0 1
    outer loop
      vertex 11.4586 9.64983 3.8
      vertex 106.541 9.64983 3.8
      vertex 11.4815 9.76535 3.8
    endloop
  endfacet
  facet normal 0 0 1
    outer loop
      vertex 106.541 9.64983 3.8
      vertex 11.4586 9.64983 3.8
      vertex 106.573 9.53647 3.8
    endloop
  endfacet
  facet normal 0 0 1
    outer loop
      vertex 11.4266 9.53647 3.8
      vertex 106.573 9.53647 3.8
      vertex 11.4586 9.64983 3.8
    endloop
  endfacet
  facet normal 0 0 1
    outer loop
      vertex 106.573 9.53647 3.8
      vertex 11.4266 9.53647 3.8
      vertex 106.614 9.42597 3.8
    endloop
  endfacet
  facet normal 0 0 1
    outer loop
      vertex 11.3858 9.42597 3.8
      vertex 106.614 9.42597 3.8
      vertex 11.4266 9.53647 3.8
    endloop
  endfacet
  facet normal 0 0 1
    outer loop
      vertex 106.614 9.42597 3.8
      vertex 11.3858 9.42597 3.8
      vertex 106.663 9.31901 3.8
    endloop
  endfacet
  facet normal 0 0 1
    outer loop
      vertex 11.3365 9.31901 3.8
      vertex 106.663 9.31901 3.8
      vertex 11.3858 9.42597 3.8
    endloop
  endfacet
  facet normal 0 0 1
    outer loop
      vertex 106.663 9.31901 3.8
      vertex 11.3365 9.31901 3.8
      vertex 106.721 9.21625 3.8
    endloop
  endfacet
  facet normal 0 0 1
    outer loop
      vertex 11.279 9.21625 3.8
      vertex 106.721 9.21625 3.8
      vertex 11.3365 9.31901 3.8
    endloop
  endfacet
  facet normal 0 0 1
    outer loop
      vertex 106.721 9.21625 3.8
      vertex 11.279 9.21625 3.8
      vertex 106.786 9.11832 3.8
    endloop
  endfacet
  facet normal 0 0 1
    outer loop
      vertex 11.2135 9.11832 3.8
      vertex 106.786 9.11832 3.8
      vertex 11.279 9.21625 3.8
    endloop
  endfacet
  facet normal 0 0 1
    outer loop
      vertex 106.786 9.11832 3.8
      vertex 11.2135 9.11832 3.8
      vertex 106.859 9.02583 3.8
    endloop
  endfacet
  facet normal 0 0 1
    outer loop
      vertex 11.1406 9.02583 3.8
      vertex 106.859 9.02583 3.8
      vertex 11.2135 9.11832 3.8
    endloop
  endfacet
  facet normal 0 0 1
    outer loop
      vertex 106.859 9.02583 3.8
      vertex 11.1406 9.02583 3.8
      vertex 106.939 8.93934 3.8
    endloop
  endfacet
  facet normal 0 0 1
    outer loop
      vertex 11.0607 8.93934 3.8
      vertex 106.939 8.93934 3.8
      vertex 11.1406 9.02583 3.8
    endloop
  endfacet
  facet normal 0 0 1
    outer loop
      vertex 106.939 8.93934 3.8
      vertex 11.0607 8.93934 3.8
      vertex 107.026 8.85939 3.8
    endloop
  endfacet
  facet normal 0 0 1
    outer loop
      vertex 10.9742 8.85939 3.8
      vertex 107.026 8.85939 3.8
      vertex 11.0607 8.93934 3.8
    endloop
  endfacet
  facet normal 0 0 1
    outer loop
      vertex 107.026 8.85939 3.8
      vertex 10.9742 8.85939 3.8
      vertex 107.118 8.78647 3.8
    endloop
  endfacet
  facet normal 0 0 1
    outer loop
      vertex 10.8817 8.78647 3.8
      vertex 107.118 8.78647 3.8
      vertex 10.9742 8.85939 3.8
    endloop
  endfacet
  facet normal 0 0 1
    outer loop
      vertex 107.118 8.78647 3.8
      vertex 10.8817 8.78647 3.8
      vertex 107.216 8.72104 3.8
    endloop
  endfacet
  facet normal 0 0 1
    outer loop
      vertex 10.7837 8.72104 3.8
      vertex 107.216 8.72104 3.8
      vertex 10.8817 8.78647 3.8
    endloop
  endfacet
  facet normal 0 0 1
    outer loop
      vertex 107.216 8.72104 3.8
      vertex 10.7837 8.72104 3.8
      vertex 107.319 8.66349 3.8
    endloop
  endfacet
  facet normal 0 0 1
    outer loop
      vertex 10.681 8.66349 3.8
      vertex 107.319 8.66349 3.8
      vertex 10.7837 8.72104 3.8
    endloop
  endfacet
  facet normal 0 0 1
    outer loop
      vertex 107.319 8.66349 3.8
      vertex 10.681 8.66349 3.8
      vertex 107.426 8.61418 3.8
    endloop
  endfacet
  facet normal 0 0 1
    outer loop
      vertex 10.574 8.61418 3.8
      vertex 107.426 8.61418 3.8
      vertex 10.681 8.66349 3.8
    endloop
  endfacet
  facet normal 0 0 1
    outer loop
      vertex 107.426 8.61418 3.8
      vertex 10.574 8.61418 3.8
      vertex 109 8 3.8
    endloop
  endfacet
  facet normal 0 0 1
    outer loop
      vertex 9 8 3.8
      vertex 10.574 8.61418 3.8
      vertex 10.4635 8.57341 3.8
    endloop
  endfacet
  facet normal 0 0 1
    outer loop
      vertex 9 8 3.8
      vertex 10.4635 8.57341 3.8
      vertex 10.3502 8.54144 3.8
    endloop
  endfacet
  facet normal 0 0 1
    outer loop
      vertex 9 8 3.8
      vertex 10.3502 8.54144 3.8
      vertex 10.2347 8.51847 3.8
    endloop
  endfacet
  facet normal 0 0 1
    outer loop
      vertex 9 8 3.8
      vertex 10.2347 8.51847 3.8
      vertex 10.1177 8.50462 3.8
    endloop
  endfacet
  facet normal 0 0 1
    outer loop
      vertex 9 8 3.8
      vertex 10.1177 8.50462 3.8
      vertex 10 8.5 3.8
    endloop
  endfacet
  facet normal 0 0 1
    outer loop
      vertex 10.574 8.61418 3.8
      vertex 9 8 3.8
      vertex 109 8 3.8
    endloop
  endfacet
  facet normal 0 0 1
    outer loop
      vertex 9.88231 8.50462 3.8
      vertex 9 8 3.8
      vertex 10 8.5 3.8
    endloop
  endfacet
  facet normal 0 0 1
    outer loop
      vertex 9.76535 8.51847 3.8
      vertex 9 8 3.8
      vertex 9.88231 8.50462 3.8
    endloop
  endfacet
  facet normal 0 0 1
    outer loop
      vertex 9.64983 8.54144 3.8
      vertex 9 8 3.8
      vertex 9.76535 8.51847 3.8
    endloop
  endfacet
  facet normal 0 0 1
    outer loop
      vertex 9.53647 8.57341 3.8
      vertex 9 8 3.8
      vertex 9.64983 8.54144 3.8
    endloop
  endfacet
  facet normal 0 0 1
    outer loop
      vertex 9.42597 8.61418 3.8
      vertex 9 8 3.8
      vertex 9.53647 8.57341 3.8
    endloop
  endfacet
  facet normal 0 0 1
    outer loop
      vertex 9.31901 8.66349 3.8
      vertex 9 8 3.8
      vertex 9.42597 8.61418 3.8
    endloop
  endfacet
  facet normal 0 0 1
    outer loop
      vertex 9.21625 8.72104 3.8
      vertex 9 8 3.8
      vertex 9.31901 8.66349 3.8
    endloop
  endfacet
  facet normal 0 0 1
    outer loop
      vertex 8.92154 8.00308 3.8
      vertex 9.21625 8.72104 3.8
      vertex 9.11832 8.78647 3.8
    endloop
  endfacet
  facet normal 0 0 1
    outer loop
      vertex 8.61732 8.07612 3.8
      vertex 9.11832 8.78647 3.8
      vertex 9.02583 8.85939 3.8
    endloop
  endfacet
  facet normal 0 0 1
    outer loop
      vertex 8.41221 8.19098 3.8
      vertex 9.02583 8.85939 3.8
      vertex 8.93934 8.93934 3.8
    endloop
  endfacet
  facet normal 0 0 1
    outer loop
      vertex 9.21625 8.72104 3.8
      vertex 8.92154 8.00308 3.8
      vertex 9 8 3.8
    endloop
  endfacet
  facet normal 0 0 1
    outer loop
      vertex 8.19098 8.41221 3.8
      vertex 8.93934 8.93934 3.8
      vertex 8.85939 9.02583 3.8
    endloop
  endfacet
  facet normal 0 0 1
    outer loop
      vertex 9.11832 8.78647 3.8
      vertex 8.84356 8.01231 3.8
      vertex 8.92154 8.00308 3.8
    endloop
  endfacet
  facet normal 0 0 1
    outer loop
      vertex 8.07612 8.61732 3.8
      vertex 8.85939 9.02583 3.8
      vertex 8.78647 9.11832 3.8
    endloop
  endfacet
  facet normal 0 0 1
    outer loop
      vertex 9.11832 8.78647 3.8
      vertex 8.76655 8.02763 3.8
      vertex 8.84356 8.01231 3.8
    endloop
  endfacet
  facet normal 0 0 1
    outer loop
      vertex 8.00308 8.92154 3.8
      vertex 8.78647 9.11832 3.8
      vertex 8.72104 9.21625 3.8
    endloop
  endfacet
  facet normal 0 0 1
    outer loop
      vertex 9.11832 8.78647 3.8
      vertex 8.69098 8.04894 3.8
      vertex 8.76655 8.02763 3.8
    endloop
  endfacet
  facet normal 0 0 1
    outer loop
      vertex 8 9 3.8
      vertex 8.72104 9.21625 3.8
      vertex 8.66349 9.31901 3.8
    endloop
  endfacet
  facet normal 0 0 1
    outer loop
      vertex 9.11832 8.78647 3.8
      vertex 8.61732 8.07612 3.8
      vertex 8.69098 8.04894 3.8
    endloop
  endfacet
  facet normal 0 0 1
    outer loop
      vertex 8 9 3.8
      vertex 8.66349 9.31901 3.8
      vertex 8.61418 9.42597 3.8
    endloop
  endfacet
  facet normal 0 0 1
    outer loop
      vertex 8 9 3.8
      vertex 8.61418 9.42597 3.8
      vertex 8.57341 9.53647 3.8
    endloop
  endfacet
  facet normal 0 0 1
    outer loop
      vertex 9.02583 8.85939 3.8
      vertex 8.54601 8.10899 3.8
      vertex 8.61732 8.07612 3.8
    endloop
  endfacet
  facet normal 0 0 1
    outer loop
      vertex 8 9 3.8
      vertex 8.57341 9.53647 3.8
      vertex 8.54144 9.64983 3.8
    endloop
  endfacet
  facet normal 0 0 1
    outer loop
      vertex 8 9 3.8
      vertex 8.54144 9.64983 3.8
      vertex 8.51847 9.76535 3.8
    endloop
  endfacet
  facet normal 0 0 1
    outer loop
      vertex 8 9 3.8
      vertex 8.51847 9.76535 3.8
      vertex 8.50462 9.88231 3.8
    endloop
  endfacet
  facet normal 0 0 1
    outer loop
      vertex 8 9 3.8
      vertex 8.50462 9.88231 3.8
      vertex 8.5 10 3.8
    endloop
  endfacet
  facet normal 0 0 1
    outer loop
      vertex 8.72104 9.21625 3.8
      vertex 8 9 3.8
      vertex 8.00308 8.92154 3.8
    endloop
  endfacet
  facet normal 0 0 1
    outer loop
      vertex 8.51847 10.2347 3.8
      vertex 8 9 3.8
      vertex 8.50462 10.1177 3.8
    endloop
  endfacet
  facet normal 0 0 1
    outer loop
      vertex 8.85939 60.9742 3.8
      vertex 8.07612 61.3827 3.8
      vertex 8.78647 60.8817 3.8
    endloop
  endfacet
  facet normal 0 0 1
    outer loop
      vertex 8.50462 10.1177 3.8
      vertex 8 9 3.8
      vertex 8.5 10 3.8
    endloop
  endfacet
  facet normal -0 0 1
    outer loop
      vertex 8.04894 61.309 3.8
      vertex 8.78647 60.8817 3.8
      vertex 8.07612 61.3827 3.8
    endloop
  endfacet
  facet normal 0 0 1
    outer loop
      vertex 9.02583 8.85939 3.8
      vertex 8.4775 8.14736 3.8
      vertex 8.54601 8.10899 3.8
    endloop
  endfacet
  facet normal -0 0 1
    outer loop
      vertex 8.02763 61.2334 3.8
      vertex 8.78647 60.8817 3.8
      vertex 8.04894 61.309 3.8
    endloop
  endfacet
  facet normal 0 0 1
    outer loop
      vertex 9.02583 8.85939 3.8
      vertex 8.41221 8.19098 3.8
      vertex 8.4775 8.14736 3.8
    endloop
  endfacet
  facet normal -0 0 1
    outer loop
      vertex 8.01231 61.1564 3.8
      vertex 8.78647 60.8817 3.8
      vertex 8.02763 61.2334 3.8
    endloop
  endfacet
  facet normal 0 0 1
    outer loop
      vertex 8.93934 8.93934 3.8
      vertex 8.35055 8.23959 3.8
      vertex 8.41221 8.19098 3.8
    endloop
  endfacet
  facet normal -0 0 1
    outer loop
      vertex 8.00308 61.0785 3.8
      vertex 8.78647 60.8817 3.8
      vertex 8.01231 61.1564 3.8
    endloop
  endfacet
  facet normal 0 0 1
    outer loop
      vertex 8.93934 8.93934 3.8
      vertex 8.29289 8.29289 3.8
      vertex 8.35055 8.23959 3.8
    endloop
  endfacet
  facet normal 0 0 1
    outer loop
      vertex 8.78647 60.8817 3.8
      vertex 8.00308 61.0785 3.8
      vertex 8.72104 60.7837 3.8
    endloop
  endfacet
  facet normal 0 0 1
    outer loop
      vertex 8.93934 8.93934 3.8
      vertex 8.23959 8.35055 3.8
      vertex 8.29289 8.29289 3.8
    endloop
  endfacet
  facet normal -0 0 1
    outer loop
      vertex 8 61 3.8
      vertex 8.72104 60.7837 3.8
      vertex 8.00308 61.0785 3.8
    endloop
  endfacet
  facet normal 0 0 1
    outer loop
      vertex 8.93934 8.93934 3.8
      vertex 8.19098 8.41221 3.8
      vertex 8.23959 8.35055 3.8
    endloop
  endfacet
  facet normal 0 0 1
    outer loop
      vertex 8.72104 60.7837 3.8
      vertex 8 61 3.8
      vertex 8.66349 60.681 3.8
    endloop
  endfacet
  facet normal 0 0 1
    outer loop
      vertex 8.85939 9.02583 3.8
      vertex 8.14736 8.4775 3.8
      vertex 8.19098 8.41221 3.8
    endloop
  endfacet
  facet normal 0 0 1
    outer loop
      vertex 8.66349 60.681 3.8
      vertex 8 61 3.8
      vertex 8.61418 60.574 3.8
    endloop
  endfacet
  facet normal 0 0 1
    outer loop
      vertex 8.85939 9.02583 3.8
      vertex 8.10899 8.54601 3.8
      vertex 8.14736 8.4775 3.8
    endloop
  endfacet
  facet normal 0 0 1
    outer loop
      vertex 8.61418 60.574 3.8
      vertex 8 61 3.8
      vertex 8.57341 60.4635 3.8
    endloop
  endfacet
  facet normal 0 0 1
    outer loop
      vertex 8.85939 9.02583 3.8
      vertex 8.07612 8.61732 3.8
      vertex 8.10899 8.54601 3.8
    endloop
  endfacet
  facet normal 0 0 1
    outer loop
      vertex 8.57341 60.4635 3.8
      vertex 8 61 3.8
      vertex 8.54144 60.3502 3.8
    endloop
  endfacet
  facet normal 0 0 1
    outer loop
      vertex 8.78647 9.11832 3.8
      vertex 8.04894 8.69098 3.8
      vertex 8.07612 8.61732 3.8
    endloop
  endfacet
  facet normal 0 0 1
    outer loop
      vertex 8.54144 60.3502 3.8
      vertex 8 61 3.8
      vertex 8.51847 60.2346 3.8
    endloop
  endfacet
  facet normal 0 0 1
    outer loop
      vertex 8.78647 9.11832 3.8
      vertex 8.02763 8.76655 3.8
      vertex 8.04894 8.69098 3.8
    endloop
  endfacet
  facet normal 0 0 1
    outer loop
      vertex 8.78647 9.11832 3.8
      vertex 8.01231 8.84356 3.8
      vertex 8.02763 8.76655 3.8
    endloop
  endfacet
  facet normal 0 0 1
    outer loop
      vertex 8.78647 9.11832 3.8
      vertex 8.00308 8.92154 3.8
      vertex 8.01231 8.84356 3.8
    endloop
  endfacet
  facet normal 0.993068 0.117543 0
    outer loop
      vertex 8.01231 8.84356 5
      vertex 8.00308 8.92154 3.8
      vertex 8.00308 8.92154 5
    endloop
  endfacet
  facet normal 0.993068 0.117543 0
    outer loop
      vertex 8.00308 8.92154 3.8
      vertex 8.01231 8.84356 5
      vertex 8.01231 8.84356 3.8
    endloop
  endfacet
  facet normal 1 -0 0
    outer loop
      vertex 8 9 5
      vertex 8 61 3.8
      vertex 8 61 5
    endloop
  endfacet
  facet normal 1 0 0
    outer loop
      vertex 8 61 3.8
      vertex 8 9 5
      vertex 8 9 3.8
    endloop
  endfacet
  facet normal -0.999271 -0.0381887 0
    outer loop
      vertex 110 61 3.8
      vertex 109.997 61.0785 5
      vertex 109.997 61.0785 3.8
    endloop
  endfacet
  facet normal -0.999271 -0.0381887 0
    outer loop
      vertex 109.997 61.0785 5
      vertex 110 61 3.8
      vertex 110 61 5
    endloop
  endfacet
  facet normal 0.99923 0.0392255 0
    outer loop
      vertex 8.00308 8.92154 5
      vertex 8 9 3.8
      vertex 8 9 5
    endloop
  endfacet
  facet normal 0.99923 0.0392255 0
    outer loop
      vertex 8 9 3.8
      vertex 8.00308 8.92154 5
      vertex 8.00308 8.92154 3.8
    endloop
  endfacet
  facet normal 0 -1 0
    outer loop
      vertex 9 62 3.8
      vertex 109 62 5
      vertex 9 62 5
    endloop
  endfacet
  facet normal 0 -1 -0
    outer loop
      vertex 109 62 5
      vertex 9 62 3.8
      vertex 109 62 3.8
    endloop
  endfacet
  facet normal -0.491428 0.870918 0
    outer loop
      vertex 109.522 8.14736 3.8
      vertex 109.454 8.10899 5
      vertex 109.522 8.14736 5
    endloop
  endfacet
  facet normal -0.491428 0.870918 0
    outer loop
      vertex 109.454 8.10899 5
      vertex 109.522 8.14736 3.8
      vertex 109.454 8.10899 3.8
    endloop
  endfacet
  facet normal -1 0 0
    outer loop
      vertex 110 9 3.8
      vertex 110 61 5
      vertex 110 61 3.8
    endloop
  endfacet
  facet normal -1 -0 0
    outer loop
      vertex 110 61 5
      vertex 110 9 3.8
      vertex 110 9 5
    endloop
  endfacet
  facet normal 0 1 -0
    outer loop
      vertex 109 8 3.8
      vertex 9 8 5
      vertex 109 8 5
    endloop
  endfacet
  facet normal 0 1 0
    outer loop
      vertex 9 8 5
      vertex 109 8 3.8
      vertex 9 8 3.8
    endloop
  endfacet
  facet normal -0.829305 -0.558797 0
    outer loop
      vertex 109.853 61.5225 3.8
      vertex 109.809 61.5878 5
      vertex 109.809 61.5878 3.8
    endloop
  endfacet
  facet normal -0.829305 -0.558797 0
    outer loop
      vertex 109.809 61.5878 5
      vertex 109.853 61.5225 3.8
      vertex 109.853 61.5225 5
    endloop
  endfacet
  facet normal 0.93823 -0.346012 0
    outer loop
      vertex 8.04894 61.309 5
      vertex 8.07612 61.3827 3.8
      vertex 8.07612 61.3827 5
    endloop
  endfacet
  facet normal 0.93823 -0.346012 0
    outer loop
      vertex 8.07612 61.3827 3.8
      vertex 8.04894 61.309 5
      vertex 8.04894 61.309 3.8
    endloop
  endfacet
  facet normal 0.831541 -0.555464 0
    outer loop
      vertex 8.14736 61.5225 5
      vertex 8.19098 61.5878 3.8
      vertex 8.19098 61.5878 5
    endloop
  endfacet
  facet normal 0.831541 -0.555464 0
    outer loop
      vertex 8.19098 61.5878 3.8
      vertex 8.14736 61.5225 5
      vertex 8.14736 61.5225 3.8
    endloop
  endfacet
  facet normal 0.346402 -0.938086 0
    outer loop
      vertex 8.61732 61.9239 3.8
      vertex 8.69098 61.9511 5
      vertex 8.61732 61.9239 5
    endloop
  endfacet
  facet normal 0.346402 -0.938086 0
    outer loop
      vertex 8.69098 61.9511 5
      vertex 8.61732 61.9239 3.8
      vertex 8.69098 61.9511 3.8
    endloop
  endfacet
  facet normal 0.194867 -0.98083 0
    outer loop
      vertex 8.76655 61.9724 3.8
      vertex 8.84356 61.9877 5
      vertex 8.76655 61.9724 5
    endloop
  endfacet
  facet normal 0.194867 -0.98083 0
    outer loop
      vertex 8.84356 61.9877 5
      vertex 8.76655 61.9724 3.8
      vertex 8.84356 61.9877 3.8
    endloop
  endfacet
  facet normal 0.980776 -0.195136 0
    outer loop
      vertex 8.01231 61.1564 5
      vertex 8.02763 61.2334 3.8
      vertex 8.02763 61.2334 5
    endloop
  endfacet
  facet normal 0.980776 -0.195136 0
    outer loop
      vertex 8.02763 61.2334 3.8
      vertex 8.01231 61.1564 5
      vertex 8.01231 61.1564 3.8
    endloop
  endfacet
  facet normal 0.872452 -0.4887 0
    outer loop
      vertex 8.10899 61.454 5
      vertex 8.14736 61.5225 3.8
      vertex 8.14736 61.5225 5
    endloop
  endfacet
  facet normal 0.872452 -0.4887 0
    outer loop
      vertex 8.14736 61.5225 3.8
      vertex 8.10899 61.454 5
      vertex 8.10899 61.454 3.8
    endloop
  endfacet
  facet normal 0.678798 -0.734325 0
    outer loop
      vertex 8.29289 61.7071 3.8
      vertex 8.35055 61.7604 5
      vertex 8.29289 61.7071 5
    endloop
  endfacet
  facet normal 0.678798 -0.734325 0
    outer loop
      vertex 8.35055 61.7604 5
      vertex 8.29289 61.7071 3.8
      vertex 8.35055 61.7604 3.8
    endloop
  endfacet
  facet normal 0.734559 -0.678544 0
    outer loop
      vertex 8.23959 61.6494 5
      vertex 8.29289 61.7071 3.8
      vertex 8.29289 61.7071 5
    endloop
  endfacet
  facet normal 0.734559 -0.678544 0
    outer loop
      vertex 8.29289 61.7071 3.8
      vertex 8.23959 61.6494 5
      vertex 8.23959 61.6494 3.8
    endloop
  endfacet
  facet normal -0.623209 0.782056 0
    outer loop
      vertex 109.649 8.23959 3.8
      vertex 109.588 8.19098 5
      vertex 109.649 8.23959 5
    endloop
  endfacet
  facet normal -0.623209 0.782056 0
    outer loop
      vertex 109.588 8.19098 5
      vertex 109.649 8.23959 3.8
      vertex 109.588 8.19098 3.8
    endloop
  endfacet
  facet normal -0.829265 0.558855 0
    outer loop
      vertex 109.809 8.41221 3.8
      vertex 109.853 8.4775 5
      vertex 109.853 8.4775 3.8
    endloop
  endfacet
  facet normal -0.829265 0.558855 0
    outer loop
      vertex 109.853 8.4775 5
      vertex 109.809 8.41221 3.8
      vertex 109.809 8.41221 5
    endloop
  endfacet
  facet normal -0.736231 0.67673 0
    outer loop
      vertex 109.707 8.29289 3.8
      vertex 109.76 8.35055 5
      vertex 109.76 8.35055 3.8
    endloop
  endfacet
  facet normal -0.736231 0.67673 0
    outer loop
      vertex 109.76 8.35055 5
      vertex 109.707 8.29289 3.8
      vertex 109.707 8.29289 5
    endloop
  endfacet
  facet normal -0.979091 0.203421 0
    outer loop
      vertex 109.972 8.76655 3.8
      vertex 109.988 8.84356 5
      vertex 109.988 8.84356 3.8
    endloop
  endfacet
  facet normal -0.979091 0.203421 0
    outer loop
      vertex 109.988 8.84356 5
      vertex 109.972 8.76655 3.8
      vertex 109.972 8.76655 5
    endloop
  endfacet
  facet normal -0.99927 0.0382081 0
    outer loop
      vertex 109.997 8.92154 3.8
      vertex 110 9 5
      vertex 110 9 3.8
    endloop
  endfacet
  facet normal -0.99927 0.0382081 0
    outer loop
      vertex 110 9 5
      vertex 109.997 8.92154 3.8
      vertex 109.997 8.92154 5
    endloop
  endfacet
  facet normal -0.938912 0.344157 0
    outer loop
      vertex 109.924 8.61732 3.8
      vertex 109.951 8.69098 5
      vertex 109.951 8.69098 3.8
    endloop
  endfacet
  facet normal -0.938912 0.344157 0
    outer loop
      vertex 109.951 8.69098 5
      vertex 109.924 8.61732 3.8
      vertex 109.924 8.61732 5
    endloop
  endfacet
  facet normal -0.874488 0.485047 0
    outer loop
      vertex 109.853 8.4775 3.8
      vertex 109.891 8.54601 5
      vertex 109.891 8.54601 3.8
    endloop
  endfacet
  facet normal -0.874488 0.485047 0
    outer loop
      vertex 109.891 8.54601 5
      vertex 109.853 8.4775 3.8
      vertex 109.853 8.4775 5
    endloop
  endfacet
  facet normal 0.488646 0.872482 -0
    outer loop
      vertex 8.54601 8.10899 3.8
      vertex 8.4775 8.14736 5
      vertex 8.54601 8.10899 5
    endloop
  endfacet
  facet normal 0.488646 0.872482 0
    outer loop
      vertex 8.4775 8.14736 5
      vertex 8.54601 8.10899 3.8
      vertex 8.4775 8.14736 3.8
    endloop
  endfacet
  facet normal 0.0392255 0.99923 -0
    outer loop
      vertex 9 8 3.8
      vertex 8.92154 8.00308 5
      vertex 9 8 5
    endloop
  endfacet
  facet normal 0.0392255 0.99923 0
    outer loop
      vertex 8.92154 8.00308 5
      vertex 9 8 3.8
      vertex 8.92154 8.00308 3.8
    endloop
  endfacet
  facet normal 0.872482 0.488646 0
    outer loop
      vertex 8.14736 8.4775 5
      vertex 8.10899 8.54601 3.8
      vertex 8.10899 8.54601 5
    endloop
  endfacet
  facet normal 0.872482 0.488646 0
    outer loop
      vertex 8.10899 8.54601 3.8
      vertex 8.14736 8.4775 5
      vertex 8.14736 8.4775 3.8
    endloop
  endfacet
  facet normal 0.678798 0.734325 -0
    outer loop
      vertex 8.35055 8.23959 3.8
      vertex 8.29289 8.29289 5
      vertex 8.35055 8.23959 5
    endloop
  endfacet
  facet normal 0.678798 0.734325 0
    outer loop
      vertex 8.29289 8.29289 5
      vertex 8.35055 8.23959 3.8
      vertex 8.29289 8.29289 3.8
    endloop
  endfacet
  facet normal -0.269982 0.962865 0
    outer loop
      vertex 109.309 8.04894 3.8
      vertex 109.233 8.02763 5
      vertex 109.309 8.04894 5
    endloop
  endfacet
  facet normal -0.269982 0.962865 0
    outer loop
      vertex 109.233 8.02763 5
      vertex 109.309 8.04894 3.8
      vertex 109.233 8.02763 3.8
    endloop
  endfacet
  facet normal -0.0394564 0.999221 0
    outer loop
      vertex 109.078 8.00308 3.8
      vertex 109 8 5
      vertex 109.078 8.00308 5
    endloop
  endfacet
  facet normal -0.0394564 0.999221 0
    outer loop
      vertex 109 8 5
      vertex 109.078 8.00308 3.8
      vertex 109 8 3.8
    endloop
  endfacet
  facet normal -0.344776 0.938685 0
    outer loop
      vertex 109.383 8.07612 3.8
      vertex 109.309 8.04894 5
      vertex 109.383 8.07612 5
    endloop
  endfacet
  facet normal -0.344776 0.938685 0
    outer loop
      vertex 109.309 8.04894 5
      vertex 109.383 8.07612 3.8
      vertex 109.309 8.04894 3.8
    endloop
  endfacet
  facet normal -0.736465 -0.676476 0
    outer loop
      vertex 109.76 61.6494 3.8
      vertex 109.707 61.7071 5
      vertex 109.707 61.7071 3.8
    endloop
  endfacet
  facet normal -0.736465 -0.676476 0
    outer loop
      vertex 109.707 61.7071 5
      vertex 109.76 61.6494 3.8
      vertex 109.76 61.6494 5
    endloop
  endfacet
  facet normal -0.938972 -0.343993 0
    outer loop
      vertex 109.951 61.309 3.8
      vertex 109.924 61.3827 5
      vertex 109.924 61.3827 3.8
    endloop
  endfacet
  facet normal -0.938972 -0.343993 0
    outer loop
      vertex 109.924 61.3827 5
      vertex 109.951 61.309 3.8
      vertex 109.951 61.309 5
    endloop
  endfacet
  facet normal -0.993392 -0.114769 0
    outer loop
      vertex 109.997 61.0785 3.8
      vertex 109.988 61.1564 5
      vertex 109.988 61.1564 3.8
    endloop
  endfacet
  facet normal -0.993392 -0.114769 0
    outer loop
      vertex 109.988 61.1564 5
      vertex 109.997 61.0785 3.8
      vertex 109.997 61.0785 5
    endloop
  endfacet
  facet normal 0.418929 -0.908019 0
    outer loop
      vertex 8.54601 61.891 3.8
      vertex 8.61732 61.9239 5
      vertex 8.54601 61.891 5
    endloop
  endfacet
  facet normal 0.418929 -0.908019 0
    outer loop
      vertex 8.61732 61.9239 5
      vertex 8.54601 61.891 3.8
      vertex 8.61732 61.9239 3.8
    endloop
  endfacet
  facet normal 0.117166 -0.993112 0
    outer loop
      vertex 8.84356 61.9877 3.8
      vertex 8.92154 61.9969 5
      vertex 8.84356 61.9877 5
    endloop
  endfacet
  facet normal 0.117166 -0.993112 0
    outer loop
      vertex 8.92154 61.9969 5
      vertex 8.84356 61.9877 3.8
      vertex 8.92154 61.9969 3.8
    endloop
  endfacet
  facet normal 0.0394798 -0.99922 0
    outer loop
      vertex 8.92154 61.9969 3.8
      vertex 9 62 5
      vertex 8.92154 61.9969 5
    endloop
  endfacet
  facet normal 0.0394798 -0.99922 0
    outer loop
      vertex 9 62 5
      vertex 8.92154 61.9969 3.8
      vertex 9 62 3.8
    endloop
  endfacet
  facet normal 0.271288 -0.962498 0
    outer loop
      vertex 8.69098 61.9511 3.8
      vertex 8.76655 61.9724 5
      vertex 8.69098 61.9511 5
    endloop
  endfacet
  facet normal 0.271288 -0.962498 0
    outer loop
      vertex 8.76655 61.9724 5
      vertex 8.69098 61.9511 3.8
      vertex 8.76655 61.9724 3.8
    endloop
  endfacet
  facet normal 0.488937 -0.872319 0
    outer loop
      vertex 8.4775 61.8526 3.8
      vertex 8.54601 61.891 5
      vertex 8.4775 61.8526 5
    endloop
  endfacet
  facet normal 0.488937 -0.872319 0
    outer loop
      vertex 8.54601 61.891 5
      vertex 8.4775 61.8526 3.8
      vertex 8.54601 61.891 3.8
    endloop
  endfacet
  facet normal 0.999231 -0.0392055 0
    outer loop
      vertex 8 61 5
      vertex 8.00308 61.0785 3.8
      vertex 8.00308 61.0785 5
    endloop
  endfacet
  facet normal 0.999231 -0.0392055 0
    outer loop
      vertex 8.00308 61.0785 3.8
      vertex 8 61 5
      vertex 8 61 3.8
    endloop
  endfacet
  facet normal 0.908142 -0.418662 0
    outer loop
      vertex 8.07612 61.3827 5
      vertex 8.10899 61.454 3.8
      vertex 8.10899 61.454 5
    endloop
  endfacet
  facet normal 0.908142 -0.418662 0
    outer loop
      vertex 8.10899 61.454 3.8
      vertex 8.07612 61.3827 5
      vertex 8.07612 61.3827 3.8
    endloop
  endfacet
  facet normal 0.962493 -0.271306 0
    outer loop
      vertex 8.02763 61.2334 5
      vertex 8.04894 61.309 3.8
      vertex 8.04894 61.309 5
    endloop
  endfacet
  facet normal 0.962493 -0.271306 0
    outer loop
      vertex 8.04894 61.309 3.8
      vertex 8.02763 61.2334 5
      vertex 8.02763 61.2334 3.8
    endloop
  endfacet
  facet normal 0.993054 -0.117662 0
    outer loop
      vertex 8.00308 61.0785 5
      vertex 8.01231 61.1564 3.8
      vertex 8.01231 61.1564 5
    endloop
  endfacet
  facet normal 0.993054 -0.117662 0
    outer loop
      vertex 8.01231 61.1564 3.8
      vertex 8.00308 61.0785 5
      vertex 8.00308 61.0785 3.8
    endloop
  endfacet
  facet normal 0.555347 -0.831619 0
    outer loop
      vertex 8.41221 61.809 3.8
      vertex 8.4775 61.8526 5
      vertex 8.41221 61.809 5
    endloop
  endfacet
  facet normal 0.555347 -0.831619 0
    outer loop
      vertex 8.4775 61.8526 5
      vertex 8.41221 61.809 3.8
      vertex 8.4775 61.8526 3.8
    endloop
  endfacet
  facet normal 0.619025 -0.785372 0
    outer loop
      vertex 8.35055 61.7604 3.8
      vertex 8.41221 61.809 5
      vertex 8.35055 61.7604 5
    endloop
  endfacet
  facet normal 0.619025 -0.785372 0
    outer loop
      vertex 8.41221 61.809 5
      vertex 8.35055 61.7604 3.8
      vertex 8.41221 61.809 3.8
    endloop
  endfacet
  facet normal -0.55137 0.834261 0
    outer loop
      vertex 109.588 8.19098 3.8
      vertex 109.522 8.14736 5
      vertex 109.588 8.19098 5
    endloop
  endfacet
  facet normal -0.55137 0.834261 0
    outer loop
      vertex 109.522 8.14736 5
      vertex 109.588 8.19098 3.8
      vertex 109.522 8.14736 3.8
    endloop
  endfacet
  facet normal -0.782896 0.622152 0
    outer loop
      vertex 109.76 8.35055 3.8
      vertex 109.809 8.41221 5
      vertex 109.809 8.41221 3.8
    endloop
  endfacet
  facet normal -0.782896 0.622152 0
    outer loop
      vertex 109.809 8.41221 5
      vertex 109.76 8.35055 3.8
      vertex 109.76 8.35055 5
    endloop
  endfacet
  facet normal -0.963491 0.267742 0
    outer loop
      vertex 109.951 8.69098 3.8
      vertex 109.972 8.76655 5
      vertex 109.972 8.76655 3.8
    endloop
  endfacet
  facet normal -0.963491 0.267742 0
    outer loop
      vertex 109.972 8.76655 5
      vertex 109.951 8.69098 3.8
      vertex 109.951 8.69098 5
    endloop
  endfacet
  facet normal -0.993406 0.114653 0
    outer loop
      vertex 109.988 8.84356 3.8
      vertex 109.997 8.92154 5
      vertex 109.997 8.92154 3.8
    endloop
  endfacet
  facet normal -0.993406 0.114653 0
    outer loop
      vertex 109.997 8.92154 5
      vertex 109.988 8.84356 3.8
      vertex 109.988 8.84356 5
    endloop
  endfacet
  facet normal -0.907534 0.419978 0
    outer loop
      vertex 109.891 8.54601 3.8
      vertex 109.924 8.61732 5
      vertex 109.924 8.61732 3.8
    endloop
  endfacet
  facet normal -0.907534 0.419978 0
    outer loop
      vertex 109.924 8.61732 5
      vertex 109.891 8.54601 3.8
      vertex 109.891 8.54601 5
    endloop
  endfacet
  facet normal 0.195112 0.980781 -0
    outer loop
      vertex 8.84356 8.01231 3.8
      vertex 8.76655 8.02763 5
      vertex 8.84356 8.01231 5
    endloop
  endfacet
  facet normal 0.195112 0.980781 0
    outer loop
      vertex 8.76655 8.02763 5
      vertex 8.84356 8.01231 3.8
      vertex 8.76655 8.02763 3.8
    endloop
  endfacet
  facet normal 0.619103 0.78531 -0
    outer loop
      vertex 8.41221 8.19098 3.8
      vertex 8.35055 8.23959 5
      vertex 8.41221 8.19098 5
    endloop
  endfacet
  facet normal 0.619103 0.78531 0
    outer loop
      vertex 8.35055 8.23959 5
      vertex 8.41221 8.19098 3.8
      vertex 8.35055 8.23959 3.8
    endloop
  endfacet
  facet normal 0.555523 0.831501 -0
    outer loop
      vertex 8.4775 8.14736 3.8
      vertex 8.41221 8.19098 5
      vertex 8.4775 8.14736 5
    endloop
  endfacet
  facet normal 0.555523 0.831501 0
    outer loop
      vertex 8.41221 8.19098 5
      vertex 8.4775 8.14736 3.8
      vertex 8.41221 8.19098 3.8
    endloop
  endfacet
  facet normal 0.271406 0.962465 -0
    outer loop
      vertex 8.76655 8.02763 3.8
      vertex 8.69098 8.04894 5
      vertex 8.76655 8.02763 5
    endloop
  endfacet
  facet normal 0.271406 0.962465 0
    outer loop
      vertex 8.69098 8.04894 5
      vertex 8.76655 8.02763 3.8
      vertex 8.69098 8.04894 3.8
    endloop
  endfacet
  facet normal 0.117543 0.993068 -0
    outer loop
      vertex 8.92154 8.00308 3.8
      vertex 8.84356 8.01231 5
      vertex 8.92154 8.00308 5
    endloop
  endfacet
  facet normal 0.117543 0.993068 0
    outer loop
      vertex 8.84356 8.01231 5
      vertex 8.92154 8.00308 3.8
      vertex 8.84356 8.01231 3.8
    endloop
  endfacet
  facet normal 0.78531 0.619103 0
    outer loop
      vertex 8.23959 8.35055 5
      vertex 8.19098 8.41221 3.8
      vertex 8.19098 8.41221 5
    endloop
  endfacet
  facet normal 0.78531 0.619103 0
    outer loop
      vertex 8.19098 8.41221 3.8
      vertex 8.23959 8.35055 5
      vertex 8.23959 8.35055 3.8
    endloop
  endfacet
  facet normal 0.831501 0.555523 0
    outer loop
      vertex 8.19098 8.41221 5
      vertex 8.14736 8.4775 3.8
      vertex 8.14736 8.4775 5
    endloop
  endfacet
  facet normal 0.831501 0.555523 0
    outer loop
      vertex 8.14736 8.4775 3.8
      vertex 8.19098 8.41221 5
      vertex 8.19098 8.41221 3.8
    endloop
  endfacet
  facet normal 0.734325 0.678798 0
    outer loop
      vertex 8.29289 8.29289 5
      vertex 8.23959 8.35055 3.8
      vertex 8.23959 8.35055 5
    endloop
  endfacet
  facet normal 0.734325 0.678798 0
    outer loop
      vertex 8.23959 8.35055 3.8
      vertex 8.29289 8.29289 5
      vertex 8.29289 8.29289 3.8
    endloop
  endfacet
  facet normal 0.980781 0.195112 0
    outer loop
      vertex 8.02763 8.76655 5
      vertex 8.01231 8.84356 3.8
      vertex 8.01231 8.84356 5
    endloop
  endfacet
  facet normal 0.980781 0.195112 0
    outer loop
      vertex 8.01231 8.84356 3.8
      vertex 8.02763 8.76655 5
      vertex 8.02763 8.76655 3.8
    endloop
  endfacet
  facet normal -0.195136 0.980776 0
    outer loop
      vertex 109.233 8.02763 3.8
      vertex 109.156 8.01231 5
      vertex 109.233 8.02763 5
    endloop
  endfacet
  facet normal -0.195136 0.980776 0
    outer loop
      vertex 109.156 8.01231 5
      vertex 109.233 8.02763 3.8
      vertex 109.156 8.01231 3.8
    endloop
  endfacet
  facet normal -0.782601 -0.622524 0
    outer loop
      vertex 109.809 61.5878 3.8
      vertex 109.76 61.6494 5
      vertex 109.76 61.6494 3.8
    endloop
  endfacet
  facet normal -0.782601 -0.622524 0
    outer loop
      vertex 109.76 61.6494 5
      vertex 109.809 61.5878 3.8
      vertex 109.809 61.5878 5
    endloop
  endfacet
  facet normal -0.907512 -0.420027 0
    outer loop
      vertex 109.924 61.3827 3.8
      vertex 109.891 61.454 5
      vertex 109.891 61.454 3.8
    endloop
  endfacet
  facet normal -0.907512 -0.420027 0
    outer loop
      vertex 109.891 61.454 5
      vertex 109.924 61.3827 3.8
      vertex 109.924 61.3827 5
    endloop
  endfacet
  facet normal -0.979086 -0.203446 0
    outer loop
      vertex 109.988 61.1564 3.8
      vertex 109.972 61.2334 5
      vertex 109.972 61.2334 3.8
    endloop
  endfacet
  facet normal -0.979086 -0.203446 0
    outer loop
      vertex 109.972 61.2334 5
      vertex 109.988 61.1564 3.8
      vertex 109.988 61.1564 5
    endloop
  endfacet
  facet normal -0.420435 -0.907322 0
    outer loop
      vertex 109.383 61.9239 3.8
      vertex 109.454 61.891 5
      vertex 109.383 61.9239 5
    endloop
  endfacet
  facet normal -0.420435 -0.907322 -0
    outer loop
      vertex 109.454 61.891 5
      vertex 109.383 61.9239 3.8
      vertex 109.454 61.891 3.8
    endloop
  endfacet
  facet normal -0.345 -0.938603 0
    outer loop
      vertex 109.309 61.9511 3.8
      vertex 109.383 61.9239 5
      vertex 109.309 61.9511 5
    endloop
  endfacet
  facet normal -0.345 -0.938603 -0
    outer loop
      vertex 109.383 61.9239 5
      vertex 109.309 61.9511 3.8
      vertex 109.383 61.9239 3.8
    endloop
  endfacet
  facet normal -0.269865 -0.962898 0
    outer loop
      vertex 109.233 61.9724 3.8
      vertex 109.309 61.9511 5
      vertex 109.233 61.9724 5
    endloop
  endfacet
  facet normal -0.269865 -0.962898 -0
    outer loop
      vertex 109.309 61.9511 5
      vertex 109.233 61.9724 3.8
      vertex 109.309 61.9511 3.8
    endloop
  endfacet
  facet normal -0.0397122 -0.999211 0
    outer loop
      vertex 109 62 3.8
      vertex 109.078 61.9969 5
      vertex 109 62 5
    endloop
  endfacet
  facet normal -0.0397122 -0.999211 -0
    outer loop
      vertex 109.078 61.9969 5
      vertex 109 62 3.8
      vertex 109.078 61.9969 3.8
    endloop
  endfacet
  facet normal -0.117137 -0.993116 0
    outer loop
      vertex 109.078 61.9969 3.8
      vertex 109.156 61.9877 5
      vertex 109.078 61.9969 5
    endloop
  endfacet
  facet normal -0.117137 -0.993116 -0
    outer loop
      vertex 109.156 61.9877 5
      vertex 109.078 61.9969 3.8
      vertex 109.156 61.9877 3.8
    endloop
  endfacet
  facet normal 0.785016 -0.619475 0
    outer loop
      vertex 8.19098 61.5878 5
      vertex 8.23959 61.6494 3.8
      vertex 8.23959 61.6494 5
    endloop
  endfacet
  facet normal 0.785016 -0.619475 0
    outer loop
      vertex 8.23959 61.6494 3.8
      vertex 8.19098 61.5878 5
      vertex 8.19098 61.5878 3.8
    endloop
  endfacet
  facet normal -0.676644 0.73631 0
    outer loop
      vertex 109.707 8.29289 3.8
      vertex 109.649 8.23959 5
      vertex 109.707 8.29289 5
    endloop
  endfacet
  facet normal -0.676644 0.73631 0
    outer loop
      vertex 109.649 8.23959 5
      vertex 109.707 8.29289 3.8
      vertex 109.649 8.23959 3.8
    endloop
  endfacet
  facet normal 0.418614 0.908164 -0
    outer loop
      vertex 8.61732 8.07612 3.8
      vertex 8.54601 8.10899 5
      vertex 8.61732 8.07612 5
    endloop
  endfacet
  facet normal 0.418614 0.908164 0
    outer loop
      vertex 8.54601 8.10899 5
      vertex 8.61732 8.07612 3.8
      vertex 8.54601 8.10899 3.8
    endloop
  endfacet
  facet normal 0.346177 0.938169 -0
    outer loop
      vertex 8.69098 8.04894 3.8
      vertex 8.61732 8.07612 5
      vertex 8.69098 8.04894 5
    endloop
  endfacet
  facet normal 0.346177 0.938169 0
    outer loop
      vertex 8.61732 8.07612 5
      vertex 8.69098 8.04894 3.8
      vertex 8.61732 8.07612 3.8
    endloop
  endfacet
  facet normal 0.938169 0.346177 0
    outer loop
      vertex 8.07612 8.61732 5
      vertex 8.04894 8.69098 3.8
      vertex 8.04894 8.69098 5
    endloop
  endfacet
  facet normal 0.938169 0.346177 0
    outer loop
      vertex 8.04894 8.69098 3.8
      vertex 8.07612 8.61732 5
      vertex 8.07612 8.61732 3.8
    endloop
  endfacet
  facet normal 0.962465 0.271406 0
    outer loop
      vertex 8.04894 8.69098 5
      vertex 8.02763 8.76655 3.8
      vertex 8.02763 8.76655 5
    endloop
  endfacet
  facet normal 0.962465 0.271406 0
    outer loop
      vertex 8.02763 8.76655 3.8
      vertex 8.04894 8.69098 5
      vertex 8.04894 8.69098 3.8
    endloop
  endfacet
  facet normal -0.117513 0.993071 0
    outer loop
      vertex 109.156 8.01231 3.8
      vertex 109.078 8.00308 5
      vertex 109.156 8.01231 5
    endloop
  endfacet
  facet normal -0.117513 0.993071 0
    outer loop
      vertex 109.078 8.00308 5
      vertex 109.156 8.01231 3.8
      vertex 109.078 8.00308 3.8
    endloop
  endfacet
  facet normal -0.42012 0.907469 0
    outer loop
      vertex 109.454 8.10899 3.8
      vertex 109.383 8.07612 5
      vertex 109.454 8.10899 5
    endloop
  endfacet
  facet normal -0.42012 0.907469 0
    outer loop
      vertex 109.383 8.07612 5
      vertex 109.454 8.10899 3.8
      vertex 109.383 8.07612 3.8
    endloop
  endfacet
  facet normal -0.874458 -0.485101 0
    outer loop
      vertex 109.891 61.454 3.8
      vertex 109.853 61.5225 5
      vertex 109.853 61.5225 3.8
    endloop
  endfacet
  facet normal -0.874458 -0.485101 0
    outer loop
      vertex 109.853 61.5225 5
      vertex 109.891 61.454 3.8
      vertex 109.891 61.454 5
    endloop
  endfacet
  facet normal -0.963518 -0.267644 0
    outer loop
      vertex 109.972 61.2334 3.8
      vertex 109.951 61.309 5
      vertex 109.951 61.309 3.8
    endloop
  endfacet
  facet normal -0.963518 -0.267644 0
    outer loop
      vertex 109.951 61.309 5
      vertex 109.972 61.2334 3.8
      vertex 109.972 61.2334 5
    endloop
  endfacet
  facet normal -0.49172 -0.870754 0
    outer loop
      vertex 109.454 61.891 3.8
      vertex 109.522 61.8526 5
      vertex 109.454 61.891 5
    endloop
  endfacet
  facet normal -0.49172 -0.870754 -0
    outer loop
      vertex 109.522 61.8526 5
      vertex 109.454 61.891 3.8
      vertex 109.522 61.8526 3.8
    endloop
  endfacet
  facet normal -0.62313 -0.782118 0
    outer loop
      vertex 109.588 61.809 3.8
      vertex 109.649 61.7604 5
      vertex 109.588 61.809 5
    endloop
  endfacet
  facet normal -0.62313 -0.782118 -0
    outer loop
      vertex 109.649 61.7604 5
      vertex 109.588 61.809 3.8
      vertex 109.649 61.7604 3.8
    endloop
  endfacet
  facet normal -0.676644 -0.73631 0
    outer loop
      vertex 109.649 61.7604 3.8
      vertex 109.707 61.7071 5
      vertex 109.649 61.7604 5
    endloop
  endfacet
  facet normal -0.676644 -0.73631 -0
    outer loop
      vertex 109.707 61.7071 5
      vertex 109.649 61.7604 3.8
      vertex 109.707 61.7071 3.8
    endloop
  endfacet
  facet normal -0.194891 -0.980825 0
    outer loop
      vertex 109.156 61.9877 3.8
      vertex 109.233 61.9724 5
      vertex 109.156 61.9877 5
    endloop
  endfacet
  facet normal -0.194891 -0.980825 -0
    outer loop
      vertex 109.233 61.9724 5
      vertex 109.156 61.9877 3.8
      vertex 109.233 61.9724 3.8
    endloop
  endfacet
  facet normal 0.908164 0.418614 0
    outer loop
      vertex 8.10899 8.54601 5
      vertex 8.07612 8.61732 3.8
      vertex 8.07612 8.61732 5
    endloop
  endfacet
  facet normal 0.908164 0.418614 0
    outer loop
      vertex 8.07612 8.61732 3.8
      vertex 8.10899 8.54601 5
      vertex 8.10899 8.54601 3.8
    endloop
  endfacet
  facet normal -0.551194 -0.834377 0
    outer loop
      vertex 109.522 61.8526 3.8
      vertex 109.588 61.809 5
      vertex 109.522 61.8526 5
    endloop
  endfacet
  facet normal -0.551194 -0.834377 -0
    outer loop
      vertex 109.588 61.809 5
      vertex 109.522 61.8526 3.8
      vertex 109.588 61.809 3.8
    endloop
  endfacet
endsolid OpenSCAD_Model
