solid OpenSCAD_Model
  facet normal 0 0 -1
    outer loop
      vertex 49.3085 54.7431 0
      vertex 24.6886 57.7097 0
      vertex 24.7 58 0
    endloop
  endfacet
  facet normal 0 0 -1
    outer loop
      vertex 25.5572 30.8853 0
      vertex 24.6544 57.4212 0
      vertex 24.6886 57.7097 0
    endloop
  endfacet
  facet normal 0 0 -1
    outer loop
      vertex 25.5572 30.8853 0
      vertex 24.5978 57.1363 0
      vertex 24.6544 57.4212 0
    endloop
  endfacet
  facet normal 0 0 -1
    outer loop
      vertex 25.5572 30.8853 0
      vertex 24.5189 56.8566 0
      vertex 24.5978 57.1363 0
    endloop
  endfacet
  facet normal 0 0 -1
    outer loop
      vertex 25.5572 30.8853 0
      vertex 24.4184 56.5841 0
      vertex 24.5189 56.8566 0
    endloop
  endfacet
  facet normal 0 0 -1
    outer loop
      vertex 25.5572 30.8853 0
      vertex 24.2967 56.3202 0
      vertex 24.4184 56.5841 0
    endloop
  endfacet
  facet normal 0 0 -1
    outer loop
      vertex 25.5572 30.8853 0
      vertex 24.1548 56.0668 0
      vertex 24.2967 56.3202 0
    endloop
  endfacet
  facet normal 0 0 -1
    outer loop
      vertex 19.5841 54.5816 0
      vertex 24.8076 30.1924 0
      vertex 24.1147 29.4428 0
    endloop
  endfacet
  facet normal 0 0 -1
    outer loop
      vertex 25.5572 30.8853 0
      vertex 23.9934 55.8252 0
      vertex 24.1548 56.0668 0
    endloop
  endfacet
  facet normal 0 0 -1
    outer loop
      vertex 25.5572 30.8853 0
      vertex 23.8135 55.597 0
      vertex 23.9934 55.8252 0
    endloop
  endfacet
  facet normal 0 0 -1
    outer loop
      vertex 25.5572 30.8853 0
      vertex 23.6163 55.3837 0
      vertex 23.8135 55.597 0
    endloop
  endfacet
  facet normal 0 0 -1
    outer loop
      vertex 19.0668 54.8452 0
      vertex 24.1147 29.4428 0
      vertex 23.4828 28.6412 0
    endloop
  endfacet
  facet normal 0 0 -1
    outer loop
      vertex 25.5572 30.8853 0
      vertex 23.403 55.1865 0
      vertex 23.6163 55.3837 0
    endloop
  endfacet
  facet normal 0 0 -1
    outer loop
      vertex 25.5572 30.8853 0
      vertex 23.1748 55.0066 0
      vertex 23.403 55.1865 0
    endloop
  endfacet
  facet normal 0 0 -1
    outer loop
      vertex 25.5572 30.8853 0
      vertex 22.9332 54.8452 0
      vertex 23.1748 55.0066 0
    endloop
  endfacet
  facet normal 0 0 -1
    outer loop
      vertex 18.8252 55.0066 0
      vertex 23.4828 28.6412 0
      vertex 22.9157 27.7925 0
    endloop
  endfacet
  facet normal 0 0 -1
    outer loop
      vertex 25.5572 30.8853 0
      vertex 22.6798 54.7033 0
      vertex 22.9332 54.8452 0
    endloop
  endfacet
  facet normal 0 0 -1
    outer loop
      vertex 18.3837 55.3837 0
      vertex 22.9157 27.7925 0
      vertex 22.4169 26.9019 0
    endloop
  endfacet
  facet normal 0 0 -1
    outer loop
      vertex 25.5572 30.8853 0
      vertex 22.4159 54.5816 0
      vertex 22.6798 54.7033 0
    endloop
  endfacet
  facet normal 0 0 -1
    outer loop
      vertex 25.5572 30.8853 0
      vertex 22.1434 54.4811 0
      vertex 22.4159 54.5816 0
    endloop
  endfacet
  facet normal 0 0 -1
    outer loop
      vertex 18.1865 55.597 0
      vertex 22.4169 26.9019 0
      vertex 21.9896 25.9749 0
    endloop
  endfacet
  facet normal 0 0 -1
    outer loop
      vertex 25.5572 30.8853 0
      vertex 21.8637 54.4022 0
      vertex 22.1434 54.4811 0
    endloop
  endfacet
  facet normal 0 0 -1
    outer loop
      vertex 0 65 0
      vertex 21.9896 25.9749 0
      vertex 21.6363 25.0172 0
    endloop
  endfacet
  facet normal 0 0 -1
    outer loop
      vertex 25.5572 30.8853 0
      vertex 21.5788 54.3456 0
      vertex 21.8637 54.4022 0
    endloop
  endfacet
  facet normal 0 0 -1
    outer loop
      vertex 0 5 0
      vertex 21.6363 25.0172 0
      vertex 21.3592 24.0348 0
    endloop
  endfacet
  facet normal 0 0 -1
    outer loop
      vertex 25.5572 30.8853 0
      vertex 21.2903 54.3114 0
      vertex 21.5788 54.3456 0
    endloop
  endfacet
  facet normal 0 0 -1
    outer loop
      vertex 0 5 0
      vertex 21.3592 24.0348 0
      vertex 21.1601 23.0336 0
    endloop
  endfacet
  facet normal 0 0 -1
    outer loop
      vertex 0 5 0
      vertex 21.1601 23.0336 0
      vertex 21.0401 22.02 0
    endloop
  endfacet
  facet normal 0 0 -1
    outer loop
      vertex 0 5 0
      vertex 21.0401 22.02 0
      vertex 21 21 0
    endloop
  endfacet
  facet normal 0 0 -1
    outer loop
      vertex 25.5572 30.8853 0
      vertex 21 54.3 0
      vertex 21.2903 54.3114 0
    endloop
  endfacet
  facet normal 0 0 -1
    outer loop
      vertex 88.0489 57.691 0
      vertex 58.7354 53.6273 0
      vertex 58.75 54 0
    endloop
  endfacet
  facet normal 0 0 -1
    outer loop
      vertex 88.109 57.546 0
      vertex 58.6915 53.2569 0
      vertex 58.7354 53.6273 0
    endloop
  endfacet
  facet normal 0 0 -1
    outer loop
      vertex 74 34 0
      vertex 58.6188 52.8911 0
      vertex 58.6915 53.2569 0
    endloop
  endfacet
  facet normal 0 0 -1
    outer loop
      vertex 74 34 0
      vertex 58.5175 52.5322 0
      vertex 58.6188 52.8911 0
    endloop
  endfacet
  facet normal 0 0 -1
    outer loop
      vertex 74 34 0
      vertex 58.3884 52.1823 0
      vertex 58.5175 52.5322 0
    endloop
  endfacet
  facet normal 0 0 -1
    outer loop
      vertex 74 34 0
      vertex 58.2323 51.8435 0
      vertex 58.3884 52.1823 0
    endloop
  endfacet
  facet normal 0 0 -1
    outer loop
      vertex 74 34 0
      vertex 58.05 51.5181 0
      vertex 58.2323 51.8435 0
    endloop
  endfacet
  facet normal 0 0 -1
    outer loop
      vertex 74 34 0
      vertex 57.8428 51.208 0
      vertex 58.05 51.5181 0
    endloop
  endfacet
  facet normal 0 0 -1
    outer loop
      vertex 74 34 0
      vertex 57.6119 50.9151 0
      vertex 57.8428 51.208 0
    endloop
  endfacet
  facet normal 0 0 -1
    outer loop
      vertex 74 34 0
      vertex 57.3588 50.6412 0
      vertex 57.6119 50.9151 0
    endloop
  endfacet
  facet normal 0 0 -1
    outer loop
      vertex 74 34 0
      vertex 57.0849 50.3881 0
      vertex 57.3588 50.6412 0
    endloop
  endfacet
  facet normal 0 0 -1
    outer loop
      vertex 74 34 0
      vertex 56.792 50.1572 0
      vertex 57.0849 50.3881 0
    endloop
  endfacet
  facet normal 0 0 -1
    outer loop
      vertex 74 34 0
      vertex 56.4819 49.95 0
      vertex 56.792 50.1572 0
    endloop
  endfacet
  facet normal 0 0 -1
    outer loop
      vertex 74 34 0
      vertex 56.1565 49.7677 0
      vertex 56.4819 49.95 0
    endloop
  endfacet
  facet normal 0 0 -1
    outer loop
      vertex 74 34 0
      vertex 55.8177 49.6116 0
      vertex 56.1565 49.7677 0
    endloop
  endfacet
  facet normal 0 0 -1
    outer loop
      vertex 74 34 0
      vertex 55.4678 49.4825 0
      vertex 55.8177 49.6116 0
    endloop
  endfacet
  facet normal 0 0 -1
    outer loop
      vertex 74 34 0
      vertex 55.1089 49.3812 0
      vertex 55.4678 49.4825 0
    endloop
  endfacet
  facet normal 0 0 -1
    outer loop
      vertex 74 34 0
      vertex 54.7431 49.3085 0
      vertex 55.1089 49.3812 0
    endloop
  endfacet
  facet normal 0 0 -1
    outer loop
      vertex 74 34 0
      vertex 54.3727 49.2646 0
      vertex 54.7431 49.3085 0
    endloop
  endfacet
  facet normal 0 0 -1
    outer loop
      vertex 74 34 0
      vertex 54 49.25 0
      vertex 54.3727 49.2646 0
    endloop
  endfacet
  facet normal 0 0 -1
    outer loop
      vertex 34 34 0
      vertex 54 49.25 0
      vertex 74 34 0
    endloop
  endfacet
  facet normal -0 0 -1
    outer loop
      vertex 54 49.25 0
      vertex 34 34 0
      vertex 53.6273 49.2646 0
    endloop
  endfacet
  facet normal -0 0 -1
    outer loop
      vertex 53.6273 49.2646 0
      vertex 34 34 0
      vertex 53.2569 49.3085 0
    endloop
  endfacet
  facet normal -0 0 -1
    outer loop
      vertex 53.2569 49.3085 0
      vertex 34 34 0
      vertex 52.8911 49.3812 0
    endloop
  endfacet
  facet normal -0 0 -1
    outer loop
      vertex 52.8911 49.3812 0
      vertex 34 34 0
      vertex 52.5322 49.4825 0
    endloop
  endfacet
  facet normal -0 0 -1
    outer loop
      vertex 52.5322 49.4825 0
      vertex 34 34 0
      vertex 52.1823 49.6116 0
    endloop
  endfacet
  facet normal -0 0 -1
    outer loop
      vertex 52.1823 49.6116 0
      vertex 34 34 0
      vertex 51.8435 49.7677 0
    endloop
  endfacet
  facet normal -0 0 -1
    outer loop
      vertex 51.8435 49.7677 0
      vertex 34 34 0
      vertex 51.5181 49.95 0
    endloop
  endfacet
  facet normal 0 0 -1
    outer loop
      vertex 24.6886 57.7097 0
      vertex 49.2646 53.6273 0
      vertex 49.3085 53.2569 0
    endloop
  endfacet
  facet normal 0 0 -1
    outer loop
      vertex 24.6886 57.7097 0
      vertex 49.3085 53.2569 0
      vertex 49.3812 52.8911 0
    endloop
  endfacet
  facet normal 0 0 -1
    outer loop
      vertex 24.6886 57.7097 0
      vertex 49.3812 52.8911 0
      vertex 49.4825 52.5322 0
    endloop
  endfacet
  facet normal 0 0 -1
    outer loop
      vertex 24.6886 57.7097 0
      vertex 49.4825 52.5322 0
      vertex 34 34 0
    endloop
  endfacet
  facet normal -0 0 -1
    outer loop
      vertex 49.6116 52.1823 0
      vertex 34 34 0
      vertex 49.4825 52.5322 0
    endloop
  endfacet
  facet normal -0 0 -1
    outer loop
      vertex 49.7677 51.8435 0
      vertex 34 34 0
      vertex 49.6116 52.1823 0
    endloop
  endfacet
  facet normal -0 0 -1
    outer loop
      vertex 49.95 51.5181 0
      vertex 34 34 0
      vertex 49.7677 51.8435 0
    endloop
  endfacet
  facet normal -0 0 -1
    outer loop
      vertex 50.1572 51.208 0
      vertex 34 34 0
      vertex 49.95 51.5181 0
    endloop
  endfacet
  facet normal -0 0 -1
    outer loop
      vertex 50.3881 50.9151 0
      vertex 34 34 0
      vertex 50.1572 51.208 0
    endloop
  endfacet
  facet normal -0 0 -1
    outer loop
      vertex 50.6412 50.6412 0
      vertex 34 34 0
      vertex 50.3881 50.9151 0
    endloop
  endfacet
  facet normal -0 0 -1
    outer loop
      vertex 50.9151 50.3881 0
      vertex 34 34 0
      vertex 50.6412 50.6412 0
    endloop
  endfacet
  facet normal -0 0 -1
    outer loop
      vertex 51.208 50.1572 0
      vertex 34 34 0
      vertex 50.9151 50.3881 0
    endloop
  endfacet
  facet normal -0 0 -1
    outer loop
      vertex 51.5181 49.95 0
      vertex 34 34 0
      vertex 51.208 50.1572 0
    endloop
  endfacet
  facet normal 0 0 -1
    outer loop
      vertex 113 0 0
      vertex 118 5 0
      vertex 117.985 4.6077 0
    endloop
  endfacet
  facet normal 0 0 -1
    outer loop
      vertex 118 5 0
      vertex 99.6494 57.2396 0
      vertex 118 65 0
    endloop
  endfacet
  facet normal 0 0 -1
    outer loop
      vertex 113 0 0
      vertex 117.985 4.6077 0
      vertex 117.938 4.21783 0
    endloop
  endfacet
  facet normal 0 -0 -1
    outer loop
      vertex 99.7604 57.3506 0
      vertex 118 65 0
      vertex 99.7071 57.2929 0
    endloop
  endfacet
  facet normal 0 0 -1
    outer loop
      vertex 113 0 0
      vertex 117.938 4.21783 0
      vertex 117.862 3.83277 0
    endloop
  endfacet
  facet normal 0 -0 -1
    outer loop
      vertex 99.809 57.4122 0
      vertex 118 65 0
      vertex 99.7604 57.3506 0
    endloop
  endfacet
  facet normal 0 0 -1
    outer loop
      vertex 113 0 0
      vertex 117.862 3.83277 0
      vertex 117.755 3.45491 0
    endloop
  endfacet
  facet normal 0 -0 -1
    outer loop
      vertex 99.8526 57.4775 0
      vertex 118 65 0
      vertex 99.809 57.4122 0
    endloop
  endfacet
  facet normal 0 0 -1
    outer loop
      vertex 113 0 0
      vertex 117.755 3.45491 0
      vertex 117.619 3.08658 0
    endloop
  endfacet
  facet normal 0 -0 -1
    outer loop
      vertex 99.891 57.546 0
      vertex 118 65 0
      vertex 99.8526 57.4775 0
    endloop
  endfacet
  facet normal 0 0 -1
    outer loop
      vertex 113 0 0
      vertex 117.619 3.08658 0
      vertex 117.455 2.73005 0
    endloop
  endfacet
  facet normal 0 -0 -1
    outer loop
      vertex 99.9239 57.6173 0
      vertex 118 65 0
      vertex 99.891 57.546 0
    endloop
  endfacet
  facet normal 0 0 -1
    outer loop
      vertex 113 0 0
      vertex 117.455 2.73005 0
      vertex 117.263 2.38751 0
    endloop
  endfacet
  facet normal 0 -0 -1
    outer loop
      vertex 99.9724 57.7666 0
      vertex 118 65 0
      vertex 99.9511 57.691 0
    endloop
  endfacet
  facet normal 0 0 -1
    outer loop
      vertex 113 0 0
      vertex 117.263 2.38751 0
      vertex 117.045 2.06107 0
    endloop
  endfacet
  facet normal 0 -0 -1
    outer loop
      vertex 99.9877 57.8436 0
      vertex 118 65 0
      vertex 99.9724 57.7666 0
    endloop
  endfacet
  facet normal 0 0 -1
    outer loop
      vertex 113 0 0
      vertex 117.045 2.06107 0
      vertex 116.802 1.75276 0
    endloop
  endfacet
  facet normal 0 -0 -1
    outer loop
      vertex 99.9969 57.9215 0
      vertex 118 65 0
      vertex 99.9877 57.8436 0
    endloop
  endfacet
  facet normal 0 0 -1
    outer loop
      vertex 113 0 0
      vertex 116.802 1.75276 0
      vertex 116.536 1.46447 0
    endloop
  endfacet
  facet normal 0 -0 -1
    outer loop
      vertex 100 58 0
      vertex 118 65 0
      vertex 99.9969 57.9215 0
    endloop
  endfacet
  facet normal 0 0 -1
    outer loop
      vertex 113 0 0
      vertex 116.536 1.46447 0
      vertex 116.247 1.19797 0
    endloop
  endfacet
  facet normal 0 0 -1
    outer loop
      vertex 100 60 0
      vertex 118 65 0
      vertex 100 58 0
    endloop
  endfacet
  facet normal 0 0 -1
    outer loop
      vertex 113 0 0
      vertex 116.247 1.19797 0
      vertex 115.939 0.954914 0
    endloop
  endfacet
  facet normal 0 0 -1
    outer loop
      vertex 99.9969 60.0785 0
      vertex 118 65 0
      vertex 100 60 0
    endloop
  endfacet
  facet normal 0 0 -1
    outer loop
      vertex 113 0 0
      vertex 115.939 0.954914 0
      vertex 115.612 0.736798 0
    endloop
  endfacet
  facet normal 0 0 -1
    outer loop
      vertex 118 65 0
      vertex 113 70 0
      vertex 117.985 65.3923 0
    endloop
  endfacet
  facet normal 0 0 -1
    outer loop
      vertex 113 0 0
      vertex 115.612 0.736798 0
      vertex 115.27 0.544967 0
    endloop
  endfacet
  facet normal 0 0 -1
    outer loop
      vertex 117.985 65.3923 0
      vertex 113 70 0
      vertex 117.938 65.7822 0
    endloop
  endfacet
  facet normal 0 0 -1
    outer loop
      vertex 113 0 0
      vertex 115.27 0.544967 0
      vertex 114.913 0.380602 0
    endloop
  endfacet
  facet normal 0 0 -1
    outer loop
      vertex 117.938 65.7822 0
      vertex 113 70 0
      vertex 117.862 66.1672 0
    endloop
  endfacet
  facet normal 0 0 -1
    outer loop
      vertex 113 0 0
      vertex 114.913 0.380602 0
      vertex 114.545 0.244717 0
    endloop
  endfacet
  facet normal 0 0 -1
    outer loop
      vertex 117.755 66.5451 0
      vertex 113 70 0
      vertex 117.619 66.9134 0
    endloop
  endfacet
  facet normal 0 0 -1
    outer loop
      vertex 113 0 0
      vertex 114.545 0.244717 0
      vertex 114.167 0.13815 0
    endloop
  endfacet
  facet normal 0 0 -1
    outer loop
      vertex 117.619 66.9134 0
      vertex 113 70 0
      vertex 117.455 67.27 0
    endloop
  endfacet
  facet normal 0 0 -1
    outer loop
      vertex 113 0 0
      vertex 114.167 0.13815 0
      vertex 113.782 0.0615578 0
    endloop
  endfacet
  facet normal 0 0 -1
    outer loop
      vertex 117.455 67.27 0
      vertex 113 70 0
      vertex 117.263 67.6125 0
    endloop
  endfacet
  facet normal 0 0 -1
    outer loop
      vertex 113 0 0
      vertex 113.782 0.0615578 0
      vertex 113.392 0.0154133 0
    endloop
  endfacet
  facet normal 0 0 -1
    outer loop
      vertex 117.263 67.6125 0
      vertex 113 70 0
      vertex 117.045 67.9389 0
    endloop
  endfacet
  facet normal 0 0 -1
    outer loop
      vertex 86.6408 17.9652 0
      vertex 118 5 0
      vertex 113 0 0
    endloop
  endfacet
  facet normal 0 0 -1
    outer loop
      vertex 116.802 68.2472 0
      vertex 113 70 0
      vertex 116.536 68.5355 0
    endloop
  endfacet
  facet normal 0 0 -1
    outer loop
      vertex 116.247 68.802 0
      vertex 113 70 0
      vertex 115.939 69.0451 0
    endloop
  endfacet
  facet normal 0 0 -1
    outer loop
      vertex 114.545 69.7553 0
      vertex 113 70 0
      vertex 114.167 69.8618 0
    endloop
  endfacet
  facet normal 0 0 -1
    outer loop
      vertex 113.782 69.9384 0
      vertex 113 70 0
      vertex 113.392 69.9846 0
    endloop
  endfacet
  facet normal 0 0 -1
    outer loop
      vertex 114.167 69.8618 0
      vertex 113 70 0
      vertex 113.782 69.9384 0
    endloop
  endfacet
  facet normal 0 0 -1
    outer loop
      vertex 114.913 69.6194 0
      vertex 113 70 0
      vertex 114.545 69.7553 0
    endloop
  endfacet
  facet normal 0 0 -1
    outer loop
      vertex 115.27 69.455 0
      vertex 113 70 0
      vertex 114.913 69.6194 0
    endloop
  endfacet
  facet normal 0 0 -1
    outer loop
      vertex 115.612 69.2632 0
      vertex 113 70 0
      vertex 115.27 69.455 0
    endloop
  endfacet
  facet normal 0 0 -1
    outer loop
      vertex 115.939 69.0451 0
      vertex 113 70 0
      vertex 115.612 69.2632 0
    endloop
  endfacet
  facet normal 0 0 -1
    outer loop
      vertex 117.045 67.9389 0
      vertex 113 70 0
      vertex 116.802 68.2472 0
    endloop
  endfacet
  facet normal 0 0 -1
    outer loop
      vertex 99.9877 60.1564 0
      vertex 118 65 0
      vertex 99.9969 60.0785 0
    endloop
  endfacet
  facet normal 0 -0 -1
    outer loop
      vertex 99.9511 57.691 0
      vertex 118 65 0
      vertex 99.9239 57.6173 0
    endloop
  endfacet
  facet normal 0 0 -1
    outer loop
      vertex 118 65 0
      vertex 99.6494 57.2396 0
      vertex 99.7071 57.2929 0
    endloop
  endfacet
  facet normal 0 0 -1
    outer loop
      vertex 118 5 0
      vertex 99.5878 57.191 0
      vertex 99.6494 57.2396 0
    endloop
  endfacet
  facet normal 0 0 -1
    outer loop
      vertex 118 5 0
      vertex 99.5225 57.1474 0
      vertex 99.5878 57.191 0
    endloop
  endfacet
  facet normal 0 0 -1
    outer loop
      vertex 118 5 0
      vertex 86.6408 24.0348 0
      vertex 86.3637 25.0172 0
    endloop
  endfacet
  facet normal 0 0 -1
    outer loop
      vertex 118 5 0
      vertex 86.3637 25.0172 0
      vertex 99.5225 57.1474 0
    endloop
  endfacet
  facet normal 0 0 -1
    outer loop
      vertex 99.5225 57.1474 0
      vertex 86.3637 25.0172 0
      vertex 99.454 57.109 0
    endloop
  endfacet
  facet normal 0 0 -1
    outer loop
      vertex 99.454 57.109 0
      vertex 86.3637 25.0172 0
      vertex 99.3827 57.0761 0
    endloop
  endfacet
  facet normal 0 0 -1
    outer loop
      vertex 86.0104 25.9749 0
      vertex 99.3827 57.0761 0
      vertex 86.3637 25.0172 0
    endloop
  endfacet
  facet normal 0 0 -1
    outer loop
      vertex 99.3827 57.0761 0
      vertex 86.0104 25.9749 0
      vertex 99.309 57.0489 0
    endloop
  endfacet
  facet normal 0 0 -1
    outer loop
      vertex 85.5831 26.9019 0
      vertex 99.309 57.0489 0
      vertex 86.0104 25.9749 0
    endloop
  endfacet
  facet normal 0 0 -1
    outer loop
      vertex 99.309 57.0489 0
      vertex 85.5831 26.9019 0
      vertex 99.2334 57.0276 0
    endloop
  endfacet
  facet normal 0 0 -1
    outer loop
      vertex 85.0843 27.7925 0
      vertex 99.1564 57.0123 0
      vertex 85.5831 26.9019 0
    endloop
  endfacet
  facet normal 0 0 -1
    outer loop
      vertex 99.1564 57.0123 0
      vertex 85.0843 27.7925 0
      vertex 99.0785 57.0031 0
    endloop
  endfacet
  facet normal 0 0 -1
    outer loop
      vertex 84.5172 28.6412 0
      vertex 99.0785 57.0031 0
      vertex 85.0843 27.7925 0
    endloop
  endfacet
  facet normal 0 0 -1
    outer loop
      vertex 99.0785 57.0031 0
      vertex 84.5172 28.6412 0
      vertex 99 57 0
    endloop
  endfacet
  facet normal 0 0 -1
    outer loop
      vertex 83.8853 29.4428 0
      vertex 99 57 0
      vertex 84.5172 28.6412 0
    endloop
  endfacet
  facet normal 0 0 -1
    outer loop
      vertex 83.1924 30.1924 0
      vertex 99 57 0
      vertex 83.8853 29.4428 0
    endloop
  endfacet
  facet normal -0 0 -1
    outer loop
      vertex 99 57 0
      vertex 83.1924 30.1924 0
      vertex 89 57 0
    endloop
  endfacet
  facet normal 0 0 -1
    outer loop
      vertex 82.4428 30.8853 0
      vertex 89 57 0
      vertex 83.1924 30.1924 0
    endloop
  endfacet
  facet normal 0 0 -1
    outer loop
      vertex 81.6412 31.5172 0
      vertex 89 57 0
      vertex 82.4428 30.8853 0
    endloop
  endfacet
  facet normal 0 0 -1
    outer loop
      vertex 80.7925 32.0843 0
      vertex 89 57 0
      vertex 81.6412 31.5172 0
    endloop
  endfacet
  facet normal -0 0 -1
    outer loop
      vertex 89 57 0
      vertex 80.7925 32.0843 0
      vertex 88.9215 57.0031 0
    endloop
  endfacet
  facet normal -0 0 -1
    outer loop
      vertex 88.9215 57.0031 0
      vertex 80.7925 32.0843 0
      vertex 88.8436 57.0123 0
    endloop
  endfacet
  facet normal 0 0 -1
    outer loop
      vertex 79.9019 32.5831 0
      vertex 88.8436 57.0123 0
      vertex 80.7925 32.0843 0
    endloop
  endfacet
  facet normal -0 0 -1
    outer loop
      vertex 88.8436 57.0123 0
      vertex 79.9019 32.5831 0
      vertex 88.7666 57.0276 0
    endloop
  endfacet
  facet normal -0 0 -1
    outer loop
      vertex 88.7666 57.0276 0
      vertex 79.9019 32.5831 0
      vertex 88.691 57.0489 0
    endloop
  endfacet
  facet normal -0 0 -1
    outer loop
      vertex 88.6173 57.0761 0
      vertex 78.9749 33.0104 0
      vertex 88.546 57.109 0
    endloop
  endfacet
  facet normal -0 0 -1
    outer loop
      vertex 88.691 57.0489 0
      vertex 78.9749 33.0104 0
      vertex 88.6173 57.0761 0
    endloop
  endfacet
  facet normal 0 0 -1
    outer loop
      vertex 78.9749 33.0104 0
      vertex 88.691 57.0489 0
      vertex 79.9019 32.5831 0
    endloop
  endfacet
  facet normal 0 0 -1
    outer loop
      vertex 99.2334 57.0276 0
      vertex 85.5831 26.9019 0
      vertex 99.1564 57.0123 0
    endloop
  endfacet
  facet normal 0 0 -1
    outer loop
      vertex 118 5 0
      vertex 86.84 23.0336 0
      vertex 86.6408 24.0348 0
    endloop
  endfacet
  facet normal 0 0 -1
    outer loop
      vertex 118 5 0
      vertex 86.9599 22.02 0
      vertex 86.84 23.0336 0
    endloop
  endfacet
  facet normal 0 0 -1
    outer loop
      vertex 118 5 0
      vertex 87 21 0
      vertex 86.9599 22.02 0
    endloop
  endfacet
  facet normal 0 0 -1
    outer loop
      vertex 118 5 0
      vertex 86.9599 19.98 0
      vertex 87 21 0
    endloop
  endfacet
  facet normal 0 0 -1
    outer loop
      vertex 118 5 0
      vertex 86.84 18.9664 0
      vertex 86.9599 19.98 0
    endloop
  endfacet
  facet normal 0 0 -1
    outer loop
      vertex 118 5 0
      vertex 86.6408 17.9652 0
      vertex 86.84 18.9664 0
    endloop
  endfacet
  facet normal 0 0 -1
    outer loop
      vertex 113 0 0
      vertex 86.3637 16.9828 0
      vertex 86.6408 17.9652 0
    endloop
  endfacet
  facet normal 0 0 -1
    outer loop
      vertex 113 0 0
      vertex 86.0104 16.0251 0
      vertex 86.3637 16.9828 0
    endloop
  endfacet
  facet normal 0 0 -1
    outer loop
      vertex 113 0 0
      vertex 85.5831 15.0981 0
      vertex 86.0104 16.0251 0
    endloop
  endfacet
  facet normal 0 0 -1
    outer loop
      vertex 113 0 0
      vertex 85.0843 14.2075 0
      vertex 85.5831 15.0981 0
    endloop
  endfacet
  facet normal 0 0 -1
    outer loop
      vertex 113 0 0
      vertex 84.5172 13.3588 0
      vertex 85.0843 14.2075 0
    endloop
  endfacet
  facet normal 0 0 -1
    outer loop
      vertex 113 0 0
      vertex 83.8853 12.5572 0
      vertex 84.5172 13.3588 0
    endloop
  endfacet
  facet normal 0 0 -1
    outer loop
      vertex 113 0 0
      vertex 83.1924 11.8076 0
      vertex 83.8853 12.5572 0
    endloop
  endfacet
  facet normal 0 0 -1
    outer loop
      vertex 113 0 0
      vertex 82.4428 11.1147 0
      vertex 83.1924 11.8076 0
    endloop
  endfacet
  facet normal 0 0 -1
    outer loop
      vertex 113 0 0
      vertex 81.6412 10.4828 0
      vertex 82.4428 11.1147 0
    endloop
  endfacet
  facet normal 0 0 -1
    outer loop
      vertex 113 0 0
      vertex 80.7925 9.91568 0
      vertex 81.6412 10.4828 0
    endloop
  endfacet
  facet normal 0 0 -1
    outer loop
      vertex 113 0 0
      vertex 79.9019 9.41691 0
      vertex 80.7925 9.91568 0
    endloop
  endfacet
  facet normal 0 0 -1
    outer loop
      vertex 113 0 0
      vertex 78.9749 8.98957 0
      vertex 79.9019 9.41691 0
    endloop
  endfacet
  facet normal 0 0 -1
    outer loop
      vertex 113 0 0
      vertex 78.0172 8.63626 0
      vertex 78.9749 8.98957 0
    endloop
  endfacet
  facet normal 0 0 -1
    outer loop
      vertex 113 0 0
      vertex 77.0348 8.35919 0
      vertex 78.0172 8.63626 0
    endloop
  endfacet
  facet normal 0 0 -1
    outer loop
      vertex 113 0 0
      vertex 76.0336 8.16005 0
      vertex 77.0348 8.35919 0
    endloop
  endfacet
  facet normal 0 0 -1
    outer loop
      vertex 113 0 0
      vertex 75.02 8.04007 0
      vertex 76.0336 8.16005 0
    endloop
  endfacet
  facet normal 0 0 -1
    outer loop
      vertex 113 0 0
      vertex 74 8 0
      vertex 75.02 8.04007 0
    endloop
  endfacet
  facet normal 0 0 -1
    outer loop
      vertex 5 0 0
      vertex 74 8 0
      vertex 113 0 0
    endloop
  endfacet
  facet normal -0 0 -1
    outer loop
      vertex 74 8 0
      vertex 5 0 0
      vertex 34 8 0
    endloop
  endfacet
  facet normal 0 0 -1
    outer loop
      vertex 25.5572 30.8853 0
      vertex 20.7097 54.3114 0
      vertex 21 54.3 0
    endloop
  endfacet
  facet normal 0 0 -1
    outer loop
      vertex 25.5572 30.8853 0
      vertex 20.4212 54.3456 0
      vertex 20.7097 54.3114 0
    endloop
  endfacet
  facet normal 0 0 -1
    outer loop
      vertex 25.5572 30.8853 0
      vertex 20.1363 54.4022 0
      vertex 20.4212 54.3456 0
    endloop
  endfacet
  facet normal 0 0 -1
    outer loop
      vertex 25.5572 30.8853 0
      vertex 19.8566 54.4811 0
      vertex 20.1363 54.4022 0
    endloop
  endfacet
  facet normal 0 0 -1
    outer loop
      vertex 24.8076 30.1924 0
      vertex 19.5841 54.5816 0
      vertex 19.8566 54.4811 0
    endloop
  endfacet
  facet normal 0 0 -1
    outer loop
      vertex 0 5 0
      vertex 21 21 0
      vertex 21.0401 19.98 0
    endloop
  endfacet
  facet normal 0 0 -1
    outer loop
      vertex 24.1147 29.4428 0
      vertex 19.3202 54.7033 0
      vertex 19.5841 54.5816 0
    endloop
  endfacet
  facet normal 0 0 -1
    outer loop
      vertex 24.1147 29.4428 0
      vertex 19.0668 54.8452 0
      vertex 19.3202 54.7033 0
    endloop
  endfacet
  facet normal 0 0 -1
    outer loop
      vertex 23.4828 28.6412 0
      vertex 18.8252 55.0066 0
      vertex 19.0668 54.8452 0
    endloop
  endfacet
  facet normal 0 0 -1
    outer loop
      vertex 22.9157 27.7925 0
      vertex 18.597 55.1865 0
      vertex 18.8252 55.0066 0
    endloop
  endfacet
  facet normal 0 0 -1
    outer loop
      vertex 22.9157 27.7925 0
      vertex 18.3837 55.3837 0
      vertex 18.597 55.1865 0
    endloop
  endfacet
  facet normal 0 0 -1
    outer loop
      vertex 22.4169 26.9019 0
      vertex 18.1865 55.597 0
      vertex 18.3837 55.3837 0
    endloop
  endfacet
  facet normal 0 0 -1
    outer loop
      vertex 21.9896 25.9749 0
      vertex 0 65 0
      vertex 18.1865 55.597 0
    endloop
  endfacet
  facet normal 0 0 -1
    outer loop
      vertex 18.1865 55.597 0
      vertex 0 65 0
      vertex 18.0066 55.8252 0
    endloop
  endfacet
  facet normal 0 0 -1
    outer loop
      vertex 18.0066 55.8252 0
      vertex 0 65 0
      vertex 17.8452 56.0668 0
    endloop
  endfacet
  facet normal 0 0 -1
    outer loop
      vertex 17.8452 56.0668 0
      vertex 0 65 0
      vertex 17.7033 56.3202 0
    endloop
  endfacet
  facet normal 0 0 -1
    outer loop
      vertex 17.7033 56.3202 0
      vertex 0 65 0
      vertex 17.5816 56.5841 0
    endloop
  endfacet
  facet normal 0 0 -1
    outer loop
      vertex 17.5816 56.5841 0
      vertex 0 65 0
      vertex 17.4811 56.8566 0
    endloop
  endfacet
  facet normal 0 0 -1
    outer loop
      vertex 17.4811 56.8566 0
      vertex 0 65 0
      vertex 17.4022 57.1363 0
    endloop
  endfacet
  facet normal 0 0 -1
    outer loop
      vertex 17.4022 57.1363 0
      vertex 0 65 0
      vertex 17.3456 57.4212 0
    endloop
  endfacet
  facet normal -0 0 -1
    outer loop
      vertex 21.6363 25.0172 0
      vertex 0 5 0
      vertex 0 65 0
    endloop
  endfacet
  facet normal -0 0 -1
    outer loop
      vertex 21.1601 18.9664 0
      vertex 0 5 0
      vertex 21.0401 19.98 0
    endloop
  endfacet
  facet normal -0 0 -1
    outer loop
      vertex 21.3592 17.9652 0
      vertex 0 5 0
      vertex 21.1601 18.9664 0
    endloop
  endfacet
  facet normal -0 0 -1
    outer loop
      vertex 21.6363 16.9828 0
      vertex 0 5 0
      vertex 21.3592 17.9652 0
    endloop
  endfacet
  facet normal -0 0 -1
    outer loop
      vertex 21.9896 16.0251 0
      vertex 0 5 0
      vertex 21.6363 16.9828 0
    endloop
  endfacet
  facet normal 0 0 -1
    outer loop
      vertex 0 5 0
      vertex 21.9896 16.0251 0
      vertex 5 0 0
    endloop
  endfacet
  facet normal -0 0 -1
    outer loop
      vertex 22.4169 15.0981 0
      vertex 5 0 0
      vertex 21.9896 16.0251 0
    endloop
  endfacet
  facet normal -0 0 -1
    outer loop
      vertex 22.9157 14.2075 0
      vertex 5 0 0
      vertex 22.4169 15.0981 0
    endloop
  endfacet
  facet normal -0 0 -1
    outer loop
      vertex 23.4828 13.3588 0
      vertex 5 0 0
      vertex 22.9157 14.2075 0
    endloop
  endfacet
  facet normal -0 0 -1
    outer loop
      vertex 24.1147 12.5572 0
      vertex 5 0 0
      vertex 23.4828 13.3588 0
    endloop
  endfacet
  facet normal -0 0 -1
    outer loop
      vertex 24.8076 11.8076 0
      vertex 5 0 0
      vertex 24.1147 12.5572 0
    endloop
  endfacet
  facet normal -0 0 -1
    outer loop
      vertex 25.5572 11.1147 0
      vertex 5 0 0
      vertex 24.8076 11.8076 0
    endloop
  endfacet
  facet normal -0 0 -1
    outer loop
      vertex 26.3588 10.4828 0
      vertex 5 0 0
      vertex 25.5572 11.1147 0
    endloop
  endfacet
  facet normal -0 0 -1
    outer loop
      vertex 27.2075 9.91568 0
      vertex 5 0 0
      vertex 26.3588 10.4828 0
    endloop
  endfacet
  facet normal -0 0 -1
    outer loop
      vertex 28.0981 9.41691 0
      vertex 5 0 0
      vertex 27.2075 9.91568 0
    endloop
  endfacet
  facet normal -0 0 -1
    outer loop
      vertex 29.0251 8.98957 0
      vertex 5 0 0
      vertex 28.0981 9.41691 0
    endloop
  endfacet
  facet normal -0 0 -1
    outer loop
      vertex 29.9828 8.63626 0
      vertex 5 0 0
      vertex 29.0251 8.98957 0
    endloop
  endfacet
  facet normal -0 0 -1
    outer loop
      vertex 30.9652 8.35919 0
      vertex 5 0 0
      vertex 29.9828 8.63626 0
    endloop
  endfacet
  facet normal -0 0 -1
    outer loop
      vertex 31.9664 8.16005 0
      vertex 5 0 0
      vertex 30.9652 8.35919 0
    endloop
  endfacet
  facet normal -0 0 -1
    outer loop
      vertex 32.98 8.04007 0
      vertex 5 0 0
      vertex 31.9664 8.16005 0
    endloop
  endfacet
  facet normal -0 0 -1
    outer loop
      vertex 34 8 0
      vertex 5 0 0
      vertex 32.98 8.04007 0
    endloop
  endfacet
  facet normal 0 0 -1
    outer loop
      vertex 116.536 68.5355 0
      vertex 113 70 0
      vertex 116.247 68.802 0
    endloop
  endfacet
  facet normal 0 0 -1
    outer loop
      vertex 117.862 66.1672 0
      vertex 113 70 0
      vertex 117.755 66.5451 0
    endloop
  endfacet
  facet normal -0 0 -1
    outer loop
      vertex 118 65 0
      vertex 99.9877 60.1564 0
      vertex 113 70 0
    endloop
  endfacet
  facet normal 0 0 -1
    outer loop
      vertex 99.9724 60.2334 0
      vertex 113 70 0
      vertex 99.9877 60.1564 0
    endloop
  endfacet
  facet normal 0 0 -1
    outer loop
      vertex 99.9511 60.309 0
      vertex 113 70 0
      vertex 99.9724 60.2334 0
    endloop
  endfacet
  facet normal 0 0 -1
    outer loop
      vertex 99.9239 60.3827 0
      vertex 113 70 0
      vertex 99.9511 60.309 0
    endloop
  endfacet
  facet normal 0 0 -1
    outer loop
      vertex 99.891 60.454 0
      vertex 113 70 0
      vertex 99.9239 60.3827 0
    endloop
  endfacet
  facet normal 0 0 -1
    outer loop
      vertex 99.8526 60.5225 0
      vertex 113 70 0
      vertex 99.891 60.454 0
    endloop
  endfacet
  facet normal 0 0 -1
    outer loop
      vertex 99.809 60.5878 0
      vertex 113 70 0
      vertex 99.8526 60.5225 0
    endloop
  endfacet
  facet normal 0 0 -1
    outer loop
      vertex 99.7604 60.6494 0
      vertex 113 70 0
      vertex 99.809 60.5878 0
    endloop
  endfacet
  facet normal 0 0 -1
    outer loop
      vertex 99.7071 60.7071 0
      vertex 113 70 0
      vertex 99.7604 60.6494 0
    endloop
  endfacet
  facet normal 0 0 -1
    outer loop
      vertex 99.6494 60.7604 0
      vertex 113 70 0
      vertex 99.7071 60.7071 0
    endloop
  endfacet
  facet normal 0 0 -1
    outer loop
      vertex 99.5878 60.809 0
      vertex 113 70 0
      vertex 99.6494 60.7604 0
    endloop
  endfacet
  facet normal 0 0 -1
    outer loop
      vertex 99.5225 60.8526 0
      vertex 113 70 0
      vertex 99.5878 60.809 0
    endloop
  endfacet
  facet normal 0 0 -1
    outer loop
      vertex 99.454 60.891 0
      vertex 113 70 0
      vertex 99.5225 60.8526 0
    endloop
  endfacet
  facet normal 0 0 -1
    outer loop
      vertex 99.3827 60.9239 0
      vertex 113 70 0
      vertex 99.454 60.891 0
    endloop
  endfacet
  facet normal 0 0 -1
    outer loop
      vertex 99.309 60.9511 0
      vertex 113 70 0
      vertex 99.3827 60.9239 0
    endloop
  endfacet
  facet normal 0 0 -1
    outer loop
      vertex 99.2334 60.9724 0
      vertex 113 70 0
      vertex 99.309 60.9511 0
    endloop
  endfacet
  facet normal 0 0 -1
    outer loop
      vertex 99.1564 60.9877 0
      vertex 113 70 0
      vertex 99.2334 60.9724 0
    endloop
  endfacet
  facet normal 0 0 -1
    outer loop
      vertex 99.0785 60.9969 0
      vertex 113 70 0
      vertex 99.1564 60.9877 0
    endloop
  endfacet
  facet normal 0 0 -1
    outer loop
      vertex 99 61 0
      vertex 113 70 0
      vertex 99.0785 60.9969 0
    endloop
  endfacet
  facet normal 0 0 -1
    outer loop
      vertex 89 61 0
      vertex 113 70 0
      vertex 99 61 0
    endloop
  endfacet
  facet normal 0 0 -1
    outer loop
      vertex 88.9215 60.9969 0
      vertex 113 70 0
      vertex 89 61 0
    endloop
  endfacet
  facet normal 0 0 -1
    outer loop
      vertex 88.8436 60.9877 0
      vertex 113 70 0
      vertex 88.9215 60.9969 0
    endloop
  endfacet
  facet normal 0 0 -1
    outer loop
      vertex 88.7666 60.9724 0
      vertex 113 70 0
      vertex 88.8436 60.9877 0
    endloop
  endfacet
  facet normal 0 0 -1
    outer loop
      vertex 54.7431 58.6915 0
      vertex 88.7666 60.9724 0
      vertex 88.691 60.9511 0
    endloop
  endfacet
  facet normal 0 0 -1
    outer loop
      vertex 55.1089 58.6188 0
      vertex 88.691 60.9511 0
      vertex 88.6173 60.9239 0
    endloop
  endfacet
  facet normal 0 0 -1
    outer loop
      vertex 78.0172 33.3637 0
      vertex 88.546 57.109 0
      vertex 78.9749 33.0104 0
    endloop
  endfacet
  facet normal -0 0 -1
    outer loop
      vertex 88.546 57.109 0
      vertex 78.0172 33.3637 0
      vertex 88.4775 57.1474 0
    endloop
  endfacet
  facet normal -0 0 -1
    outer loop
      vertex 88.4775 57.1474 0
      vertex 78.0172 33.3637 0
      vertex 88.4122 57.191 0
    endloop
  endfacet
  facet normal 0 0 -1
    outer loop
      vertex 77.0348 33.6408 0
      vertex 88.4122 57.191 0
      vertex 78.0172 33.3637 0
    endloop
  endfacet
  facet normal -0 0 -1
    outer loop
      vertex 88.4122 57.191 0
      vertex 77.0348 33.6408 0
      vertex 88.3506 57.2396 0
    endloop
  endfacet
  facet normal 0 0 -1
    outer loop
      vertex 76.0336 33.8399 0
      vertex 88.3506 57.2396 0
      vertex 77.0348 33.6408 0
    endloop
  endfacet
  facet normal -0 0 -1
    outer loop
      vertex 88.3506 57.2396 0
      vertex 76.0336 33.8399 0
      vertex 88.2929 57.2929 0
    endloop
  endfacet
  facet normal -0 0 -1
    outer loop
      vertex 88.2929 57.2929 0
      vertex 76.0336 33.8399 0
      vertex 88.2396 57.3506 0
    endloop
  endfacet
  facet normal 0 0 -1
    outer loop
      vertex 75.02 33.9599 0
      vertex 88.2396 57.3506 0
      vertex 76.0336 33.8399 0
    endloop
  endfacet
  facet normal -0 0 -1
    outer loop
      vertex 88.2396 57.3506 0
      vertex 75.02 33.9599 0
      vertex 88.191 57.4122 0
    endloop
  endfacet
  facet normal -0 0 -1
    outer loop
      vertex 88.191 57.4122 0
      vertex 75.02 33.9599 0
      vertex 88.1474 57.4775 0
    endloop
  endfacet
  facet normal 0 0 -1
    outer loop
      vertex 74 34 0
      vertex 88.1474 57.4775 0
      vertex 75.02 33.9599 0
    endloop
  endfacet
  facet normal -0 0 -1
    outer loop
      vertex 88.1474 57.4775 0
      vertex 74 34 0
      vertex 88.109 57.546 0
    endloop
  endfacet
  facet normal 0 0 -1
    outer loop
      vertex 58.6915 53.2569 0
      vertex 88.109 57.546 0
      vertex 74 34 0
    endloop
  endfacet
  facet normal 0 0 -1
    outer loop
      vertex 58.7354 53.6273 0
      vertex 88.0761 57.6173 0
      vertex 88.109 57.546 0
    endloop
  endfacet
  facet normal 0 0 -1
    outer loop
      vertex 58.7354 53.6273 0
      vertex 88.0489 57.691 0
      vertex 88.0761 57.6173 0
    endloop
  endfacet
  facet normal -0 0 -1
    outer loop
      vertex 88.0489 57.691 0
      vertex 58.75 54 0
      vertex 88.0276 57.7666 0
    endloop
  endfacet
  facet normal 0 0 -1
    outer loop
      vertex 58.7354 54.3727 0
      vertex 88.0276 57.7666 0
      vertex 58.75 54 0
    endloop
  endfacet
  facet normal -0 0 -1
    outer loop
      vertex 88.0276 57.7666 0
      vertex 58.7354 54.3727 0
      vertex 88.0123 57.8436 0
    endloop
  endfacet
  facet normal -0 0 -1
    outer loop
      vertex 88.0123 57.8436 0
      vertex 58.7354 54.3727 0
      vertex 88.0031 57.9215 0
    endloop
  endfacet
  facet normal 0 0 -1
    outer loop
      vertex 58.6915 54.7431 0
      vertex 88.0031 57.9215 0
      vertex 58.7354 54.3727 0
    endloop
  endfacet
  facet normal -0 0 -1
    outer loop
      vertex 88.0031 57.9215 0
      vertex 58.6915 54.7431 0
      vertex 88 58 0
    endloop
  endfacet
  facet normal 0 0 -1
    outer loop
      vertex 58.6188 55.1089 0
      vertex 88 58 0
      vertex 58.6915 54.7431 0
    endloop
  endfacet
  facet normal -0 0 -1
    outer loop
      vertex 88 58 0
      vertex 58.6188 55.1089 0
      vertex 88 60 0
    endloop
  endfacet
  facet normal 0 0 -1
    outer loop
      vertex 58.5175 55.4678 0
      vertex 88 60 0
      vertex 58.6188 55.1089 0
    endloop
  endfacet
  facet normal -0 0 -1
    outer loop
      vertex 88 60 0
      vertex 58.5175 55.4678 0
      vertex 88.0031 60.0785 0
    endloop
  endfacet
  facet normal 0 0 -1
    outer loop
      vertex 58.3884 55.8177 0
      vertex 88.0031 60.0785 0
      vertex 58.5175 55.4678 0
    endloop
  endfacet
  facet normal -0 0 -1
    outer loop
      vertex 88.0031 60.0785 0
      vertex 58.3884 55.8177 0
      vertex 88.0123 60.1564 0
    endloop
  endfacet
  facet normal 0 0 -1
    outer loop
      vertex 58.2323 56.1565 0
      vertex 88.0123 60.1564 0
      vertex 58.3884 55.8177 0
    endloop
  endfacet
  facet normal -0 0 -1
    outer loop
      vertex 88.0123 60.1564 0
      vertex 58.2323 56.1565 0
      vertex 88.0276 60.2334 0
    endloop
  endfacet
  facet normal 0 0 -1
    outer loop
      vertex 58.05 56.4819 0
      vertex 88.0276 60.2334 0
      vertex 58.2323 56.1565 0
    endloop
  endfacet
  facet normal -0 0 -1
    outer loop
      vertex 88.0276 60.2334 0
      vertex 58.05 56.4819 0
      vertex 88.0489 60.309 0
    endloop
  endfacet
  facet normal -0 0 -1
    outer loop
      vertex 88.0489 60.309 0
      vertex 58.05 56.4819 0
      vertex 88.0761 60.3827 0
    endloop
  endfacet
  facet normal 0 0 -1
    outer loop
      vertex 57.8428 56.792 0
      vertex 88.0761 60.3827 0
      vertex 58.05 56.4819 0
    endloop
  endfacet
  facet normal -0 0 -1
    outer loop
      vertex 88.0761 60.3827 0
      vertex 57.8428 56.792 0
      vertex 88.109 60.454 0
    endloop
  endfacet
  facet normal 0 0 -1
    outer loop
      vertex 57.6119 57.0849 0
      vertex 88.109 60.454 0
      vertex 57.8428 56.792 0
    endloop
  endfacet
  facet normal -0 0 -1
    outer loop
      vertex 88.109 60.454 0
      vertex 57.6119 57.0849 0
      vertex 88.1474 60.5225 0
    endloop
  endfacet
  facet normal 0 0 -1
    outer loop
      vertex 57.3588 57.3588 0
      vertex 88.1474 60.5225 0
      vertex 57.6119 57.0849 0
    endloop
  endfacet
  facet normal -0 0 -1
    outer loop
      vertex 88.1474 60.5225 0
      vertex 57.3588 57.3588 0
      vertex 88.191 60.5878 0
    endloop
  endfacet
  facet normal 0 0 -1
    outer loop
      vertex 57.0849 57.6119 0
      vertex 88.191 60.5878 0
      vertex 57.3588 57.3588 0
    endloop
  endfacet
  facet normal -0 0 -1
    outer loop
      vertex 88.191 60.5878 0
      vertex 57.0849 57.6119 0
      vertex 88.2396 60.6494 0
    endloop
  endfacet
  facet normal 0 0 -1
    outer loop
      vertex 56.792 57.8428 0
      vertex 88.2396 60.6494 0
      vertex 57.0849 57.6119 0
    endloop
  endfacet
  facet normal -0 0 -1
    outer loop
      vertex 88.2396 60.6494 0
      vertex 56.792 57.8428 0
      vertex 88.2929 60.7071 0
    endloop
  endfacet
  facet normal 0 0 -1
    outer loop
      vertex 56.4819 58.05 0
      vertex 88.2929 60.7071 0
      vertex 56.792 57.8428 0
    endloop
  endfacet
  facet normal -0 0 -1
    outer loop
      vertex 88.2929 60.7071 0
      vertex 56.4819 58.05 0
      vertex 88.3506 60.7604 0
    endloop
  endfacet
  facet normal -0 0 -1
    outer loop
      vertex 88.3506 60.7604 0
      vertex 56.4819 58.05 0
      vertex 88.4122 60.809 0
    endloop
  endfacet
  facet normal 0 0 -1
    outer loop
      vertex 56.1565 58.2323 0
      vertex 88.4122 60.809 0
      vertex 56.4819 58.05 0
    endloop
  endfacet
  facet normal -0 0 -1
    outer loop
      vertex 88.4122 60.809 0
      vertex 56.1565 58.2323 0
      vertex 88.4775 60.8526 0
    endloop
  endfacet
  facet normal 0 0 -1
    outer loop
      vertex 55.8177 58.3884 0
      vertex 88.4775 60.8526 0
      vertex 56.1565 58.2323 0
    endloop
  endfacet
  facet normal -0 0 -1
    outer loop
      vertex 88.4775 60.8526 0
      vertex 55.8177 58.3884 0
      vertex 88.546 60.891 0
    endloop
  endfacet
  facet normal 0 0 -1
    outer loop
      vertex 55.4678 58.5175 0
      vertex 88.546 60.891 0
      vertex 55.8177 58.3884 0
    endloop
  endfacet
  facet normal -0 0 -1
    outer loop
      vertex 88.546 60.891 0
      vertex 55.4678 58.5175 0
      vertex 88.6173 60.9239 0
    endloop
  endfacet
  facet normal 0 0 -1
    outer loop
      vertex 55.1089 58.6188 0
      vertex 88.6173 60.9239 0
      vertex 55.4678 58.5175 0
    endloop
  endfacet
  facet normal 0 0 -1
    outer loop
      vertex 88.691 60.9511 0
      vertex 55.1089 58.6188 0
      vertex 54.7431 58.6915 0
    endloop
  endfacet
  facet normal 0 0 -1
    outer loop
      vertex 88.7666 60.9724 0
      vertex 54.7431 58.6915 0
      vertex 54.3727 58.7354 0
    endloop
  endfacet
  facet normal -0 0 -1
    outer loop
      vertex 88.7666 60.9724 0
      vertex 54.3727 58.7354 0
      vertex 113 70 0
    endloop
  endfacet
  facet normal 0 0 -1
    outer loop
      vertex 54 58.75 0
      vertex 113 70 0
      vertex 54.3727 58.7354 0
    endloop
  endfacet
  facet normal 0 0 -1
    outer loop
      vertex 5 70 0
      vertex 54 58.75 0
      vertex 53.6273 58.7354 0
    endloop
  endfacet
  facet normal 0 0 -1
    outer loop
      vertex 5 70 0
      vertex 53.6273 58.7354 0
      vertex 53.2569 58.6915 0
    endloop
  endfacet
  facet normal 0 0 -1
    outer loop
      vertex 24.6886 57.7097 0
      vertex 49.25 54 0
      vertex 49.2646 53.6273 0
    endloop
  endfacet
  facet normal 0 0 -1
    outer loop
      vertex 24.6886 57.7097 0
      vertex 49.2646 54.3727 0
      vertex 49.25 54 0
    endloop
  endfacet
  facet normal 0 0 -1
    outer loop
      vertex 24.6886 57.7097 0
      vertex 49.3085 54.7431 0
      vertex 49.2646 54.3727 0
    endloop
  endfacet
  facet normal 0 0 -1
    outer loop
      vertex 49.3085 54.7431 0
      vertex 24.7 58 0
      vertex 49.3812 55.1089 0
    endloop
  endfacet
  facet normal 0 0 -1
    outer loop
      vertex 49.3812 55.1089 0
      vertex 24.7 58 0
      vertex 49.4825 55.4678 0
    endloop
  endfacet
  facet normal 0 0 -1
    outer loop
      vertex 24.6886 58.2903 0
      vertex 49.4825 55.4678 0
      vertex 24.7 58 0
    endloop
  endfacet
  facet normal 0 0 -1
    outer loop
      vertex 24.6544 58.5788 0
      vertex 49.4825 55.4678 0
      vertex 24.6886 58.2903 0
    endloop
  endfacet
  facet normal 0 0 -1
    outer loop
      vertex 49.4825 55.4678 0
      vertex 24.6544 58.5788 0
      vertex 49.6116 55.8177 0
    endloop
  endfacet
  facet normal 0 0 -1
    outer loop
      vertex 24.6886 57.7097 0
      vertex 34 34 0
      vertex 32.98 33.9599 0
    endloop
  endfacet
  facet normal 0 0 -1
    outer loop
      vertex 24.6886 57.7097 0
      vertex 32.98 33.9599 0
      vertex 31.9664 33.8399 0
    endloop
  endfacet
  facet normal 0 0 -1
    outer loop
      vertex 24.5978 58.8637 0
      vertex 49.6116 55.8177 0
      vertex 24.6544 58.5788 0
    endloop
  endfacet
  facet normal 0 0 -1
    outer loop
      vertex 24.6886 57.7097 0
      vertex 31.9664 33.8399 0
      vertex 30.9652 33.6408 0
    endloop
  endfacet
  facet normal 0 0 -1
    outer loop
      vertex 24.6886 57.7097 0
      vertex 30.9652 33.6408 0
      vertex 29.9828 33.3637 0
    endloop
  endfacet
  facet normal 0 0 -1
    outer loop
      vertex 24.6886 57.7097 0
      vertex 29.9828 33.3637 0
      vertex 29.0251 33.0104 0
    endloop
  endfacet
  facet normal 0 0 -1
    outer loop
      vertex 24.6886 57.7097 0
      vertex 29.0251 33.0104 0
      vertex 28.0981 32.5831 0
    endloop
  endfacet
  facet normal 0 0 -1
    outer loop
      vertex 24.6886 57.7097 0
      vertex 28.0981 32.5831 0
      vertex 27.2075 32.0843 0
    endloop
  endfacet
  facet normal 0 0 -1
    outer loop
      vertex 49.6116 55.8177 0
      vertex 24.5978 58.8637 0
      vertex 49.7677 56.1565 0
    endloop
  endfacet
  facet normal 0 0 -1
    outer loop
      vertex 24.6886 57.7097 0
      vertex 27.2075 32.0843 0
      vertex 26.3588 31.5172 0
    endloop
  endfacet
  facet normal 0 0 -1
    outer loop
      vertex 24.6886 57.7097 0
      vertex 26.3588 31.5172 0
      vertex 25.5572 30.8853 0
    endloop
  endfacet
  facet normal 0 0 -1
    outer loop
      vertex 19.8566 54.4811 0
      vertex 25.5572 30.8853 0
      vertex 24.8076 30.1924 0
    endloop
  endfacet
  facet normal 0 0 -1
    outer loop
      vertex 24.5189 59.1434 0
      vertex 49.7677 56.1565 0
      vertex 24.5978 58.8637 0
    endloop
  endfacet
  facet normal 0 0 -1
    outer loop
      vertex 49.7677 56.1565 0
      vertex 24.5189 59.1434 0
      vertex 49.95 56.4819 0
    endloop
  endfacet
  facet normal 0 0 -1
    outer loop
      vertex 24.4184 59.4159 0
      vertex 49.95 56.4819 0
      vertex 24.5189 59.1434 0
    endloop
  endfacet
  facet normal 0 0 -1
    outer loop
      vertex 49.95 56.4819 0
      vertex 24.4184 59.4159 0
      vertex 50.1572 56.792 0
    endloop
  endfacet
  facet normal 0 0 -1
    outer loop
      vertex 24.2967 59.6798 0
      vertex 50.1572 56.792 0
      vertex 24.4184 59.4159 0
    endloop
  endfacet
  facet normal 0 0 -1
    outer loop
      vertex 50.1572 56.792 0
      vertex 24.2967 59.6798 0
      vertex 50.3881 57.0849 0
    endloop
  endfacet
  facet normal 0 0 -1
    outer loop
      vertex 24.1548 59.9332 0
      vertex 50.3881 57.0849 0
      vertex 24.2967 59.6798 0
    endloop
  endfacet
  facet normal 0 0 -1
    outer loop
      vertex 50.3881 57.0849 0
      vertex 24.1548 59.9332 0
      vertex 50.6412 57.3588 0
    endloop
  endfacet
  facet normal 0 0 -1
    outer loop
      vertex 23.9934 60.1748 0
      vertex 50.6412 57.3588 0
      vertex 24.1548 59.9332 0
    endloop
  endfacet
  facet normal 0 0 -1
    outer loop
      vertex 50.6412 57.3588 0
      vertex 23.9934 60.1748 0
      vertex 50.9151 57.6119 0
    endloop
  endfacet
  facet normal 0 0 -1
    outer loop
      vertex 23.8135 60.403 0
      vertex 50.9151 57.6119 0
      vertex 23.9934 60.1748 0
    endloop
  endfacet
  facet normal 0 0 -1
    outer loop
      vertex 50.9151 57.6119 0
      vertex 23.8135 60.403 0
      vertex 51.208 57.8428 0
    endloop
  endfacet
  facet normal 0 0 -1
    outer loop
      vertex 23.6163 60.6163 0
      vertex 51.208 57.8428 0
      vertex 23.8135 60.403 0
    endloop
  endfacet
  facet normal 0 0 -1
    outer loop
      vertex 51.208 57.8428 0
      vertex 23.6163 60.6163 0
      vertex 51.5181 58.05 0
    endloop
  endfacet
  facet normal 0 0 -1
    outer loop
      vertex 23.403 60.8135 0
      vertex 51.5181 58.05 0
      vertex 23.6163 60.6163 0
    endloop
  endfacet
  facet normal 0 0 -1
    outer loop
      vertex 51.5181 58.05 0
      vertex 23.403 60.8135 0
      vertex 51.8435 58.2323 0
    endloop
  endfacet
  facet normal 0 0 -1
    outer loop
      vertex 23.1748 60.9934 0
      vertex 51.8435 58.2323 0
      vertex 23.403 60.8135 0
    endloop
  endfacet
  facet normal 0 0 -1
    outer loop
      vertex 51.8435 58.2323 0
      vertex 23.1748 60.9934 0
      vertex 52.1823 58.3884 0
    endloop
  endfacet
  facet normal 0 0 -1
    outer loop
      vertex 22.9332 61.1548 0
      vertex 52.1823 58.3884 0
      vertex 23.1748 60.9934 0
    endloop
  endfacet
  facet normal 0 0 -1
    outer loop
      vertex 52.1823 58.3884 0
      vertex 22.9332 61.1548 0
      vertex 52.5322 58.5175 0
    endloop
  endfacet
  facet normal 0 0 -1
    outer loop
      vertex 22.6798 61.2967 0
      vertex 52.5322 58.5175 0
      vertex 22.9332 61.1548 0
    endloop
  endfacet
  facet normal 0 0 -1
    outer loop
      vertex 52.5322 58.5175 0
      vertex 22.6798 61.2967 0
      vertex 52.8911 58.6188 0
    endloop
  endfacet
  facet normal 0 0 -1
    outer loop
      vertex 22.4159 61.4184 0
      vertex 52.8911 58.6188 0
      vertex 22.6798 61.2967 0
    endloop
  endfacet
  facet normal 0 0 -1
    outer loop
      vertex 52.8911 58.6188 0
      vertex 22.4159 61.4184 0
      vertex 53.2569 58.6915 0
    endloop
  endfacet
  facet normal 0 0 -1
    outer loop
      vertex 22.1434 61.5189 0
      vertex 53.2569 58.6915 0
      vertex 22.4159 61.4184 0
    endloop
  endfacet
  facet normal 0 0 -1
    outer loop
      vertex 53.2569 58.6915 0
      vertex 22.1434 61.5189 0
      vertex 5 70 0
    endloop
  endfacet
  facet normal 0 0 -1
    outer loop
      vertex 5 70 0
      vertex 22.1434 61.5189 0
      vertex 21.8637 61.5978 0
    endloop
  endfacet
  facet normal 0 0 -1
    outer loop
      vertex 5 70 0
      vertex 21.8637 61.5978 0
      vertex 21.5788 61.6544 0
    endloop
  endfacet
  facet normal 0 0 -1
    outer loop
      vertex 5 70 0
      vertex 21.5788 61.6544 0
      vertex 21.2903 61.6886 0
    endloop
  endfacet
  facet normal 0 0 -1
    outer loop
      vertex 5 70 0
      vertex 21.2903 61.6886 0
      vertex 21 61.7 0
    endloop
  endfacet
  facet normal 0 0 -1
    outer loop
      vertex 5 70 0
      vertex 21 61.7 0
      vertex 20.7097 61.6886 0
    endloop
  endfacet
  facet normal 0 0 -1
    outer loop
      vertex 17.3456 57.4212 0
      vertex 0 65 0
      vertex 17.3114 57.7097 0
    endloop
  endfacet
  facet normal 0 0 -1
    outer loop
      vertex 17.3114 57.7097 0
      vertex 0 65 0
      vertex 17.3 58 0
    endloop
  endfacet
  facet normal 0 0 -1
    outer loop
      vertex 17.3 58 0
      vertex 0 65 0
      vertex 17.3114 58.2903 0
    endloop
  endfacet
  facet normal 0 0 -1
    outer loop
      vertex 54 58.75 0
      vertex 5 70 0
      vertex 113 70 0
    endloop
  endfacet
  facet normal 0 0 -1
    outer loop
      vertex 20.4212 61.6544 0
      vertex 5 70 0
      vertex 20.7097 61.6886 0
    endloop
  endfacet
  facet normal 0 0 -1
    outer loop
      vertex 20.1363 61.5978 0
      vertex 5 70 0
      vertex 20.4212 61.6544 0
    endloop
  endfacet
  facet normal 0 0 -1
    outer loop
      vertex 19.8566 61.5189 0
      vertex 5 70 0
      vertex 20.1363 61.5978 0
    endloop
  endfacet
  facet normal 0 0 -1
    outer loop
      vertex 19.5841 61.4184 0
      vertex 5 70 0
      vertex 19.8566 61.5189 0
    endloop
  endfacet
  facet normal 0 0 -1
    outer loop
      vertex 19.3202 61.2967 0
      vertex 5 70 0
      vertex 19.5841 61.4184 0
    endloop
  endfacet
  facet normal 0 0 -1
    outer loop
      vertex 19.0668 61.1548 0
      vertex 5 70 0
      vertex 19.3202 61.2967 0
    endloop
  endfacet
  facet normal 0 0 -1
    outer loop
      vertex 18.8252 60.9934 0
      vertex 5 70 0
      vertex 19.0668 61.1548 0
    endloop
  endfacet
  facet normal 0 0 -1
    outer loop
      vertex 18.597 60.8135 0
      vertex 5 70 0
      vertex 18.8252 60.9934 0
    endloop
  endfacet
  facet normal 0 0 -1
    outer loop
      vertex 18.3837 60.6163 0
      vertex 5 70 0
      vertex 18.597 60.8135 0
    endloop
  endfacet
  facet normal 0 0 -1
    outer loop
      vertex 18.1865 60.403 0
      vertex 5 70 0
      vertex 18.3837 60.6163 0
    endloop
  endfacet
  facet normal 0 0 -1
    outer loop
      vertex 18.0066 60.1748 0
      vertex 5 70 0
      vertex 18.1865 60.403 0
    endloop
  endfacet
  facet normal 0 0 -1
    outer loop
      vertex 17.8452 59.9332 0
      vertex 5 70 0
      vertex 18.0066 60.1748 0
    endloop
  endfacet
  facet normal 0 0 -1
    outer loop
      vertex 17.7033 59.6798 0
      vertex 5 70 0
      vertex 17.8452 59.9332 0
    endloop
  endfacet
  facet normal 0 0 -1
    outer loop
      vertex 17.5816 59.4159 0
      vertex 5 70 0
      vertex 17.7033 59.6798 0
    endloop
  endfacet
  facet normal 0 0 -1
    outer loop
      vertex 17.4811 59.1434 0
      vertex 5 70 0
      vertex 17.5816 59.4159 0
    endloop
  endfacet
  facet normal 0 0 -1
    outer loop
      vertex 17.4022 58.8637 0
      vertex 5 70 0
      vertex 17.4811 59.1434 0
    endloop
  endfacet
  facet normal 0 0 -1
    outer loop
      vertex 17.3114 58.2903 0
      vertex 0 65 0
      vertex 17.3456 58.5788 0
    endloop
  endfacet
  facet normal 0 0 -1
    outer loop
      vertex 0 5 0
      vertex 5 0 0
      vertex 4.6077 0.0154133 0
    endloop
  endfacet
  facet normal 0 0 -1
    outer loop
      vertex 17.3456 58.5788 0
      vertex 0 65 0
      vertex 17.4022 58.8637 0
    endloop
  endfacet
  facet normal 0 0 -1
    outer loop
      vertex 0 5 0
      vertex 4.6077 0.0154133 0
      vertex 4.21783 0.0615578 0
    endloop
  endfacet
  facet normal 0 0 -1
    outer loop
      vertex 17.4022 58.8637 0
      vertex 0 65 0
      vertex 5 70 0
    endloop
  endfacet
  facet normal 0 0 -1
    outer loop
      vertex 0 5 0
      vertex 4.21783 0.0615578 0
      vertex 3.83277 0.13815 0
    endloop
  endfacet
  facet normal 0 0 -1
    outer loop
      vertex 5 70 0
      vertex 0 65 0
      vertex 4.6077 69.9846 0
    endloop
  endfacet
  facet normal 0 0 -1
    outer loop
      vertex 0 5 0
      vertex 3.83277 0.13815 0
      vertex 3.45491 0.244717 0
    endloop
  endfacet
  facet normal 0 0 -1
    outer loop
      vertex 4.6077 69.9846 0
      vertex 0 65 0
      vertex 4.21783 69.9384 0
    endloop
  endfacet
  facet normal 0 0 -1
    outer loop
      vertex 0 5 0
      vertex 3.45491 0.244717 0
      vertex 3.08658 0.380602 0
    endloop
  endfacet
  facet normal 0 0 -1
    outer loop
      vertex 4.21783 69.9384 0
      vertex 0 65 0
      vertex 3.83277 69.8618 0
    endloop
  endfacet
  facet normal 0 0 -1
    outer loop
      vertex 0 5 0
      vertex 3.08658 0.380602 0
      vertex 2.73005 0.544967 0
    endloop
  endfacet
  facet normal 0 0 -1
    outer loop
      vertex 3.83277 69.8618 0
      vertex 0 65 0
      vertex 3.45491 69.7553 0
    endloop
  endfacet
  facet normal 0 0 -1
    outer loop
      vertex 0 5 0
      vertex 2.73005 0.544967 0
      vertex 2.38751 0.736798 0
    endloop
  endfacet
  facet normal 0 0 -1
    outer loop
      vertex 3.45491 69.7553 0
      vertex 0 65 0
      vertex 3.08658 69.6194 0
    endloop
  endfacet
  facet normal 0 0 -1
    outer loop
      vertex 0 5 0
      vertex 2.38751 0.736798 0
      vertex 2.06107 0.954914 0
    endloop
  endfacet
  facet normal 0 0 -1
    outer loop
      vertex 3.08658 69.6194 0
      vertex 0 65 0
      vertex 2.73005 69.455 0
    endloop
  endfacet
  facet normal 0 0 -1
    outer loop
      vertex 0 5 0
      vertex 2.06107 0.954914 0
      vertex 1.75276 1.19797 0
    endloop
  endfacet
  facet normal 0 0 -1
    outer loop
      vertex 2.73005 69.455 0
      vertex 0 65 0
      vertex 2.38751 69.2632 0
    endloop
  endfacet
  facet normal 0 0 -1
    outer loop
      vertex 0 5 0
      vertex 1.75276 1.19797 0
      vertex 1.46447 1.46447 0
    endloop
  endfacet
  facet normal 0 0 -1
    outer loop
      vertex 2.38751 69.2632 0
      vertex 0 65 0
      vertex 2.06107 69.0451 0
    endloop
  endfacet
  facet normal 0 0 -1
    outer loop
      vertex 0 5 0
      vertex 1.46447 1.46447 0
      vertex 1.19797 1.75276 0
    endloop
  endfacet
  facet normal 0 0 -1
    outer loop
      vertex 2.06107 69.0451 0
      vertex 0 65 0
      vertex 1.75276 68.802 0
    endloop
  endfacet
  facet normal 0 0 -1
    outer loop
      vertex 0 5 0
      vertex 1.19797 1.75276 0
      vertex 0.954914 2.06107 0
    endloop
  endfacet
  facet normal 0 0 -1
    outer loop
      vertex 1.75276 68.802 0
      vertex 0 65 0
      vertex 1.46447 68.5355 0
    endloop
  endfacet
  facet normal 0 0 -1
    outer loop
      vertex 0 5 0
      vertex 0.954914 2.06107 0
      vertex 0.736798 2.38751 0
    endloop
  endfacet
  facet normal 0 0 -1
    outer loop
      vertex 1.46447 68.5355 0
      vertex 0 65 0
      vertex 1.19797 68.2472 0
    endloop
  endfacet
  facet normal 0 0 -1
    outer loop
      vertex 0 5 0
      vertex 0.736798 2.38751 0
      vertex 0.544967 2.73005 0
    endloop
  endfacet
  facet normal 0 0 -1
    outer loop
      vertex 1.19797 68.2472 0
      vertex 0 65 0
      vertex 0.954914 67.9389 0
    endloop
  endfacet
  facet normal 0 0 -1
    outer loop
      vertex 0 5 0
      vertex 0.544967 2.73005 0
      vertex 0.380602 3.08658 0
    endloop
  endfacet
  facet normal 0 0 -1
    outer loop
      vertex 0.954914 67.9389 0
      vertex 0 65 0
      vertex 0.736798 67.6125 0
    endloop
  endfacet
  facet normal 0 0 -1
    outer loop
      vertex 0 5 0
      vertex 0.380602 3.08658 0
      vertex 0.244717 3.45491 0
    endloop
  endfacet
  facet normal 0 0 -1
    outer loop
      vertex 0.736798 67.6125 0
      vertex 0 65 0
      vertex 0.544967 67.27 0
    endloop
  endfacet
  facet normal 0 0 -1
    outer loop
      vertex 0 5 0
      vertex 0.244717 3.45491 0
      vertex 0.13815 3.83277 0
    endloop
  endfacet
  facet normal 0 0 -1
    outer loop
      vertex 0.544967 67.27 0
      vertex 0 65 0
      vertex 0.380602 66.9134 0
    endloop
  endfacet
  facet normal 0 0 -1
    outer loop
      vertex 0 5 0
      vertex 0.13815 3.83277 0
      vertex 0.0615578 4.21783 0
    endloop
  endfacet
  facet normal 0 0 -1
    outer loop
      vertex 0.380602 66.9134 0
      vertex 0 65 0
      vertex 0.244717 66.5451 0
    endloop
  endfacet
  facet normal 0 0 -1
    outer loop
      vertex 0 5 0
      vertex 0.0615578 4.21783 0
      vertex 0.0154133 4.6077 0
    endloop
  endfacet
  facet normal 0 0 -1
    outer loop
      vertex 0.244717 66.5451 0
      vertex 0 65 0
      vertex 0.13815 66.1672 0
    endloop
  endfacet
  facet normal 0 0 -1
    outer loop
      vertex 0.13815 66.1672 0
      vertex 0 65 0
      vertex 0.0615578 65.7822 0
    endloop
  endfacet
  facet normal 0 0 -1
    outer loop
      vertex 0.0615578 65.7822 0
      vertex 0 65 0
      vertex 0.0154133 65.3923 0
    endloop
  endfacet
  facet normal -0.993068 -0.117538 0
    outer loop
      vertex 0.0615578 4.21783 0
      vertex 0.0154133 4.6077 48
      vertex 0.0154133 4.6077 0
    endloop
  endfacet
  facet normal -0.993068 -0.117538 0
    outer loop
      vertex 0.0154133 4.6077 48
      vertex 0.0615578 4.21783 0
      vertex 0.0615578 4.21783 48
    endloop
  endfacet
  facet normal -1 0 0
    outer loop
      vertex 0 5 0
      vertex 0 65 48
      vertex 0 65 0
    endloop
  endfacet
  facet normal -1 -0 0
    outer loop
      vertex 0 65 48
      vertex 0 5 0
      vertex 0 5 48
    endloop
  endfacet
  facet normal 0.99927 0.0382081 0
    outer loop
      vertex 118 65 48
      vertex 117.985 65.3923 0
      vertex 117.985 65.3923 48
    endloop
  endfacet
  facet normal 0.99927 0.0382081 0
    outer loop
      vertex 117.985 65.3923 0
      vertex 118 65 48
      vertex 118 65 0
    endloop
  endfacet
  facet normal -0.999229 -0.0392593 0
    outer loop
      vertex 0.0154133 4.6077 0
      vertex 0 5 48
      vertex 0 5 0
    endloop
  endfacet
  facet normal -0.999229 -0.0392593 0
    outer loop
      vertex 0 5 48
      vertex 0.0154133 4.6077 0
      vertex 0.0154133 4.6077 48
    endloop
  endfacet
  facet normal -0.418738 0.908107 0
    outer loop
      vertex 3.08658 69.6194 0
      vertex 2.73005 69.455 48
      vertex 3.08658 69.6194 48
    endloop
  endfacet
  facet normal -0.418738 0.908107 0
    outer loop
      vertex 2.73005 69.455 48
      vertex 3.08658 69.6194 0
      vertex 2.73005 69.455 0
    endloop
  endfacet
  facet normal -0.993069 0.117529 0
    outer loop
      vertex 0.0154133 65.3923 0
      vertex 0.0615578 65.7822 48
      vertex 0.0615578 65.7822 0
    endloop
  endfacet
  facet normal -0.993069 0.117529 0
    outer loop
      vertex 0.0615578 65.7822 48
      vertex 0.0154133 65.3923 0
      vertex 0.0154133 65.3923 48
    endloop
  endfacet
  facet normal 0.0392554 0.999229 -0
    outer loop
      vertex 113.392 69.9846 0
      vertex 113 70 48
      vertex 113.392 69.9846 48
    endloop
  endfacet
  facet normal 0.0392554 0.999229 0
    outer loop
      vertex 113 70 48
      vertex 113.392 69.9846 0
      vertex 113 70 0
    endloop
  endfacet
  facet normal 0 1 -0
    outer loop
      vertex 113 70 0
      vertex 5 70 48
      vertex 113 70 48
    endloop
  endfacet
  facet normal 0 1 0
    outer loop
      vertex 5 70 48
      vertex 113 70 0
      vertex 5 70 0
    endloop
  endfacet
  facet normal -0.999229 0.0392593 0
    outer loop
      vertex 0 65 0
      vertex 0.0154133 65.3923 48
      vertex 0.0154133 65.3923 0
    endloop
  endfacet
  facet normal -0.999229 0.0392593 0
    outer loop
      vertex 0.0154133 65.3923 48
      vertex 0 65 0
      vertex 0 65 48
    endloop
  endfacet
  facet normal 0 0 1
    outer loop
      vertex 114 65 48
      vertex 118 65 48
      vertex 117.985 65.3923 48
    endloop
  endfacet
  facet normal 0 0 1
    outer loop
      vertex 118 65 48
      vertex 114 65 48
      vertex 118 5 48
    endloop
  endfacet
  facet normal 0 0 1
    outer loop
      vertex 113.997 65.0785 48
      vertex 117.985 65.3923 48
      vertex 117.938 65.7822 48
    endloop
  endfacet
  facet normal 0 0 1
    outer loop
      vertex 114 5 48
      vertex 118 5 48
      vertex 114 65 48
    endloop
  endfacet
  facet normal 0 0 1
    outer loop
      vertex 113.988 65.1564 48
      vertex 117.938 65.7822 48
      vertex 117.862 66.1672 48
    endloop
  endfacet
  facet normal 0 0 1
    outer loop
      vertex 118 5 48
      vertex 114 5 48
      vertex 117.985 4.6077 48
    endloop
  endfacet
  facet normal 0 0 1
    outer loop
      vertex 113.972 65.2334 48
      vertex 117.862 66.1672 48
      vertex 117.755 66.5451 48
    endloop
  endfacet
  facet normal -0 0 1
    outer loop
      vertex 113.997 4.92154 48
      vertex 117.985 4.6077 48
      vertex 114 5 48
    endloop
  endfacet
  facet normal 0 0 1
    outer loop
      vertex 113.951 65.309 48
      vertex 117.755 66.5451 48
      vertex 117.619 66.9134 48
    endloop
  endfacet
  facet normal 0 0 1
    outer loop
      vertex 117.985 4.6077 48
      vertex 113.997 4.92154 48
      vertex 117.938 4.21783 48
    endloop
  endfacet
  facet normal 0 0 1
    outer loop
      vertex 113.924 65.3827 48
      vertex 117.619 66.9134 48
      vertex 117.455 67.27 48
    endloop
  endfacet
  facet normal -0 0 1
    outer loop
      vertex 113.988 4.84356 48
      vertex 117.938 4.21783 48
      vertex 113.997 4.92154 48
    endloop
  endfacet
  facet normal 0 0 1
    outer loop
      vertex 113.891 65.454 48
      vertex 117.455 67.27 48
      vertex 117.263 67.6125 48
    endloop
  endfacet
  facet normal 0 0 1
    outer loop
      vertex 117.938 4.21783 48
      vertex 113.988 4.84356 48
      vertex 117.862 3.83277 48
    endloop
  endfacet
  facet normal 0 0 1
    outer loop
      vertex 113.853 65.5225 48
      vertex 117.263 67.6125 48
      vertex 117.045 67.9389 48
    endloop
  endfacet
  facet normal -0 0 1
    outer loop
      vertex 113.972 4.76655 48
      vertex 117.862 3.83277 48
      vertex 113.988 4.84356 48
    endloop
  endfacet
  facet normal 0 0 1
    outer loop
      vertex 113.809 65.5878 48
      vertex 117.045 67.9389 48
      vertex 116.802 68.2472 48
    endloop
  endfacet
  facet normal 0 0 1
    outer loop
      vertex 117.862 3.83277 48
      vertex 113.972 4.76655 48
      vertex 117.755 3.45491 48
    endloop
  endfacet
  facet normal 0 0 1
    outer loop
      vertex 113.76 65.6494 48
      vertex 116.802 68.2472 48
      vertex 116.536 68.5355 48
    endloop
  endfacet
  facet normal -0 0 1
    outer loop
      vertex 113.951 4.69098 48
      vertex 117.755 3.45491 48
      vertex 113.972 4.76655 48
    endloop
  endfacet
  facet normal 0 0 1
    outer loop
      vertex 113.707 65.7071 48
      vertex 116.536 68.5355 48
      vertex 116.247 68.802 48
    endloop
  endfacet
  facet normal 0 0 1
    outer loop
      vertex 117.755 3.45491 48
      vertex 113.951 4.69098 48
      vertex 117.619 3.08658 48
    endloop
  endfacet
  facet normal 0 0 1
    outer loop
      vertex 113.649 65.7604 48
      vertex 116.247 68.802 48
      vertex 115.939 69.0451 48
    endloop
  endfacet
  facet normal -0 0 1
    outer loop
      vertex 113.924 4.61732 48
      vertex 117.619 3.08658 48
      vertex 113.951 4.69098 48
    endloop
  endfacet
  facet normal 0 0 1
    outer loop
      vertex 113.588 65.809 48
      vertex 115.939 69.0451 48
      vertex 115.612 69.2632 48
    endloop
  endfacet
  facet normal 0 0 1
    outer loop
      vertex 117.619 3.08658 48
      vertex 113.924 4.61732 48
      vertex 117.455 2.73005 48
    endloop
  endfacet
  facet normal 0 0 1
    outer loop
      vertex 113.522 65.8526 48
      vertex 115.612 69.2632 48
      vertex 115.27 69.455 48
    endloop
  endfacet
  facet normal -0 0 1
    outer loop
      vertex 113.891 4.54601 48
      vertex 117.455 2.73005 48
      vertex 113.924 4.61732 48
    endloop
  endfacet
  facet normal 0 0 1
    outer loop
      vertex 113.454 65.891 48
      vertex 115.27 69.455 48
      vertex 114.913 69.6194 48
    endloop
  endfacet
  facet normal 0 0 1
    outer loop
      vertex 117.455 2.73005 48
      vertex 113.891 4.54601 48
      vertex 117.263 2.38751 48
    endloop
  endfacet
  facet normal 0 0 1
    outer loop
      vertex 113.383 65.9239 48
      vertex 114.913 69.6194 48
      vertex 114.545 69.7553 48
    endloop
  endfacet
  facet normal -0 0 1
    outer loop
      vertex 113.853 4.4775 48
      vertex 117.263 2.38751 48
      vertex 113.891 4.54601 48
    endloop
  endfacet
  facet normal 0 0 1
    outer loop
      vertex 113.309 65.9511 48
      vertex 114.545 69.7553 48
      vertex 114.167 69.8618 48
    endloop
  endfacet
  facet normal 0 0 1
    outer loop
      vertex 117.263 2.38751 48
      vertex 113.853 4.4775 48
      vertex 117.045 2.06107 48
    endloop
  endfacet
  facet normal -0 0 1
    outer loop
      vertex 113.809 4.41221 48
      vertex 117.045 2.06107 48
      vertex 113.853 4.4775 48
    endloop
  endfacet
  facet normal 0 0 1
    outer loop
      vertex 117.985 65.3923 48
      vertex 113.997 65.0785 48
      vertex 114 65 48
    endloop
  endfacet
  facet normal 0 0 1
    outer loop
      vertex 117.938 65.7822 48
      vertex 113.988 65.1564 48
      vertex 113.997 65.0785 48
    endloop
  endfacet
  facet normal 0 0 1
    outer loop
      vertex 117.862 66.1672 48
      vertex 113.972 65.2334 48
      vertex 113.988 65.1564 48
    endloop
  endfacet
  facet normal 0 0 1
    outer loop
      vertex 117.755 66.5451 48
      vertex 113.951 65.309 48
      vertex 113.972 65.2334 48
    endloop
  endfacet
  facet normal 0 0 1
    outer loop
      vertex 117.619 66.9134 48
      vertex 113.924 65.3827 48
      vertex 113.951 65.309 48
    endloop
  endfacet
  facet normal 0 0 1
    outer loop
      vertex 117.455 67.27 48
      vertex 113.891 65.454 48
      vertex 113.924 65.3827 48
    endloop
  endfacet
  facet normal 0 0 1
    outer loop
      vertex 117.263 67.6125 48
      vertex 113.853 65.5225 48
      vertex 113.891 65.454 48
    endloop
  endfacet
  facet normal 0 0 1
    outer loop
      vertex 117.045 67.9389 48
      vertex 113.809 65.5878 48
      vertex 113.853 65.5225 48
    endloop
  endfacet
  facet normal 0 0 1
    outer loop
      vertex 113.233 65.9724 48
      vertex 114.167 69.8618 48
      vertex 113.782 69.9384 48
    endloop
  endfacet
  facet normal 0 0 1
    outer loop
      vertex 116.802 68.2472 48
      vertex 113.76 65.6494 48
      vertex 113.809 65.5878 48
    endloop
  endfacet
  facet normal 0 0 1
    outer loop
      vertex 116.536 68.5355 48
      vertex 113.707 65.7071 48
      vertex 113.76 65.6494 48
    endloop
  endfacet
  facet normal 0 0 1
    outer loop
      vertex 116.247 68.802 48
      vertex 113.649 65.7604 48
      vertex 113.707 65.7071 48
    endloop
  endfacet
  facet normal 0 0 1
    outer loop
      vertex 115.939 69.0451 48
      vertex 113.588 65.809 48
      vertex 113.649 65.7604 48
    endloop
  endfacet
  facet normal 0 0 1
    outer loop
      vertex 115.612 69.2632 48
      vertex 113.522 65.8526 48
      vertex 113.588 65.809 48
    endloop
  endfacet
  facet normal 0 0 1
    outer loop
      vertex 115.27 69.455 48
      vertex 113.454 65.891 48
      vertex 113.522 65.8526 48
    endloop
  endfacet
  facet normal 0 0 1
    outer loop
      vertex 113.156 65.9877 48
      vertex 113.782 69.9384 48
      vertex 113.392 69.9846 48
    endloop
  endfacet
  facet normal 0 0 1
    outer loop
      vertex 114.913 69.6194 48
      vertex 113.383 65.9239 48
      vertex 113.454 65.891 48
    endloop
  endfacet
  facet normal 0 0 1
    outer loop
      vertex 114.545 69.7553 48
      vertex 113.309 65.9511 48
      vertex 113.383 65.9239 48
    endloop
  endfacet
  facet normal 0 0 1
    outer loop
      vertex 114.167 69.8618 48
      vertex 113.233 65.9724 48
      vertex 113.309 65.9511 48
    endloop
  endfacet
  facet normal 0 0 1
    outer loop
      vertex 113.782 69.9384 48
      vertex 113.156 65.9877 48
      vertex 113.233 65.9724 48
    endloop
  endfacet
  facet normal 0 0 1
    outer loop
      vertex 113.392 69.9846 48
      vertex 113.078 65.9969 48
      vertex 113.156 65.9877 48
    endloop
  endfacet
  facet normal 0 0 1
    outer loop
      vertex 113 70 48
      vertex 113.078 65.9969 48
      vertex 113.392 69.9846 48
    endloop
  endfacet
  facet normal 0 0 1
    outer loop
      vertex 113 70 48
      vertex 113 66 48
      vertex 113.078 65.9969 48
    endloop
  endfacet
  facet normal -0 0 1
    outer loop
      vertex 5 70 48
      vertex 113 66 48
      vertex 113 70 48
    endloop
  endfacet
  facet normal 0 0 1
    outer loop
      vertex 5 70 48
      vertex 5 66 48
      vertex 113 66 48
    endloop
  endfacet
  facet normal 0 0 1
    outer loop
      vertex 5 70 48
      vertex 4.92154 65.9969 48
      vertex 5 66 48
    endloop
  endfacet
  facet normal -0 0 1
    outer loop
      vertex 4.6077 69.9846 48
      vertex 4.92154 65.9969 48
      vertex 5 70 48
    endloop
  endfacet
  facet normal 0 0 1
    outer loop
      vertex 4.92154 65.9969 48
      vertex 4.6077 69.9846 48
      vertex 4.84356 65.9877 48
    endloop
  endfacet
  facet normal -0 0 1
    outer loop
      vertex 4.21783 69.9384 48
      vertex 4.84356 65.9877 48
      vertex 4.6077 69.9846 48
    endloop
  endfacet
  facet normal 0 0 1
    outer loop
      vertex 4.84356 65.9877 48
      vertex 4.21783 69.9384 48
      vertex 4.76655 65.9724 48
    endloop
  endfacet
  facet normal -0 0 1
    outer loop
      vertex 3.83277 69.8618 48
      vertex 4.76655 65.9724 48
      vertex 4.21783 69.9384 48
    endloop
  endfacet
  facet normal 0 0 1
    outer loop
      vertex 4.76655 65.9724 48
      vertex 3.83277 69.8618 48
      vertex 4.69098 65.9511 48
    endloop
  endfacet
  facet normal -0 0 1
    outer loop
      vertex 3.45491 69.7553 48
      vertex 4.69098 65.9511 48
      vertex 3.83277 69.8618 48
    endloop
  endfacet
  facet normal 0 0 1
    outer loop
      vertex 4.69098 65.9511 48
      vertex 3.45491 69.7553 48
      vertex 4.61732 65.9239 48
    endloop
  endfacet
  facet normal -0 0 1
    outer loop
      vertex 3.08658 69.6194 48
      vertex 4.61732 65.9239 48
      vertex 3.45491 69.7553 48
    endloop
  endfacet
  facet normal 0 0 1
    outer loop
      vertex 4.61732 65.9239 48
      vertex 3.08658 69.6194 48
      vertex 4.54601 65.891 48
    endloop
  endfacet
  facet normal -0 0 1
    outer loop
      vertex 2.73005 69.455 48
      vertex 4.54601 65.891 48
      vertex 3.08658 69.6194 48
    endloop
  endfacet
  facet normal 0 0 1
    outer loop
      vertex 4.54601 65.891 48
      vertex 2.73005 69.455 48
      vertex 4.4775 65.8526 48
    endloop
  endfacet
  facet normal -0 0 1
    outer loop
      vertex 2.38751 69.2632 48
      vertex 4.4775 65.8526 48
      vertex 2.73005 69.455 48
    endloop
  endfacet
  facet normal 0 0 1
    outer loop
      vertex 4.4775 65.8526 48
      vertex 2.38751 69.2632 48
      vertex 4.41221 65.809 48
    endloop
  endfacet
  facet normal -0 0 1
    outer loop
      vertex 2.06107 69.0451 48
      vertex 4.41221 65.809 48
      vertex 2.38751 69.2632 48
    endloop
  endfacet
  facet normal 0 0 1
    outer loop
      vertex 4.41221 65.809 48
      vertex 2.06107 69.0451 48
      vertex 4.35055 65.7604 48
    endloop
  endfacet
  facet normal -0 0 1
    outer loop
      vertex 1.75276 68.802 48
      vertex 4.35055 65.7604 48
      vertex 2.06107 69.0451 48
    endloop
  endfacet
  facet normal 0 0 1
    outer loop
      vertex 4.35055 65.7604 48
      vertex 1.75276 68.802 48
      vertex 4.29289 65.7071 48
    endloop
  endfacet
  facet normal -0 0 1
    outer loop
      vertex 1.46447 68.5355 48
      vertex 4.29289 65.7071 48
      vertex 1.75276 68.802 48
    endloop
  endfacet
  facet normal 0 0 1
    outer loop
      vertex 4.29289 65.7071 48
      vertex 1.46447 68.5355 48
      vertex 4.23959 65.6494 48
    endloop
  endfacet
  facet normal -0 0 1
    outer loop
      vertex 0.954914 67.9389 48
      vertex 4.19098 65.5878 48
      vertex 1.19797 68.2472 48
    endloop
  endfacet
  facet normal 0 0 1
    outer loop
      vertex 4.23959 65.6494 48
      vertex 1.19797 68.2472 48
      vertex 4.19098 65.5878 48
    endloop
  endfacet
  facet normal -0 0 1
    outer loop
      vertex 1.19797 68.2472 48
      vertex 4.23959 65.6494 48
      vertex 1.46447 68.5355 48
    endloop
  endfacet
  facet normal 0 0 1
    outer loop
      vertex 117.045 2.06107 48
      vertex 113.809 4.41221 48
      vertex 116.802 1.75276 48
    endloop
  endfacet
  facet normal -0 0 1
    outer loop
      vertex 113.76 4.35055 48
      vertex 116.802 1.75276 48
      vertex 113.809 4.41221 48
    endloop
  endfacet
  facet normal 0 0 1
    outer loop
      vertex 116.802 1.75276 48
      vertex 113.76 4.35055 48
      vertex 116.536 1.46447 48
    endloop
  endfacet
  facet normal -0 0 1
    outer loop
      vertex 113.707 4.29289 48
      vertex 116.536 1.46447 48
      vertex 113.76 4.35055 48
    endloop
  endfacet
  facet normal 0 0 1
    outer loop
      vertex 116.536 1.46447 48
      vertex 113.707 4.29289 48
      vertex 116.247 1.19797 48
    endloop
  endfacet
  facet normal -0 0 1
    outer loop
      vertex 113.649 4.23959 48
      vertex 116.247 1.19797 48
      vertex 113.707 4.29289 48
    endloop
  endfacet
  facet normal 0 0 1
    outer loop
      vertex 116.247 1.19797 48
      vertex 113.649 4.23959 48
      vertex 115.939 0.954914 48
    endloop
  endfacet
  facet normal -0 0 1
    outer loop
      vertex 113.588 4.19098 48
      vertex 115.939 0.954914 48
      vertex 113.649 4.23959 48
    endloop
  endfacet
  facet normal 0 0 1
    outer loop
      vertex 115.939 0.954914 48
      vertex 113.588 4.19098 48
      vertex 115.612 0.736798 48
    endloop
  endfacet
  facet normal -0 0 1
    outer loop
      vertex 113.522 4.14736 48
      vertex 115.612 0.736798 48
      vertex 113.588 4.19098 48
    endloop
  endfacet
  facet normal 0 0 1
    outer loop
      vertex 115.612 0.736798 48
      vertex 113.522 4.14736 48
      vertex 115.27 0.544967 48
    endloop
  endfacet
  facet normal -0 0 1
    outer loop
      vertex 113.454 4.10899 48
      vertex 115.27 0.544967 48
      vertex 113.522 4.14736 48
    endloop
  endfacet
  facet normal 0 0 1
    outer loop
      vertex 115.27 0.544967 48
      vertex 113.454 4.10899 48
      vertex 114.913 0.380602 48
    endloop
  endfacet
  facet normal -0 0 1
    outer loop
      vertex 113.383 4.07612 48
      vertex 114.913 0.380602 48
      vertex 113.454 4.10899 48
    endloop
  endfacet
  facet normal 0 0 1
    outer loop
      vertex 114.913 0.380602 48
      vertex 113.383 4.07612 48
      vertex 114.545 0.244717 48
    endloop
  endfacet
  facet normal -0 0 1
    outer loop
      vertex 113.309 4.04894 48
      vertex 114.545 0.244717 48
      vertex 113.383 4.07612 48
    endloop
  endfacet
  facet normal 0 0 1
    outer loop
      vertex 114.545 0.244717 48
      vertex 113.309 4.04894 48
      vertex 114.167 0.13815 48
    endloop
  endfacet
  facet normal -0 0 1
    outer loop
      vertex 113.233 4.02763 48
      vertex 114.167 0.13815 48
      vertex 113.309 4.04894 48
    endloop
  endfacet
  facet normal 0 0 1
    outer loop
      vertex 114.167 0.13815 48
      vertex 113.233 4.02763 48
      vertex 113.782 0.0615578 48
    endloop
  endfacet
  facet normal -0 0 1
    outer loop
      vertex 113.156 4.01231 48
      vertex 113.782 0.0615578 48
      vertex 113.233 4.02763 48
    endloop
  endfacet
  facet normal 0 0 1
    outer loop
      vertex 113.782 0.0615578 48
      vertex 113.156 4.01231 48
      vertex 113.392 0.0154133 48
    endloop
  endfacet
  facet normal -0 0 1
    outer loop
      vertex 113.078 4.00308 48
      vertex 113.392 0.0154133 48
      vertex 113.156 4.01231 48
    endloop
  endfacet
  facet normal -0 0 1
    outer loop
      vertex 113 4 48
      vertex 113.392 0.0154133 48
      vertex 113.078 4.00308 48
    endloop
  endfacet
  facet normal 0 0 1
    outer loop
      vertex 113 4 48
      vertex 113 0 48
      vertex 113.392 0.0154133 48
    endloop
  endfacet
  facet normal -0 0 1
    outer loop
      vertex 5 4 48
      vertex 113 0 48
      vertex 113 4 48
    endloop
  endfacet
  facet normal 0 0 1
    outer loop
      vertex 5 4 48
      vertex 5 0 48
      vertex 113 0 48
    endloop
  endfacet
  facet normal 0 0 1
    outer loop
      vertex 4.92154 4.00308 48
      vertex 5 0 48
      vertex 5 4 48
    endloop
  endfacet
  facet normal 0 0 1
    outer loop
      vertex 4.6077 0.0154133 48
      vertex 4.92154 4.00308 48
      vertex 4.84356 4.01231 48
    endloop
  endfacet
  facet normal 0 0 1
    outer loop
      vertex 4.21783 0.0615578 48
      vertex 4.84356 4.01231 48
      vertex 4.76655 4.02763 48
    endloop
  endfacet
  facet normal 0 0 1
    outer loop
      vertex 3.83277 0.13815 48
      vertex 4.76655 4.02763 48
      vertex 4.69098 4.04894 48
    endloop
  endfacet
  facet normal 0 0 1
    outer loop
      vertex 3.45491 0.244717 48
      vertex 4.69098 4.04894 48
      vertex 4.61732 4.07612 48
    endloop
  endfacet
  facet normal 0 0 1
    outer loop
      vertex 4.92154 4.00308 48
      vertex 4.6077 0.0154133 48
      vertex 5 0 48
    endloop
  endfacet
  facet normal 0 0 1
    outer loop
      vertex 3.08658 0.380602 48
      vertex 4.61732 4.07612 48
      vertex 4.54601 4.10899 48
    endloop
  endfacet
  facet normal 0 0 1
    outer loop
      vertex 2.73005 0.544967 48
      vertex 4.54601 4.10899 48
      vertex 4.4775 4.14736 48
    endloop
  endfacet
  facet normal 0 0 1
    outer loop
      vertex 2.38751 0.736798 48
      vertex 4.4775 4.14736 48
      vertex 4.41221 4.19098 48
    endloop
  endfacet
  facet normal 0 0 1
    outer loop
      vertex 2.06107 0.954914 48
      vertex 4.41221 4.19098 48
      vertex 4.35055 4.23959 48
    endloop
  endfacet
  facet normal 0 0 1
    outer loop
      vertex 1.75276 1.19797 48
      vertex 4.35055 4.23959 48
      vertex 4.29289 4.29289 48
    endloop
  endfacet
  facet normal 0 0 1
    outer loop
      vertex 1.46447 1.46447 48
      vertex 4.29289 4.29289 48
      vertex 4.23959 4.35055 48
    endloop
  endfacet
  facet normal 0 0 1
    outer loop
      vertex 4.84356 4.01231 48
      vertex 4.21783 0.0615578 48
      vertex 4.6077 0.0154133 48
    endloop
  endfacet
  facet normal 0 0 1
    outer loop
      vertex 1.19797 1.75276 48
      vertex 4.23959 4.35055 48
      vertex 4.19098 4.41221 48
    endloop
  endfacet
  facet normal 0 0 1
    outer loop
      vertex 0.954914 2.06107 48
      vertex 4.19098 4.41221 48
      vertex 4.14736 4.4775 48
    endloop
  endfacet
  facet normal 0 0 1
    outer loop
      vertex 0.736798 2.38751 48
      vertex 4.14736 4.4775 48
      vertex 4.10899 4.54601 48
    endloop
  endfacet
  facet normal 0 0 1
    outer loop
      vertex 0.544967 2.73005 48
      vertex 4.10899 4.54601 48
      vertex 4.07612 4.61732 48
    endloop
  endfacet
  facet normal 0 0 1
    outer loop
      vertex 0.380602 3.08658 48
      vertex 4.07612 4.61732 48
      vertex 4.04894 4.69098 48
    endloop
  endfacet
  facet normal 0 0 1
    outer loop
      vertex 0.244717 3.45491 48
      vertex 4.04894 4.69098 48
      vertex 4.02763 4.76655 48
    endloop
  endfacet
  facet normal 0 0 1
    outer loop
      vertex 0.13815 3.83277 48
      vertex 4.02763 4.76655 48
      vertex 4.01231 4.84356 48
    endloop
  endfacet
  facet normal 0 0 1
    outer loop
      vertex 0.0615578 4.21783 48
      vertex 4.01231 4.84356 48
      vertex 4.00308 4.92154 48
    endloop
  endfacet
  facet normal 0 0 1
    outer loop
      vertex 4.76655 4.02763 48
      vertex 3.83277 0.13815 48
      vertex 4.21783 0.0615578 48
    endloop
  endfacet
  facet normal 0 0 1
    outer loop
      vertex 0.0154133 4.6077 48
      vertex 4.00308 4.92154 48
      vertex 4 5 48
    endloop
  endfacet
  facet normal 0 0 1
    outer loop
      vertex 4 65 48
      vertex 0 65 48
      vertex 4 5 48
    endloop
  endfacet
  facet normal 0 0 1
    outer loop
      vertex 4.19098 65.5878 48
      vertex 0.954914 67.9389 48
      vertex 4.14736 65.5225 48
    endloop
  endfacet
  facet normal 0 0 1
    outer loop
      vertex 0 5 48
      vertex 4 5 48
      vertex 0 65 48
    endloop
  endfacet
  facet normal -0 0 1
    outer loop
      vertex 0.736798 67.6125 48
      vertex 4.14736 65.5225 48
      vertex 0.954914 67.9389 48
    endloop
  endfacet
  facet normal 0 -0 1
    outer loop
      vertex 0.0154133 4.6077 48
      vertex 4 5 48
      vertex 0 5 48
    endloop
  endfacet
  facet normal 0 0 1
    outer loop
      vertex 4.14736 65.5225 48
      vertex 0.736798 67.6125 48
      vertex 4.10899 65.454 48
    endloop
  endfacet
  facet normal 0 0 1
    outer loop
      vertex 4.69098 4.04894 48
      vertex 3.45491 0.244717 48
      vertex 3.83277 0.13815 48
    endloop
  endfacet
  facet normal -0 0 1
    outer loop
      vertex 0.544967 67.27 48
      vertex 4.10899 65.454 48
      vertex 0.736798 67.6125 48
    endloop
  endfacet
  facet normal 0 0 1
    outer loop
      vertex 4.61732 4.07612 48
      vertex 3.08658 0.380602 48
      vertex 3.45491 0.244717 48
    endloop
  endfacet
  facet normal 0 0 1
    outer loop
      vertex 4.10899 65.454 48
      vertex 0.544967 67.27 48
      vertex 4.07612 65.3827 48
    endloop
  endfacet
  facet normal 0 0 1
    outer loop
      vertex 4.54601 4.10899 48
      vertex 2.73005 0.544967 48
      vertex 3.08658 0.380602 48
    endloop
  endfacet
  facet normal -0 0 1
    outer loop
      vertex 0.380602 66.9134 48
      vertex 4.07612 65.3827 48
      vertex 0.544967 67.27 48
    endloop
  endfacet
  facet normal 0 0 1
    outer loop
      vertex 4.4775 4.14736 48
      vertex 2.38751 0.736798 48
      vertex 2.73005 0.544967 48
    endloop
  endfacet
  facet normal 0 0 1
    outer loop
      vertex 4.07612 65.3827 48
      vertex 0.380602 66.9134 48
      vertex 4.04894 65.309 48
    endloop
  endfacet
  facet normal 0 0 1
    outer loop
      vertex 4.41221 4.19098 48
      vertex 2.06107 0.954914 48
      vertex 2.38751 0.736798 48
    endloop
  endfacet
  facet normal -0 0 1
    outer loop
      vertex 0.244717 66.5451 48
      vertex 4.04894 65.309 48
      vertex 0.380602 66.9134 48
    endloop
  endfacet
  facet normal 0 0 1
    outer loop
      vertex 4.35055 4.23959 48
      vertex 1.75276 1.19797 48
      vertex 2.06107 0.954914 48
    endloop
  endfacet
  facet normal 0 0 1
    outer loop
      vertex 4.04894 65.309 48
      vertex 0.244717 66.5451 48
      vertex 4.02763 65.2334 48
    endloop
  endfacet
  facet normal 0 0 1
    outer loop
      vertex 4.29289 4.29289 48
      vertex 1.46447 1.46447 48
      vertex 1.75276 1.19797 48
    endloop
  endfacet
  facet normal -0 0 1
    outer loop
      vertex 0.13815 66.1672 48
      vertex 4.02763 65.2334 48
      vertex 0.244717 66.5451 48
    endloop
  endfacet
  facet normal 0 0 1
    outer loop
      vertex 4.23959 4.35055 48
      vertex 1.19797 1.75276 48
      vertex 1.46447 1.46447 48
    endloop
  endfacet
  facet normal 0 0 1
    outer loop
      vertex 4.02763 65.2334 48
      vertex 0.13815 66.1672 48
      vertex 4.01231 65.1564 48
    endloop
  endfacet
  facet normal 0 0 1
    outer loop
      vertex 4.19098 4.41221 48
      vertex 0.954914 2.06107 48
      vertex 1.19797 1.75276 48
    endloop
  endfacet
  facet normal -0 0 1
    outer loop
      vertex 0.0615578 65.7822 48
      vertex 4.01231 65.1564 48
      vertex 0.13815 66.1672 48
    endloop
  endfacet
  facet normal 0 0 1
    outer loop
      vertex 4.14736 4.4775 48
      vertex 0.736798 2.38751 48
      vertex 0.954914 2.06107 48
    endloop
  endfacet
  facet normal 0 0 1
    outer loop
      vertex 4.01231 65.1564 48
      vertex 0.0615578 65.7822 48
      vertex 4.00308 65.0785 48
    endloop
  endfacet
  facet normal 0 0 1
    outer loop
      vertex 4.10899 4.54601 48
      vertex 0.544967 2.73005 48
      vertex 0.736798 2.38751 48
    endloop
  endfacet
  facet normal -0 0 1
    outer loop
      vertex 0.0154133 65.3923 48
      vertex 4.00308 65.0785 48
      vertex 0.0615578 65.7822 48
    endloop
  endfacet
  facet normal 0 0 1
    outer loop
      vertex 4.07612 4.61732 48
      vertex 0.380602 3.08658 48
      vertex 0.544967 2.73005 48
    endloop
  endfacet
  facet normal 0 0 1
    outer loop
      vertex 4.00308 65.0785 48
      vertex 0.0154133 65.3923 48
      vertex 4 65 48
    endloop
  endfacet
  facet normal 0 0 1
    outer loop
      vertex 4.04894 4.69098 48
      vertex 0.244717 3.45491 48
      vertex 0.380602 3.08658 48
    endloop
  endfacet
  facet normal 0 0 1
    outer loop
      vertex 4 65 48
      vertex 0.0154133 65.3923 48
      vertex 0 65 48
    endloop
  endfacet
  facet normal 0 0 1
    outer loop
      vertex 4.02763 4.76655 48
      vertex 0.13815 3.83277 48
      vertex 0.244717 3.45491 48
    endloop
  endfacet
  facet normal 0 0 1
    outer loop
      vertex 4.01231 4.84356 48
      vertex 0.0615578 4.21783 48
      vertex 0.13815 3.83277 48
    endloop
  endfacet
  facet normal 0 0 1
    outer loop
      vertex 4.00308 4.92154 48
      vertex 0.0154133 4.6077 48
      vertex 0.0615578 4.21783 48
    endloop
  endfacet
  facet normal 0.99927 -0.0382081 0
    outer loop
      vertex 117.985 4.6077 48
      vertex 118 5 0
      vertex 118 5 48
    endloop
  endfacet
  facet normal 0.99927 -0.0382081 0
    outer loop
      vertex 118 5 0
      vertex 117.985 4.6077 48
      vertex 117.985 4.6077 0
    endloop
  endfacet
  facet normal 0 -1 0
    outer loop
      vertex 5 0 0
      vertex 113 0 48
      vertex 5 0 48
    endloop
  endfacet
  facet normal 0 -1 -0
    outer loop
      vertex 113 0 48
      vertex 5 0 0
      vertex 113 0 0
    endloop
  endfacet
  facet normal 0.73496 0.678111 0
    outer loop
      vertex 116.802 68.2472 48
      vertex 116.536 68.5355 0
      vertex 116.536 68.5355 48
    endloop
  endfacet
  facet normal 0.73496 0.678111 0
    outer loop
      vertex 116.536 68.5355 0
      vertex 116.802 68.2472 48
      vertex 116.802 68.2472 0
    endloop
  endfacet
  facet normal -0.831443 0.55561 0
    outer loop
      vertex 0.736798 67.6125 0
      vertex 0.954914 67.9389 48
      vertex 0.954914 67.9389 0
    endloop
  endfacet
  facet normal -0.831443 0.55561 0
    outer loop
      vertex 0.954914 67.9389 48
      vertex 0.736798 67.6125 0
      vertex 0.736798 67.6125 48
    endloop
  endfacet
  facet normal 1 -0 0
    outer loop
      vertex 118 5 48
      vertex 118 65 0
      vertex 118 65 48
    endloop
  endfacet
  facet normal 1 0 0
    outer loop
      vertex 118 65 0
      vertex 118 5 48
      vertex 118 5 0
    endloop
  endfacet
  facet normal -0.872497 -0.48862 0
    outer loop
      vertex 0.736798 2.38751 0
      vertex 0.544967 2.73005 48
      vertex 0.544967 2.73005 0
    endloop
  endfacet
  facet normal -0.872497 -0.48862 0
    outer loop
      vertex 0.544967 2.73005 48
      vertex 0.736798 2.38751 0
      vertex 0.736798 2.38751 48
    endloop
  endfacet
  facet normal 0.938086 0.346402 0
    outer loop
      vertex 117.755 66.5451 48
      vertex 117.619 66.9134 0
      vertex 117.619 66.9134 48
    endloop
  endfacet
  facet normal 0.938086 0.346402 0
    outer loop
      vertex 117.619 66.9134 0
      vertex 117.755 66.5451 48
      vertex 117.755 66.5451 0
    endloop
  endfacet
  facet normal 0.418284 0.908316 -0
    outer loop
      vertex 115.27 69.455 0
      vertex 114.913 69.6194 48
      vertex 115.27 69.455 48
    endloop
  endfacet
  facet normal 0.418284 0.908316 0
    outer loop
      vertex 114.913 69.6194 48
      vertex 115.27 69.455 0
      vertex 114.913 69.6194 0
    endloop
  endfacet
  facet normal 0.554876 0.831933 -0
    outer loop
      vertex 115.939 69.0451 0
      vertex 115.612 69.2632 48
      vertex 115.939 69.0451 48
    endloop
  endfacet
  facet normal 0.554876 0.831933 0
    outer loop
      vertex 115.612 69.2632 48
      vertex 115.939 69.0451 0
      vertex 115.612 69.2632 0
    endloop
  endfacet
  facet normal -0.195107 0.980782 0
    outer loop
      vertex 4.21783 69.9384 0
      vertex 3.83277 69.8618 48
      vertex 4.21783 69.9384 48
    endloop
  endfacet
  facet normal -0.195107 0.980782 0
    outer loop
      vertex 3.83277 69.8618 48
      vertex 4.21783 69.9384 0
      vertex 3.83277 69.8618 0
    endloop
  endfacet
  facet normal -0.271281 0.9625 0
    outer loop
      vertex 3.83277 69.8618 0
      vertex 3.45491 69.7553 48
      vertex 3.83277 69.8618 48
    endloop
  endfacet
  facet normal -0.271281 0.9625 0
    outer loop
      vertex 3.45491 69.7553 48
      vertex 3.83277 69.8618 0
      vertex 3.45491 69.7553 0
    endloop
  endfacet
  facet normal -0.678811 0.734313 0
    outer loop
      vertex 1.75276 68.802 0
      vertex 1.46447 68.5355 48
      vertex 1.75276 68.802 48
    endloop
  endfacet
  facet normal -0.678811 0.734313 0
    outer loop
      vertex 1.46447 68.5355 48
      vertex 1.75276 68.802 0
      vertex 1.46447 68.5355 0
    endloop
  endfacet
  facet normal -0.938181 0.346144 0
    outer loop
      vertex 0.244717 66.5451 0
      vertex 0.380602 66.9134 48
      vertex 0.380602 66.9134 0
    endloop
  endfacet
  facet normal -0.938181 0.346144 0
    outer loop
      vertex 0.380602 66.9134 48
      vertex 0.244717 66.5451 0
      vertex 0.244717 66.5451 48
    endloop
  endfacet
  facet normal -0.872472 0.488663 0
    outer loop
      vertex 0.544967 67.27 0
      vertex 0.736798 67.6125 48
      vertex 0.736798 67.6125 0
    endloop
  endfacet
  facet normal -0.872472 0.488663 0
    outer loop
      vertex 0.736798 67.6125 48
      vertex 0.544967 67.27 0
      vertex 0.544967 67.27 48
    endloop
  endfacet
  facet normal 0.872313 -0.488948 0
    outer loop
      vertex 117.263 2.38751 48
      vertex 117.455 2.73005 0
      vertex 117.455 2.73005 48
    endloop
  endfacet
  facet normal 0.872313 -0.488948 0
    outer loop
      vertex 117.455 2.73005 0
      vertex 117.263 2.38751 48
      vertex 117.263 2.38751 0
    endloop
  endfacet
  facet normal 0.271346 -0.962482 0
    outer loop
      vertex 114.167 0.13815 0
      vertex 114.545 0.244717 48
      vertex 114.167 0.13815 48
    endloop
  endfacet
  facet normal 0.271346 -0.962482 0
    outer loop
      vertex 114.545 0.244717 48
      vertex 114.167 0.13815 0
      vertex 114.545 0.244717 0
    endloop
  endfacet
  facet normal 0.981068 0.193665 0
    outer loop
      vertex 117.938 65.7822 48
      vertex 117.862 66.1672 0
      vertex 117.862 66.1672 48
    endloop
  endfacet
  facet normal 0.981068 0.193665 0
    outer loop
      vertex 117.862 66.1672 0
      vertex 117.938 65.7822 48
      vertex 117.938 65.7822 0
    endloop
  endfacet
  facet normal 0.992813 0.119677 0
    outer loop
      vertex 117.985 65.3923 48
      vertex 117.938 65.7822 0
      vertex 117.938 65.7822 48
    endloop
  endfacet
  facet normal 0.992813 0.119677 0
    outer loop
      vertex 117.938 65.7822 0
      vertex 117.985 65.3923 48
      vertex 117.985 65.3923 0
    endloop
  endfacet
  facet normal 0.962175 0.272434 0
    outer loop
      vertex 117.862 66.1672 48
      vertex 117.755 66.5451 0
      vertex 117.755 66.5451 48
    endloop
  endfacet
  facet normal 0.962175 0.272434 0
    outer loop
      vertex 117.755 66.5451 0
      vertex 117.862 66.1672 48
      vertex 117.862 66.1672 0
    endloop
  endfacet
  facet normal 0.872289 0.488991 0
    outer loop
      vertex 117.455 67.27 48
      vertex 117.263 67.6125 0
      vertex 117.263 67.6125 48
    endloop
  endfacet
  facet normal 0.872289 0.488991 0
    outer loop
      vertex 117.263 67.6125 0
      vertex 117.455 67.27 48
      vertex 117.455 67.27 0
    endloop
  endfacet
  facet normal 0.83158 0.555406 0
    outer loop
      vertex 117.263 67.6125 48
      vertex 117.045 67.9389 0
      vertex 117.045 67.9389 48
    endloop
  endfacet
  facet normal 0.83158 0.555406 0
    outer loop
      vertex 117.045 67.9389 0
      vertex 117.263 67.6125 48
      vertex 117.263 67.6125 0
    endloop
  endfacet
  facet normal 0.908525 0.41783 0
    outer loop
      vertex 117.619 66.9134 48
      vertex 117.455 67.27 0
      vertex 117.455 67.27 48
    endloop
  endfacet
  facet normal 0.908525 0.41783 0
    outer loop
      vertex 117.455 67.27 0
      vertex 117.619 66.9134 48
      vertex 117.619 66.9134 0
    endloop
  endfacet
  facet normal 0.195136 0.980776 -0
    outer loop
      vertex 114.167 69.8618 0
      vertex 113.782 69.9384 48
      vertex 114.167 69.8618 48
    endloop
  endfacet
  facet normal 0.195136 0.980776 0
    outer loop
      vertex 113.782 69.9384 48
      vertex 114.167 69.8618 0
      vertex 113.782 69.9384 0
    endloop
  endfacet
  facet normal 0.346426 0.938077 -0
    outer loop
      vertex 114.913 69.6194 0
      vertex 114.545 69.7553 48
      vertex 114.913 69.6194 48
    endloop
  endfacet
  facet normal 0.346426 0.938077 0
    outer loop
      vertex 114.545 69.7553 48
      vertex 114.913 69.6194 0
      vertex 114.545 69.7553 0
    endloop
  endfacet
  facet normal 0.117639 0.993056 -0
    outer loop
      vertex 113.782 69.9384 0
      vertex 113.392 69.9846 48
      vertex 113.782 69.9384 48
    endloop
  endfacet
  facet normal 0.117639 0.993056 0
    outer loop
      vertex 113.392 69.9846 48
      vertex 113.782 69.9384 0
      vertex 113.392 69.9846 0
    endloop
  endfacet
  facet normal 0.489147 0.872201 -0
    outer loop
      vertex 115.612 69.2632 0
      vertex 115.27 69.455 48
      vertex 115.612 69.2632 48
    endloop
  endfacet
  facet normal 0.489147 0.872201 0
    outer loop
      vertex 115.27 69.455 48
      vertex 115.612 69.2632 0
      vertex 115.27 69.455 0
    endloop
  endfacet
  facet normal 0.619553 0.784955 -0
    outer loop
      vertex 116.247 68.802 0
      vertex 115.939 69.0451 48
      vertex 116.247 68.802 48
    endloop
  endfacet
  facet normal 0.619553 0.784955 0
    outer loop
      vertex 115.939 69.0451 48
      vertex 116.247 68.802 0
      vertex 115.939 69.0451 0
    endloop
  endfacet
  facet normal -0.117678 0.993052 0
    outer loop
      vertex 4.6077 69.9846 0
      vertex 4.21783 69.9384 48
      vertex 4.6077 69.9846 48
    endloop
  endfacet
  facet normal -0.117678 0.993052 0
    outer loop
      vertex 4.21783 69.9384 48
      vertex 4.6077 69.9846 0
      vertex 4.21783 69.9384 0
    endloop
  endfacet
  facet normal -0.0392255 0.99923 0
    outer loop
      vertex 5 70 0
      vertex 4.6077 69.9846 48
      vertex 5 70 48
    endloop
  endfacet
  facet normal -0.0392255 0.99923 0
    outer loop
      vertex 4.6077 69.9846 48
      vertex 5 70 0
      vertex 4.6077 69.9846 0
    endloop
  endfacet
  facet normal -0.346153 0.938178 0
    outer loop
      vertex 3.45491 69.7553 0
      vertex 3.08658 69.6194 48
      vertex 3.45491 69.7553 48
    endloop
  endfacet
  facet normal -0.346153 0.938178 0
    outer loop
      vertex 3.08658 69.6194 48
      vertex 3.45491 69.7553 0
      vertex 3.08658 69.6194 0
    endloop
  endfacet
  facet normal -0.555535 0.831493 0
    outer loop
      vertex 2.38751 69.2632 0
      vertex 2.06107 69.0451 48
      vertex 2.38751 69.2632 48
    endloop
  endfacet
  facet normal -0.555535 0.831493 0
    outer loop
      vertex 2.06107 69.0451 48
      vertex 2.38751 69.2632 0
      vertex 2.06107 69.0451 0
    endloop
  endfacet
  facet normal -0.48856 0.87253 0
    outer loop
      vertex 2.73005 69.455 0
      vertex 2.38751 69.2632 48
      vertex 2.73005 69.455 48
    endloop
  endfacet
  facet normal -0.48856 0.87253 0
    outer loop
      vertex 2.38751 69.2632 48
      vertex 2.73005 69.455 0
      vertex 2.38751 69.2632 0
    endloop
  endfacet
  facet normal -0.619169 0.785257 0
    outer loop
      vertex 2.06107 69.0451 0
      vertex 1.75276 68.802 48
      vertex 2.06107 69.0451 48
    endloop
  endfacet
  facet normal -0.619169 0.785257 0
    outer loop
      vertex 1.75276 68.802 48
      vertex 2.06107 69.0451 0
      vertex 1.75276 68.802 0
    endloop
  endfacet
  facet normal -0.785302 0.619113 0
    outer loop
      vertex 0.954914 67.9389 0
      vertex 1.19797 68.2472 48
      vertex 1.19797 68.2472 0
    endloop
  endfacet
  facet normal -0.785302 0.619113 0
    outer loop
      vertex 1.19797 68.2472 48
      vertex 0.954914 67.9389 0
      vertex 0.954914 67.9389 48
    endloop
  endfacet
  facet normal -0.734325 0.678798 0
    outer loop
      vertex 1.19797 68.2472 0
      vertex 1.46447 68.5355 48
      vertex 1.46447 68.5355 0
    endloop
  endfacet
  facet normal -0.734325 0.678798 0
    outer loop
      vertex 1.46447 68.5355 48
      vertex 1.19797 68.2472 0
      vertex 1.19797 68.2472 48
    endloop
  endfacet
  facet normal -0.962463 0.271413 0
    outer loop
      vertex 0.13815 66.1672 0
      vertex 0.244717 66.5451 48
      vertex 0.244717 66.5451 0
    endloop
  endfacet
  facet normal -0.962463 0.271413 0
    outer loop
      vertex 0.244717 66.5451 48
      vertex 0.13815 66.1672 0
      vertex 0.13815 66.1672 48
    endloop
  endfacet
  facet normal -0.98078 0.195117 0
    outer loop
      vertex 0.0615578 65.7822 0
      vertex 0.13815 66.1672 48
      vertex 0.13815 66.1672 0
    endloop
  endfacet
  facet normal -0.98078 0.195117 0
    outer loop
      vertex 0.13815 66.1672 48
      vertex 0.0615578 65.7822 0
      vertex 0.0615578 65.7822 48
    endloop
  endfacet
  facet normal -0.908172 0.418597 0
    outer loop
      vertex 0.380602 66.9134 0
      vertex 0.544967 67.27 48
      vertex 0.544967 67.27 0
    endloop
  endfacet
  facet normal -0.908172 0.418597 0
    outer loop
      vertex 0.544967 67.27 48
      vertex 0.380602 66.9134 0
      vertex 0.380602 66.9134 48
    endloop
  endfacet
  facet normal 0.489207 -0.872168 0
    outer loop
      vertex 115.27 0.544967 0
      vertex 115.612 0.736798 48
      vertex 115.27 0.544967 48
    endloop
  endfacet
  facet normal 0.489207 -0.872168 0
    outer loop
      vertex 115.612 0.736798 48
      vertex 115.27 0.544967 0
      vertex 115.612 0.736798 0
    endloop
  endfacet
  facet normal 0.619484 -0.785009 0
    outer loop
      vertex 115.939 0.954914 0
      vertex 116.247 1.19797 48
      vertex 115.939 0.954914 48
    endloop
  endfacet
  facet normal 0.619484 -0.785009 0
    outer loop
      vertex 116.247 1.19797 48
      vertex 115.939 0.954914 0
      vertex 116.247 1.19797 0
    endloop
  endfacet
  facet normal 0.831611 -0.555358 0
    outer loop
      vertex 117.045 2.06107 48
      vertex 117.263 2.38751 0
      vertex 117.263 2.38751 48
    endloop
  endfacet
  facet normal 0.831611 -0.555358 0
    outer loop
      vertex 117.263 2.38751 0
      vertex 117.045 2.06107 48
      vertex 117.045 2.06107 0
    endloop
  endfacet
  facet normal 0.734948 -0.678123 0
    outer loop
      vertex 116.536 1.46447 48
      vertex 116.802 1.75276 0
      vertex 116.802 1.75276 48
    endloop
  endfacet
  facet normal 0.734948 -0.678123 0
    outer loop
      vertex 116.802 1.75276 0
      vertex 116.536 1.46447 48
      vertex 116.536 1.46447 0
    endloop
  endfacet
  facet normal 0.962167 -0.27246 0
    outer loop
      vertex 117.755 3.45491 48
      vertex 117.862 3.83277 0
      vertex 117.862 3.83277 48
    endloop
  endfacet
  facet normal 0.962167 -0.27246 0
    outer loop
      vertex 117.862 3.83277 0
      vertex 117.755 3.45491 48
      vertex 117.755 3.45491 0
    endloop
  endfacet
  facet normal 0.992812 -0.119686 0
    outer loop
      vertex 117.938 4.21783 48
      vertex 117.985 4.6077 0
      vertex 117.985 4.6077 48
    endloop
  endfacet
  facet normal 0.992812 -0.119686 0
    outer loop
      vertex 117.985 4.6077 0
      vertex 117.938 4.21783 48
      vertex 117.938 4.21783 0
    endloop
  endfacet
  facet normal 0.908494 -0.417898 0
    outer loop
      vertex 117.455 2.73005 48
      vertex 117.619 3.08658 0
      vertex 117.619 3.08658 48
    endloop
  endfacet
  facet normal 0.908494 -0.417898 0
    outer loop
      vertex 117.619 3.08658 0
      vertex 117.455 2.73005 48
      vertex 117.455 2.73005 0
    endloop
  endfacet
  facet normal 0.0392893 -0.999228 0
    outer loop
      vertex 113 0 0
      vertex 113.392 0.0154133 48
      vertex 113 0 48
    endloop
  endfacet
  facet normal 0.0392893 -0.999228 0
    outer loop
      vertex 113.392 0.0154133 48
      vertex 113 0 0
      vertex 113.392 0.0154133 0
    endloop
  endfacet
  facet normal 0.195117 -0.98078 0
    outer loop
      vertex 113.782 0.0615578 0
      vertex 114.167 0.13815 48
      vertex 113.782 0.0615578 48
    endloop
  endfacet
  facet normal 0.195117 -0.98078 0
    outer loop
      vertex 114.167 0.13815 48
      vertex 113.782 0.0615578 0
      vertex 114.167 0.13815 0
    endloop
  endfacet
  facet normal 0.346392 -0.93809 0
    outer loop
      vertex 114.545 0.244717 0
      vertex 114.913 0.380602 48
      vertex 114.545 0.244717 48
    endloop
  endfacet
  facet normal 0.346392 -0.93809 0
    outer loop
      vertex 114.913 0.380602 48
      vertex 114.545 0.244717 0
      vertex 114.913 0.380602 0
    endloop
  endfacet
  facet normal -0.6191 -0.785312 0
    outer loop
      vertex 1.75276 1.19797 0
      vertex 2.06107 0.954914 48
      vertex 1.75276 1.19797 48
    endloop
  endfacet
  facet normal -0.6191 -0.785312 -0
    outer loop
      vertex 2.06107 0.954914 48
      vertex 1.75276 1.19797 0
      vertex 2.06107 0.954914 0
    endloop
  endfacet
  facet normal -0.48862 -0.872497 0
    outer loop
      vertex 2.38751 0.736798 0
      vertex 2.73005 0.544967 48
      vertex 2.38751 0.736798 48
    endloop
  endfacet
  facet normal -0.48862 -0.872497 -0
    outer loop
      vertex 2.73005 0.544967 48
      vertex 2.38751 0.736798 0
      vertex 2.73005 0.544967 0
    endloop
  endfacet
  facet normal -0.271439 -0.962456 0
    outer loop
      vertex 3.45491 0.244717 0
      vertex 3.83277 0.13815 48
      vertex 3.45491 0.244717 48
    endloop
  endfacet
  facet normal -0.271439 -0.962456 -0
    outer loop
      vertex 3.83277 0.13815 48
      vertex 3.45491 0.244717 0
      vertex 3.83277 0.13815 0
    endloop
  endfacet
  facet normal -0.117538 -0.993068 0
    outer loop
      vertex 4.21783 0.0615578 0
      vertex 4.6077 0.0154133 48
      vertex 4.21783 0.0615578 48
    endloop
  endfacet
  facet normal -0.117538 -0.993068 -0
    outer loop
      vertex 4.6077 0.0154133 48
      vertex 4.21783 0.0615578 0
      vertex 4.6077 0.0154133 0
    endloop
  endfacet
  facet normal -0.831475 -0.555563 0
    outer loop
      vertex 0.954914 2.06107 0
      vertex 0.736798 2.38751 48
      vertex 0.736798 2.38751 0
    endloop
  endfacet
  facet normal -0.831475 -0.555563 0
    outer loop
      vertex 0.736798 2.38751 48
      vertex 0.954914 2.06107 0
      vertex 0.954914 2.06107 48
    endloop
  endfacet
  facet normal -0.734313 -0.678811 0
    outer loop
      vertex 1.46447 1.46447 0
      vertex 1.19797 1.75276 48
      vertex 1.19797 1.75276 0
    endloop
  endfacet
  facet normal -0.734313 -0.678811 0
    outer loop
      vertex 1.19797 1.75276 48
      vertex 1.46447 1.46447 0
      vertex 1.46447 1.46447 48
    endloop
  endfacet
  facet normal -0.980786 -0.195088 0
    outer loop
      vertex 0.13815 3.83277 0
      vertex 0.0615578 4.21783 48
      vertex 0.0615578 4.21783 0
    endloop
  endfacet
  facet normal -0.980786 -0.195088 0
    outer loop
      vertex 0.0615578 4.21783 48
      vertex 0.13815 3.83277 0
      vertex 0.13815 3.83277 48
    endloop
  endfacet
  facet normal 0.785372 0.619025 0
    outer loop
      vertex 117.045 67.9389 48
      vertex 116.802 68.2472 0
      vertex 116.802 68.2472 48
    endloop
  endfacet
  facet normal 0.785372 0.619025 0
    outer loop
      vertex 116.802 68.2472 0
      vertex 117.045 67.9389 48
      vertex 117.045 67.9389 0
    endloop
  endfacet
  facet normal 0.271188 0.962526 -0
    outer loop
      vertex 114.545 69.7553 0
      vertex 114.167 69.8618 48
      vertex 114.545 69.7553 48
    endloop
  endfacet
  facet normal 0.271188 0.962526 0
    outer loop
      vertex 114.167 69.8618 48
      vertex 114.545 69.7553 0
      vertex 114.167 69.8618 0
    endloop
  endfacet
  facet normal 0.67791 0.735145 -0
    outer loop
      vertex 116.536 68.5355 0
      vertex 116.247 68.802 48
      vertex 116.536 68.5355 48
    endloop
  endfacet
  facet normal 0.67791 0.735145 0
    outer loop
      vertex 116.247 68.802 48
      vertex 116.536 68.5355 0
      vertex 116.247 68.802 0
    endloop
  endfacet
  facet normal 0.554904 -0.831914 0
    outer loop
      vertex 115.612 0.736798 0
      vertex 115.939 0.954914 48
      vertex 115.612 0.736798 48
    endloop
  endfacet
  facet normal 0.554904 -0.831914 0
    outer loop
      vertex 115.939 0.954914 48
      vertex 115.612 0.736798 0
      vertex 115.939 0.954914 0
    endloop
  endfacet
  facet normal 0.67791 -0.735145 0
    outer loop
      vertex 116.247 1.19797 0
      vertex 116.536 1.46447 48
      vertex 116.247 1.19797 48
    endloop
  endfacet
  facet normal 0.67791 -0.735145 0
    outer loop
      vertex 116.536 1.46447 48
      vertex 116.247 1.19797 0
      vertex 116.536 1.46447 0
    endloop
  endfacet
  facet normal 0.785381 -0.619012 0
    outer loop
      vertex 116.802 1.75276 48
      vertex 117.045 2.06107 0
      vertex 117.045 2.06107 48
    endloop
  endfacet
  facet normal 0.785381 -0.619012 0
    outer loop
      vertex 117.045 2.06107 0
      vertex 116.802 1.75276 48
      vertex 116.802 1.75276 0
    endloop
  endfacet
  facet normal 0.981073 -0.193636 0
    outer loop
      vertex 117.862 3.83277 48
      vertex 117.938 4.21783 0
      vertex 117.938 4.21783 48
    endloop
  endfacet
  facet normal 0.981073 -0.193636 0
    outer loop
      vertex 117.938 4.21783 0
      vertex 117.862 3.83277 48
      vertex 117.862 3.83277 0
    endloop
  endfacet
  facet normal 0.938095 -0.346377 0
    outer loop
      vertex 117.619 3.08658 48
      vertex 117.755 3.45491 0
      vertex 117.755 3.45491 48
    endloop
  endfacet
  facet normal 0.938095 -0.346377 0
    outer loop
      vertex 117.755 3.45491 0
      vertex 117.619 3.08658 48
      vertex 117.619 3.08658 0
    endloop
  endfacet
  facet normal 0.1175 -0.993073 0
    outer loop
      vertex 113.392 0.0154133 0
      vertex 113.782 0.0615578 48
      vertex 113.392 0.0154133 48
    endloop
  endfacet
  facet normal 0.1175 -0.993073 0
    outer loop
      vertex 113.782 0.0615578 48
      vertex 113.392 0.0154133 0
      vertex 113.782 0.0615578 0
    endloop
  endfacet
  facet normal 0.41821 -0.90835 0
    outer loop
      vertex 114.913 0.380602 0
      vertex 115.27 0.544967 48
      vertex 114.913 0.380602 48
    endloop
  endfacet
  facet normal 0.41821 -0.90835 0
    outer loop
      vertex 115.27 0.544967 48
      vertex 114.913 0.380602 0
      vertex 115.27 0.544967 0
    endloop
  endfacet
  facet normal -0.555563 -0.831475 0
    outer loop
      vertex 2.06107 0.954914 0
      vertex 2.38751 0.736798 48
      vertex 2.06107 0.954914 48
    endloop
  endfacet
  facet normal -0.555563 -0.831475 -0
    outer loop
      vertex 2.38751 0.736798 48
      vertex 2.06107 0.954914 0
      vertex 2.38751 0.736798 0
    endloop
  endfacet
  facet normal -0.418665 -0.908141 0
    outer loop
      vertex 2.73005 0.544967 0
      vertex 3.08658 0.380602 48
      vertex 2.73005 0.544967 48
    endloop
  endfacet
  facet normal -0.418665 -0.908141 -0
    outer loop
      vertex 3.08658 0.380602 48
      vertex 2.73005 0.544967 0
      vertex 3.08658 0.380602 0
    endloop
  endfacet
  facet normal -0.195088 -0.980786 0
    outer loop
      vertex 3.83277 0.13815 0
      vertex 4.21783 0.0615578 48
      vertex 3.83277 0.13815 48
    endloop
  endfacet
  facet normal -0.195088 -0.980786 -0
    outer loop
      vertex 4.21783 0.0615578 48
      vertex 3.83277 0.13815 0
      vertex 4.21783 0.0615578 0
    endloop
  endfacet
  facet normal -0.0392593 -0.999229 0
    outer loop
      vertex 4.6077 0.0154133 0
      vertex 5 0 48
      vertex 4.6077 0.0154133 48
    endloop
  endfacet
  facet normal -0.0392593 -0.999229 -0
    outer loop
      vertex 5 0 48
      vertex 4.6077 0.0154133 0
      vertex 5 0 0
    endloop
  endfacet
  facet normal -0.785312 -0.6191 0
    outer loop
      vertex 1.19797 1.75276 0
      vertex 0.954914 2.06107 48
      vertex 0.954914 2.06107 0
    endloop
  endfacet
  facet normal -0.785312 -0.6191 0
    outer loop
      vertex 0.954914 2.06107 48
      vertex 1.19797 1.75276 0
      vertex 1.19797 1.75276 48
    endloop
  endfacet
  facet normal -0.678811 -0.734313 0
    outer loop
      vertex 1.46447 1.46447 0
      vertex 1.75276 1.19797 48
      vertex 1.46447 1.46447 48
    endloop
  endfacet
  facet normal -0.678811 -0.734313 -0
    outer loop
      vertex 1.75276 1.19797 48
      vertex 1.46447 1.46447 0
      vertex 1.75276 1.19797 0
    endloop
  endfacet
  facet normal -0.938191 -0.346119 0
    outer loop
      vertex 0.380602 3.08658 0
      vertex 0.244717 3.45491 48
      vertex 0.244717 3.45491 0
    endloop
  endfacet
  facet normal -0.938191 -0.346119 0
    outer loop
      vertex 0.244717 3.45491 48
      vertex 0.380602 3.08658 0
      vertex 0.380602 3.08658 48
    endloop
  endfacet
  facet normal -0.962456 -0.271439 0
    outer loop
      vertex 0.244717 3.45491 0
      vertex 0.13815 3.83277 48
      vertex 0.13815 3.83277 0
    endloop
  endfacet
  facet normal -0.962456 -0.271439 0
    outer loop
      vertex 0.13815 3.83277 48
      vertex 0.244717 3.45491 0
      vertex 0.244717 3.45491 48
    endloop
  endfacet
  facet normal -0.346119 -0.938191 0
    outer loop
      vertex 3.08658 0.380602 0
      vertex 3.45491 0.244717 48
      vertex 3.08658 0.380602 48
    endloop
  endfacet
  facet normal -0.346119 -0.938191 -0
    outer loop
      vertex 3.45491 0.244717 48
      vertex 3.08658 0.380602 0
      vertex 3.45491 0.244717 0
    endloop
  endfacet
  facet normal -0.908141 -0.418665 0
    outer loop
      vertex 0.544967 2.73005 0
      vertex 0.380602 3.08658 48
      vertex 0.380602 3.08658 0
    endloop
  endfacet
  facet normal -0.908141 -0.418665 0
    outer loop
      vertex 0.380602 3.08658 48
      vertex 0.544967 2.73005 0
      vertex 0.544967 2.73005 48
    endloop
  endfacet
  facet normal 0 0 1
    outer loop
      vertex 112.376 58.9495 4
      vertex 114 65 4
      vertex 112.445 59.296 4
    endloop
  endfacet
  facet normal 0 0 1
    outer loop
      vertex 114 5 4
      vertex 112.486 10.3531 4
      vertex 112.5 10 4
    endloop
  endfacet
  facet normal 0 0 1
    outer loop
      vertex 114 65 4
      vertex 112.376 58.9495 4
      vertex 114 5 4
    endloop
  endfacet
  facet normal 0 0 1
    outer loop
      vertex 114 5 4
      vertex 112.445 10.704 4
      vertex 112.486 10.3531 4
    endloop
  endfacet
  facet normal -0 0 1
    outer loop
      vertex 112.376 11.0505 4
      vertex 114 5 4
      vertex 112.376 58.9495 4
    endloop
  endfacet
  facet normal 0 0 1
    outer loop
      vertex 114 5 4
      vertex 112.376 11.0505 4
      vertex 112.445 10.704 4
    endloop
  endfacet
  facet normal -0 0 1
    outer loop
      vertex 112.28 58.6094 4
      vertex 112.376 11.0505 4
      vertex 112.376 58.9495 4
    endloop
  endfacet
  facet normal 0 0 1
    outer loop
      vertex 112.28 58.6094 4
      vertex 112.28 11.3906 4
      vertex 112.376 11.0505 4
    endloop
  endfacet
  facet normal -0 0 1
    outer loop
      vertex 112.157 58.2779 4
      vertex 112.28 11.3906 4
      vertex 112.28 58.6094 4
    endloop
  endfacet
  facet normal 0 0 1
    outer loop
      vertex 112.157 58.2779 4
      vertex 112.157 11.7221 4
      vertex 112.28 11.3906 4
    endloop
  endfacet
  facet normal -0 0 1
    outer loop
      vertex 112.01 57.957 4
      vertex 112.157 11.7221 4
      vertex 112.157 58.2779 4
    endloop
  endfacet
  facet normal 0 0 1
    outer loop
      vertex 112.01 57.957 4
      vertex 112.01 12.043 4
      vertex 112.157 11.7221 4
    endloop
  endfacet
  facet normal -0 0 1
    outer loop
      vertex 111.837 57.6488 4
      vertex 112.01 12.043 4
      vertex 112.01 57.957 4
    endloop
  endfacet
  facet normal 0 0 1
    outer loop
      vertex 111.837 57.6488 4
      vertex 111.837 12.3512 4
      vertex 112.01 12.043 4
    endloop
  endfacet
  facet normal -0 0 1
    outer loop
      vertex 111.641 57.355 4
      vertex 111.837 12.3512 4
      vertex 111.837 57.6488 4
    endloop
  endfacet
  facet normal 0 0 1
    outer loop
      vertex 111.641 57.355 4
      vertex 111.641 12.645 4
      vertex 111.837 12.3512 4
    endloop
  endfacet
  facet normal -0 0 1
    outer loop
      vertex 111.422 57.0775 4
      vertex 111.641 12.645 4
      vertex 111.641 57.355 4
    endloop
  endfacet
  facet normal 0 0 1
    outer loop
      vertex 111.422 57.0775 4
      vertex 111.422 12.9225 4
      vertex 111.641 12.645 4
    endloop
  endfacet
  facet normal -0 0 1
    outer loop
      vertex 111.182 56.818 4
      vertex 111.422 12.9225 4
      vertex 111.422 57.0775 4
    endloop
  endfacet
  facet normal 0 0 1
    outer loop
      vertex 111.182 56.818 4
      vertex 111.182 13.182 4
      vertex 111.422 12.9225 4
    endloop
  endfacet
  facet normal -0 0 1
    outer loop
      vertex 110.923 56.5782 4
      vertex 111.182 13.182 4
      vertex 111.182 56.818 4
    endloop
  endfacet
  facet normal 0 0 1
    outer loop
      vertex 110.923 56.5782 4
      vertex 110.923 13.4218 4
      vertex 111.182 13.182 4
    endloop
  endfacet
  facet normal -0 0 1
    outer loop
      vertex 110.645 56.3594 4
      vertex 110.923 13.4218 4
      vertex 110.923 56.5782 4
    endloop
  endfacet
  facet normal 0 0 1
    outer loop
      vertex 110.645 56.3594 4
      vertex 110.645 13.6406 4
      vertex 110.923 13.4218 4
    endloop
  endfacet
  facet normal -0 0 1
    outer loop
      vertex 110.351 56.1631 4
      vertex 110.645 13.6406 4
      vertex 110.645 56.3594 4
    endloop
  endfacet
  facet normal 0 0 1
    outer loop
      vertex 110.351 56.1631 4
      vertex 110.351 13.8369 4
      vertex 110.645 13.6406 4
    endloop
  endfacet
  facet normal -0 0 1
    outer loop
      vertex 110.043 55.9905 4
      vertex 110.351 13.8369 4
      vertex 110.351 56.1631 4
    endloop
  endfacet
  facet normal 0 0 1
    outer loop
      vertex 110.043 55.9905 4
      vertex 110.043 14.0095 4
      vertex 110.351 13.8369 4
    endloop
  endfacet
  facet normal -0 0 1
    outer loop
      vertex 109.722 55.8425 4
      vertex 110.043 14.0095 4
      vertex 110.043 55.9905 4
    endloop
  endfacet
  facet normal 0 0 1
    outer loop
      vertex 109.722 55.8425 4
      vertex 109.722 14.1575 4
      vertex 110.043 14.0095 4
    endloop
  endfacet
  facet normal -0 0 1
    outer loop
      vertex 109.391 55.7202 4
      vertex 109.722 14.1575 4
      vertex 109.722 55.8425 4
    endloop
  endfacet
  facet normal 0 0 1
    outer loop
      vertex 109.391 55.7202 4
      vertex 109.391 14.2798 4
      vertex 109.722 14.1575 4
    endloop
  endfacet
  facet normal -0 0 1
    outer loop
      vertex 109.051 55.6243 4
      vertex 109.391 14.2798 4
      vertex 109.391 55.7202 4
    endloop
  endfacet
  facet normal 0 0 1
    outer loop
      vertex 109.051 55.6243 4
      vertex 109.051 14.3757 4
      vertex 109.391 14.2798 4
    endloop
  endfacet
  facet normal -0 0 1
    outer loop
      vertex 108.704 55.5554 4
      vertex 109.051 14.3757 4
      vertex 109.051 55.6243 4
    endloop
  endfacet
  facet normal 0 0 1
    outer loop
      vertex 108.704 55.5554 4
      vertex 108.704 14.4446 4
      vertex 109.051 14.3757 4
    endloop
  endfacet
  facet normal -0 0 1
    outer loop
      vertex 108.353 55.5139 4
      vertex 108.704 14.4446 4
      vertex 108.704 55.5554 4
    endloop
  endfacet
  facet normal 0 0 1
    outer loop
      vertex 108.353 55.5139 4
      vertex 108.353 14.4861 4
      vertex 108.704 14.4446 4
    endloop
  endfacet
  facet normal -0 0 1
    outer loop
      vertex 108 55.5 4
      vertex 108.353 14.4861 4
      vertex 108.353 55.5139 4
    endloop
  endfacet
  facet normal 0 0 1
    outer loop
      vertex 108 55.5 4
      vertex 108 14.5 4
      vertex 108.353 14.4861 4
    endloop
  endfacet
  facet normal 0 0 1
    outer loop
      vertex 107.647 55.5139 4
      vertex 108 14.5 4
      vertex 108 55.5 4
    endloop
  endfacet
  facet normal 0 0 1
    outer loop
      vertex 107.647 55.5139 4
      vertex 107.647 14.4861 4
      vertex 108 14.5 4
    endloop
  endfacet
  facet normal 0 0 1
    outer loop
      vertex 107.296 55.5554 4
      vertex 107.647 14.4861 4
      vertex 107.647 55.5139 4
    endloop
  endfacet
  facet normal 0 0 1
    outer loop
      vertex 107.296 55.5554 4
      vertex 107.296 14.4446 4
      vertex 107.647 14.4861 4
    endloop
  endfacet
  facet normal 0 0 1
    outer loop
      vertex 106.949 55.6243 4
      vertex 107.296 14.4446 4
      vertex 107.296 55.5554 4
    endloop
  endfacet
  facet normal 0 0 1
    outer loop
      vertex 106.949 55.6243 4
      vertex 106.949 14.3757 4
      vertex 107.296 14.4446 4
    endloop
  endfacet
  facet normal 0 0 1
    outer loop
      vertex 87 21 4
      vertex 106.949 55.6243 4
      vertex 106.609 55.7202 4
    endloop
  endfacet
  facet normal 0 0 1
    outer loop
      vertex 106.949 55.6243 4
      vertex 87 21 4
      vertex 106.949 14.3757 4
    endloop
  endfacet
  facet normal 0 0 1
    outer loop
      vertex 87 21 4
      vertex 106.609 55.7202 4
      vertex 106.278 55.8425 4
    endloop
  endfacet
  facet normal 0 0 1
    outer loop
      vertex 106.949 14.3757 4
      vertex 87 21 4
      vertex 106.609 14.2798 4
    endloop
  endfacet
  facet normal 0 0 1
    outer loop
      vertex 99.0785 57.0031 4
      vertex 106.278 55.8425 4
      vertex 105.957 55.9905 4
    endloop
  endfacet
  facet normal 0 0 1
    outer loop
      vertex 106.609 14.2798 4
      vertex 87 21 4
      vertex 106.278 14.1575 4
    endloop
  endfacet
  facet normal 0 0 1
    outer loop
      vertex 99.2334 57.0276 4
      vertex 105.957 55.9905 4
      vertex 105.649 56.1631 4
    endloop
  endfacet
  facet normal 0 0 1
    outer loop
      vertex 106.278 14.1575 4
      vertex 87 21 4
      vertex 105.957 14.0095 4
    endloop
  endfacet
  facet normal 0 0 1
    outer loop
      vertex 99.309 57.0489 4
      vertex 105.649 56.1631 4
      vertex 105.355 56.3594 4
    endloop
  endfacet
  facet normal 0 0 1
    outer loop
      vertex 105.957 14.0095 4
      vertex 87 21 4
      vertex 105.649 13.8369 4
    endloop
  endfacet
  facet normal 0 0 1
    outer loop
      vertex 99.454 57.109 4
      vertex 105.355 56.3594 4
      vertex 105.077 56.5782 4
    endloop
  endfacet
  facet normal 0 0 1
    outer loop
      vertex 105.649 13.8369 4
      vertex 87 21 4
      vertex 105.355 13.6406 4
    endloop
  endfacet
  facet normal 0 0 1
    outer loop
      vertex 99.5225 57.1474 4
      vertex 105.077 56.5782 4
      vertex 104.818 56.818 4
    endloop
  endfacet
  facet normal 0 0 1
    outer loop
      vertex 105.355 13.6406 4
      vertex 87 21 4
      vertex 105.077 13.4218 4
    endloop
  endfacet
  facet normal 0 0 1
    outer loop
      vertex 99.6494 57.2396 4
      vertex 104.818 56.818 4
      vertex 104.578 57.0775 4
    endloop
  endfacet
  facet normal 0 0 1
    outer loop
      vertex 105.077 13.4218 4
      vertex 87 21 4
      vertex 104.818 13.182 4
    endloop
  endfacet
  facet normal -0 0 1
    outer loop
      vertex 99.7604 57.3506 4
      vertex 104.578 57.0775 4
      vertex 104.359 57.355 4
    endloop
  endfacet
  facet normal 0 0 1
    outer loop
      vertex 104.818 13.182 4
      vertex 87 21 4
      vertex 104.578 12.9225 4
    endloop
  endfacet
  facet normal -0 0 1
    outer loop
      vertex 99.8526 57.4775 4
      vertex 104.359 57.355 4
      vertex 104.163 57.6488 4
    endloop
  endfacet
  facet normal -0 0 1
    outer loop
      vertex 86.9599 19.98 4
      vertex 104.578 12.9225 4
      vertex 87 21 4
    endloop
  endfacet
  facet normal 0 0 1
    outer loop
      vertex 99.9239 57.6173 4
      vertex 104.163 57.6488 4
      vertex 103.99 57.957 4
    endloop
  endfacet
  facet normal 0 0 1
    outer loop
      vertex 105.649 56.1631 4
      vertex 99.309 57.0489 4
      vertex 99.2334 57.0276 4
    endloop
  endfacet
  facet normal 0 0 1
    outer loop
      vertex 99.9724 57.7666 4
      vertex 103.99 57.957 4
      vertex 103.843 58.2779 4
    endloop
  endfacet
  facet normal 0 0 1
    outer loop
      vertex 105.355 56.3594 4
      vertex 99.3827 57.0761 4
      vertex 99.309 57.0489 4
    endloop
  endfacet
  facet normal 0 0 1
    outer loop
      vertex 99.9969 57.9215 4
      vertex 103.843 58.2779 4
      vertex 103.72 58.6094 4
    endloop
  endfacet
  facet normal 0 0 1
    outer loop
      vertex 105.355 56.3594 4
      vertex 99.454 57.109 4
      vertex 99.3827 57.0761 4
    endloop
  endfacet
  facet normal 0 0 1
    outer loop
      vertex 100 58 4
      vertex 103.72 58.6094 4
      vertex 103.624 58.9495 4
    endloop
  endfacet
  facet normal 0 0 1
    outer loop
      vertex 105.077 56.5782 4
      vertex 99.5225 57.1474 4
      vertex 99.454 57.109 4
    endloop
  endfacet
  facet normal 0 0 1
    outer loop
      vertex 100 58 4
      vertex 103.624 58.9495 4
      vertex 103.555 59.296 4
    endloop
  endfacet
  facet normal 0 0 1
    outer loop
      vertex 105.957 55.9905 4
      vertex 99.2334 57.0276 4
      vertex 99.1564 57.0123 4
    endloop
  endfacet
  facet normal 0 0 1
    outer loop
      vertex 100 60 4
      vertex 103.555 59.296 4
      vertex 103.514 59.6469 4
    endloop
  endfacet
  facet normal 0 0 1
    outer loop
      vertex 104.818 56.818 4
      vertex 99.5878 57.191 4
      vertex 99.5225 57.1474 4
    endloop
  endfacet
  facet normal -0 0 1
    outer loop
      vertex 100 60 4
      vertex 103.514 59.6469 4
      vertex 103.5 60 4
    endloop
  endfacet
  facet normal 0 0 1
    outer loop
      vertex 104.818 56.818 4
      vertex 99.6494 57.2396 4
      vertex 99.5878 57.191 4
    endloop
  endfacet
  facet normal 0 0 1
    outer loop
      vertex 113 66 4
      vertex 114 65 4
      vertex 113.997 65.0785 4
    endloop
  endfacet
  facet normal 0 0 1
    outer loop
      vertex 112.486 59.6469 4
      vertex 114 65 4
      vertex 112.5 60 4
    endloop
  endfacet
  facet normal 0 0 1
    outer loop
      vertex 113 66 4
      vertex 113.997 65.0785 4
      vertex 113.988 65.1564 4
    endloop
  endfacet
  facet normal 0 0 1
    outer loop
      vertex 112.445 59.296 4
      vertex 114 65 4
      vertex 112.486 59.6469 4
    endloop
  endfacet
  facet normal 0 0 1
    outer loop
      vertex 113 66 4
      vertex 113.988 65.1564 4
      vertex 113.972 65.2334 4
    endloop
  endfacet
  facet normal -0 0 1
    outer loop
      vertex 112.486 9.64693 4
      vertex 114 5 4
      vertex 112.5 10 4
    endloop
  endfacet
  facet normal 0 0 1
    outer loop
      vertex 113 66 4
      vertex 113.972 65.2334 4
      vertex 113.951 65.309 4
    endloop
  endfacet
  facet normal -0 0 1
    outer loop
      vertex 112.445 9.29605 4
      vertex 114 5 4
      vertex 112.486 9.64693 4
    endloop
  endfacet
  facet normal 0 0 1
    outer loop
      vertex 113 66 4
      vertex 113.951 65.309 4
      vertex 113.924 65.3827 4
    endloop
  endfacet
  facet normal -0 0 1
    outer loop
      vertex 112.376 8.9495 4
      vertex 114 5 4
      vertex 112.445 9.29605 4
    endloop
  endfacet
  facet normal 0 0 1
    outer loop
      vertex 113 66 4
      vertex 113.924 65.3827 4
      vertex 113.891 65.454 4
    endloop
  endfacet
  facet normal -0 0 1
    outer loop
      vertex 112.28 8.60942 4
      vertex 114 5 4
      vertex 112.376 8.9495 4
    endloop
  endfacet
  facet normal 0 0 1
    outer loop
      vertex 113 66 4
      vertex 113.891 65.454 4
      vertex 113.853 65.5225 4
    endloop
  endfacet
  facet normal -0 0 1
    outer loop
      vertex 112.157 8.27793 4
      vertex 114 5 4
      vertex 112.28 8.60942 4
    endloop
  endfacet
  facet normal 0 0 1
    outer loop
      vertex 113 66 4
      vertex 113.853 65.5225 4
      vertex 113.809 65.5878 4
    endloop
  endfacet
  facet normal -0 0 1
    outer loop
      vertex 112.01 7.95704 4
      vertex 114 5 4
      vertex 112.157 8.27793 4
    endloop
  endfacet
  facet normal 0 0 1
    outer loop
      vertex 113 66 4
      vertex 113.809 65.5878 4
      vertex 113.76 65.6494 4
    endloop
  endfacet
  facet normal -0 0 1
    outer loop
      vertex 111.837 7.64876 4
      vertex 114 5 4
      vertex 112.01 7.95704 4
    endloop
  endfacet
  facet normal 0 0 1
    outer loop
      vertex 113 66 4
      vertex 113.76 65.6494 4
      vertex 113.707 65.7071 4
    endloop
  endfacet
  facet normal -0 0 1
    outer loop
      vertex 111.641 7.35497 4
      vertex 114 5 4
      vertex 111.837 7.64876 4
    endloop
  endfacet
  facet normal 0 0 1
    outer loop
      vertex 113 66 4
      vertex 113.707 65.7071 4
      vertex 113.649 65.7604 4
    endloop
  endfacet
  facet normal -0 0 1
    outer loop
      vertex 111.422 7.07748 4
      vertex 114 5 4
      vertex 111.641 7.35497 4
    endloop
  endfacet
  facet normal 0 0 1
    outer loop
      vertex 113 66 4
      vertex 113.649 65.7604 4
      vertex 113.588 65.809 4
    endloop
  endfacet
  facet normal -0 0 1
    outer loop
      vertex 111.182 6.81802 4
      vertex 114 5 4
      vertex 111.422 7.07748 4
    endloop
  endfacet
  facet normal 0 0 1
    outer loop
      vertex 113 66 4
      vertex 113.588 65.809 4
      vertex 113.522 65.8526 4
    endloop
  endfacet
  facet normal 0 -0 1
    outer loop
      vertex 113 4 4
      vertex 114 5 4
      vertex 111.182 6.81802 4
    endloop
  endfacet
  facet normal 0 0 1
    outer loop
      vertex 113 66 4
      vertex 113.522 65.8526 4
      vertex 113.454 65.891 4
    endloop
  endfacet
  facet normal 0 0 1
    outer loop
      vertex 114 5 4
      vertex 113 4 4
      vertex 113.997 4.92154 4
    endloop
  endfacet
  facet normal 0 0 1
    outer loop
      vertex 113 66 4
      vertex 113.454 65.891 4
      vertex 113.383 65.9239 4
    endloop
  endfacet
  facet normal 0 0 1
    outer loop
      vertex 113.997 4.92154 4
      vertex 113 4 4
      vertex 113.988 4.84356 4
    endloop
  endfacet
  facet normal 0 0 1
    outer loop
      vertex 113 66 4
      vertex 113.383 65.9239 4
      vertex 113.309 65.9511 4
    endloop
  endfacet
  facet normal 0 0 1
    outer loop
      vertex 113.988 4.84356 4
      vertex 113 4 4
      vertex 113.972 4.76655 4
    endloop
  endfacet
  facet normal 0 0 1
    outer loop
      vertex 113 66 4
      vertex 113.309 65.9511 4
      vertex 113.233 65.9724 4
    endloop
  endfacet
  facet normal 0 0 1
    outer loop
      vertex 113.972 4.76655 4
      vertex 113 4 4
      vertex 113.951 4.69098 4
    endloop
  endfacet
  facet normal 0 0 1
    outer loop
      vertex 113 66 4
      vertex 113.233 65.9724 4
      vertex 113.156 65.9877 4
    endloop
  endfacet
  facet normal 0 0 1
    outer loop
      vertex 113.951 4.69098 4
      vertex 113 4 4
      vertex 113.924 4.61732 4
    endloop
  endfacet
  facet normal 0 0 1
    outer loop
      vertex 113 66 4
      vertex 113.156 65.9877 4
      vertex 113.078 65.9969 4
    endloop
  endfacet
  facet normal 0 0 1
    outer loop
      vertex 113.924 4.61732 4
      vertex 113 4 4
      vertex 113.891 4.54601 4
    endloop
  endfacet
  facet normal 0 0 1
    outer loop
      vertex 114 65 4
      vertex 113 66 4
      vertex 111.182 63.182 4
    endloop
  endfacet
  facet normal 0 0 1
    outer loop
      vertex 113.853 4.4775 4
      vertex 113 4 4
      vertex 113.809 4.41221 4
    endloop
  endfacet
  facet normal 0 0 1
    outer loop
      vertex 113.809 4.41221 4
      vertex 113 4 4
      vertex 113.76 4.35055 4
    endloop
  endfacet
  facet normal 0 0 1
    outer loop
      vertex 114 65 4
      vertex 112.486 60.3531 4
      vertex 112.5 60 4
    endloop
  endfacet
  facet normal 0 0 1
    outer loop
      vertex 114 65 4
      vertex 112.445 60.704 4
      vertex 112.486 60.3531 4
    endloop
  endfacet
  facet normal 0 0 1
    outer loop
      vertex 114 65 4
      vertex 112.376 61.0505 4
      vertex 112.445 60.704 4
    endloop
  endfacet
  facet normal 0 0 1
    outer loop
      vertex 114 65 4
      vertex 112.28 61.3906 4
      vertex 112.376 61.0505 4
    endloop
  endfacet
  facet normal 0 0 1
    outer loop
      vertex 114 65 4
      vertex 112.157 61.7221 4
      vertex 112.28 61.3906 4
    endloop
  endfacet
  facet normal 0 0 1
    outer loop
      vertex 114 65 4
      vertex 112.01 62.043 4
      vertex 112.157 61.7221 4
    endloop
  endfacet
  facet normal 0 0 1
    outer loop
      vertex 114 65 4
      vertex 111.837 62.3512 4
      vertex 112.01 62.043 4
    endloop
  endfacet
  facet normal 0 0 1
    outer loop
      vertex 114 65 4
      vertex 111.641 62.645 4
      vertex 111.837 62.3512 4
    endloop
  endfacet
  facet normal 0 0 1
    outer loop
      vertex 114 65 4
      vertex 111.422 62.9225 4
      vertex 111.641 62.645 4
    endloop
  endfacet
  facet normal 0 0 1
    outer loop
      vertex 114 65 4
      vertex 111.182 63.182 4
      vertex 111.422 62.9225 4
    endloop
  endfacet
  facet normal 0 0 1
    outer loop
      vertex 113 66 4
      vertex 110.923 63.4218 4
      vertex 111.182 63.182 4
    endloop
  endfacet
  facet normal 0 0 1
    outer loop
      vertex 113 66 4
      vertex 110.645 63.6406 4
      vertex 110.923 63.4218 4
    endloop
  endfacet
  facet normal 0 0 1
    outer loop
      vertex 113 66 4
      vertex 110.351 63.8369 4
      vertex 110.645 63.6406 4
    endloop
  endfacet
  facet normal 0 0 1
    outer loop
      vertex 113 66 4
      vertex 110.043 64.0095 4
      vertex 110.351 63.8369 4
    endloop
  endfacet
  facet normal 0 0 1
    outer loop
      vertex 113 66 4
      vertex 109.722 64.1575 4
      vertex 110.043 64.0095 4
    endloop
  endfacet
  facet normal 0 0 1
    outer loop
      vertex 113 66 4
      vertex 109.391 64.2798 4
      vertex 109.722 64.1575 4
    endloop
  endfacet
  facet normal 0 0 1
    outer loop
      vertex 113 66 4
      vertex 109.051 64.3757 4
      vertex 109.391 64.2798 4
    endloop
  endfacet
  facet normal 0 0 1
    outer loop
      vertex 113 66 4
      vertex 108.704 64.4446 4
      vertex 109.051 64.3757 4
    endloop
  endfacet
  facet normal 0 0 1
    outer loop
      vertex 113 66 4
      vertex 108.353 64.4861 4
      vertex 108.704 64.4446 4
    endloop
  endfacet
  facet normal 0 0 1
    outer loop
      vertex 113 66 4
      vertex 108 64.5 4
      vertex 108.353 64.4861 4
    endloop
  endfacet
  facet normal 0 0 1
    outer loop
      vertex 113 66 4
      vertex 107.647 64.4861 4
      vertex 108 64.5 4
    endloop
  endfacet
  facet normal 0 0 1
    outer loop
      vertex 113 66 4
      vertex 107.296 64.4446 4
      vertex 107.647 64.4861 4
    endloop
  endfacet
  facet normal 0 0 1
    outer loop
      vertex 113 66 4
      vertex 106.949 64.3757 4
      vertex 107.296 64.4446 4
    endloop
  endfacet
  facet normal 0 0 1
    outer loop
      vertex 103.555 59.296 4
      vertex 100 60 4
      vertex 100 58 4
    endloop
  endfacet
  facet normal -0 0 1
    outer loop
      vertex 99.9969 60.0785 4
      vertex 103.5 60 4
      vertex 103.514 60.3531 4
    endloop
  endfacet
  facet normal 0 0 1
    outer loop
      vertex 99.9724 60.2334 4
      vertex 103.514 60.3531 4
      vertex 103.555 60.704 4
    endloop
  endfacet
  facet normal 0 0 1
    outer loop
      vertex 99.891 60.454 4
      vertex 103.555 60.704 4
      vertex 103.624 61.0505 4
    endloop
  endfacet
  facet normal 0 0 1
    outer loop
      vertex 99.809 60.5878 4
      vertex 103.624 61.0505 4
      vertex 103.72 61.3906 4
    endloop
  endfacet
  facet normal 0 0 1
    outer loop
      vertex 99.7071 60.7071 4
      vertex 103.72 61.3906 4
      vertex 103.843 61.7221 4
    endloop
  endfacet
  facet normal 0 0 1
    outer loop
      vertex 99.5878 60.809 4
      vertex 103.843 61.7221 4
      vertex 103.99 62.043 4
    endloop
  endfacet
  facet normal 0 0 1
    outer loop
      vertex 99.454 60.891 4
      vertex 103.99 62.043 4
      vertex 104.163 62.3512 4
    endloop
  endfacet
  facet normal 0 0 1
    outer loop
      vertex 99.3827 60.9239 4
      vertex 104.163 62.3512 4
      vertex 104.359 62.645 4
    endloop
  endfacet
  facet normal 0 0 1
    outer loop
      vertex 99.2334 60.9724 4
      vertex 104.359 62.645 4
      vertex 104.578 62.9225 4
    endloop
  endfacet
  facet normal 0 0 1
    outer loop
      vertex 99.1564 60.9877 4
      vertex 104.578 62.9225 4
      vertex 104.818 63.182 4
    endloop
  endfacet
  facet normal 0 0 1
    outer loop
      vertex 99 61 4
      vertex 104.818 63.182 4
      vertex 105.077 63.4218 4
    endloop
  endfacet
  facet normal 0 0 1
    outer loop
      vertex 99 61 4
      vertex 105.077 63.4218 4
      vertex 105.355 63.6406 4
    endloop
  endfacet
  facet normal 0 0 1
    outer loop
      vertex 103.5 60 4
      vertex 99.9969 60.0785 4
      vertex 100 60 4
    endloop
  endfacet
  facet normal 0 0 1
    outer loop
      vertex 99 61 4
      vertex 105.355 63.6406 4
      vertex 105.649 63.8369 4
    endloop
  endfacet
  facet normal 0 0 1
    outer loop
      vertex 103.514 60.3531 4
      vertex 99.9877 60.1564 4
      vertex 99.9969 60.0785 4
    endloop
  endfacet
  facet normal 0 0 1
    outer loop
      vertex 103.514 60.3531 4
      vertex 99.9724 60.2334 4
      vertex 99.9877 60.1564 4
    endloop
  endfacet
  facet normal 0 0 1
    outer loop
      vertex 103.555 60.704 4
      vertex 99.9511 60.309 4
      vertex 99.9724 60.2334 4
    endloop
  endfacet
  facet normal 0 0 1
    outer loop
      vertex 103.555 60.704 4
      vertex 99.9239 60.3827 4
      vertex 99.9511 60.309 4
    endloop
  endfacet
  facet normal 0 0 1
    outer loop
      vertex 103.555 60.704 4
      vertex 99.891 60.454 4
      vertex 99.9239 60.3827 4
    endloop
  endfacet
  facet normal 0 0 1
    outer loop
      vertex 103.624 61.0505 4
      vertex 99.8526 60.5225 4
      vertex 99.891 60.454 4
    endloop
  endfacet
  facet normal 0 0 1
    outer loop
      vertex 103.624 61.0505 4
      vertex 99.809 60.5878 4
      vertex 99.8526 60.5225 4
    endloop
  endfacet
  facet normal 0 0 1
    outer loop
      vertex 89 61 4
      vertex 105.649 63.8369 4
      vertex 105.957 64.0095 4
    endloop
  endfacet
  facet normal 0 0 1
    outer loop
      vertex 103.72 61.3906 4
      vertex 99.7604 60.6494 4
      vertex 99.809 60.5878 4
    endloop
  endfacet
  facet normal 0 0 1
    outer loop
      vertex 103.72 61.3906 4
      vertex 99.7071 60.7071 4
      vertex 99.7604 60.6494 4
    endloop
  endfacet
  facet normal 0 0 1
    outer loop
      vertex 103.843 61.7221 4
      vertex 99.6494 60.7604 4
      vertex 99.7071 60.7071 4
    endloop
  endfacet
  facet normal 0 0 1
    outer loop
      vertex 103.843 61.7221 4
      vertex 99.5878 60.809 4
      vertex 99.6494 60.7604 4
    endloop
  endfacet
  facet normal 0 0 1
    outer loop
      vertex 103.99 62.043 4
      vertex 99.5225 60.8526 4
      vertex 99.5878 60.809 4
    endloop
  endfacet
  facet normal 0 0 1
    outer loop
      vertex 103.99 62.043 4
      vertex 99.454 60.891 4
      vertex 99.5225 60.8526 4
    endloop
  endfacet
  facet normal 0 0 1
    outer loop
      vertex 104.163 62.3512 4
      vertex 99.3827 60.9239 4
      vertex 99.454 60.891 4
    endloop
  endfacet
  facet normal 0 0 1
    outer loop
      vertex 104.359 62.645 4
      vertex 99.309 60.9511 4
      vertex 99.3827 60.9239 4
    endloop
  endfacet
  facet normal 0 0 1
    outer loop
      vertex 89 61 4
      vertex 105.957 64.0095 4
      vertex 106.278 64.1575 4
    endloop
  endfacet
  facet normal 0 0 1
    outer loop
      vertex 104.359 62.645 4
      vertex 99.2334 60.9724 4
      vertex 99.309 60.9511 4
    endloop
  endfacet
  facet normal 0 0 1
    outer loop
      vertex 104.578 62.9225 4
      vertex 99.1564 60.9877 4
      vertex 99.2334 60.9724 4
    endloop
  endfacet
  facet normal 0 0 1
    outer loop
      vertex 104.818 63.182 4
      vertex 99.0785 60.9969 4
      vertex 99.1564 60.9877 4
    endloop
  endfacet
  facet normal 0 0 1
    outer loop
      vertex 104.818 63.182 4
      vertex 99 61 4
      vertex 99.0785 60.9969 4
    endloop
  endfacet
  facet normal 0 0 1
    outer loop
      vertex 105.649 63.8369 4
      vertex 89 61 4
      vertex 99 61 4
    endloop
  endfacet
  facet normal 0 0 1
    outer loop
      vertex 106.609 64.2798 4
      vertex 89 61 4
      vertex 106.278 64.1575 4
    endloop
  endfacet
  facet normal 0 0 1
    outer loop
      vertex 88.9215 60.9969 4
      vertex 106.609 64.2798 4
      vertex 106.949 64.3757 4
    endloop
  endfacet
  facet normal 0 0 1
    outer loop
      vertex 88.9215 60.9969 4
      vertex 106.949 64.3757 4
      vertex 113 66 4
    endloop
  endfacet
  facet normal 0 0 1
    outer loop
      vertex 106.609 64.2798 4
      vertex 88.9215 60.9969 4
      vertex 89 61 4
    endloop
  endfacet
  facet normal 0 0 1
    outer loop
      vertex 113 66 4
      vertex 88.8436 60.9877 4
      vertex 88.9215 60.9969 4
    endloop
  endfacet
  facet normal 0 0 1
    outer loop
      vertex 55.0872 60.8644 4
      vertex 88.8436 60.9877 4
      vertex 113 66 4
    endloop
  endfacet
  facet normal 0 0 1
    outer loop
      vertex 60.758 55.6224 4
      vertex 88 58 4
      vertex 88 60 4
    endloop
  endfacet
  facet normal 0 0 1
    outer loop
      vertex 88 58 4
      vertex 86.9599 22.02 4
      vertex 87 21 4
    endloop
  endfacet
  facet normal 0 0 1
    outer loop
      vertex 88 58 4
      vertex 86.84 23.0336 4
      vertex 86.9599 22.02 4
    endloop
  endfacet
  facet normal 0 0 1
    outer loop
      vertex 88 58 4
      vertex 86.6408 24.0348 4
      vertex 86.84 23.0336 4
    endloop
  endfacet
  facet normal 0 0 1
    outer loop
      vertex 88 58 4
      vertex 86.3637 25.0172 4
      vertex 86.6408 24.0348 4
    endloop
  endfacet
  facet normal 0 0 1
    outer loop
      vertex 60.6098 56.1477 4
      vertex 88 60 4
      vertex 88.0031 60.0785 4
    endloop
  endfacet
  facet normal 0 0 1
    outer loop
      vertex 88 58 4
      vertex 86.0104 25.9749 4
      vertex 86.3637 25.0172 4
    endloop
  endfacet
  facet normal 0 0 1
    outer loop
      vertex 88 58 4
      vertex 85.5831 26.9019 4
      vertex 86.0104 25.9749 4
    endloop
  endfacet
  facet normal 0 0 1
    outer loop
      vertex 88 58 4
      vertex 85.0843 27.7925 4
      vertex 85.5831 26.9019 4
    endloop
  endfacet
  facet normal 0 0 1
    outer loop
      vertex 88 58 4
      vertex 84.5172 28.6412 4
      vertex 85.0843 27.7925 4
    endloop
  endfacet
  facet normal 0 0 1
    outer loop
      vertex 88 58 4
      vertex 83.8853 29.4428 4
      vertex 84.5172 28.6412 4
    endloop
  endfacet
  facet normal 0 0 1
    outer loop
      vertex 60.421 56.6596 4
      vertex 88.0031 60.0785 4
      vertex 88.0123 60.1564 4
    endloop
  endfacet
  facet normal 0 0 1
    outer loop
      vertex 88 58 4
      vertex 83.1924 30.1924 4
      vertex 83.8853 29.4428 4
    endloop
  endfacet
  facet normal 0 0 1
    outer loop
      vertex 88 58 4
      vertex 82.4428 30.8853 4
      vertex 83.1924 30.1924 4
    endloop
  endfacet
  facet normal 0 0 1
    outer loop
      vertex 88 58 4
      vertex 81.6412 31.5172 4
      vertex 82.4428 30.8853 4
    endloop
  endfacet
  facet normal 0 0 1
    outer loop
      vertex 60.421 56.6596 4
      vertex 88.0123 60.1564 4
      vertex 88.0276 60.2334 4
    endloop
  endfacet
  facet normal 0 0 1
    outer loop
      vertex 88 58 4
      vertex 80.7925 32.0843 4
      vertex 81.6412 31.5172 4
    endloop
  endfacet
  facet normal 0 0 1
    outer loop
      vertex 88 58 4
      vertex 79.9019 32.5831 4
      vertex 80.7925 32.0843 4
    endloop
  endfacet
  facet normal 0 0 1
    outer loop
      vertex 60.1925 57.1552 4
      vertex 88.0276 60.2334 4
      vertex 88.0489 60.309 4
    endloop
  endfacet
  facet normal 0 0 1
    outer loop
      vertex 88 58 4
      vertex 78.9749 33.0104 4
      vertex 79.9019 32.5831 4
    endloop
  endfacet
  facet normal 0 0 1
    outer loop
      vertex 88 58 4
      vertex 78.0172 33.3637 4
      vertex 78.9749 33.0104 4
    endloop
  endfacet
  facet normal 0 0 1
    outer loop
      vertex 59.9258 57.6314 4
      vertex 88.0489 60.309 4
      vertex 88.0761 60.3827 4
    endloop
  endfacet
  facet normal 0 0 1
    outer loop
      vertex 88 58 4
      vertex 77.0348 33.6408 4
      vertex 78.0172 33.3637 4
    endloop
  endfacet
  facet normal 0 0 1
    outer loop
      vertex 88 58 4
      vertex 76.0336 33.8399 4
      vertex 77.0348 33.6408 4
    endloop
  endfacet
  facet normal 0 0 1
    outer loop
      vertex 88 58 4
      vertex 75.02 33.9599 4
      vertex 76.0336 33.8399 4
    endloop
  endfacet
  facet normal 0 0 1
    outer loop
      vertex 59.6227 58.0851 4
      vertex 88.0761 60.3827 4
      vertex 88.109 60.454 4
    endloop
  endfacet
  facet normal 0 0 1
    outer loop
      vertex 60.758 52.3776 4
      vertex 88 58 4
      vertex 60.8644 52.9128 4
    endloop
  endfacet
  facet normal 0 0 1
    outer loop
      vertex 88 58 4
      vertex 60.95 54 4
      vertex 60.9286 53.4547 4
    endloop
  endfacet
  facet normal 0 0 1
    outer loop
      vertex 59.6227 58.0851 4
      vertex 88.109 60.454 4
      vertex 88.1474 60.5225 4
    endloop
  endfacet
  facet normal 0 0 1
    outer loop
      vertex 59.2848 58.5137 4
      vertex 88.1474 60.5225 4
      vertex 88.191 60.5878 4
    endloop
  endfacet
  facet normal 0 0 1
    outer loop
      vertex 58.9144 58.9144 4
      vertex 88.191 60.5878 4
      vertex 88.2396 60.6494 4
    endloop
  endfacet
  facet normal 0 0 1
    outer loop
      vertex 58.5137 59.2848 4
      vertex 88.2396 60.6494 4
      vertex 88.2929 60.7071 4
    endloop
  endfacet
  facet normal 0 0 1
    outer loop
      vertex 58.5137 59.2848 4
      vertex 88.2929 60.7071 4
      vertex 88.3506 60.7604 4
    endloop
  endfacet
  facet normal 0 0 1
    outer loop
      vertex 58.0851 59.6227 4
      vertex 88.3506 60.7604 4
      vertex 88.4122 60.809 4
    endloop
  endfacet
  facet normal 0 0 1
    outer loop
      vertex 57.6314 59.9258 4
      vertex 88.4122 60.809 4
      vertex 88.4775 60.8526 4
    endloop
  endfacet
  facet normal 0 0 1
    outer loop
      vertex 57.1552 60.1925 4
      vertex 88.4775 60.8526 4
      vertex 88.546 60.891 4
    endloop
  endfacet
  facet normal 0 0 1
    outer loop
      vertex 56.6596 60.421 4
      vertex 88.546 60.891 4
      vertex 88.6173 60.9239 4
    endloop
  endfacet
  facet normal 0 0 1
    outer loop
      vertex 56.1477 60.6098 4
      vertex 88.6173 60.9239 4
      vertex 88.691 60.9511 4
    endloop
  endfacet
  facet normal 0 0 1
    outer loop
      vertex 55.6224 60.758 4
      vertex 88.691 60.9511 4
      vertex 88.7666 60.9724 4
    endloop
  endfacet
  facet normal 0 0 1
    outer loop
      vertex 88 58 4
      vertex 60.9286 54.5453 4
      vertex 60.95 54 4
    endloop
  endfacet
  facet normal 0 0 1
    outer loop
      vertex 88 58 4
      vertex 60.8644 55.0872 4
      vertex 60.9286 54.5453 4
    endloop
  endfacet
  facet normal 0 0 1
    outer loop
      vertex 88 58 4
      vertex 60.758 55.6224 4
      vertex 60.8644 55.0872 4
    endloop
  endfacet
  facet normal 0 0 1
    outer loop
      vertex 88.8436 60.9877 4
      vertex 55.0872 60.8644 4
      vertex 88.7666 60.9724 4
    endloop
  endfacet
  facet normal 0 0 1
    outer loop
      vertex 88 60 4
      vertex 60.6098 56.1477 4
      vertex 60.758 55.6224 4
    endloop
  endfacet
  facet normal 0 0 1
    outer loop
      vertex 88.0031 60.0785 4
      vertex 60.421 56.6596 4
      vertex 60.6098 56.1477 4
    endloop
  endfacet
  facet normal 0 0 1
    outer loop
      vertex 88.0276 60.2334 4
      vertex 60.1925 57.1552 4
      vertex 60.421 56.6596 4
    endloop
  endfacet
  facet normal 0 0 1
    outer loop
      vertex 88.0489 60.309 4
      vertex 59.9258 57.6314 4
      vertex 60.1925 57.1552 4
    endloop
  endfacet
  facet normal 0 0 1
    outer loop
      vertex 88.0761 60.3827 4
      vertex 59.6227 58.0851 4
      vertex 59.9258 57.6314 4
    endloop
  endfacet
  facet normal 0 0 1
    outer loop
      vertex 88.1474 60.5225 4
      vertex 59.2848 58.5137 4
      vertex 59.6227 58.0851 4
    endloop
  endfacet
  facet normal 0 0 1
    outer loop
      vertex 88.191 60.5878 4
      vertex 58.9144 58.9144 4
      vertex 59.2848 58.5137 4
    endloop
  endfacet
  facet normal 0 0 1
    outer loop
      vertex 88.2396 60.6494 4
      vertex 58.5137 59.2848 4
      vertex 58.9144 58.9144 4
    endloop
  endfacet
  facet normal 0 0 1
    outer loop
      vertex 88.3506 60.7604 4
      vertex 58.0851 59.6227 4
      vertex 58.5137 59.2848 4
    endloop
  endfacet
  facet normal 0 0 1
    outer loop
      vertex 88.4122 60.809 4
      vertex 57.6314 59.9258 4
      vertex 58.0851 59.6227 4
    endloop
  endfacet
  facet normal 0 0 1
    outer loop
      vertex 88.4775 60.8526 4
      vertex 57.1552 60.1925 4
      vertex 57.6314 59.9258 4
    endloop
  endfacet
  facet normal 0 0 1
    outer loop
      vertex 88.546 60.891 4
      vertex 56.6596 60.421 4
      vertex 57.1552 60.1925 4
    endloop
  endfacet
  facet normal 0 0 1
    outer loop
      vertex 88.6173 60.9239 4
      vertex 56.1477 60.6098 4
      vertex 56.6596 60.421 4
    endloop
  endfacet
  facet normal 0 0 1
    outer loop
      vertex 88.691 60.9511 4
      vertex 55.6224 60.758 4
      vertex 56.1477 60.6098 4
    endloop
  endfacet
  facet normal 0 0 1
    outer loop
      vertex 88.7666 60.9724 4
      vertex 55.0872 60.8644 4
      vertex 55.6224 60.758 4
    endloop
  endfacet
  facet normal 0 0 1
    outer loop
      vertex 113 66 4
      vertex 54.5453 60.9286 4
      vertex 55.0872 60.8644 4
    endloop
  endfacet
  facet normal 0 0 1
    outer loop
      vertex 113 66 4
      vertex 54 60.95 4
      vertex 54.5453 60.9286 4
    endloop
  endfacet
  facet normal -0 0 1
    outer loop
      vertex 5 66 4
      vertex 54 60.95 4
      vertex 113 66 4
    endloop
  endfacet
  facet normal 0 0 1
    outer loop
      vertex 24.5978 57.1363 4
      vertex 47.05 54 4
      vertex 47.0714 54.5453 4
    endloop
  endfacet
  facet normal 0 0 1
    outer loop
      vertex 24.6544 57.4212 4
      vertex 47.0714 54.5453 4
      vertex 47.1356 55.0872 4
    endloop
  endfacet
  facet normal 0 0 1
    outer loop
      vertex 24.7 58 4
      vertex 47.1356 55.0872 4
      vertex 47.242 55.6224 4
    endloop
  endfacet
  facet normal 0 0 1
    outer loop
      vertex 24.6886 58.2903 4
      vertex 47.242 55.6224 4
      vertex 47.3902 56.1477 4
    endloop
  endfacet
  facet normal 0 0 1
    outer loop
      vertex 24.6544 58.5788 4
      vertex 47.3902 56.1477 4
      vertex 47.579 56.6596 4
    endloop
  endfacet
  facet normal 0 0 1
    outer loop
      vertex 24.5978 58.8637 4
      vertex 47.579 56.6596 4
      vertex 47.8075 57.1552 4
    endloop
  endfacet
  facet normal 0 0 1
    outer loop
      vertex 24.5189 59.1434 4
      vertex 47.8075 57.1552 4
      vertex 48.0742 57.6314 4
    endloop
  endfacet
  facet normal 0 0 1
    outer loop
      vertex 47.05 54 4
      vertex 24.1548 56.0668 4
      vertex 23.9934 55.8252 4
    endloop
  endfacet
  facet normal 0 0 1
    outer loop
      vertex 47.05 54 4
      vertex 23.9934 55.8252 4
      vertex 34 34 4
    endloop
  endfacet
  facet normal 0 0 1
    outer loop
      vertex 24.2967 59.6798 4
      vertex 48.0742 57.6314 4
      vertex 48.3773 58.0851 4
    endloop
  endfacet
  facet normal -0 0 1
    outer loop
      vertex 23.8135 55.597 4
      vertex 34 34 4
      vertex 23.9934 55.8252 4
    endloop
  endfacet
  facet normal -0 0 1
    outer loop
      vertex 23.6163 55.3837 4
      vertex 34 34 4
      vertex 23.8135 55.597 4
    endloop
  endfacet
  facet normal -0 0 1
    outer loop
      vertex 23.403 55.1865 4
      vertex 32.98 33.9599 4
      vertex 23.6163 55.3837 4
    endloop
  endfacet
  facet normal 0 0 1
    outer loop
      vertex 32.98 33.9599 4
      vertex 23.403 55.1865 4
      vertex 31.9664 33.8399 4
    endloop
  endfacet
  facet normal 0 0 1
    outer loop
      vertex 24.1548 59.9332 4
      vertex 48.3773 58.0851 4
      vertex 48.7152 58.5137 4
    endloop
  endfacet
  facet normal -0 0 1
    outer loop
      vertex 23.1748 55.0066 4
      vertex 31.9664 33.8399 4
      vertex 23.403 55.1865 4
    endloop
  endfacet
  facet normal -0 0 1
    outer loop
      vertex 22.9332 54.8452 4
      vertex 31.9664 33.8399 4
      vertex 23.1748 55.0066 4
    endloop
  endfacet
  facet normal -0 0 1
    outer loop
      vertex 22.6798 54.7033 4
      vertex 30.9652 33.6408 4
      vertex 22.9332 54.8452 4
    endloop
  endfacet
  facet normal 0 0 1
    outer loop
      vertex 30.9652 33.6408 4
      vertex 22.6798 54.7033 4
      vertex 29.9828 33.3637 4
    endloop
  endfacet
  facet normal 0 0 1
    outer loop
      vertex 47.1356 55.0872 4
      vertex 24.7 58 4
      vertex 24.6886 57.7097 4
    endloop
  endfacet
  facet normal 0 0 1
    outer loop
      vertex 23.9934 60.1748 4
      vertex 48.7152 58.5137 4
      vertex 49.0856 58.9144 4
    endloop
  endfacet
  facet normal 0 0 1
    outer loop
      vertex 23.8135 60.403 4
      vertex 49.0856 58.9144 4
      vertex 49.4863 59.2848 4
    endloop
  endfacet
  facet normal 0 0 1
    outer loop
      vertex 23.6163 60.6163 4
      vertex 49.4863 59.2848 4
      vertex 49.9149 59.6227 4
    endloop
  endfacet
  facet normal 0 0 1
    outer loop
      vertex 23.403 60.8135 4
      vertex 49.9149 59.6227 4
      vertex 50.3686 59.9258 4
    endloop
  endfacet
  facet normal 0 0 1
    outer loop
      vertex 23.1748 60.9934 4
      vertex 50.3686 59.9258 4
      vertex 50.8448 60.1925 4
    endloop
  endfacet
  facet normal 0 0 1
    outer loop
      vertex 22.6798 61.2967 4
      vertex 50.8448 60.1925 4
      vertex 51.3404 60.421 4
    endloop
  endfacet
  facet normal 0 0 1
    outer loop
      vertex 22.4159 61.4184 4
      vertex 51.3404 60.421 4
      vertex 51.8523 60.6098 4
    endloop
  endfacet
  facet normal 0 0 1
    outer loop
      vertex 22.1434 61.5189 4
      vertex 51.8523 60.6098 4
      vertex 52.3776 60.758 4
    endloop
  endfacet
  facet normal 0 0 1
    outer loop
      vertex 21.8637 61.5978 4
      vertex 52.3776 60.758 4
      vertex 52.9128 60.8644 4
    endloop
  endfacet
  facet normal 0 0 1
    outer loop
      vertex 21.5788 61.6544 4
      vertex 52.9128 60.8644 4
      vertex 53.4547 60.9286 4
    endloop
  endfacet
  facet normal 0 0 1
    outer loop
      vertex 47.242 55.6224 4
      vertex 24.6886 58.2903 4
      vertex 24.7 58 4
    endloop
  endfacet
  facet normal 0 0 1
    outer loop
      vertex 47.3902 56.1477 4
      vertex 24.6544 58.5788 4
      vertex 24.6886 58.2903 4
    endloop
  endfacet
  facet normal 0 0 1
    outer loop
      vertex 54 60.95 4
      vertex 5 66 4
      vertex 53.4547 60.9286 4
    endloop
  endfacet
  facet normal 0 0 1
    outer loop
      vertex 47.579 56.6596 4
      vertex 24.5978 58.8637 4
      vertex 24.6544 58.5788 4
    endloop
  endfacet
  facet normal 0 0 1
    outer loop
      vertex 47.8075 57.1552 4
      vertex 24.5189 59.1434 4
      vertex 24.5978 58.8637 4
    endloop
  endfacet
  facet normal 0 0 1
    outer loop
      vertex 48.0742 57.6314 4
      vertex 24.4184 59.4159 4
      vertex 24.5189 59.1434 4
    endloop
  endfacet
  facet normal 0 0 1
    outer loop
      vertex 48.0742 57.6314 4
      vertex 24.2967 59.6798 4
      vertex 24.4184 59.4159 4
    endloop
  endfacet
  facet normal 0 0 1
    outer loop
      vertex 48.3773 58.0851 4
      vertex 24.1548 59.9332 4
      vertex 24.2967 59.6798 4
    endloop
  endfacet
  facet normal 0 0 1
    outer loop
      vertex 48.7152 58.5137 4
      vertex 23.9934 60.1748 4
      vertex 24.1548 59.9332 4
    endloop
  endfacet
  facet normal 0 0 1
    outer loop
      vertex 49.0856 58.9144 4
      vertex 23.8135 60.403 4
      vertex 23.9934 60.1748 4
    endloop
  endfacet
  facet normal 0 0 1
    outer loop
      vertex 49.4863 59.2848 4
      vertex 23.6163 60.6163 4
      vertex 23.8135 60.403 4
    endloop
  endfacet
  facet normal 0 0 1
    outer loop
      vertex 49.9149 59.6227 4
      vertex 23.403 60.8135 4
      vertex 23.6163 60.6163 4
    endloop
  endfacet
  facet normal 0 0 1
    outer loop
      vertex 50.3686 59.9258 4
      vertex 23.1748 60.9934 4
      vertex 23.403 60.8135 4
    endloop
  endfacet
  facet normal 0 0 1
    outer loop
      vertex 50.8448 60.1925 4
      vertex 22.9332 61.1548 4
      vertex 23.1748 60.9934 4
    endloop
  endfacet
  facet normal 0 0 1
    outer loop
      vertex 50.8448 60.1925 4
      vertex 22.6798 61.2967 4
      vertex 22.9332 61.1548 4
    endloop
  endfacet
  facet normal 0 0 1
    outer loop
      vertex 51.3404 60.421 4
      vertex 22.4159 61.4184 4
      vertex 22.6798 61.2967 4
    endloop
  endfacet
  facet normal 0 0 1
    outer loop
      vertex 51.8523 60.6098 4
      vertex 22.1434 61.5189 4
      vertex 22.4159 61.4184 4
    endloop
  endfacet
  facet normal 0 0 1
    outer loop
      vertex 52.3776 60.758 4
      vertex 21.8637 61.5978 4
      vertex 22.1434 61.5189 4
    endloop
  endfacet
  facet normal -0 -0 1
    outer loop
      vertex 21.5788 61.6544 4
      vertex 53.4547 60.9286 4
      vertex 5 66 4
    endloop
  endfacet
  facet normal 0 0 1
    outer loop
      vertex 52.9128 60.8644 4
      vertex 21.5788 61.6544 4
      vertex 21.8637 61.5978 4
    endloop
  endfacet
  facet normal 0 0 1
    outer loop
      vertex 21.5788 61.6544 4
      vertex 5 66 4
      vertex 21.2903 61.6886 4
    endloop
  endfacet
  facet normal 0 0 1
    outer loop
      vertex 21.2903 61.6886 4
      vertex 5 66 4
      vertex 21 61.7 4
    endloop
  endfacet
  facet normal 0 0 1
    outer loop
      vertex 4 65 4
      vertex 17.3 58 4
      vertex 17.3114 58.2903 4
    endloop
  endfacet
  facet normal 0 0 1
    outer loop
      vertex 17.3 58 4
      vertex 14.4861 10.3531 4
      vertex 14.5 10 4
    endloop
  endfacet
  facet normal 0 0 1
    outer loop
      vertex 17.3 58 4
      vertex 14.4446 10.704 4
      vertex 14.4861 10.3531 4
    endloop
  endfacet
  facet normal 0 0 1
    outer loop
      vertex 17.3 58 4
      vertex 14.3757 11.0505 4
      vertex 14.4446 10.704 4
    endloop
  endfacet
  facet normal 0 0 1
    outer loop
      vertex 17.3 58 4
      vertex 14.2798 11.3906 4
      vertex 14.3757 11.0505 4
    endloop
  endfacet
  facet normal 0 0 1
    outer loop
      vertex 17.3 58 4
      vertex 14.1575 11.7221 4
      vertex 14.2798 11.3906 4
    endloop
  endfacet
  facet normal 0 0 1
    outer loop
      vertex 17.3 58 4
      vertex 14.0095 12.043 4
      vertex 14.1575 11.7221 4
    endloop
  endfacet
  facet normal 0 0 1
    outer loop
      vertex 17.3 58 4
      vertex 13.8369 12.3512 4
      vertex 14.0095 12.043 4
    endloop
  endfacet
  facet normal 0 0 1
    outer loop
      vertex 17.3 58 4
      vertex 13.6406 12.645 4
      vertex 13.8369 12.3512 4
    endloop
  endfacet
  facet normal 0 0 1
    outer loop
      vertex 17.3 58 4
      vertex 13.4218 12.9225 4
      vertex 13.6406 12.645 4
    endloop
  endfacet
  facet normal 0 0 1
    outer loop
      vertex 17.3 58 4
      vertex 13.182 13.182 4
      vertex 13.4218 12.9225 4
    endloop
  endfacet
  facet normal 0 0 1
    outer loop
      vertex 17.3 58 4
      vertex 12.9225 13.4218 4
      vertex 13.182 13.182 4
    endloop
  endfacet
  facet normal 0 0 1
    outer loop
      vertex 17.3 58 4
      vertex 12.645 13.6406 4
      vertex 12.9225 13.4218 4
    endloop
  endfacet
  facet normal 0 0 1
    outer loop
      vertex 17.3 58 4
      vertex 12.3512 13.8369 4
      vertex 12.645 13.6406 4
    endloop
  endfacet
  facet normal 0 0 1
    outer loop
      vertex 17.3 58 4
      vertex 12.043 14.0095 4
      vertex 12.3512 13.8369 4
    endloop
  endfacet
  facet normal 0 0 1
    outer loop
      vertex 4 65 4
      vertex 17.3114 58.2903 4
      vertex 17.3456 58.5788 4
    endloop
  endfacet
  facet normal 0 0 1
    outer loop
      vertex 17.3 58 4
      vertex 11.7221 14.1575 4
      vertex 12.043 14.0095 4
    endloop
  endfacet
  facet normal 0 0 1
    outer loop
      vertex 17.3 58 4
      vertex 11.3906 14.2798 4
      vertex 11.7221 14.1575 4
    endloop
  endfacet
  facet normal 0 0 1
    outer loop
      vertex 17.3 58 4
      vertex 11.0505 14.3757 4
      vertex 11.3906 14.2798 4
    endloop
  endfacet
  facet normal 0 0 1
    outer loop
      vertex 17.3 58 4
      vertex 10.704 14.4446 4
      vertex 11.0505 14.3757 4
    endloop
  endfacet
  facet normal 0 0 1
    outer loop
      vertex 17.3 58 4
      vertex 10.3531 14.4861 4
      vertex 10.704 14.4446 4
    endloop
  endfacet
  facet normal 0 0 1
    outer loop
      vertex 17.3 58 4
      vertex 10 14.5 4
      vertex 10.3531 14.4861 4
    endloop
  endfacet
  facet normal 0 0 1
    outer loop
      vertex 17.3 58 4
      vertex 9.64693 14.4861 4
      vertex 10 14.5 4
    endloop
  endfacet
  facet normal 0 0 1
    outer loop
      vertex 17.3 58 4
      vertex 9.29605 14.4446 4
      vertex 9.64693 14.4861 4
    endloop
  endfacet
  facet normal 0 0 1
    outer loop
      vertex 17.3 58 4
      vertex 8.9495 14.3757 4
      vertex 9.29605 14.4446 4
    endloop
  endfacet
  facet normal 0 0 1
    outer loop
      vertex 17.3 58 4
      vertex 8.60942 14.2798 4
      vertex 8.9495 14.3757 4
    endloop
  endfacet
  facet normal 0 -0 1
    outer loop
      vertex 8.27793 14.1575 4
      vertex 17.3 58 4
      vertex 4 65 4
    endloop
  endfacet
  facet normal 0 0 1
    outer loop
      vertex 5 66 4
      vertex 17.3456 58.5788 4
      vertex 17.4022 58.8637 4
    endloop
  endfacet
  facet normal 0 0 1
    outer loop
      vertex 17.3 58 4
      vertex 8.27793 14.1575 4
      vertex 8.60942 14.2798 4
    endloop
  endfacet
  facet normal 0 0 1
    outer loop
      vertex 8.27793 14.1575 4
      vertex 4 65 4
      vertex 7.95704 14.0095 4
    endloop
  endfacet
  facet normal 0 0 1
    outer loop
      vertex 7.95704 14.0095 4
      vertex 4 65 4
      vertex 7.64876 13.8369 4
    endloop
  endfacet
  facet normal 0 0 1
    outer loop
      vertex 7.64876 13.8369 4
      vertex 4 65 4
      vertex 7.35497 13.6406 4
    endloop
  endfacet
  facet normal 0 0 1
    outer loop
      vertex 7.35497 13.6406 4
      vertex 4 65 4
      vertex 7.07748 13.4218 4
    endloop
  endfacet
  facet normal 0 0 1
    outer loop
      vertex 7.07748 13.4218 4
      vertex 4 65 4
      vertex 6.81802 13.182 4
    endloop
  endfacet
  facet normal 0 0 1
    outer loop
      vertex 6.81802 13.182 4
      vertex 4 65 4
      vertex 6.57817 12.9225 4
    endloop
  endfacet
  facet normal 0 0 1
    outer loop
      vertex 6.57817 12.9225 4
      vertex 4 65 4
      vertex 6.35942 12.645 4
    endloop
  endfacet
  facet normal 0 0 1
    outer loop
      vertex 6.35942 12.645 4
      vertex 4 65 4
      vertex 6.16312 12.3512 4
    endloop
  endfacet
  facet normal 0 0 1
    outer loop
      vertex 6.16312 12.3512 4
      vertex 4 65 4
      vertex 5.99047 12.043 4
    endloop
  endfacet
  facet normal 0 0 1
    outer loop
      vertex 5.99047 12.043 4
      vertex 4 65 4
      vertex 5.84254 11.7221 4
    endloop
  endfacet
  facet normal 0 0 1
    outer loop
      vertex 5.84254 11.7221 4
      vertex 4 65 4
      vertex 5.72025 11.3906 4
    endloop
  endfacet
  facet normal 0 0 1
    outer loop
      vertex 5.62434 11.0505 4
      vertex 4 5 4
      vertex 5.5554 10.704 4
    endloop
  endfacet
  facet normal 0 0 1
    outer loop
      vertex 4 5 4
      vertex 5.62434 11.0505 4
      vertex 4 65 4
    endloop
  endfacet
  facet normal 0 0 1
    outer loop
      vertex 5.72025 11.3906 4
      vertex 4 65 4
      vertex 5.62434 11.0505 4
    endloop
  endfacet
  facet normal 0 0 1
    outer loop
      vertex 17.3456 58.5788 4
      vertex 5 66 4
      vertex 4 65 4
    endloop
  endfacet
  facet normal 0 0 1
    outer loop
      vertex 17.4811 59.1434 4
      vertex 5 66 4
      vertex 17.4022 58.8637 4
    endloop
  endfacet
  facet normal 0 0 1
    outer loop
      vertex 17.5816 59.4159 4
      vertex 5 66 4
      vertex 17.4811 59.1434 4
    endloop
  endfacet
  facet normal 0 0 1
    outer loop
      vertex 17.7033 59.6798 4
      vertex 5 66 4
      vertex 17.5816 59.4159 4
    endloop
  endfacet
  facet normal 0 0 1
    outer loop
      vertex 17.8452 59.9332 4
      vertex 5 66 4
      vertex 17.7033 59.6798 4
    endloop
  endfacet
  facet normal 0 0 1
    outer loop
      vertex 18.0066 60.1748 4
      vertex 5 66 4
      vertex 17.8452 59.9332 4
    endloop
  endfacet
  facet normal 0 0 1
    outer loop
      vertex 18.1865 60.403 4
      vertex 5 66 4
      vertex 18.0066 60.1748 4
    endloop
  endfacet
  facet normal 0 0 1
    outer loop
      vertex 18.3837 60.6163 4
      vertex 5 66 4
      vertex 18.1865 60.403 4
    endloop
  endfacet
  facet normal 0 0 1
    outer loop
      vertex 18.597 60.8135 4
      vertex 5 66 4
      vertex 18.3837 60.6163 4
    endloop
  endfacet
  facet normal 0 0 1
    outer loop
      vertex 18.8252 60.9934 4
      vertex 5 66 4
      vertex 18.597 60.8135 4
    endloop
  endfacet
  facet normal 0 0 1
    outer loop
      vertex 19.0668 61.1548 4
      vertex 5 66 4
      vertex 18.8252 60.9934 4
    endloop
  endfacet
  facet normal 0 0 1
    outer loop
      vertex 19.3202 61.2967 4
      vertex 5 66 4
      vertex 19.0668 61.1548 4
    endloop
  endfacet
  facet normal 0 0 1
    outer loop
      vertex 19.5841 61.4184 4
      vertex 5 66 4
      vertex 19.3202 61.2967 4
    endloop
  endfacet
  facet normal 0 0 1
    outer loop
      vertex 19.8566 61.5189 4
      vertex 5 66 4
      vertex 19.5841 61.4184 4
    endloop
  endfacet
  facet normal 0 0 1
    outer loop
      vertex 20.1363 61.5978 4
      vertex 5 66 4
      vertex 19.8566 61.5189 4
    endloop
  endfacet
  facet normal 0 0 1
    outer loop
      vertex 20.4212 61.6544 4
      vertex 5 66 4
      vertex 20.1363 61.5978 4
    endloop
  endfacet
  facet normal 0 0 1
    outer loop
      vertex 20.7097 61.6886 4
      vertex 5 66 4
      vertex 20.4212 61.6544 4
    endloop
  endfacet
  facet normal 0 0 1
    outer loop
      vertex 21 61.7 4
      vertex 5 66 4
      vertex 20.7097 61.6886 4
    endloop
  endfacet
  facet normal 0 0 1
    outer loop
      vertex 113.76 4.35055 4
      vertex 113 4 4
      vertex 113.707 4.29289 4
    endloop
  endfacet
  facet normal 0 0 1
    outer loop
      vertex 113.707 4.29289 4
      vertex 113 4 4
      vertex 113.649 4.23959 4
    endloop
  endfacet
  facet normal 0 0 1
    outer loop
      vertex 113.649 4.23959 4
      vertex 113 4 4
      vertex 113.588 4.19098 4
    endloop
  endfacet
  facet normal 0 0 1
    outer loop
      vertex 113.588 4.19098 4
      vertex 113 4 4
      vertex 113.522 4.14736 4
    endloop
  endfacet
  facet normal 0 0 1
    outer loop
      vertex 113.522 4.14736 4
      vertex 113 4 4
      vertex 113.454 4.10899 4
    endloop
  endfacet
  facet normal 0 0 1
    outer loop
      vertex 113.454 4.10899 4
      vertex 113 4 4
      vertex 113.383 4.07612 4
    endloop
  endfacet
  facet normal 0 0 1
    outer loop
      vertex 113.383 4.07612 4
      vertex 113 4 4
      vertex 113.309 4.04894 4
    endloop
  endfacet
  facet normal 0 0 1
    outer loop
      vertex 113.309 4.04894 4
      vertex 113 4 4
      vertex 113.233 4.02763 4
    endloop
  endfacet
  facet normal 0 0 1
    outer loop
      vertex 113.233 4.02763 4
      vertex 113 4 4
      vertex 113.156 4.01231 4
    endloop
  endfacet
  facet normal 0 0 1
    outer loop
      vertex 113.156 4.01231 4
      vertex 113 4 4
      vertex 113.078 4.00308 4
    endloop
  endfacet
  facet normal 0 0 1
    outer loop
      vertex 113.891 4.54601 4
      vertex 113 4 4
      vertex 113.853 4.4775 4
    endloop
  endfacet
  facet normal -0 0 1
    outer loop
      vertex 110.923 6.57817 4
      vertex 113 4 4
      vertex 111.182 6.81802 4
    endloop
  endfacet
  facet normal -0 0 1
    outer loop
      vertex 110.645 6.35942 4
      vertex 113 4 4
      vertex 110.923 6.57817 4
    endloop
  endfacet
  facet normal -0 0 1
    outer loop
      vertex 110.351 6.16312 4
      vertex 113 4 4
      vertex 110.645 6.35942 4
    endloop
  endfacet
  facet normal -0 0 1
    outer loop
      vertex 110.043 5.99047 4
      vertex 113 4 4
      vertex 110.351 6.16312 4
    endloop
  endfacet
  facet normal -0 0 1
    outer loop
      vertex 109.722 5.84254 4
      vertex 113 4 4
      vertex 110.043 5.99047 4
    endloop
  endfacet
  facet normal -0 0 1
    outer loop
      vertex 109.391 5.72025 4
      vertex 113 4 4
      vertex 109.722 5.84254 4
    endloop
  endfacet
  facet normal -0 0 1
    outer loop
      vertex 109.051 5.62434 4
      vertex 113 4 4
      vertex 109.391 5.72025 4
    endloop
  endfacet
  facet normal -0 0 1
    outer loop
      vertex 108.704 5.5554 4
      vertex 113 4 4
      vertex 109.051 5.62434 4
    endloop
  endfacet
  facet normal -0 0 1
    outer loop
      vertex 108.353 5.51387 4
      vertex 113 4 4
      vertex 108.704 5.5554 4
    endloop
  endfacet
  facet normal -0 0 1
    outer loop
      vertex 108 5.5 4
      vertex 113 4 4
      vertex 108.353 5.51387 4
    endloop
  endfacet
  facet normal 0 0 1
    outer loop
      vertex 107.647 5.51387 4
      vertex 113 4 4
      vertex 108 5.5 4
    endloop
  endfacet
  facet normal 0 0 1
    outer loop
      vertex 107.296 5.5554 4
      vertex 113 4 4
      vertex 107.647 5.51387 4
    endloop
  endfacet
  facet normal 0 0 1
    outer loop
      vertex 106.949 5.62434 4
      vertex 113 4 4
      vertex 107.296 5.5554 4
    endloop
  endfacet
  facet normal 0 0 1
    outer loop
      vertex 103.72 58.6094 4
      vertex 100 58 4
      vertex 99.9969 57.9215 4
    endloop
  endfacet
  facet normal 0 0 1
    outer loop
      vertex 103.843 58.2779 4
      vertex 99.9969 57.9215 4
      vertex 99.9877 57.8436 4
    endloop
  endfacet
  facet normal 0 0 1
    outer loop
      vertex 103.843 58.2779 4
      vertex 99.9877 57.8436 4
      vertex 99.9724 57.7666 4
    endloop
  endfacet
  facet normal 0 0 1
    outer loop
      vertex 103.99 57.957 4
      vertex 99.9724 57.7666 4
      vertex 99.9511 57.691 4
    endloop
  endfacet
  facet normal 0 0 1
    outer loop
      vertex 103.99 57.957 4
      vertex 99.9511 57.691 4
      vertex 99.9239 57.6173 4
    endloop
  endfacet
  facet normal 0 0 1
    outer loop
      vertex 104.163 57.6488 4
      vertex 99.9239 57.6173 4
      vertex 99.891 57.546 4
    endloop
  endfacet
  facet normal 0 0 1
    outer loop
      vertex 104.163 57.6488 4
      vertex 99.891 57.546 4
      vertex 99.8526 57.4775 4
    endloop
  endfacet
  facet normal 0 0 1
    outer loop
      vertex 104.359 57.355 4
      vertex 99.8526 57.4775 4
      vertex 99.809 57.4122 4
    endloop
  endfacet
  facet normal 0 0 1
    outer loop
      vertex 104.359 57.355 4
      vertex 99.809 57.4122 4
      vertex 99.7604 57.3506 4
    endloop
  endfacet
  facet normal 0 0 1
    outer loop
      vertex 104.578 57.0775 4
      vertex 99.7604 57.3506 4
      vertex 99.7071 57.2929 4
    endloop
  endfacet
  facet normal 0 0 1
    outer loop
      vertex 104.578 57.0775 4
      vertex 99.7071 57.2929 4
      vertex 99.6494 57.2396 4
    endloop
  endfacet
  facet normal 0 0 1
    outer loop
      vertex 104.578 12.9225 4
      vertex 86.9599 19.98 4
      vertex 104.359 12.645 4
    endloop
  endfacet
  facet normal 0 0 1
    outer loop
      vertex 104.359 12.645 4
      vertex 86.84 18.9664 4
      vertex 104.163 12.3512 4
    endloop
  endfacet
  facet normal 0 0 1
    outer loop
      vertex 104.163 12.3512 4
      vertex 86.84 18.9664 4
      vertex 103.99 12.043 4
    endloop
  endfacet
  facet normal -0 0 1
    outer loop
      vertex 86.6408 17.9652 4
      vertex 103.99 12.043 4
      vertex 86.84 18.9664 4
    endloop
  endfacet
  facet normal 0 0 1
    outer loop
      vertex 103.99 12.043 4
      vertex 86.6408 17.9652 4
      vertex 103.843 11.7221 4
    endloop
  endfacet
  facet normal -0 0 1
    outer loop
      vertex 86.3637 16.9828 4
      vertex 103.843 11.7221 4
      vertex 86.6408 17.9652 4
    endloop
  endfacet
  facet normal 0 0 1
    outer loop
      vertex 103.843 11.7221 4
      vertex 86.3637 16.9828 4
      vertex 103.72 11.3906 4
    endloop
  endfacet
  facet normal -0 0 1
    outer loop
      vertex 86.84 18.9664 4
      vertex 104.359 12.645 4
      vertex 86.9599 19.98 4
    endloop
  endfacet
  facet normal 0 0 1
    outer loop
      vertex 105.957 55.9905 4
      vertex 99.1564 57.0123 4
      vertex 99.0785 57.0031 4
    endloop
  endfacet
  facet normal 0 0 1
    outer loop
      vertex 106.278 55.8425 4
      vertex 99.0785 57.0031 4
      vertex 99 57 4
    endloop
  endfacet
  facet normal 0 0 1
    outer loop
      vertex 106.278 55.8425 4
      vertex 99 57 4
      vertex 87 21 4
    endloop
  endfacet
  facet normal 0 0 1
    outer loop
      vertex 87 21 4
      vertex 99 57 4
      vertex 89 57 4
    endloop
  endfacet
  facet normal 0 0 1
    outer loop
      vertex 103.72 11.3906 4
      vertex 86.3637 16.9828 4
      vertex 103.624 11.0505 4
    endloop
  endfacet
  facet normal -0 0 1
    outer loop
      vertex 86.0104 16.0251 4
      vertex 103.624 11.0505 4
      vertex 86.3637 16.9828 4
    endloop
  endfacet
  facet normal 0 0 1
    outer loop
      vertex 103.624 11.0505 4
      vertex 86.0104 16.0251 4
      vertex 103.555 10.704 4
    endloop
  endfacet
  facet normal 0 0 1
    outer loop
      vertex 87 21 4
      vertex 89 57 4
      vertex 88.9215 57.0031 4
    endloop
  endfacet
  facet normal 0 0 1
    outer loop
      vertex 87 21 4
      vertex 88.9215 57.0031 4
      vertex 88.8436 57.0123 4
    endloop
  endfacet
  facet normal 0 0 1
    outer loop
      vertex 87 21 4
      vertex 88.8436 57.0123 4
      vertex 88.7666 57.0276 4
    endloop
  endfacet
  facet normal 0 0 1
    outer loop
      vertex 87 21 4
      vertex 88.7666 57.0276 4
      vertex 88.691 57.0489 4
    endloop
  endfacet
  facet normal 0 0 1
    outer loop
      vertex 87 21 4
      vertex 88.691 57.0489 4
      vertex 88.6173 57.0761 4
    endloop
  endfacet
  facet normal 0 0 1
    outer loop
      vertex 87 21 4
      vertex 88.6173 57.0761 4
      vertex 88.546 57.109 4
    endloop
  endfacet
  facet normal 0 0 1
    outer loop
      vertex 87 21 4
      vertex 88.546 57.109 4
      vertex 88.4775 57.1474 4
    endloop
  endfacet
  facet normal 0 0 1
    outer loop
      vertex 87 21 4
      vertex 88.4775 57.1474 4
      vertex 88.4122 57.191 4
    endloop
  endfacet
  facet normal 0 0 1
    outer loop
      vertex 87 21 4
      vertex 88.4122 57.191 4
      vertex 88.3506 57.2396 4
    endloop
  endfacet
  facet normal 0 0 1
    outer loop
      vertex 87 21 4
      vertex 88.3506 57.2396 4
      vertex 88.2929 57.2929 4
    endloop
  endfacet
  facet normal 0 0 1
    outer loop
      vertex 87 21 4
      vertex 88.2929 57.2929 4
      vertex 88.2396 57.3506 4
    endloop
  endfacet
  facet normal 0 0 1
    outer loop
      vertex 87 21 4
      vertex 88.2396 57.3506 4
      vertex 88.191 57.4122 4
    endloop
  endfacet
  facet normal 0 0 1
    outer loop
      vertex 87 21 4
      vertex 88.191 57.4122 4
      vertex 88.1474 57.4775 4
    endloop
  endfacet
  facet normal 0 0 1
    outer loop
      vertex 87 21 4
      vertex 88.1474 57.4775 4
      vertex 88.109 57.546 4
    endloop
  endfacet
  facet normal 0 0 1
    outer loop
      vertex 87 21 4
      vertex 88.109 57.546 4
      vertex 88.0761 57.6173 4
    endloop
  endfacet
  facet normal 0 0 1
    outer loop
      vertex 87 21 4
      vertex 88.0761 57.6173 4
      vertex 88.0489 57.691 4
    endloop
  endfacet
  facet normal 0 0 1
    outer loop
      vertex 87 21 4
      vertex 88.0031 57.9215 4
      vertex 88 58 4
    endloop
  endfacet
  facet normal 0 0 1
    outer loop
      vertex 87 21 4
      vertex 88.0123 57.8436 4
      vertex 88.0031 57.9215 4
    endloop
  endfacet
  facet normal 0 0 1
    outer loop
      vertex 87 21 4
      vertex 88.0276 57.7666 4
      vertex 88.0123 57.8436 4
    endloop
  endfacet
  facet normal 0 0 1
    outer loop
      vertex 87 21 4
      vertex 88.0489 57.691 4
      vertex 88.0276 57.7666 4
    endloop
  endfacet
  facet normal 0 0 1
    outer loop
      vertex 103.555 10.704 4
      vertex 86.0104 16.0251 4
      vertex 103.514 10.3531 4
    endloop
  endfacet
  facet normal -0 0 1
    outer loop
      vertex 85.5831 15.0981 4
      vertex 103.514 10.3531 4
      vertex 86.0104 16.0251 4
    endloop
  endfacet
  facet normal 0 0 1
    outer loop
      vertex 103.514 10.3531 4
      vertex 85.5831 15.0981 4
      vertex 103.5 10 4
    endloop
  endfacet
  facet normal -0 0 1
    outer loop
      vertex 85.0843 14.2075 4
      vertex 103.5 10 4
      vertex 85.5831 15.0981 4
    endloop
  endfacet
  facet normal 0 0 1
    outer loop
      vertex 103.5 10 4
      vertex 85.0843 14.2075 4
      vertex 103.514 9.64693 4
    endloop
  endfacet
  facet normal 0 0 1
    outer loop
      vertex 103.514 9.64693 4
      vertex 85.0843 14.2075 4
      vertex 103.555 9.29605 4
    endloop
  endfacet
  facet normal -0 0 1
    outer loop
      vertex 84.5172 13.3588 4
      vertex 103.555 9.29605 4
      vertex 85.0843 14.2075 4
    endloop
  endfacet
  facet normal 0 0 1
    outer loop
      vertex 103.555 9.29605 4
      vertex 84.5172 13.3588 4
      vertex 103.624 8.9495 4
    endloop
  endfacet
  facet normal -0 0 1
    outer loop
      vertex 83.8853 12.5572 4
      vertex 103.624 8.9495 4
      vertex 84.5172 13.3588 4
    endloop
  endfacet
  facet normal 0 0 1
    outer loop
      vertex 103.624 8.9495 4
      vertex 83.8853 12.5572 4
      vertex 103.72 8.60942 4
    endloop
  endfacet
  facet normal 0 0 1
    outer loop
      vertex 103.72 8.60942 4
      vertex 83.8853 12.5572 4
      vertex 103.843 8.27793 4
    endloop
  endfacet
  facet normal -0 0 1
    outer loop
      vertex 83.1924 11.8076 4
      vertex 103.843 8.27793 4
      vertex 83.8853 12.5572 4
    endloop
  endfacet
  facet normal 0 0 1
    outer loop
      vertex 103.843 8.27793 4
      vertex 83.1924 11.8076 4
      vertex 103.99 7.95704 4
    endloop
  endfacet
  facet normal -0 0 1
    outer loop
      vertex 82.4428 11.1147 4
      vertex 103.99 7.95704 4
      vertex 83.1924 11.8076 4
    endloop
  endfacet
  facet normal 0 0 1
    outer loop
      vertex 103.99 7.95704 4
      vertex 82.4428 11.1147 4
      vertex 104.163 7.64876 4
    endloop
  endfacet
  facet normal 0 0 1
    outer loop
      vertex 104.163 7.64876 4
      vertex 82.4428 11.1147 4
      vertex 104.359 7.35497 4
    endloop
  endfacet
  facet normal -0 0 1
    outer loop
      vertex 81.6412 10.4828 4
      vertex 104.359 7.35497 4
      vertex 82.4428 11.1147 4
    endloop
  endfacet
  facet normal 0 0 1
    outer loop
      vertex 104.359 7.35497 4
      vertex 81.6412 10.4828 4
      vertex 104.578 7.07748 4
    endloop
  endfacet
  facet normal -0 0 1
    outer loop
      vertex 80.7925 9.91568 4
      vertex 104.578 7.07748 4
      vertex 81.6412 10.4828 4
    endloop
  endfacet
  facet normal 0 0 1
    outer loop
      vertex 104.578 7.07748 4
      vertex 80.7925 9.91568 4
      vertex 104.818 6.81802 4
    endloop
  endfacet
  facet normal 0 0 1
    outer loop
      vertex 104.818 6.81802 4
      vertex 80.7925 9.91568 4
      vertex 105.077 6.57817 4
    endloop
  endfacet
  facet normal -0 0 1
    outer loop
      vertex 79.9019 9.41691 4
      vertex 105.077 6.57817 4
      vertex 80.7925 9.91568 4
    endloop
  endfacet
  facet normal 0 0 1
    outer loop
      vertex 105.077 6.57817 4
      vertex 79.9019 9.41691 4
      vertex 105.355 6.35942 4
    endloop
  endfacet
  facet normal -0 0 1
    outer loop
      vertex 78.9749 8.98957 4
      vertex 105.355 6.35942 4
      vertex 79.9019 9.41691 4
    endloop
  endfacet
  facet normal 0 0 1
    outer loop
      vertex 105.355 6.35942 4
      vertex 78.9749 8.98957 4
      vertex 105.649 6.16312 4
    endloop
  endfacet
  facet normal -0 0 1
    outer loop
      vertex 78.0172 8.63626 4
      vertex 105.649 6.16312 4
      vertex 78.9749 8.98957 4
    endloop
  endfacet
  facet normal 0 0 1
    outer loop
      vertex 105.649 6.16312 4
      vertex 78.0172 8.63626 4
      vertex 105.957 5.99047 4
    endloop
  endfacet
  facet normal -0 0 1
    outer loop
      vertex 77.0348 8.35919 4
      vertex 105.957 5.99047 4
      vertex 78.0172 8.63626 4
    endloop
  endfacet
  facet normal 0 0 1
    outer loop
      vertex 105.957 5.99047 4
      vertex 77.0348 8.35919 4
      vertex 106.278 5.84254 4
    endloop
  endfacet
  facet normal 0 0 1
    outer loop
      vertex 106.278 5.84254 4
      vertex 77.0348 8.35919 4
      vertex 106.609 5.72025 4
    endloop
  endfacet
  facet normal -0 0 1
    outer loop
      vertex 76.0336 8.16005 4
      vertex 106.609 5.72025 4
      vertex 77.0348 8.35919 4
    endloop
  endfacet
  facet normal 0 0 1
    outer loop
      vertex 106.609 5.72025 4
      vertex 76.0336 8.16005 4
      vertex 106.949 5.62434 4
    endloop
  endfacet
  facet normal -0 0 1
    outer loop
      vertex 75.02 8.04007 4
      vertex 106.949 5.62434 4
      vertex 76.0336 8.16005 4
    endloop
  endfacet
  facet normal 0 0 1
    outer loop
      vertex 106.949 5.62434 4
      vertex 75.02 8.04007 4
      vertex 113 4 4
    endloop
  endfacet
  facet normal -0 0 1
    outer loop
      vertex 74 8 4
      vertex 113 4 4
      vertex 75.02 8.04007 4
    endloop
  endfacet
  facet normal 0 0 1
    outer loop
      vertex 5 4 4
      vertex 74 8 4
      vertex 34 8 4
    endloop
  endfacet
  facet normal 0 0 1
    outer loop
      vertex 11.0505 5.62434 4
      vertex 34 8 4
      vertex 32.98 8.04007 4
    endloop
  endfacet
  facet normal 0 0 1
    outer loop
      vertex 18.597 55.1865 4
      vertex 22.9157 27.7925 4
      vertex 18.8252 55.0066 4
    endloop
  endfacet
  facet normal 0 0 1
    outer loop
      vertex 18.3837 55.3837 4
      vertex 22.9157 27.7925 4
      vertex 18.597 55.1865 4
    endloop
  endfacet
  facet normal 0 0 1
    outer loop
      vertex 22.9157 27.7925 4
      vertex 18.3837 55.3837 4
      vertex 22.4169 26.9019 4
    endloop
  endfacet
  facet normal 0 0 1
    outer loop
      vertex 18.1865 55.597 4
      vertex 22.4169 26.9019 4
      vertex 18.3837 55.3837 4
    endloop
  endfacet
  facet normal 0 0 1
    outer loop
      vertex 22.4169 26.9019 4
      vertex 18.1865 55.597 4
      vertex 21.9896 25.9749 4
    endloop
  endfacet
  facet normal 0 0 1
    outer loop
      vertex 18.0066 55.8252 4
      vertex 21.9896 25.9749 4
      vertex 18.1865 55.597 4
    endloop
  endfacet
  facet normal 0 0 1
    outer loop
      vertex 21.9896 25.9749 4
      vertex 18.0066 55.8252 4
      vertex 21.6363 25.0172 4
    endloop
  endfacet
  facet normal 0 0 1
    outer loop
      vertex 17.8452 56.0668 4
      vertex 21.6363 25.0172 4
      vertex 18.0066 55.8252 4
    endloop
  endfacet
  facet normal 0 0 1
    outer loop
      vertex 21.6363 25.0172 4
      vertex 17.8452 56.0668 4
      vertex 21.3592 24.0348 4
    endloop
  endfacet
  facet normal 0 0 1
    outer loop
      vertex 17.7033 56.3202 4
      vertex 21.3592 24.0348 4
      vertex 17.8452 56.0668 4
    endloop
  endfacet
  facet normal 0 0 1
    outer loop
      vertex 21.3592 24.0348 4
      vertex 14.5 10 4
      vertex 21.1601 23.0336 4
    endloop
  endfacet
  facet normal 0 0 1
    outer loop
      vertex 21.1601 23.0336 4
      vertex 14.5 10 4
      vertex 21.0401 22.02 4
    endloop
  endfacet
  facet normal 0 0 1
    outer loop
      vertex 21.0401 22.02 4
      vertex 14.5 10 4
      vertex 21 21 4
    endloop
  endfacet
  facet normal 0 0 1
    outer loop
      vertex 21.3592 24.0348 4
      vertex 17.7033 56.3202 4
      vertex 14.5 10 4
    endloop
  endfacet
  facet normal 0 0 1
    outer loop
      vertex 14.5 10 4
      vertex 17.7033 56.3202 4
      vertex 17.5816 56.5841 4
    endloop
  endfacet
  facet normal 0 0 1
    outer loop
      vertex 14.5 10 4
      vertex 17.5816 56.5841 4
      vertex 17.4811 56.8566 4
    endloop
  endfacet
  facet normal 0 0 1
    outer loop
      vertex 14.5 10 4
      vertex 17.4811 56.8566 4
      vertex 17.4022 57.1363 4
    endloop
  endfacet
  facet normal 0 0 1
    outer loop
      vertex 14.5 10 4
      vertex 17.4022 57.1363 4
      vertex 17.3456 57.4212 4
    endloop
  endfacet
  facet normal 0 0 1
    outer loop
      vertex 14.5 10 4
      vertex 17.3456 57.4212 4
      vertex 17.3114 57.7097 4
    endloop
  endfacet
  facet normal 0 0 1
    outer loop
      vertex 14.5 10 4
      vertex 17.3114 57.7097 4
      vertex 17.3 58 4
    endloop
  endfacet
  facet normal 0 0 1
    outer loop
      vertex 21 21 4
      vertex 14.5 10 4
      vertex 21.0401 19.98 4
    endloop
  endfacet
  facet normal 0 0 1
    outer loop
      vertex 14.5 10 4
      vertex 21.1601 18.9664 4
      vertex 21.0401 19.98 4
    endloop
  endfacet
  facet normal 0 0 1
    outer loop
      vertex 14.5 10 4
      vertex 21.3592 17.9652 4
      vertex 21.1601 18.9664 4
    endloop
  endfacet
  facet normal 0 0 1
    outer loop
      vertex 14.5 10 4
      vertex 21.6363 16.9828 4
      vertex 21.3592 17.9652 4
    endloop
  endfacet
  facet normal 0 0 1
    outer loop
      vertex 14.5 10 4
      vertex 21.9896 16.0251 4
      vertex 21.6363 16.9828 4
    endloop
  endfacet
  facet normal 0 0 1
    outer loop
      vertex 14.5 10 4
      vertex 22.4169 15.0981 4
      vertex 21.9896 16.0251 4
    endloop
  endfacet
  facet normal 0 0 1
    outer loop
      vertex 14.5 10 4
      vertex 22.9157 14.2075 4
      vertex 22.4169 15.0981 4
    endloop
  endfacet
  facet normal 0 0 1
    outer loop
      vertex 14.5 10 4
      vertex 23.4828 13.3588 4
      vertex 22.9157 14.2075 4
    endloop
  endfacet
  facet normal 0 0 1
    outer loop
      vertex 14.5 10 4
      vertex 24.1147 12.5572 4
      vertex 23.4828 13.3588 4
    endloop
  endfacet
  facet normal 0 0 1
    outer loop
      vertex 14.4861 9.64693 4
      vertex 24.1147 12.5572 4
      vertex 14.5 10 4
    endloop
  endfacet
  facet normal 0 0 1
    outer loop
      vertex 14.4446 9.29605 4
      vertex 24.1147 12.5572 4
      vertex 14.4861 9.64693 4
    endloop
  endfacet
  facet normal 0 0 1
    outer loop
      vertex 24.1147 12.5572 4
      vertex 14.4446 9.29605 4
      vertex 24.8076 11.8076 4
    endloop
  endfacet
  facet normal 0 0 1
    outer loop
      vertex 14.3757 8.9495 4
      vertex 24.8076 11.8076 4
      vertex 14.4446 9.29605 4
    endloop
  endfacet
  facet normal 0 0 1
    outer loop
      vertex 14.2798 8.60942 4
      vertex 24.8076 11.8076 4
      vertex 14.3757 8.9495 4
    endloop
  endfacet
  facet normal 0 0 1
    outer loop
      vertex 24.8076 11.8076 4
      vertex 14.2798 8.60942 4
      vertex 25.5572 11.1147 4
    endloop
  endfacet
  facet normal 0 0 1
    outer loop
      vertex 14.1575 8.27793 4
      vertex 25.5572 11.1147 4
      vertex 14.2798 8.60942 4
    endloop
  endfacet
  facet normal 0 0 1
    outer loop
      vertex 14.0095 7.95704 4
      vertex 25.5572 11.1147 4
      vertex 14.1575 8.27793 4
    endloop
  endfacet
  facet normal 0 0 1
    outer loop
      vertex 25.5572 11.1147 4
      vertex 14.0095 7.95704 4
      vertex 26.3588 10.4828 4
    endloop
  endfacet
  facet normal 0 0 1
    outer loop
      vertex 13.8369 7.64876 4
      vertex 26.3588 10.4828 4
      vertex 14.0095 7.95704 4
    endloop
  endfacet
  facet normal 0 0 1
    outer loop
      vertex 26.3588 10.4828 4
      vertex 13.8369 7.64876 4
      vertex 27.2075 9.91568 4
    endloop
  endfacet
  facet normal 0 0 1
    outer loop
      vertex 13.6406 7.35497 4
      vertex 27.2075 9.91568 4
      vertex 13.8369 7.64876 4
    endloop
  endfacet
  facet normal 0 0 1
    outer loop
      vertex 13.4218 7.07748 4
      vertex 27.2075 9.91568 4
      vertex 13.6406 7.35497 4
    endloop
  endfacet
  facet normal 0 0 1
    outer loop
      vertex 27.2075 9.91568 4
      vertex 13.4218 7.07748 4
      vertex 28.0981 9.41691 4
    endloop
  endfacet
  facet normal 0 0 1
    outer loop
      vertex 13.182 6.81802 4
      vertex 28.0981 9.41691 4
      vertex 13.4218 7.07748 4
    endloop
  endfacet
  facet normal 0 0 1
    outer loop
      vertex 28.0981 9.41691 4
      vertex 13.182 6.81802 4
      vertex 29.0251 8.98957 4
    endloop
  endfacet
  facet normal 0 0 1
    outer loop
      vertex 12.9225 6.57817 4
      vertex 29.0251 8.98957 4
      vertex 13.182 6.81802 4
    endloop
  endfacet
  facet normal 0 0 1
    outer loop
      vertex 12.645 6.35942 4
      vertex 29.0251 8.98957 4
      vertex 12.9225 6.57817 4
    endloop
  endfacet
  facet normal 0 0 1
    outer loop
      vertex 29.0251 8.98957 4
      vertex 12.645 6.35942 4
      vertex 29.9828 8.63626 4
    endloop
  endfacet
  facet normal 0 0 1
    outer loop
      vertex 12.3512 6.16312 4
      vertex 29.9828 8.63626 4
      vertex 12.645 6.35942 4
    endloop
  endfacet
  facet normal 0 0 1
    outer loop
      vertex 29.9828 8.63626 4
      vertex 12.3512 6.16312 4
      vertex 30.9652 8.35919 4
    endloop
  endfacet
  facet normal 0 0 1
    outer loop
      vertex 12.043 5.99047 4
      vertex 30.9652 8.35919 4
      vertex 12.3512 6.16312 4
    endloop
  endfacet
  facet normal 0 0 1
    outer loop
      vertex 30.9652 8.35919 4
      vertex 12.043 5.99047 4
      vertex 31.9664 8.16005 4
    endloop
  endfacet
  facet normal 0 0 1
    outer loop
      vertex 11.7221 5.84254 4
      vertex 31.9664 8.16005 4
      vertex 12.043 5.99047 4
    endloop
  endfacet
  facet normal 0 0 1
    outer loop
      vertex 11.3906 5.72025 4
      vertex 31.9664 8.16005 4
      vertex 11.7221 5.84254 4
    endloop
  endfacet
  facet normal 0 0 1
    outer loop
      vertex 31.9664 8.16005 4
      vertex 11.3906 5.72025 4
      vertex 32.98 8.04007 4
    endloop
  endfacet
  facet normal 0 0 1
    outer loop
      vertex 11.0505 5.62434 4
      vertex 32.98 8.04007 4
      vertex 11.3906 5.72025 4
    endloop
  endfacet
  facet normal 0 0 1
    outer loop
      vertex 34 8 4
      vertex 11.0505 5.62434 4
      vertex 5 4 4
    endloop
  endfacet
  facet normal 0 0 1
    outer loop
      vertex 5 4 4
      vertex 11.0505 5.62434 4
      vertex 10.704 5.5554 4
    endloop
  endfacet
  facet normal 0 0 1
    outer loop
      vertex 5 4 4
      vertex 10.704 5.5554 4
      vertex 10.3531 5.51387 4
    endloop
  endfacet
  facet normal 0 0 1
    outer loop
      vertex 5 4 4
      vertex 10.3531 5.51387 4
      vertex 10 5.5 4
    endloop
  endfacet
  facet normal 0 0 1
    outer loop
      vertex 74 8 4
      vertex 5 4 4
      vertex 113 4 4
    endloop
  endfacet
  facet normal 0 0 1
    outer loop
      vertex 9.64693 5.51387 4
      vertex 5 4 4
      vertex 10 5.5 4
    endloop
  endfacet
  facet normal 0 0 1
    outer loop
      vertex 9.29605 5.5554 4
      vertex 5 4 4
      vertex 9.64693 5.51387 4
    endloop
  endfacet
  facet normal 0 0 1
    outer loop
      vertex 8.9495 5.62434 4
      vertex 5 4 4
      vertex 9.29605 5.5554 4
    endloop
  endfacet
  facet normal 0 0 1
    outer loop
      vertex 8.60942 5.72025 4
      vertex 5 4 4
      vertex 8.9495 5.62434 4
    endloop
  endfacet
  facet normal 0 0 1
    outer loop
      vertex 8.27793 5.84254 4
      vertex 5 4 4
      vertex 8.60942 5.72025 4
    endloop
  endfacet
  facet normal 0 0 1
    outer loop
      vertex 7.95704 5.99047 4
      vertex 5 4 4
      vertex 8.27793 5.84254 4
    endloop
  endfacet
  facet normal 0 0 1
    outer loop
      vertex 7.64876 6.16312 4
      vertex 5 4 4
      vertex 7.95704 5.99047 4
    endloop
  endfacet
  facet normal 0 0 1
    outer loop
      vertex 7.35497 6.35942 4
      vertex 5 4 4
      vertex 7.64876 6.16312 4
    endloop
  endfacet
  facet normal 0 0 1
    outer loop
      vertex 7.07748 6.57817 4
      vertex 5 4 4
      vertex 7.35497 6.35942 4
    endloop
  endfacet
  facet normal 0 0 1
    outer loop
      vertex 6.81802 6.81802 4
      vertex 5 4 4
      vertex 7.07748 6.57817 4
    endloop
  endfacet
  facet normal 0 0 1
    outer loop
      vertex 4 5 4
      vertex 6.81802 6.81802 4
      vertex 6.57817 7.07748 4
    endloop
  endfacet
  facet normal 0 0 1
    outer loop
      vertex 4 5 4
      vertex 6.57817 7.07748 4
      vertex 6.35942 7.35497 4
    endloop
  endfacet
  facet normal 0 0 1
    outer loop
      vertex 4 5 4
      vertex 6.35942 7.35497 4
      vertex 6.16312 7.64876 4
    endloop
  endfacet
  facet normal 0 0 1
    outer loop
      vertex 4 5 4
      vertex 6.16312 7.64876 4
      vertex 5.99047 7.95704 4
    endloop
  endfacet
  facet normal 0 0 1
    outer loop
      vertex 4 5 4
      vertex 5.99047 7.95704 4
      vertex 5.84254 8.27793 4
    endloop
  endfacet
  facet normal 0 0 1
    outer loop
      vertex 4 5 4
      vertex 5.84254 8.27793 4
      vertex 5.72025 8.60942 4
    endloop
  endfacet
  facet normal 0 0 1
    outer loop
      vertex 4 5 4
      vertex 5.72025 8.60942 4
      vertex 5.62434 8.9495 4
    endloop
  endfacet
  facet normal 0 0 1
    outer loop
      vertex 4 5 4
      vertex 5.62434 8.9495 4
      vertex 5.5554 9.29605 4
    endloop
  endfacet
  facet normal 0 0 1
    outer loop
      vertex 4 5 4
      vertex 5.5554 9.29605 4
      vertex 5.51387 9.64693 4
    endloop
  endfacet
  facet normal 0 0 1
    outer loop
      vertex 4 5 4
      vertex 5.51387 9.64693 4
      vertex 5.5 10 4
    endloop
  endfacet
  facet normal 0 0 1
    outer loop
      vertex 5.5554 10.704 4
      vertex 4 5 4
      vertex 5.51387 10.3531 4
    endloop
  endfacet
  facet normal 0 0 1
    outer loop
      vertex 4 65 4
      vertex 5 66 4
      vertex 4.92154 65.9969 4
    endloop
  endfacet
  facet normal 0 0 1
    outer loop
      vertex 5.51387 10.3531 4
      vertex 4 5 4
      vertex 5.5 10 4
    endloop
  endfacet
  facet normal 0 0 1
    outer loop
      vertex 4 65 4
      vertex 4.92154 65.9969 4
      vertex 4.84356 65.9877 4
    endloop
  endfacet
  facet normal 0 0 1
    outer loop
      vertex 6.81802 6.81802 4
      vertex 4 5 4
      vertex 5 4 4
    endloop
  endfacet
  facet normal 0 0 1
    outer loop
      vertex 4 65 4
      vertex 4.84356 65.9877 4
      vertex 4.76655 65.9724 4
    endloop
  endfacet
  facet normal 0 0 1
    outer loop
      vertex 5 4 4
      vertex 4 5 4
      vertex 4.92154 4.00308 4
    endloop
  endfacet
  facet normal 0 0 1
    outer loop
      vertex 4 65 4
      vertex 4.76655 65.9724 4
      vertex 4.69098 65.9511 4
    endloop
  endfacet
  facet normal 0 0 1
    outer loop
      vertex 4.92154 4.00308 4
      vertex 4 5 4
      vertex 4.84356 4.01231 4
    endloop
  endfacet
  facet normal 0 0 1
    outer loop
      vertex 4 65 4
      vertex 4.69098 65.9511 4
      vertex 4.61732 65.9239 4
    endloop
  endfacet
  facet normal 0 0 1
    outer loop
      vertex 4.84356 4.01231 4
      vertex 4 5 4
      vertex 4.76655 4.02763 4
    endloop
  endfacet
  facet normal 0 0 1
    outer loop
      vertex 4 65 4
      vertex 4.61732 65.9239 4
      vertex 4.54601 65.891 4
    endloop
  endfacet
  facet normal 0 0 1
    outer loop
      vertex 4.76655 4.02763 4
      vertex 4 5 4
      vertex 4.69098 4.04894 4
    endloop
  endfacet
  facet normal 0 0 1
    outer loop
      vertex 4 65 4
      vertex 4.54601 65.891 4
      vertex 4.4775 65.8526 4
    endloop
  endfacet
  facet normal 0 0 1
    outer loop
      vertex 4.69098 4.04894 4
      vertex 4 5 4
      vertex 4.61732 4.07612 4
    endloop
  endfacet
  facet normal 0 0 1
    outer loop
      vertex 4 65 4
      vertex 4.4775 65.8526 4
      vertex 4.41221 65.809 4
    endloop
  endfacet
  facet normal 0 0 1
    outer loop
      vertex 4.61732 4.07612 4
      vertex 4 5 4
      vertex 4.54601 4.10899 4
    endloop
  endfacet
  facet normal 0 0 1
    outer loop
      vertex 4 65 4
      vertex 4.41221 65.809 4
      vertex 4.35055 65.7604 4
    endloop
  endfacet
  facet normal 0 0 1
    outer loop
      vertex 4.54601 4.10899 4
      vertex 4 5 4
      vertex 4.4775 4.14736 4
    endloop
  endfacet
  facet normal 0 0 1
    outer loop
      vertex 4 65 4
      vertex 4.35055 65.7604 4
      vertex 4.29289 65.7071 4
    endloop
  endfacet
  facet normal 0 0 1
    outer loop
      vertex 4.4775 4.14736 4
      vertex 4 5 4
      vertex 4.41221 4.19098 4
    endloop
  endfacet
  facet normal 0 0 1
    outer loop
      vertex 4 65 4
      vertex 4.29289 65.7071 4
      vertex 4.23959 65.6494 4
    endloop
  endfacet
  facet normal 0 0 1
    outer loop
      vertex 4.41221 4.19098 4
      vertex 4 5 4
      vertex 4.35055 4.23959 4
    endloop
  endfacet
  facet normal 0 0 1
    outer loop
      vertex 4 65 4
      vertex 4.23959 65.6494 4
      vertex 4.19098 65.5878 4
    endloop
  endfacet
  facet normal 0 0 1
    outer loop
      vertex 4.35055 4.23959 4
      vertex 4 5 4
      vertex 4.29289 4.29289 4
    endloop
  endfacet
  facet normal 0 0 1
    outer loop
      vertex 4 65 4
      vertex 4.19098 65.5878 4
      vertex 4.14736 65.5225 4
    endloop
  endfacet
  facet normal 0 0 1
    outer loop
      vertex 4.29289 4.29289 4
      vertex 4 5 4
      vertex 4.23959 4.35055 4
    endloop
  endfacet
  facet normal 0 0 1
    outer loop
      vertex 4 65 4
      vertex 4.14736 65.5225 4
      vertex 4.10899 65.454 4
    endloop
  endfacet
  facet normal 0 0 1
    outer loop
      vertex 4.23959 4.35055 4
      vertex 4 5 4
      vertex 4.19098 4.41221 4
    endloop
  endfacet
  facet normal 0 0 1
    outer loop
      vertex 4 65 4
      vertex 4.10899 65.454 4
      vertex 4.07612 65.3827 4
    endloop
  endfacet
  facet normal 0 0 1
    outer loop
      vertex 4.19098 4.41221 4
      vertex 4 5 4
      vertex 4.14736 4.4775 4
    endloop
  endfacet
  facet normal 0 0 1
    outer loop
      vertex 4 65 4
      vertex 4.07612 65.3827 4
      vertex 4.04894 65.309 4
    endloop
  endfacet
  facet normal 0 0 1
    outer loop
      vertex 4.14736 4.4775 4
      vertex 4 5 4
      vertex 4.10899 4.54601 4
    endloop
  endfacet
  facet normal 0 0 1
    outer loop
      vertex 4 65 4
      vertex 4.04894 65.309 4
      vertex 4.02763 65.2334 4
    endloop
  endfacet
  facet normal 0 0 1
    outer loop
      vertex 4.10899 4.54601 4
      vertex 4 5 4
      vertex 4.07612 4.61732 4
    endloop
  endfacet
  facet normal 0 0 1
    outer loop
      vertex 4 65 4
      vertex 4.02763 65.2334 4
      vertex 4.01231 65.1564 4
    endloop
  endfacet
  facet normal 0 0 1
    outer loop
      vertex 4.07612 4.61732 4
      vertex 4 5 4
      vertex 4.04894 4.69098 4
    endloop
  endfacet
  facet normal 0 0 1
    outer loop
      vertex 4 65 4
      vertex 4.01231 65.1564 4
      vertex 4.00308 65.0785 4
    endloop
  endfacet
  facet normal 0 0 1
    outer loop
      vertex 4.04894 4.69098 4
      vertex 4 5 4
      vertex 4.02763 4.76655 4
    endloop
  endfacet
  facet normal 0 0 1
    outer loop
      vertex 4.02763 4.76655 4
      vertex 4 5 4
      vertex 4.01231 4.84356 4
    endloop
  endfacet
  facet normal 0 0 1
    outer loop
      vertex 4.01231 4.84356 4
      vertex 4 5 4
      vertex 4.00308 4.92154 4
    endloop
  endfacet
  facet normal 0 0 1
    outer loop
      vertex 88 58 4
      vertex 60.9286 53.4547 4
      vertex 60.8644 52.9128 4
    endloop
  endfacet
  facet normal 0 0 1
    outer loop
      vertex 88 58 4
      vertex 60.758 52.3776 4
      vertex 75.02 33.9599 4
    endloop
  endfacet
  facet normal 0 0 1
    outer loop
      vertex 75.02 33.9599 4
      vertex 60.758 52.3776 4
      vertex 74 34 4
    endloop
  endfacet
  facet normal -0 0 1
    outer loop
      vertex 60.6098 51.8523 4
      vertex 74 34 4
      vertex 60.758 52.3776 4
    endloop
  endfacet
  facet normal -0 0 1
    outer loop
      vertex 60.421 51.3404 4
      vertex 74 34 4
      vertex 60.6098 51.8523 4
    endloop
  endfacet
  facet normal -0 0 1
    outer loop
      vertex 60.1925 50.8448 4
      vertex 74 34 4
      vertex 60.421 51.3404 4
    endloop
  endfacet
  facet normal -0 0 1
    outer loop
      vertex 59.9258 50.3686 4
      vertex 74 34 4
      vertex 60.1925 50.8448 4
    endloop
  endfacet
  facet normal -0 0 1
    outer loop
      vertex 59.6227 49.9149 4
      vertex 74 34 4
      vertex 59.9258 50.3686 4
    endloop
  endfacet
  facet normal -0 0 1
    outer loop
      vertex 59.2848 49.4863 4
      vertex 74 34 4
      vertex 59.6227 49.9149 4
    endloop
  endfacet
  facet normal -0 0 1
    outer loop
      vertex 58.9144 49.0856 4
      vertex 74 34 4
      vertex 59.2848 49.4863 4
    endloop
  endfacet
  facet normal -0 0 1
    outer loop
      vertex 58.5137 48.7152 4
      vertex 74 34 4
      vertex 58.9144 49.0856 4
    endloop
  endfacet
  facet normal -0 0 1
    outer loop
      vertex 58.0851 48.3773 4
      vertex 74 34 4
      vertex 58.5137 48.7152 4
    endloop
  endfacet
  facet normal -0 0 1
    outer loop
      vertex 57.6314 48.0742 4
      vertex 74 34 4
      vertex 58.0851 48.3773 4
    endloop
  endfacet
  facet normal -0 0 1
    outer loop
      vertex 57.1552 47.8075 4
      vertex 74 34 4
      vertex 57.6314 48.0742 4
    endloop
  endfacet
  facet normal -0 0 1
    outer loop
      vertex 56.6596 47.579 4
      vertex 74 34 4
      vertex 57.1552 47.8075 4
    endloop
  endfacet
  facet normal -0 0 1
    outer loop
      vertex 56.1477 47.3902 4
      vertex 74 34 4
      vertex 56.6596 47.579 4
    endloop
  endfacet
  facet normal -0 0 1
    outer loop
      vertex 55.6224 47.242 4
      vertex 74 34 4
      vertex 56.1477 47.3902 4
    endloop
  endfacet
  facet normal -0 0 1
    outer loop
      vertex 55.0872 47.1356 4
      vertex 74 34 4
      vertex 55.6224 47.242 4
    endloop
  endfacet
  facet normal -0 0 1
    outer loop
      vertex 54.5453 47.0714 4
      vertex 74 34 4
      vertex 55.0872 47.1356 4
    endloop
  endfacet
  facet normal -0 0 1
    outer loop
      vertex 54 47.05 4
      vertex 74 34 4
      vertex 54.5453 47.0714 4
    endloop
  endfacet
  facet normal 0 0 1
    outer loop
      vertex 34 34 4
      vertex 54 47.05 4
      vertex 53.4547 47.0714 4
    endloop
  endfacet
  facet normal 0 0 1
    outer loop
      vertex 34 34 4
      vertex 53.4547 47.0714 4
      vertex 52.9128 47.1356 4
    endloop
  endfacet
  facet normal 0 0 1
    outer loop
      vertex 34 34 4
      vertex 52.9128 47.1356 4
      vertex 52.3776 47.242 4
    endloop
  endfacet
  facet normal 0 0 1
    outer loop
      vertex 34 34 4
      vertex 52.3776 47.242 4
      vertex 51.8523 47.3902 4
    endloop
  endfacet
  facet normal 0 0 1
    outer loop
      vertex 34 34 4
      vertex 51.8523 47.3902 4
      vertex 51.3404 47.579 4
    endloop
  endfacet
  facet normal 0 0 1
    outer loop
      vertex 34 34 4
      vertex 51.3404 47.579 4
      vertex 50.8448 47.8075 4
    endloop
  endfacet
  facet normal 0 0 1
    outer loop
      vertex 34 34 4
      vertex 50.8448 47.8075 4
      vertex 50.3686 48.0742 4
    endloop
  endfacet
  facet normal 0 0 1
    outer loop
      vertex 54 47.05 4
      vertex 34 34 4
      vertex 74 34 4
    endloop
  endfacet
  facet normal 0 0 1
    outer loop
      vertex 49.9149 48.3773 4
      vertex 34 34 4
      vertex 50.3686 48.0742 4
    endloop
  endfacet
  facet normal 0 0 1
    outer loop
      vertex 49.4863 48.7152 4
      vertex 34 34 4
      vertex 49.9149 48.3773 4
    endloop
  endfacet
  facet normal 0 0 1
    outer loop
      vertex 49.0856 49.0856 4
      vertex 34 34 4
      vertex 49.4863 48.7152 4
    endloop
  endfacet
  facet normal 0 0 1
    outer loop
      vertex 48.7152 49.4863 4
      vertex 34 34 4
      vertex 49.0856 49.0856 4
    endloop
  endfacet
  facet normal 0 0 1
    outer loop
      vertex 48.3773 49.9149 4
      vertex 34 34 4
      vertex 48.7152 49.4863 4
    endloop
  endfacet
  facet normal 0 0 1
    outer loop
      vertex 48.0742 50.3686 4
      vertex 34 34 4
      vertex 48.3773 49.9149 4
    endloop
  endfacet
  facet normal 0 0 1
    outer loop
      vertex 47.8075 50.8448 4
      vertex 34 34 4
      vertex 48.0742 50.3686 4
    endloop
  endfacet
  facet normal 0 0 1
    outer loop
      vertex 47.579 51.3404 4
      vertex 34 34 4
      vertex 47.8075 50.8448 4
    endloop
  endfacet
  facet normal 0 0 1
    outer loop
      vertex 47.3902 51.8523 4
      vertex 34 34 4
      vertex 47.579 51.3404 4
    endloop
  endfacet
  facet normal 0 0 1
    outer loop
      vertex 47.242 52.3776 4
      vertex 34 34 4
      vertex 47.3902 51.8523 4
    endloop
  endfacet
  facet normal 0 0 1
    outer loop
      vertex 47.1356 52.9128 4
      vertex 34 34 4
      vertex 47.242 52.3776 4
    endloop
  endfacet
  facet normal 0 0 1
    outer loop
      vertex 47.0714 53.4547 4
      vertex 34 34 4
      vertex 47.1356 52.9128 4
    endloop
  endfacet
  facet normal 0 0 1
    outer loop
      vertex 34 34 4
      vertex 47.0714 53.4547 4
      vertex 47.05 54 4
    endloop
  endfacet
  facet normal 0 0 1
    outer loop
      vertex 47.1356 55.0872 4
      vertex 24.6886 57.7097 4
      vertex 24.6544 57.4212 4
    endloop
  endfacet
  facet normal 0 0 1
    outer loop
      vertex 47.0714 54.5453 4
      vertex 24.6544 57.4212 4
      vertex 24.5978 57.1363 4
    endloop
  endfacet
  facet normal 0 0 1
    outer loop
      vertex 47.05 54 4
      vertex 24.5978 57.1363 4
      vertex 24.5189 56.8566 4
    endloop
  endfacet
  facet normal 0 0 1
    outer loop
      vertex 47.05 54 4
      vertex 24.5189 56.8566 4
      vertex 24.4184 56.5841 4
    endloop
  endfacet
  facet normal 0 0 1
    outer loop
      vertex 47.05 54 4
      vertex 24.4184 56.5841 4
      vertex 24.2967 56.3202 4
    endloop
  endfacet
  facet normal 0 0 1
    outer loop
      vertex 47.05 54 4
      vertex 24.2967 56.3202 4
      vertex 24.1548 56.0668 4
    endloop
  endfacet
  facet normal 0 0 1
    outer loop
      vertex 34 34 4
      vertex 23.6163 55.3837 4
      vertex 32.98 33.9599 4
    endloop
  endfacet
  facet normal 0 0 1
    outer loop
      vertex 31.9664 33.8399 4
      vertex 22.9332 54.8452 4
      vertex 30.9652 33.6408 4
    endloop
  endfacet
  facet normal -0 0 1
    outer loop
      vertex 22.4159 54.5816 4
      vertex 29.9828 33.3637 4
      vertex 22.6798 54.7033 4
    endloop
  endfacet
  facet normal -0 0 1
    outer loop
      vertex 22.1434 54.4811 4
      vertex 29.9828 33.3637 4
      vertex 22.4159 54.5816 4
    endloop
  endfacet
  facet normal 0 0 1
    outer loop
      vertex 29.9828 33.3637 4
      vertex 22.1434 54.4811 4
      vertex 29.0251 33.0104 4
    endloop
  endfacet
  facet normal -0 0 1
    outer loop
      vertex 21.8637 54.4022 4
      vertex 29.0251 33.0104 4
      vertex 22.1434 54.4811 4
    endloop
  endfacet
  facet normal -0 0 1
    outer loop
      vertex 21.5788 54.3456 4
      vertex 29.0251 33.0104 4
      vertex 21.8637 54.4022 4
    endloop
  endfacet
  facet normal 0 0 1
    outer loop
      vertex 29.0251 33.0104 4
      vertex 21.5788 54.3456 4
      vertex 28.0981 32.5831 4
    endloop
  endfacet
  facet normal -0 0 1
    outer loop
      vertex 21.2903 54.3114 4
      vertex 28.0981 32.5831 4
      vertex 21.5788 54.3456 4
    endloop
  endfacet
  facet normal 0 0 1
    outer loop
      vertex 28.0981 32.5831 4
      vertex 21.2903 54.3114 4
      vertex 27.2075 32.0843 4
    endloop
  endfacet
  facet normal -0 0 1
    outer loop
      vertex 21 54.3 4
      vertex 27.2075 32.0843 4
      vertex 21.2903 54.3114 4
    endloop
  endfacet
  facet normal 0 0 1
    outer loop
      vertex 20.7097 54.3114 4
      vertex 27.2075 32.0843 4
      vertex 21 54.3 4
    endloop
  endfacet
  facet normal 0 0 1
    outer loop
      vertex 27.2075 32.0843 4
      vertex 20.7097 54.3114 4
      vertex 26.3588 31.5172 4
    endloop
  endfacet
  facet normal 0 0 1
    outer loop
      vertex 20.4212 54.3456 4
      vertex 26.3588 31.5172 4
      vertex 20.7097 54.3114 4
    endloop
  endfacet
  facet normal 0 0 1
    outer loop
      vertex 26.3588 31.5172 4
      vertex 20.4212 54.3456 4
      vertex 25.5572 30.8853 4
    endloop
  endfacet
  facet normal 0 0 1
    outer loop
      vertex 20.1363 54.4022 4
      vertex 25.5572 30.8853 4
      vertex 20.4212 54.3456 4
    endloop
  endfacet
  facet normal 0 0 1
    outer loop
      vertex 19.8566 54.4811 4
      vertex 25.5572 30.8853 4
      vertex 20.1363 54.4022 4
    endloop
  endfacet
  facet normal 0 0 1
    outer loop
      vertex 25.5572 30.8853 4
      vertex 19.8566 54.4811 4
      vertex 24.8076 30.1924 4
    endloop
  endfacet
  facet normal 0 0 1
    outer loop
      vertex 19.5841 54.5816 4
      vertex 24.8076 30.1924 4
      vertex 19.8566 54.4811 4
    endloop
  endfacet
  facet normal 0 0 1
    outer loop
      vertex 24.8076 30.1924 4
      vertex 19.5841 54.5816 4
      vertex 24.1147 29.4428 4
    endloop
  endfacet
  facet normal 0 0 1
    outer loop
      vertex 19.3202 54.7033 4
      vertex 24.1147 29.4428 4
      vertex 19.5841 54.5816 4
    endloop
  endfacet
  facet normal 0 0 1
    outer loop
      vertex 19.0668 54.8452 4
      vertex 24.1147 29.4428 4
      vertex 19.3202 54.7033 4
    endloop
  endfacet
  facet normal 0 0 1
    outer loop
      vertex 24.1147 29.4428 4
      vertex 19.0668 54.8452 4
      vertex 23.4828 28.6412 4
    endloop
  endfacet
  facet normal 0 0 1
    outer loop
      vertex 18.8252 55.0066 4
      vertex 23.4828 28.6412 4
      vertex 19.0668 54.8452 4
    endloop
  endfacet
  facet normal 0 0 1
    outer loop
      vertex 23.4828 28.6412 4
      vertex 18.8252 55.0066 4
      vertex 22.9157 27.7925 4
    endloop
  endfacet
  facet normal 0 0 1
    outer loop
      vertex 11.4954 10.1177 4
      vertex 11.4954 9.88231 4
      vertex 11.5 10 4
    endloop
  endfacet
  facet normal 0 0 1
    outer loop
      vertex 11.4815 10.2347 4
      vertex 11.4954 9.88231 4
      vertex 11.4954 10.1177 4
    endloop
  endfacet
  facet normal 0 0 1
    outer loop
      vertex 11.4815 10.2347 4
      vertex 11.4815 9.76535 4
      vertex 11.4954 9.88231 4
    endloop
  endfacet
  facet normal 0 0 1
    outer loop
      vertex 11.4586 10.3502 4
      vertex 11.4815 9.76535 4
      vertex 11.4815 10.2347 4
    endloop
  endfacet
  facet normal 0 0 1
    outer loop
      vertex 11.4586 10.3502 4
      vertex 11.4586 9.64983 4
      vertex 11.4815 9.76535 4
    endloop
  endfacet
  facet normal 0 0 1
    outer loop
      vertex 11.4266 10.4635 4
      vertex 11.4586 9.64983 4
      vertex 11.4586 10.3502 4
    endloop
  endfacet
  facet normal 0 0 1
    outer loop
      vertex 11.4266 10.4635 4
      vertex 11.4266 9.53648 4
      vertex 11.4586 9.64983 4
    endloop
  endfacet
  facet normal 0 0 1
    outer loop
      vertex 11.3858 10.574 4
      vertex 11.4266 9.53648 4
      vertex 11.4266 10.4635 4
    endloop
  endfacet
  facet normal 0 0 1
    outer loop
      vertex 11.3858 10.574 4
      vertex 11.3858 9.42598 4
      vertex 11.4266 9.53648 4
    endloop
  endfacet
  facet normal 0 0 1
    outer loop
      vertex 11.3365 10.681 4
      vertex 11.3858 9.42598 4
      vertex 11.3858 10.574 4
    endloop
  endfacet
  facet normal 0 0 1
    outer loop
      vertex 11.3365 10.681 4
      vertex 11.3365 9.31901 4
      vertex 11.3858 9.42598 4
    endloop
  endfacet
  facet normal 0 0 1
    outer loop
      vertex 11.279 10.7837 4
      vertex 11.3365 9.31901 4
      vertex 11.3365 10.681 4
    endloop
  endfacet
  facet normal 0 0 1
    outer loop
      vertex 11.279 10.7837 4
      vertex 11.279 9.21625 4
      vertex 11.3365 9.31901 4
    endloop
  endfacet
  facet normal 0 0 1
    outer loop
      vertex 11.2135 10.8817 4
      vertex 11.279 9.21625 4
      vertex 11.279 10.7837 4
    endloop
  endfacet
  facet normal 0 0 1
    outer loop
      vertex 11.2135 10.8817 4
      vertex 11.2135 9.11832 4
      vertex 11.279 9.21625 4
    endloop
  endfacet
  facet normal 0 0 1
    outer loop
      vertex 11.1406 10.9742 4
      vertex 11.2135 9.11832 4
      vertex 11.2135 10.8817 4
    endloop
  endfacet
  facet normal 0 0 1
    outer loop
      vertex 11.1406 10.9742 4
      vertex 11.1406 9.02583 4
      vertex 11.2135 9.11832 4
    endloop
  endfacet
  facet normal 0 0 1
    outer loop
      vertex 11.0607 11.0607 4
      vertex 11.1406 9.02583 4
      vertex 11.1406 10.9742 4
    endloop
  endfacet
  facet normal 0 0 1
    outer loop
      vertex 11.0607 11.0607 4
      vertex 11.0607 8.93934 4
      vertex 11.1406 9.02583 4
    endloop
  endfacet
  facet normal 0 0 1
    outer loop
      vertex 10.9742 11.1406 4
      vertex 11.0607 8.93934 4
      vertex 11.0607 11.0607 4
    endloop
  endfacet
  facet normal 0 0 1
    outer loop
      vertex 10.9742 11.1406 4
      vertex 10.9742 8.85939 4
      vertex 11.0607 8.93934 4
    endloop
  endfacet
  facet normal 0 0 1
    outer loop
      vertex 10.8817 11.2135 4
      vertex 10.9742 8.85939 4
      vertex 10.9742 11.1406 4
    endloop
  endfacet
  facet normal 0 0 1
    outer loop
      vertex 10.8817 11.2135 4
      vertex 10.8817 8.78648 4
      vertex 10.9742 8.85939 4
    endloop
  endfacet
  facet normal 0 0 1
    outer loop
      vertex 10.7837 11.279 4
      vertex 10.8817 8.78648 4
      vertex 10.8817 11.2135 4
    endloop
  endfacet
  facet normal 0 0 1
    outer loop
      vertex 10.7837 11.279 4
      vertex 10.7837 8.72104 4
      vertex 10.8817 8.78648 4
    endloop
  endfacet
  facet normal 0 0 1
    outer loop
      vertex 10.681 11.3365 4
      vertex 10.7837 8.72104 4
      vertex 10.7837 11.279 4
    endloop
  endfacet
  facet normal 0 0 1
    outer loop
      vertex 10.681 11.3365 4
      vertex 10.681 8.66349 4
      vertex 10.7837 8.72104 4
    endloop
  endfacet
  facet normal 0 0 1
    outer loop
      vertex 10.574 11.3858 4
      vertex 10.681 8.66349 4
      vertex 10.681 11.3365 4
    endloop
  endfacet
  facet normal 0 0 1
    outer loop
      vertex 10.574 11.3858 4
      vertex 10.574 8.61418 4
      vertex 10.681 8.66349 4
    endloop
  endfacet
  facet normal 0 0 1
    outer loop
      vertex 10.4635 11.4266 4
      vertex 10.574 8.61418 4
      vertex 10.574 11.3858 4
    endloop
  endfacet
  facet normal 0 0 1
    outer loop
      vertex 10.4635 11.4266 4
      vertex 10.4635 8.57342 4
      vertex 10.574 8.61418 4
    endloop
  endfacet
  facet normal 0 0 1
    outer loop
      vertex 10.3502 11.4586 4
      vertex 10.4635 8.57342 4
      vertex 10.4635 11.4266 4
    endloop
  endfacet
  facet normal 0 0 1
    outer loop
      vertex 10.3502 11.4586 4
      vertex 10.3502 8.54145 4
      vertex 10.4635 8.57342 4
    endloop
  endfacet
  facet normal 0 0 1
    outer loop
      vertex 10.2347 11.4815 4
      vertex 10.3502 8.54145 4
      vertex 10.3502 11.4586 4
    endloop
  endfacet
  facet normal 0 0 1
    outer loop
      vertex 10.2347 11.4815 4
      vertex 10.2347 8.51847 4
      vertex 10.3502 8.54145 4
    endloop
  endfacet
  facet normal 0 0 1
    outer loop
      vertex 10.1177 11.4954 4
      vertex 10.2347 8.51847 4
      vertex 10.2347 11.4815 4
    endloop
  endfacet
  facet normal 0 0 1
    outer loop
      vertex 10.1177 11.4954 4
      vertex 10.1177 8.50462 4
      vertex 10.2347 8.51847 4
    endloop
  endfacet
  facet normal 0 0 1
    outer loop
      vertex 10 11.5 4
      vertex 10.1177 8.50462 4
      vertex 10.1177 11.4954 4
    endloop
  endfacet
  facet normal 0 0 1
    outer loop
      vertex 10 11.5 4
      vertex 10 8.5 4
      vertex 10.1177 8.50462 4
    endloop
  endfacet
  facet normal -0 0 1
    outer loop
      vertex 9.88231 11.4954 4
      vertex 10 8.5 4
      vertex 10 11.5 4
    endloop
  endfacet
  facet normal 0 0 1
    outer loop
      vertex 9.88231 11.4954 4
      vertex 9.88231 8.50462 4
      vertex 10 8.5 4
    endloop
  endfacet
  facet normal -0 0 1
    outer loop
      vertex 9.76535 11.4815 4
      vertex 9.88231 8.50462 4
      vertex 9.88231 11.4954 4
    endloop
  endfacet
  facet normal 0 0 1
    outer loop
      vertex 9.76535 11.4815 4
      vertex 9.76535 8.51847 4
      vertex 9.88231 8.50462 4
    endloop
  endfacet
  facet normal -0 0 1
    outer loop
      vertex 9.64983 11.4586 4
      vertex 9.76535 8.51847 4
      vertex 9.76535 11.4815 4
    endloop
  endfacet
  facet normal 0 0 1
    outer loop
      vertex 9.64983 11.4586 4
      vertex 9.64983 8.54145 4
      vertex 9.76535 8.51847 4
    endloop
  endfacet
  facet normal -0 0 1
    outer loop
      vertex 9.53648 11.4266 4
      vertex 9.64983 8.54145 4
      vertex 9.64983 11.4586 4
    endloop
  endfacet
  facet normal 0 0 1
    outer loop
      vertex 9.53648 11.4266 4
      vertex 9.53648 8.57342 4
      vertex 9.64983 8.54145 4
    endloop
  endfacet
  facet normal -0 0 1
    outer loop
      vertex 9.42598 11.3858 4
      vertex 9.53648 8.57342 4
      vertex 9.53648 11.4266 4
    endloop
  endfacet
  facet normal 0 0 1
    outer loop
      vertex 9.42598 11.3858 4
      vertex 9.42598 8.61418 4
      vertex 9.53648 8.57342 4
    endloop
  endfacet
  facet normal -0 0 1
    outer loop
      vertex 9.31901 11.3365 4
      vertex 9.42598 8.61418 4
      vertex 9.42598 11.3858 4
    endloop
  endfacet
  facet normal 0 0 1
    outer loop
      vertex 9.31901 11.3365 4
      vertex 9.31901 8.66349 4
      vertex 9.42598 8.61418 4
    endloop
  endfacet
  facet normal -0 0 1
    outer loop
      vertex 9.21625 11.279 4
      vertex 9.31901 8.66349 4
      vertex 9.31901 11.3365 4
    endloop
  endfacet
  facet normal 0 0 1
    outer loop
      vertex 9.21625 11.279 4
      vertex 9.21625 8.72104 4
      vertex 9.31901 8.66349 4
    endloop
  endfacet
  facet normal -0 0 1
    outer loop
      vertex 9.11832 11.2135 4
      vertex 9.21625 8.72104 4
      vertex 9.21625 11.279 4
    endloop
  endfacet
  facet normal 0 0 1
    outer loop
      vertex 9.11832 11.2135 4
      vertex 9.11832 8.78648 4
      vertex 9.21625 8.72104 4
    endloop
  endfacet
  facet normal -0 0 1
    outer loop
      vertex 9.02583 11.1406 4
      vertex 9.11832 8.78648 4
      vertex 9.11832 11.2135 4
    endloop
  endfacet
  facet normal 0 0 1
    outer loop
      vertex 9.02583 11.1406 4
      vertex 9.02583 8.85939 4
      vertex 9.11832 8.78648 4
    endloop
  endfacet
  facet normal -0 0 1
    outer loop
      vertex 8.93934 11.0607 4
      vertex 9.02583 8.85939 4
      vertex 9.02583 11.1406 4
    endloop
  endfacet
  facet normal 0 0 1
    outer loop
      vertex 8.93934 11.0607 4
      vertex 8.93934 8.93934 4
      vertex 9.02583 8.85939 4
    endloop
  endfacet
  facet normal -0 0 1
    outer loop
      vertex 8.85939 10.9742 4
      vertex 8.93934 8.93934 4
      vertex 8.93934 11.0607 4
    endloop
  endfacet
  facet normal 0 0 1
    outer loop
      vertex 8.85939 10.9742 4
      vertex 8.85939 9.02583 4
      vertex 8.93934 8.93934 4
    endloop
  endfacet
  facet normal -0 0 1
    outer loop
      vertex 8.78648 10.8817 4
      vertex 8.85939 9.02583 4
      vertex 8.85939 10.9742 4
    endloop
  endfacet
  facet normal 0 0 1
    outer loop
      vertex 8.78648 10.8817 4
      vertex 8.78648 9.11832 4
      vertex 8.85939 9.02583 4
    endloop
  endfacet
  facet normal -0 0 1
    outer loop
      vertex 8.72104 10.7837 4
      vertex 8.78648 9.11832 4
      vertex 8.78648 10.8817 4
    endloop
  endfacet
  facet normal 0 0 1
    outer loop
      vertex 8.72104 10.7837 4
      vertex 8.72104 9.21625 4
      vertex 8.78648 9.11832 4
    endloop
  endfacet
  facet normal -0 0 1
    outer loop
      vertex 8.66349 10.681 4
      vertex 8.72104 9.21625 4
      vertex 8.72104 10.7837 4
    endloop
  endfacet
  facet normal 0 0 1
    outer loop
      vertex 8.66349 10.681 4
      vertex 8.66349 9.31901 4
      vertex 8.72104 9.21625 4
    endloop
  endfacet
  facet normal -0 0 1
    outer loop
      vertex 8.61418 10.574 4
      vertex 8.66349 9.31901 4
      vertex 8.66349 10.681 4
    endloop
  endfacet
  facet normal 0 0 1
    outer loop
      vertex 8.61418 10.574 4
      vertex 8.61418 9.42598 4
      vertex 8.66349 9.31901 4
    endloop
  endfacet
  facet normal -0 0 1
    outer loop
      vertex 8.57342 10.4635 4
      vertex 8.61418 9.42598 4
      vertex 8.61418 10.574 4
    endloop
  endfacet
  facet normal 0 0 1
    outer loop
      vertex 8.57342 10.4635 4
      vertex 8.57342 9.53648 4
      vertex 8.61418 9.42598 4
    endloop
  endfacet
  facet normal -0 0 1
    outer loop
      vertex 8.54145 10.3502 4
      vertex 8.57342 9.53648 4
      vertex 8.57342 10.4635 4
    endloop
  endfacet
  facet normal 0 0 1
    outer loop
      vertex 8.54145 10.3502 4
      vertex 8.54145 9.64983 4
      vertex 8.57342 9.53648 4
    endloop
  endfacet
  facet normal -0 0 1
    outer loop
      vertex 8.51847 10.2347 4
      vertex 8.54145 9.64983 4
      vertex 8.54145 10.3502 4
    endloop
  endfacet
  facet normal 0 0 1
    outer loop
      vertex 8.51847 10.2347 4
      vertex 8.51847 9.76535 4
      vertex 8.54145 9.64983 4
    endloop
  endfacet
  facet normal -0 0 1
    outer loop
      vertex 8.50462 10.1177 4
      vertex 8.51847 9.76535 4
      vertex 8.51847 10.2347 4
    endloop
  endfacet
  facet normal 0 0 1
    outer loop
      vertex 8.50462 10.1177 4
      vertex 8.50462 9.88231 4
      vertex 8.51847 9.76535 4
    endloop
  endfacet
  facet normal 0 -0 1
    outer loop
      vertex 8.50462 9.88231 4
      vertex 8.50462 10.1177 4
      vertex 8.5 10 4
    endloop
  endfacet
  facet normal 0 0 1
    outer loop
      vertex 109.495 10.1177 4
      vertex 109.495 9.88231 4
      vertex 109.5 10 4
    endloop
  endfacet
  facet normal 0 0 1
    outer loop
      vertex 109.482 10.2347 4
      vertex 109.495 9.88231 4
      vertex 109.495 10.1177 4
    endloop
  endfacet
  facet normal 0 0 1
    outer loop
      vertex 109.482 10.2347 4
      vertex 109.482 9.76535 4
      vertex 109.495 9.88231 4
    endloop
  endfacet
  facet normal 0 0 1
    outer loop
      vertex 109.459 10.3502 4
      vertex 109.482 9.76535 4
      vertex 109.482 10.2347 4
    endloop
  endfacet
  facet normal 0 0 1
    outer loop
      vertex 109.459 10.3502 4
      vertex 109.459 9.64983 4
      vertex 109.482 9.76535 4
    endloop
  endfacet
  facet normal 0 0 1
    outer loop
      vertex 109.427 10.4635 4
      vertex 109.459 9.64983 4
      vertex 109.459 10.3502 4
    endloop
  endfacet
  facet normal 0 0 1
    outer loop
      vertex 109.427 10.4635 4
      vertex 109.427 9.53648 4
      vertex 109.459 9.64983 4
    endloop
  endfacet
  facet normal 0 0 1
    outer loop
      vertex 109.386 10.574 4
      vertex 109.427 9.53648 4
      vertex 109.427 10.4635 4
    endloop
  endfacet
  facet normal 0 0 1
    outer loop
      vertex 109.386 10.574 4
      vertex 109.386 9.42598 4
      vertex 109.427 9.53648 4
    endloop
  endfacet
  facet normal 0 0 1
    outer loop
      vertex 109.337 10.681 4
      vertex 109.386 9.42598 4
      vertex 109.386 10.574 4
    endloop
  endfacet
  facet normal 0 0 1
    outer loop
      vertex 109.337 10.681 4
      vertex 109.337 9.31901 4
      vertex 109.386 9.42598 4
    endloop
  endfacet
  facet normal 0 0 1
    outer loop
      vertex 109.279 10.7837 4
      vertex 109.337 9.31901 4
      vertex 109.337 10.681 4
    endloop
  endfacet
  facet normal 0 0 1
    outer loop
      vertex 109.279 10.7837 4
      vertex 109.279 9.21625 4
      vertex 109.337 9.31901 4
    endloop
  endfacet
  facet normal 0 0 1
    outer loop
      vertex 109.214 10.8817 4
      vertex 109.279 9.21625 4
      vertex 109.279 10.7837 4
    endloop
  endfacet
  facet normal 0 0 1
    outer loop
      vertex 109.214 10.8817 4
      vertex 109.214 9.11832 4
      vertex 109.279 9.21625 4
    endloop
  endfacet
  facet normal 0 0 1
    outer loop
      vertex 109.141 10.9742 4
      vertex 109.214 9.11832 4
      vertex 109.214 10.8817 4
    endloop
  endfacet
  facet normal 0 0 1
    outer loop
      vertex 109.141 10.9742 4
      vertex 109.141 9.02583 4
      vertex 109.214 9.11832 4
    endloop
  endfacet
  facet normal 0 0 1
    outer loop
      vertex 109.061 11.0607 4
      vertex 109.141 9.02583 4
      vertex 109.141 10.9742 4
    endloop
  endfacet
  facet normal 0 0 1
    outer loop
      vertex 109.061 11.0607 4
      vertex 109.061 8.93934 4
      vertex 109.141 9.02583 4
    endloop
  endfacet
  facet normal 0 0 1
    outer loop
      vertex 108.974 11.1406 4
      vertex 109.061 8.93934 4
      vertex 109.061 11.0607 4
    endloop
  endfacet
  facet normal 0 0 1
    outer loop
      vertex 108.974 11.1406 4
      vertex 108.974 8.85939 4
      vertex 109.061 8.93934 4
    endloop
  endfacet
  facet normal 0 0 1
    outer loop
      vertex 108.882 11.2135 4
      vertex 108.974 8.85939 4
      vertex 108.974 11.1406 4
    endloop
  endfacet
  facet normal 0 0 1
    outer loop
      vertex 108.882 11.2135 4
      vertex 108.882 8.78648 4
      vertex 108.974 8.85939 4
    endloop
  endfacet
  facet normal 0 0 1
    outer loop
      vertex 108.784 11.279 4
      vertex 108.882 8.78648 4
      vertex 108.882 11.2135 4
    endloop
  endfacet
  facet normal 0 0 1
    outer loop
      vertex 108.784 11.279 4
      vertex 108.784 8.72104 4
      vertex 108.882 8.78648 4
    endloop
  endfacet
  facet normal 0 0 1
    outer loop
      vertex 108.681 11.3365 4
      vertex 108.784 8.72104 4
      vertex 108.784 11.279 4
    endloop
  endfacet
  facet normal 0 0 1
    outer loop
      vertex 108.681 11.3365 4
      vertex 108.681 8.66349 4
      vertex 108.784 8.72104 4
    endloop
  endfacet
  facet normal 0 0 1
    outer loop
      vertex 108.574 11.3858 4
      vertex 108.681 8.66349 4
      vertex 108.681 11.3365 4
    endloop
  endfacet
  facet normal 0 0 1
    outer loop
      vertex 108.574 11.3858 4
      vertex 108.574 8.61418 4
      vertex 108.681 8.66349 4
    endloop
  endfacet
  facet normal 0 0 1
    outer loop
      vertex 108.464 11.4266 4
      vertex 108.574 8.61418 4
      vertex 108.574 11.3858 4
    endloop
  endfacet
  facet normal 0 0 1
    outer loop
      vertex 108.464 11.4266 4
      vertex 108.464 8.57342 4
      vertex 108.574 8.61418 4
    endloop
  endfacet
  facet normal 0 0 1
    outer loop
      vertex 108.35 11.4586 4
      vertex 108.464 8.57342 4
      vertex 108.464 11.4266 4
    endloop
  endfacet
  facet normal 0 0 1
    outer loop
      vertex 108.35 11.4586 4
      vertex 108.35 8.54145 4
      vertex 108.464 8.57342 4
    endloop
  endfacet
  facet normal 0 0 1
    outer loop
      vertex 108.235 11.4815 4
      vertex 108.35 8.54145 4
      vertex 108.35 11.4586 4
    endloop
  endfacet
  facet normal 0 0 1
    outer loop
      vertex 108.235 11.4815 4
      vertex 108.235 8.51847 4
      vertex 108.35 8.54145 4
    endloop
  endfacet
  facet normal 0 0 1
    outer loop
      vertex 108.118 11.4954 4
      vertex 108.235 8.51847 4
      vertex 108.235 11.4815 4
    endloop
  endfacet
  facet normal 0 0 1
    outer loop
      vertex 108.118 11.4954 4
      vertex 108.118 8.50462 4
      vertex 108.235 8.51847 4
    endloop
  endfacet
  facet normal 0 0 1
    outer loop
      vertex 108 11.5 4
      vertex 108.118 8.50462 4
      vertex 108.118 11.4954 4
    endloop
  endfacet
  facet normal 0 0 1
    outer loop
      vertex 108 11.5 4
      vertex 108 8.5 4
      vertex 108.118 8.50462 4
    endloop
  endfacet
  facet normal -0 0 1
    outer loop
      vertex 107.882 11.4954 4
      vertex 108 8.5 4
      vertex 108 11.5 4
    endloop
  endfacet
  facet normal 0 0 1
    outer loop
      vertex 107.882 11.4954 4
      vertex 107.882 8.50462 4
      vertex 108 8.5 4
    endloop
  endfacet
  facet normal -0 0 1
    outer loop
      vertex 107.765 11.4815 4
      vertex 107.882 8.50462 4
      vertex 107.882 11.4954 4
    endloop
  endfacet
  facet normal 0 0 1
    outer loop
      vertex 107.765 11.4815 4
      vertex 107.765 8.51847 4
      vertex 107.882 8.50462 4
    endloop
  endfacet
  facet normal -0 0 1
    outer loop
      vertex 107.65 11.4586 4
      vertex 107.765 8.51847 4
      vertex 107.765 11.4815 4
    endloop
  endfacet
  facet normal 0 0 1
    outer loop
      vertex 107.65 11.4586 4
      vertex 107.65 8.54145 4
      vertex 107.765 8.51847 4
    endloop
  endfacet
  facet normal -0 0 1
    outer loop
      vertex 107.536 11.4266 4
      vertex 107.65 8.54145 4
      vertex 107.65 11.4586 4
    endloop
  endfacet
  facet normal 0 0 1
    outer loop
      vertex 107.536 11.4266 4
      vertex 107.536 8.57342 4
      vertex 107.65 8.54145 4
    endloop
  endfacet
  facet normal -0 0 1
    outer loop
      vertex 107.426 11.3858 4
      vertex 107.536 8.57342 4
      vertex 107.536 11.4266 4
    endloop
  endfacet
  facet normal 0 0 1
    outer loop
      vertex 107.426 11.3858 4
      vertex 107.426 8.61418 4
      vertex 107.536 8.57342 4
    endloop
  endfacet
  facet normal -0 0 1
    outer loop
      vertex 107.319 11.3365 4
      vertex 107.426 8.61418 4
      vertex 107.426 11.3858 4
    endloop
  endfacet
  facet normal 0 0 1
    outer loop
      vertex 107.319 11.3365 4
      vertex 107.319 8.66349 4
      vertex 107.426 8.61418 4
    endloop
  endfacet
  facet normal -0 0 1
    outer loop
      vertex 107.216 11.279 4
      vertex 107.319 8.66349 4
      vertex 107.319 11.3365 4
    endloop
  endfacet
  facet normal 0 0 1
    outer loop
      vertex 107.216 11.279 4
      vertex 107.216 8.72104 4
      vertex 107.319 8.66349 4
    endloop
  endfacet
  facet normal -0 0 1
    outer loop
      vertex 107.118 11.2135 4
      vertex 107.216 8.72104 4
      vertex 107.216 11.279 4
    endloop
  endfacet
  facet normal 0 0 1
    outer loop
      vertex 107.118 11.2135 4
      vertex 107.118 8.78648 4
      vertex 107.216 8.72104 4
    endloop
  endfacet
  facet normal -0 0 1
    outer loop
      vertex 107.026 11.1406 4
      vertex 107.118 8.78648 4
      vertex 107.118 11.2135 4
    endloop
  endfacet
  facet normal 0 0 1
    outer loop
      vertex 107.026 11.1406 4
      vertex 107.026 8.85939 4
      vertex 107.118 8.78648 4
    endloop
  endfacet
  facet normal -0 0 1
    outer loop
      vertex 106.939 11.0607 4
      vertex 107.026 8.85939 4
      vertex 107.026 11.1406 4
    endloop
  endfacet
  facet normal 0 0 1
    outer loop
      vertex 106.939 11.0607 4
      vertex 106.939 8.93934 4
      vertex 107.026 8.85939 4
    endloop
  endfacet
  facet normal -0 0 1
    outer loop
      vertex 106.859 10.9742 4
      vertex 106.939 8.93934 4
      vertex 106.939 11.0607 4
    endloop
  endfacet
  facet normal 0 0 1
    outer loop
      vertex 106.859 10.9742 4
      vertex 106.859 9.02583 4
      vertex 106.939 8.93934 4
    endloop
  endfacet
  facet normal -0 0 1
    outer loop
      vertex 106.786 10.8817 4
      vertex 106.859 9.02583 4
      vertex 106.859 10.9742 4
    endloop
  endfacet
  facet normal 0 0 1
    outer loop
      vertex 106.786 10.8817 4
      vertex 106.786 9.11832 4
      vertex 106.859 9.02583 4
    endloop
  endfacet
  facet normal -0 0 1
    outer loop
      vertex 106.721 10.7837 4
      vertex 106.786 9.11832 4
      vertex 106.786 10.8817 4
    endloop
  endfacet
  facet normal 0 0 1
    outer loop
      vertex 106.721 10.7837 4
      vertex 106.721 9.21625 4
      vertex 106.786 9.11832 4
    endloop
  endfacet
  facet normal -0 0 1
    outer loop
      vertex 106.663 10.681 4
      vertex 106.721 9.21625 4
      vertex 106.721 10.7837 4
    endloop
  endfacet
  facet normal 0 0 1
    outer loop
      vertex 106.663 10.681 4
      vertex 106.663 9.31901 4
      vertex 106.721 9.21625 4
    endloop
  endfacet
  facet normal -0 0 1
    outer loop
      vertex 106.614 10.574 4
      vertex 106.663 9.31901 4
      vertex 106.663 10.681 4
    endloop
  endfacet
  facet normal 0 0 1
    outer loop
      vertex 106.614 10.574 4
      vertex 106.614 9.42598 4
      vertex 106.663 9.31901 4
    endloop
  endfacet
  facet normal -0 0 1
    outer loop
      vertex 106.573 10.4635 4
      vertex 106.614 9.42598 4
      vertex 106.614 10.574 4
    endloop
  endfacet
  facet normal 0 0 1
    outer loop
      vertex 106.573 10.4635 4
      vertex 106.573 9.53648 4
      vertex 106.614 9.42598 4
    endloop
  endfacet
  facet normal -0 0 1
    outer loop
      vertex 106.541 10.3502 4
      vertex 106.573 9.53648 4
      vertex 106.573 10.4635 4
    endloop
  endfacet
  facet normal 0 0 1
    outer loop
      vertex 106.541 10.3502 4
      vertex 106.541 9.64983 4
      vertex 106.573 9.53648 4
    endloop
  endfacet
  facet normal -0 0 1
    outer loop
      vertex 106.518 10.2347 4
      vertex 106.541 9.64983 4
      vertex 106.541 10.3502 4
    endloop
  endfacet
  facet normal 0 0 1
    outer loop
      vertex 106.518 10.2347 4
      vertex 106.518 9.76535 4
      vertex 106.541 9.64983 4
    endloop
  endfacet
  facet normal -0 0 1
    outer loop
      vertex 106.505 10.1177 4
      vertex 106.518 9.76535 4
      vertex 106.518 10.2347 4
    endloop
  endfacet
  facet normal 0 0 1
    outer loop
      vertex 106.505 10.1177 4
      vertex 106.505 9.88231 4
      vertex 106.518 9.76535 4
    endloop
  endfacet
  facet normal 0 -0 1
    outer loop
      vertex 106.505 9.88231 4
      vertex 106.505 10.1177 4
      vertex 106.5 10 4
    endloop
  endfacet
  facet normal 0 0 1
    outer loop
      vertex 109.495 60.1177 4
      vertex 109.495 59.8823 4
      vertex 109.5 60 4
    endloop
  endfacet
  facet normal 0 0 1
    outer loop
      vertex 109.482 60.2346 4
      vertex 109.495 59.8823 4
      vertex 109.495 60.1177 4
    endloop
  endfacet
  facet normal 0 0 1
    outer loop
      vertex 109.482 60.2346 4
      vertex 109.482 59.7654 4
      vertex 109.495 59.8823 4
    endloop
  endfacet
  facet normal 0 0 1
    outer loop
      vertex 109.459 60.3502 4
      vertex 109.482 59.7654 4
      vertex 109.482 60.2346 4
    endloop
  endfacet
  facet normal 0 0 1
    outer loop
      vertex 109.459 60.3502 4
      vertex 109.459 59.6498 4
      vertex 109.482 59.7654 4
    endloop
  endfacet
  facet normal 0 0 1
    outer loop
      vertex 109.427 60.4635 4
      vertex 109.459 59.6498 4
      vertex 109.459 60.3502 4
    endloop
  endfacet
  facet normal 0 0 1
    outer loop
      vertex 109.427 60.4635 4
      vertex 109.427 59.5365 4
      vertex 109.459 59.6498 4
    endloop
  endfacet
  facet normal 0 0 1
    outer loop
      vertex 109.386 60.574 4
      vertex 109.427 59.5365 4
      vertex 109.427 60.4635 4
    endloop
  endfacet
  facet normal 0 0 1
    outer loop
      vertex 109.386 60.574 4
      vertex 109.386 59.426 4
      vertex 109.427 59.5365 4
    endloop
  endfacet
  facet normal 0 0 1
    outer loop
      vertex 109.337 60.681 4
      vertex 109.386 59.426 4
      vertex 109.386 60.574 4
    endloop
  endfacet
  facet normal 0 0 1
    outer loop
      vertex 109.337 60.681 4
      vertex 109.337 59.319 4
      vertex 109.386 59.426 4
    endloop
  endfacet
  facet normal 0 0 1
    outer loop
      vertex 109.279 60.7837 4
      vertex 109.337 59.319 4
      vertex 109.337 60.681 4
    endloop
  endfacet
  facet normal 0 0 1
    outer loop
      vertex 109.279 60.7837 4
      vertex 109.279 59.2163 4
      vertex 109.337 59.319 4
    endloop
  endfacet
  facet normal 0 0 1
    outer loop
      vertex 109.214 60.8817 4
      vertex 109.279 59.2163 4
      vertex 109.279 60.7837 4
    endloop
  endfacet
  facet normal 0 0 1
    outer loop
      vertex 109.214 60.8817 4
      vertex 109.214 59.1183 4
      vertex 109.279 59.2163 4
    endloop
  endfacet
  facet normal 0 0 1
    outer loop
      vertex 109.141 60.9742 4
      vertex 109.214 59.1183 4
      vertex 109.214 60.8817 4
    endloop
  endfacet
  facet normal 0 0 1
    outer loop
      vertex 109.141 60.9742 4
      vertex 109.141 59.0258 4
      vertex 109.214 59.1183 4
    endloop
  endfacet
  facet normal 0 0 1
    outer loop
      vertex 109.061 61.0607 4
      vertex 109.141 59.0258 4
      vertex 109.141 60.9742 4
    endloop
  endfacet
  facet normal 0 0 1
    outer loop
      vertex 109.061 61.0607 4
      vertex 109.061 58.9393 4
      vertex 109.141 59.0258 4
    endloop
  endfacet
  facet normal 0 0 1
    outer loop
      vertex 108.974 61.1406 4
      vertex 109.061 58.9393 4
      vertex 109.061 61.0607 4
    endloop
  endfacet
  facet normal 0 0 1
    outer loop
      vertex 108.974 61.1406 4
      vertex 108.974 58.8594 4
      vertex 109.061 58.9393 4
    endloop
  endfacet
  facet normal 0 0 1
    outer loop
      vertex 108.882 61.2135 4
      vertex 108.974 58.8594 4
      vertex 108.974 61.1406 4
    endloop
  endfacet
  facet normal 0 0 1
    outer loop
      vertex 108.882 61.2135 4
      vertex 108.882 58.7865 4
      vertex 108.974 58.8594 4
    endloop
  endfacet
  facet normal 0 0 1
    outer loop
      vertex 108.784 61.279 4
      vertex 108.882 58.7865 4
      vertex 108.882 61.2135 4
    endloop
  endfacet
  facet normal 0 0 1
    outer loop
      vertex 108.784 61.279 4
      vertex 108.784 58.721 4
      vertex 108.882 58.7865 4
    endloop
  endfacet
  facet normal 0 0 1
    outer loop
      vertex 108.681 61.3365 4
      vertex 108.784 58.721 4
      vertex 108.784 61.279 4
    endloop
  endfacet
  facet normal 0 0 1
    outer loop
      vertex 108.681 61.3365 4
      vertex 108.681 58.6635 4
      vertex 108.784 58.721 4
    endloop
  endfacet
  facet normal 0 0 1
    outer loop
      vertex 108.574 61.3858 4
      vertex 108.681 58.6635 4
      vertex 108.681 61.3365 4
    endloop
  endfacet
  facet normal 0 0 1
    outer loop
      vertex 108.574 61.3858 4
      vertex 108.574 58.6142 4
      vertex 108.681 58.6635 4
    endloop
  endfacet
  facet normal 0 0 1
    outer loop
      vertex 108.464 61.4266 4
      vertex 108.574 58.6142 4
      vertex 108.574 61.3858 4
    endloop
  endfacet
  facet normal 0 0 1
    outer loop
      vertex 108.464 61.4266 4
      vertex 108.464 58.5734 4
      vertex 108.574 58.6142 4
    endloop
  endfacet
  facet normal 0 0 1
    outer loop
      vertex 108.35 61.4586 4
      vertex 108.464 58.5734 4
      vertex 108.464 61.4266 4
    endloop
  endfacet
  facet normal 0 0 1
    outer loop
      vertex 108.35 61.4586 4
      vertex 108.35 58.5414 4
      vertex 108.464 58.5734 4
    endloop
  endfacet
  facet normal 0 0 1
    outer loop
      vertex 108.235 61.4815 4
      vertex 108.35 58.5414 4
      vertex 108.35 61.4586 4
    endloop
  endfacet
  facet normal 0 0 1
    outer loop
      vertex 108.235 61.4815 4
      vertex 108.235 58.5185 4
      vertex 108.35 58.5414 4
    endloop
  endfacet
  facet normal 0 0 1
    outer loop
      vertex 108.118 61.4954 4
      vertex 108.235 58.5185 4
      vertex 108.235 61.4815 4
    endloop
  endfacet
  facet normal 0 0 1
    outer loop
      vertex 108.118 61.4954 4
      vertex 108.118 58.5046 4
      vertex 108.235 58.5185 4
    endloop
  endfacet
  facet normal 0 0 1
    outer loop
      vertex 108 61.5 4
      vertex 108.118 58.5046 4
      vertex 108.118 61.4954 4
    endloop
  endfacet
  facet normal 0 0 1
    outer loop
      vertex 108 61.5 4
      vertex 108 58.5 4
      vertex 108.118 58.5046 4
    endloop
  endfacet
  facet normal -0 0 1
    outer loop
      vertex 107.882 61.4954 4
      vertex 108 58.5 4
      vertex 108 61.5 4
    endloop
  endfacet
  facet normal 0 0 1
    outer loop
      vertex 107.882 61.4954 4
      vertex 107.882 58.5046 4
      vertex 108 58.5 4
    endloop
  endfacet
  facet normal -0 0 1
    outer loop
      vertex 107.765 61.4815 4
      vertex 107.882 58.5046 4
      vertex 107.882 61.4954 4
    endloop
  endfacet
  facet normal 0 0 1
    outer loop
      vertex 107.765 61.4815 4
      vertex 107.765 58.5185 4
      vertex 107.882 58.5046 4
    endloop
  endfacet
  facet normal -0 0 1
    outer loop
      vertex 107.65 61.4586 4
      vertex 107.765 58.5185 4
      vertex 107.765 61.4815 4
    endloop
  endfacet
  facet normal 0 0 1
    outer loop
      vertex 107.65 61.4586 4
      vertex 107.65 58.5414 4
      vertex 107.765 58.5185 4
    endloop
  endfacet
  facet normal -0 0 1
    outer loop
      vertex 107.536 61.4266 4
      vertex 107.65 58.5414 4
      vertex 107.65 61.4586 4
    endloop
  endfacet
  facet normal 0 0 1
    outer loop
      vertex 107.536 61.4266 4
      vertex 107.536 58.5734 4
      vertex 107.65 58.5414 4
    endloop
  endfacet
  facet normal -0 0 1
    outer loop
      vertex 107.426 61.3858 4
      vertex 107.536 58.5734 4
      vertex 107.536 61.4266 4
    endloop
  endfacet
  facet normal 0 0 1
    outer loop
      vertex 107.426 61.3858 4
      vertex 107.426 58.6142 4
      vertex 107.536 58.5734 4
    endloop
  endfacet
  facet normal -0 0 1
    outer loop
      vertex 107.319 61.3365 4
      vertex 107.426 58.6142 4
      vertex 107.426 61.3858 4
    endloop
  endfacet
  facet normal 0 0 1
    outer loop
      vertex 107.319 61.3365 4
      vertex 107.319 58.6635 4
      vertex 107.426 58.6142 4
    endloop
  endfacet
  facet normal -0 0 1
    outer loop
      vertex 107.216 61.279 4
      vertex 107.319 58.6635 4
      vertex 107.319 61.3365 4
    endloop
  endfacet
  facet normal 0 0 1
    outer loop
      vertex 107.216 61.279 4
      vertex 107.216 58.721 4
      vertex 107.319 58.6635 4
    endloop
  endfacet
  facet normal -0 0 1
    outer loop
      vertex 107.118 61.2135 4
      vertex 107.216 58.721 4
      vertex 107.216 61.279 4
    endloop
  endfacet
  facet normal 0 0 1
    outer loop
      vertex 107.118 61.2135 4
      vertex 107.118 58.7865 4
      vertex 107.216 58.721 4
    endloop
  endfacet
  facet normal -0 0 1
    outer loop
      vertex 107.026 61.1406 4
      vertex 107.118 58.7865 4
      vertex 107.118 61.2135 4
    endloop
  endfacet
  facet normal 0 0 1
    outer loop
      vertex 107.026 61.1406 4
      vertex 107.026 58.8594 4
      vertex 107.118 58.7865 4
    endloop
  endfacet
  facet normal -0 0 1
    outer loop
      vertex 106.939 61.0607 4
      vertex 107.026 58.8594 4
      vertex 107.026 61.1406 4
    endloop
  endfacet
  facet normal 0 0 1
    outer loop
      vertex 106.939 61.0607 4
      vertex 106.939 58.9393 4
      vertex 107.026 58.8594 4
    endloop
  endfacet
  facet normal -0 0 1
    outer loop
      vertex 106.859 60.9742 4
      vertex 106.939 58.9393 4
      vertex 106.939 61.0607 4
    endloop
  endfacet
  facet normal 0 0 1
    outer loop
      vertex 106.859 60.9742 4
      vertex 106.859 59.0258 4
      vertex 106.939 58.9393 4
    endloop
  endfacet
  facet normal -0 0 1
    outer loop
      vertex 106.786 60.8817 4
      vertex 106.859 59.0258 4
      vertex 106.859 60.9742 4
    endloop
  endfacet
  facet normal 0 0 1
    outer loop
      vertex 106.786 60.8817 4
      vertex 106.786 59.1183 4
      vertex 106.859 59.0258 4
    endloop
  endfacet
  facet normal -0 0 1
    outer loop
      vertex 106.721 60.7837 4
      vertex 106.786 59.1183 4
      vertex 106.786 60.8817 4
    endloop
  endfacet
  facet normal 0 0 1
    outer loop
      vertex 106.721 60.7837 4
      vertex 106.721 59.2163 4
      vertex 106.786 59.1183 4
    endloop
  endfacet
  facet normal -0 0 1
    outer loop
      vertex 106.663 60.681 4
      vertex 106.721 59.2163 4
      vertex 106.721 60.7837 4
    endloop
  endfacet
  facet normal 0 0 1
    outer loop
      vertex 106.663 60.681 4
      vertex 106.663 59.319 4
      vertex 106.721 59.2163 4
    endloop
  endfacet
  facet normal -0 0 1
    outer loop
      vertex 106.614 60.574 4
      vertex 106.663 59.319 4
      vertex 106.663 60.681 4
    endloop
  endfacet
  facet normal 0 0 1
    outer loop
      vertex 106.614 60.574 4
      vertex 106.614 59.426 4
      vertex 106.663 59.319 4
    endloop
  endfacet
  facet normal -0 0 1
    outer loop
      vertex 106.573 60.4635 4
      vertex 106.614 59.426 4
      vertex 106.614 60.574 4
    endloop
  endfacet
  facet normal 0 0 1
    outer loop
      vertex 106.573 60.4635 4
      vertex 106.573 59.5365 4
      vertex 106.614 59.426 4
    endloop
  endfacet
  facet normal -0 0 1
    outer loop
      vertex 106.541 60.3502 4
      vertex 106.573 59.5365 4
      vertex 106.573 60.4635 4
    endloop
  endfacet
  facet normal 0 0 1
    outer loop
      vertex 106.541 60.3502 4
      vertex 106.541 59.6498 4
      vertex 106.573 59.5365 4
    endloop
  endfacet
  facet normal -0 0 1
    outer loop
      vertex 106.518 60.2346 4
      vertex 106.541 59.6498 4
      vertex 106.541 60.3502 4
    endloop
  endfacet
  facet normal 0 0 1
    outer loop
      vertex 106.518 60.2346 4
      vertex 106.518 59.7654 4
      vertex 106.541 59.6498 4
    endloop
  endfacet
  facet normal -0 0 1
    outer loop
      vertex 106.505 60.1177 4
      vertex 106.518 59.7654 4
      vertex 106.518 60.2346 4
    endloop
  endfacet
  facet normal 0 0 1
    outer loop
      vertex 106.505 60.1177 4
      vertex 106.505 59.8823 4
      vertex 106.518 59.7654 4
    endloop
  endfacet
  facet normal 0 -0 1
    outer loop
      vertex 106.505 59.8823 4
      vertex 106.505 60.1177 4
      vertex 106.5 60 4
    endloop
  endfacet
  facet normal 0.993068 0.117543 0
    outer loop
      vertex 4.01231 4.84356 48
      vertex 4.00308 4.92154 4
      vertex 4.00308 4.92154 48
    endloop
  endfacet
  facet normal 0.993068 0.117543 0
    outer loop
      vertex 4.00308 4.92154 4
      vertex 4.01231 4.84356 48
      vertex 4.01231 4.84356 4
    endloop
  endfacet
  facet normal 1 0 0
    outer loop
      vertex 4 65 48
      vertex 4 53 46.5
      vertex 4 65 46.5
    endloop
  endfacet
  facet normal 1 0 0
    outer loop
      vertex 4 53 46.5
      vertex 4 5 48
      vertex 4 53 22
    endloop
  endfacet
  facet normal 1 -0 0
    outer loop
      vertex 4 5 48
      vertex 4 53 46.5
      vertex 4 65 48
    endloop
  endfacet
  facet normal 1 -0 0
    outer loop
      vertex 4 53 22
      vertex 4 65 4
      vertex 4 65 22
    endloop
  endfacet
  facet normal 1 0 0
    outer loop
      vertex 4 5 4
      vertex 4 53 22
      vertex 4 5 48
    endloop
  endfacet
  facet normal 1 0 0
    outer loop
      vertex 4 53 22
      vertex 4 5 4
      vertex 4 65 4
    endloop
  endfacet
  facet normal -0.999271 -0.0381887 0
    outer loop
      vertex 114 65 4
      vertex 113.997 65.0785 48
      vertex 113.997 65.0785 4
    endloop
  endfacet
  facet normal -0.999271 -0.0381887 0
    outer loop
      vertex 113.997 65.0785 48
      vertex 114 65 4
      vertex 114 65 48
    endloop
  endfacet
  facet normal 0.99923 0.0392255 0
    outer loop
      vertex 4.00308 4.92154 48
      vertex 4 5 4
      vertex 4 5 48
    endloop
  endfacet
  facet normal 0.99923 0.0392255 0
    outer loop
      vertex 4 5 4
      vertex 4.00308 4.92154 48
      vertex 4.00308 4.92154 4
    endloop
  endfacet
  facet normal 0.418929 -0.908019 0
    outer loop
      vertex 4.54601 65.891 4
      vertex 4.61732 65.9239 22
      vertex 4.54601 65.891 22
    endloop
  endfacet
  facet normal 0.418929 -0.908019 0
    outer loop
      vertex 4.61732 65.9239 22
      vertex 4.54601 65.891 4
      vertex 4.61732 65.9239 4
    endloop
  endfacet
  facet normal 0.418929 -0.908019 0
    outer loop
      vertex 4.54601 65.891 46.5
      vertex 4.61732 65.9239 48
      vertex 4.54601 65.891 48
    endloop
  endfacet
  facet normal 0.418929 -0.908019 0
    outer loop
      vertex 4.61732 65.9239 48
      vertex 4.54601 65.891 46.5
      vertex 4.61732 65.9239 46.5
    endloop
  endfacet
  facet normal -0.0397122 -0.999211 0
    outer loop
      vertex 113 66 4
      vertex 113.078 65.9969 48
      vertex 113 66 48
    endloop
  endfacet
  facet normal -0.0397122 -0.999211 -0
    outer loop
      vertex 113.078 65.9969 48
      vertex 113 66 4
      vertex 113.078 65.9969 4
    endloop
  endfacet
  facet normal 0 -1 0
    outer loop
      vertex 5 66 22
      vertex 5 66 4
      vertex 18 66 22
    endloop
  endfacet
  facet normal 0 -1 0
    outer loop
      vertex 18 66 46.5
      vertex 5 66 48
      vertex 5 66 46.5
    endloop
  endfacet
  facet normal 0 -1 0
    outer loop
      vertex 5 66 48
      vertex 18 66 46.5
      vertex 113 66 48
    endloop
  endfacet
  facet normal 0 -1 0
    outer loop
      vertex 18 66 22
      vertex 113 66 48
      vertex 18 66 46.5
    endloop
  endfacet
  facet normal 0 -1 0
    outer loop
      vertex 113 66 4
      vertex 18 66 22
      vertex 5 66 4
    endloop
  endfacet
  facet normal 0 -1 0
    outer loop
      vertex 18 66 22
      vertex 113 66 4
      vertex 113 66 48
    endloop
  endfacet
  facet normal 0.999231 -0.0392055 0
    outer loop
      vertex 4 65 22
      vertex 4.00308 65.0785 4
      vertex 4.00308 65.0785 22
    endloop
  endfacet
  facet normal 0.999231 -0.0392055 0
    outer loop
      vertex 4.00308 65.0785 4
      vertex 4 65 22
      vertex 4 65 4
    endloop
  endfacet
  facet normal 0.999231 -0.0392055 0
    outer loop
      vertex 4 65 48
      vertex 4.00308 65.0785 46.5
      vertex 4.00308 65.0785 48
    endloop
  endfacet
  facet normal 0.999231 -0.0392055 0
    outer loop
      vertex 4.00308 65.0785 46.5
      vertex 4 65 48
      vertex 4 65 46.5
    endloop
  endfacet
  facet normal -1 0 0
    outer loop
      vertex 114 5 4
      vertex 114 65 48
      vertex 114 65 4
    endloop
  endfacet
  facet normal -1 -0 0
    outer loop
      vertex 114 65 48
      vertex 114 5 4
      vertex 114 5 48
    endloop
  endfacet
  facet normal 0 1 -0
    outer loop
      vertex 113 4 4
      vertex 5 4 48
      vertex 113 4 48
    endloop
  endfacet
  facet normal 0 1 0
    outer loop
      vertex 5 4 48
      vertex 113 4 4
      vertex 5 4 4
    endloop
  endfacet
  facet normal -0.874458 -0.485101 0
    outer loop
      vertex 113.891 65.454 4
      vertex 113.853 65.5225 48
      vertex 113.853 65.5225 4
    endloop
  endfacet
  facet normal -0.874458 -0.485101 0
    outer loop
      vertex 113.853 65.5225 48
      vertex 113.891 65.454 4
      vertex 113.891 65.454 48
    endloop
  endfacet
  facet normal 0.734559 -0.678544 0
    outer loop
      vertex 4.23959 65.6494 22
      vertex 4.29289 65.7071 4
      vertex 4.29289 65.7071 22
    endloop
  endfacet
  facet normal 0.734559 -0.678544 0
    outer loop
      vertex 4.29289 65.7071 4
      vertex 4.23959 65.6494 22
      vertex 4.23959 65.6494 4
    endloop
  endfacet
  facet normal 0.734559 -0.678544 0
    outer loop
      vertex 4.23959 65.6494 48
      vertex 4.29289 65.7071 46.5
      vertex 4.29289 65.7071 48
    endloop
  endfacet
  facet normal 0.734559 -0.678544 0
    outer loop
      vertex 4.29289 65.7071 46.5
      vertex 4.23959 65.6494 48
      vertex 4.23959 65.6494 46.5
    endloop
  endfacet
  facet normal 0.993054 -0.117662 0
    outer loop
      vertex 4.00308 65.0785 22
      vertex 4.01231 65.1564 4
      vertex 4.01231 65.1564 22
    endloop
  endfacet
  facet normal 0.993054 -0.117662 0
    outer loop
      vertex 4.01231 65.1564 4
      vertex 4.00308 65.0785 22
      vertex 4.00308 65.0785 4
    endloop
  endfacet
  facet normal 0.993054 -0.117662 0
    outer loop
      vertex 4.00308 65.0785 48
      vertex 4.01231 65.1564 46.5
      vertex 4.01231 65.1564 48
    endloop
  endfacet
  facet normal 0.993054 -0.117662 0
    outer loop
      vertex 4.01231 65.1564 46.5
      vertex 4.00308 65.0785 48
      vertex 4.00308 65.0785 46.5
    endloop
  endfacet
  facet normal -0.736231 0.67673 0
    outer loop
      vertex 113.707 4.29289 4
      vertex 113.76 4.35055 48
      vertex 113.76 4.35055 4
    endloop
  endfacet
  facet normal -0.736231 0.67673 0
    outer loop
      vertex 113.76 4.35055 48
      vertex 113.707 4.29289 4
      vertex 113.707 4.29289 48
    endloop
  endfacet
  facet normal -0.993406 0.114653 0
    outer loop
      vertex 113.988 4.84356 4
      vertex 113.997 4.92154 48
      vertex 113.997 4.92154 4
    endloop
  endfacet
  facet normal -0.993406 0.114653 0
    outer loop
      vertex 113.997 4.92154 48
      vertex 113.988 4.84356 4
      vertex 113.988 4.84356 48
    endloop
  endfacet
  facet normal -0.344776 0.938685 0
    outer loop
      vertex 113.383 4.07612 4
      vertex 113.309 4.04894 48
      vertex 113.383 4.07612 48
    endloop
  endfacet
  facet normal -0.344776 0.938685 0
    outer loop
      vertex 113.309 4.04894 48
      vertex 113.383 4.07612 4
      vertex 113.309 4.04894 4
    endloop
  endfacet
  facet normal 0.117543 0.993068 -0
    outer loop
      vertex 4.92154 4.00308 4
      vertex 4.84356 4.01231 48
      vertex 4.92154 4.00308 48
    endloop
  endfacet
  facet normal 0.117543 0.993068 0
    outer loop
      vertex 4.84356 4.01231 48
      vertex 4.92154 4.00308 4
      vertex 4.84356 4.01231 4
    endloop
  endfacet
  facet normal -0.551194 -0.834377 0
    outer loop
      vertex 113.522 65.8526 4
      vertex 113.588 65.809 48
      vertex 113.522 65.8526 48
    endloop
  endfacet
  facet normal -0.551194 -0.834377 -0
    outer loop
      vertex 113.588 65.809 48
      vertex 113.522 65.8526 4
      vertex 113.588 65.809 4
    endloop
  endfacet
  facet normal -0.194891 -0.980825 0
    outer loop
      vertex 113.156 65.9877 4
      vertex 113.233 65.9724 48
      vertex 113.156 65.9877 48
    endloop
  endfacet
  facet normal -0.194891 -0.980825 -0
    outer loop
      vertex 113.233 65.9724 48
      vertex 113.156 65.9877 4
      vertex 113.233 65.9724 4
    endloop
  endfacet
  facet normal 0.194867 -0.98083 0
    outer loop
      vertex 4.76655 65.9724 4
      vertex 4.84356 65.9877 22
      vertex 4.76655 65.9724 22
    endloop
  endfacet
  facet normal 0.194867 -0.98083 0
    outer loop
      vertex 4.84356 65.9877 22
      vertex 4.76655 65.9724 4
      vertex 4.84356 65.9877 4
    endloop
  endfacet
  facet normal 0.194867 -0.98083 0
    outer loop
      vertex 4.76655 65.9724 46.5
      vertex 4.84356 65.9877 48
      vertex 4.76655 65.9724 48
    endloop
  endfacet
  facet normal 0.194867 -0.98083 0
    outer loop
      vertex 4.84356 65.9877 48
      vertex 4.76655 65.9724 46.5
      vertex 4.84356 65.9877 46.5
    endloop
  endfacet
  facet normal 0.271288 -0.962498 0
    outer loop
      vertex 4.69098 65.9511 4
      vertex 4.76655 65.9724 22
      vertex 4.69098 65.9511 22
    endloop
  endfacet
  facet normal 0.271288 -0.962498 0
    outer loop
      vertex 4.76655 65.9724 22
      vertex 4.69098 65.9511 4
      vertex 4.76655 65.9724 4
    endloop
  endfacet
  facet normal 0.271288 -0.962498 0
    outer loop
      vertex 4.69098 65.9511 46.5
      vertex 4.76655 65.9724 48
      vertex 4.69098 65.9511 48
    endloop
  endfacet
  facet normal 0.271288 -0.962498 0
    outer loop
      vertex 4.76655 65.9724 48
      vertex 4.69098 65.9511 46.5
      vertex 4.76655 65.9724 46.5
    endloop
  endfacet
  facet normal 0.872452 -0.4887 0
    outer loop
      vertex 4.10899 65.454 22
      vertex 4.14736 65.5225 4
      vertex 4.14736 65.5225 22
    endloop
  endfacet
  facet normal 0.872452 -0.4887 0
    outer loop
      vertex 4.14736 65.5225 4
      vertex 4.10899 65.454 22
      vertex 4.10899 65.454 4
    endloop
  endfacet
  facet normal 0.872452 -0.4887 0
    outer loop
      vertex 4.10899 65.454 48
      vertex 4.14736 65.5225 46.5
      vertex 4.14736 65.5225 48
    endloop
  endfacet
  facet normal 0.872452 -0.4887 0
    outer loop
      vertex 4.14736 65.5225 46.5
      vertex 4.10899 65.454 48
      vertex 4.10899 65.454 46.5
    endloop
  endfacet
  facet normal 0.980776 -0.195136 0
    outer loop
      vertex 4.01231 65.1564 22
      vertex 4.02763 65.2334 4
      vertex 4.02763 65.2334 22
    endloop
  endfacet
  facet normal 0.980776 -0.195136 0
    outer loop
      vertex 4.02763 65.2334 4
      vertex 4.01231 65.1564 22
      vertex 4.01231 65.1564 4
    endloop
  endfacet
  facet normal 0.980776 -0.195136 0
    outer loop
      vertex 4.01231 65.1564 48
      vertex 4.02763 65.2334 46.5
      vertex 4.02763 65.2334 48
    endloop
  endfacet
  facet normal 0.980776 -0.195136 0
    outer loop
      vertex 4.02763 65.2334 46.5
      vertex 4.01231 65.1564 48
      vertex 4.01231 65.1564 46.5
    endloop
  endfacet
  facet normal -0.874488 0.485047 0
    outer loop
      vertex 113.853 4.4775 4
      vertex 113.891 4.54601 48
      vertex 113.891 4.54601 4
    endloop
  endfacet
  facet normal -0.874488 0.485047 0
    outer loop
      vertex 113.891 4.54601 48
      vertex 113.853 4.4775 4
      vertex 113.853 4.4775 48
    endloop
  endfacet
  facet normal -0.195136 0.980776 0
    outer loop
      vertex 113.233 4.02763 4
      vertex 113.156 4.01231 48
      vertex 113.233 4.02763 48
    endloop
  endfacet
  facet normal -0.195136 0.980776 0
    outer loop
      vertex 113.156 4.01231 48
      vertex 113.233 4.02763 4
      vertex 113.156 4.01231 4
    endloop
  endfacet
  facet normal -0.269982 0.962865 0
    outer loop
      vertex 113.309 4.04894 4
      vertex 113.233 4.02763 48
      vertex 113.309 4.04894 48
    endloop
  endfacet
  facet normal -0.269982 0.962865 0
    outer loop
      vertex 113.233 4.02763 48
      vertex 113.309 4.04894 4
      vertex 113.233 4.02763 4
    endloop
  endfacet
  facet normal 0.734325 0.678798 0
    outer loop
      vertex 4.29289 4.29289 48
      vertex 4.23959 4.35055 4
      vertex 4.23959 4.35055 48
    endloop
  endfacet
  facet normal 0.734325 0.678798 0
    outer loop
      vertex 4.23959 4.35055 4
      vertex 4.29289 4.29289 48
      vertex 4.29289 4.29289 4
    endloop
  endfacet
  facet normal -0.963518 -0.267644 0
    outer loop
      vertex 113.972 65.2334 4
      vertex 113.951 65.309 48
      vertex 113.951 65.309 4
    endloop
  endfacet
  facet normal -0.963518 -0.267644 0
    outer loop
      vertex 113.951 65.309 48
      vertex 113.972 65.2334 4
      vertex 113.972 65.2334 48
    endloop
  endfacet
  facet normal -0.993392 -0.114769 0
    outer loop
      vertex 113.997 65.0785 4
      vertex 113.988 65.1564 48
      vertex 113.988 65.1564 4
    endloop
  endfacet
  facet normal -0.993392 -0.114769 0
    outer loop
      vertex 113.988 65.1564 48
      vertex 113.997 65.0785 4
      vertex 113.997 65.0785 48
    endloop
  endfacet
  facet normal -0.907512 -0.420027 0
    outer loop
      vertex 113.924 65.3827 4
      vertex 113.891 65.454 48
      vertex 113.891 65.454 4
    endloop
  endfacet
  facet normal -0.907512 -0.420027 0
    outer loop
      vertex 113.891 65.454 48
      vertex 113.924 65.3827 4
      vertex 113.924 65.3827 48
    endloop
  endfacet
  facet normal -0.938972 -0.343993 0
    outer loop
      vertex 113.951 65.309 4
      vertex 113.924 65.3827 48
      vertex 113.924 65.3827 4
    endloop
  endfacet
  facet normal -0.938972 -0.343993 0
    outer loop
      vertex 113.924 65.3827 48
      vertex 113.951 65.309 4
      vertex 113.951 65.309 48
    endloop
  endfacet
  facet normal -0.829305 -0.558797 0
    outer loop
      vertex 113.853 65.5225 4
      vertex 113.809 65.5878 48
      vertex 113.809 65.5878 4
    endloop
  endfacet
  facet normal -0.829305 -0.558797 0
    outer loop
      vertex 113.809 65.5878 48
      vertex 113.853 65.5225 4
      vertex 113.853 65.5225 48
    endloop
  endfacet
  facet normal -0.736465 -0.676476 0
    outer loop
      vertex 113.76 65.6494 4
      vertex 113.707 65.7071 48
      vertex 113.707 65.7071 4
    endloop
  endfacet
  facet normal -0.736465 -0.676476 0
    outer loop
      vertex 113.707 65.7071 48
      vertex 113.76 65.6494 4
      vertex 113.76 65.6494 48
    endloop
  endfacet
  facet normal -0.345 -0.938603 0
    outer loop
      vertex 113.309 65.9511 4
      vertex 113.383 65.9239 48
      vertex 113.309 65.9511 48
    endloop
  endfacet
  facet normal -0.345 -0.938603 -0
    outer loop
      vertex 113.383 65.9239 48
      vertex 113.309 65.9511 4
      vertex 113.383 65.9239 4
    endloop
  endfacet
  facet normal -0.49172 -0.870754 0
    outer loop
      vertex 113.454 65.891 4
      vertex 113.522 65.8526 48
      vertex 113.454 65.891 48
    endloop
  endfacet
  facet normal -0.49172 -0.870754 -0
    outer loop
      vertex 113.522 65.8526 48
      vertex 113.454 65.891 4
      vertex 113.522 65.8526 4
    endloop
  endfacet
  facet normal -0.676644 -0.73631 0
    outer loop
      vertex 113.649 65.7604 4
      vertex 113.707 65.7071 48
      vertex 113.649 65.7604 48
    endloop
  endfacet
  facet normal -0.676644 -0.73631 -0
    outer loop
      vertex 113.707 65.7071 48
      vertex 113.649 65.7604 4
      vertex 113.707 65.7071 4
    endloop
  endfacet
  facet normal -0.420435 -0.907322 0
    outer loop
      vertex 113.383 65.9239 4
      vertex 113.454 65.891 48
      vertex 113.383 65.9239 48
    endloop
  endfacet
  facet normal -0.420435 -0.907322 -0
    outer loop
      vertex 113.454 65.891 48
      vertex 113.383 65.9239 4
      vertex 113.454 65.891 4
    endloop
  endfacet
  facet normal 0.0394798 -0.99922 0
    outer loop
      vertex 4.92154 65.9969 4
      vertex 5 66 22
      vertex 4.92154 65.9969 22
    endloop
  endfacet
  facet normal 0.0394798 -0.99922 0
    outer loop
      vertex 5 66 22
      vertex 4.92154 65.9969 4
      vertex 5 66 4
    endloop
  endfacet
  facet normal 0.0394798 -0.99922 0
    outer loop
      vertex 4.92154 65.9969 46.5
      vertex 5 66 48
      vertex 4.92154 65.9969 48
    endloop
  endfacet
  facet normal 0.0394798 -0.99922 0
    outer loop
      vertex 5 66 48
      vertex 4.92154 65.9969 46.5
      vertex 5 66 46.5
    endloop
  endfacet
  facet normal 0.117166 -0.993112 0
    outer loop
      vertex 4.84356 65.9877 4
      vertex 4.92154 65.9969 22
      vertex 4.84356 65.9877 22
    endloop
  endfacet
  facet normal 0.117166 -0.993112 0
    outer loop
      vertex 4.92154 65.9969 22
      vertex 4.84356 65.9877 4
      vertex 4.92154 65.9969 4
    endloop
  endfacet
  facet normal 0.117166 -0.993112 0
    outer loop
      vertex 4.84356 65.9877 46.5
      vertex 4.92154 65.9969 48
      vertex 4.84356 65.9877 48
    endloop
  endfacet
  facet normal 0.117166 -0.993112 0
    outer loop
      vertex 4.92154 65.9969 48
      vertex 4.84356 65.9877 46.5
      vertex 4.92154 65.9969 46.5
    endloop
  endfacet
  facet normal 0.346402 -0.938086 0
    outer loop
      vertex 4.61732 65.9239 4
      vertex 4.69098 65.9511 22
      vertex 4.61732 65.9239 22
    endloop
  endfacet
  facet normal 0.346402 -0.938086 0
    outer loop
      vertex 4.69098 65.9511 22
      vertex 4.61732 65.9239 4
      vertex 4.69098 65.9511 4
    endloop
  endfacet
  facet normal 0.346402 -0.938086 0
    outer loop
      vertex 4.61732 65.9239 46.5
      vertex 4.69098 65.9511 48
      vertex 4.61732 65.9239 48
    endloop
  endfacet
  facet normal 0.346402 -0.938086 0
    outer loop
      vertex 4.69098 65.9511 48
      vertex 4.61732 65.9239 46.5
      vertex 4.69098 65.9511 46.5
    endloop
  endfacet
  facet normal 0.555347 -0.831619 0
    outer loop
      vertex 4.41221 65.809 4
      vertex 4.4775 65.8526 22
      vertex 4.41221 65.809 22
    endloop
  endfacet
  facet normal 0.555347 -0.831619 0
    outer loop
      vertex 4.4775 65.8526 22
      vertex 4.41221 65.809 4
      vertex 4.4775 65.8526 4
    endloop
  endfacet
  facet normal 0.555347 -0.831619 0
    outer loop
      vertex 4.41221 65.809 46.5
      vertex 4.4775 65.8526 48
      vertex 4.41221 65.809 48
    endloop
  endfacet
  facet normal 0.555347 -0.831619 0
    outer loop
      vertex 4.4775 65.8526 48
      vertex 4.41221 65.809 46.5
      vertex 4.4775 65.8526 46.5
    endloop
  endfacet
  facet normal 0.488937 -0.872319 0
    outer loop
      vertex 4.4775 65.8526 4
      vertex 4.54601 65.891 22
      vertex 4.4775 65.8526 22
    endloop
  endfacet
  facet normal 0.488937 -0.872319 0
    outer loop
      vertex 4.54601 65.891 22
      vertex 4.4775 65.8526 4
      vertex 4.54601 65.891 4
    endloop
  endfacet
  facet normal 0.488937 -0.872319 0
    outer loop
      vertex 4.4775 65.8526 46.5
      vertex 4.54601 65.891 48
      vertex 4.4775 65.8526 48
    endloop
  endfacet
  facet normal 0.488937 -0.872319 0
    outer loop
      vertex 4.54601 65.891 48
      vertex 4.4775 65.8526 46.5
      vertex 4.54601 65.891 46.5
    endloop
  endfacet
  facet normal 0.678798 -0.734325 0
    outer loop
      vertex 4.29289 65.7071 4
      vertex 4.35055 65.7604 22
      vertex 4.29289 65.7071 22
    endloop
  endfacet
  facet normal 0.678798 -0.734325 0
    outer loop
      vertex 4.35055 65.7604 22
      vertex 4.29289 65.7071 4
      vertex 4.35055 65.7604 4
    endloop
  endfacet
  facet normal 0.678798 -0.734325 0
    outer loop
      vertex 4.29289 65.7071 46.5
      vertex 4.35055 65.7604 48
      vertex 4.29289 65.7071 48
    endloop
  endfacet
  facet normal 0.678798 -0.734325 0
    outer loop
      vertex 4.35055 65.7604 48
      vertex 4.29289 65.7071 46.5
      vertex 4.35055 65.7604 46.5
    endloop
  endfacet
  facet normal 0.619025 -0.785372 0
    outer loop
      vertex 4.35055 65.7604 4
      vertex 4.41221 65.809 22
      vertex 4.35055 65.7604 22
    endloop
  endfacet
  facet normal 0.619025 -0.785372 0
    outer loop
      vertex 4.41221 65.809 22
      vertex 4.35055 65.7604 4
      vertex 4.41221 65.809 4
    endloop
  endfacet
  facet normal 0.619025 -0.785372 0
    outer loop
      vertex 4.35055 65.7604 46.5
      vertex 4.41221 65.809 48
      vertex 4.35055 65.7604 48
    endloop
  endfacet
  facet normal 0.619025 -0.785372 0
    outer loop
      vertex 4.41221 65.809 48
      vertex 4.35055 65.7604 46.5
      vertex 4.41221 65.809 46.5
    endloop
  endfacet
  facet normal 0.831541 -0.555464 0
    outer loop
      vertex 4.14736 65.5225 22
      vertex 4.19098 65.5878 4
      vertex 4.19098 65.5878 22
    endloop
  endfacet
  facet normal 0.831541 -0.555464 0
    outer loop
      vertex 4.19098 65.5878 4
      vertex 4.14736 65.5225 22
      vertex 4.14736 65.5225 4
    endloop
  endfacet
  facet normal 0.831541 -0.555464 0
    outer loop
      vertex 4.14736 65.5225 48
      vertex 4.19098 65.5878 46.5
      vertex 4.19098 65.5878 48
    endloop
  endfacet
  facet normal 0.831541 -0.555464 0
    outer loop
      vertex 4.19098 65.5878 46.5
      vertex 4.14736 65.5225 48
      vertex 4.14736 65.5225 46.5
    endloop
  endfacet
  facet normal 0.785016 -0.619475 0
    outer loop
      vertex 4.19098 65.5878 22
      vertex 4.23959 65.6494 4
      vertex 4.23959 65.6494 22
    endloop
  endfacet
  facet normal 0.785016 -0.619475 0
    outer loop
      vertex 4.23959 65.6494 4
      vertex 4.19098 65.5878 22
      vertex 4.19098 65.5878 4
    endloop
  endfacet
  facet normal 0.785016 -0.619475 0
    outer loop
      vertex 4.19098 65.5878 48
      vertex 4.23959 65.6494 46.5
      vertex 4.23959 65.6494 48
    endloop
  endfacet
  facet normal 0.785016 -0.619475 0
    outer loop
      vertex 4.23959 65.6494 46.5
      vertex 4.19098 65.5878 48
      vertex 4.19098 65.5878 46.5
    endloop
  endfacet
  facet normal 0.962493 -0.271306 0
    outer loop
      vertex 4.02763 65.2334 22
      vertex 4.04894 65.309 4
      vertex 4.04894 65.309 22
    endloop
  endfacet
  facet normal 0.962493 -0.271306 0
    outer loop
      vertex 4.04894 65.309 4
      vertex 4.02763 65.2334 22
      vertex 4.02763 65.2334 4
    endloop
  endfacet
  facet normal 0.962493 -0.271306 0
    outer loop
      vertex 4.02763 65.2334 48
      vertex 4.04894 65.309 46.5
      vertex 4.04894 65.309 48
    endloop
  endfacet
  facet normal 0.962493 -0.271306 0
    outer loop
      vertex 4.04894 65.309 46.5
      vertex 4.02763 65.2334 48
      vertex 4.02763 65.2334 46.5
    endloop
  endfacet
  facet normal 0.908142 -0.418662 0
    outer loop
      vertex 4.07612 65.3827 22
      vertex 4.10899 65.454 4
      vertex 4.10899 65.454 22
    endloop
  endfacet
  facet normal 0.908142 -0.418662 0
    outer loop
      vertex 4.10899 65.454 4
      vertex 4.07612 65.3827 22
      vertex 4.07612 65.3827 4
    endloop
  endfacet
  facet normal 0.908142 -0.418662 0
    outer loop
      vertex 4.07612 65.3827 48
      vertex 4.10899 65.454 46.5
      vertex 4.10899 65.454 48
    endloop
  endfacet
  facet normal 0.908142 -0.418662 0
    outer loop
      vertex 4.10899 65.454 46.5
      vertex 4.07612 65.3827 48
      vertex 4.07612 65.3827 46.5
    endloop
  endfacet
  facet normal 0.93823 -0.346012 0
    outer loop
      vertex 4.04894 65.309 22
      vertex 4.07612 65.3827 4
      vertex 4.07612 65.3827 22
    endloop
  endfacet
  facet normal 0.93823 -0.346012 0
    outer loop
      vertex 4.07612 65.3827 4
      vertex 4.04894 65.309 22
      vertex 4.04894 65.309 4
    endloop
  endfacet
  facet normal 0.93823 -0.346012 0
    outer loop
      vertex 4.04894 65.309 48
      vertex 4.07612 65.3827 46.5
      vertex 4.07612 65.3827 48
    endloop
  endfacet
  facet normal 0.93823 -0.346012 0
    outer loop
      vertex 4.07612 65.3827 46.5
      vertex 4.04894 65.309 48
      vertex 4.04894 65.309 46.5
    endloop
  endfacet
  facet normal -0.491428 0.870918 0
    outer loop
      vertex 113.522 4.14736 4
      vertex 113.454 4.10899 48
      vertex 113.522 4.14736 48
    endloop
  endfacet
  facet normal -0.491428 0.870918 0
    outer loop
      vertex 113.454 4.10899 48
      vertex 113.522 4.14736 4
      vertex 113.454 4.10899 4
    endloop
  endfacet
  facet normal -0.623209 0.782056 0
    outer loop
      vertex 113.649 4.23959 4
      vertex 113.588 4.19098 48
      vertex 113.649 4.23959 48
    endloop
  endfacet
  facet normal -0.623209 0.782056 0
    outer loop
      vertex 113.588 4.19098 48
      vertex 113.649 4.23959 4
      vertex 113.588 4.19098 4
    endloop
  endfacet
  facet normal -0.782896 0.622152 0
    outer loop
      vertex 113.76 4.35055 4
      vertex 113.809 4.41221 48
      vertex 113.809 4.41221 4
    endloop
  endfacet
  facet normal -0.782896 0.622152 0
    outer loop
      vertex 113.809 4.41221 48
      vertex 113.76 4.35055 4
      vertex 113.76 4.35055 48
    endloop
  endfacet
  facet normal -0.963491 0.267742 0
    outer loop
      vertex 113.951 4.69098 4
      vertex 113.972 4.76655 48
      vertex 113.972 4.76655 4
    endloop
  endfacet
  facet normal -0.963491 0.267742 0
    outer loop
      vertex 113.972 4.76655 48
      vertex 113.951 4.69098 4
      vertex 113.951 4.69098 48
    endloop
  endfacet
  facet normal -0.907534 0.419978 0
    outer loop
      vertex 113.891 4.54601 4
      vertex 113.924 4.61732 48
      vertex 113.924 4.61732 4
    endloop
  endfacet
  facet normal -0.907534 0.419978 0
    outer loop
      vertex 113.924 4.61732 48
      vertex 113.891 4.54601 4
      vertex 113.891 4.54601 48
    endloop
  endfacet
  facet normal -0.0394564 0.999221 0
    outer loop
      vertex 113.078 4.00308 4
      vertex 113 4 48
      vertex 113.078 4.00308 48
    endloop
  endfacet
  facet normal -0.0394564 0.999221 0
    outer loop
      vertex 113 4 48
      vertex 113.078 4.00308 4
      vertex 113 4 4
    endloop
  endfacet
  facet normal 0.0392255 0.99923 -0
    outer loop
      vertex 5 4 4
      vertex 4.92154 4.00308 48
      vertex 5 4 48
    endloop
  endfacet
  facet normal 0.0392255 0.99923 0
    outer loop
      vertex 4.92154 4.00308 48
      vertex 5 4 4
      vertex 4.92154 4.00308 4
    endloop
  endfacet
  facet normal 0.619103 0.78531 -0
    outer loop
      vertex 4.41221 4.19098 4
      vertex 4.35055 4.23959 48
      vertex 4.41221 4.19098 48
    endloop
  endfacet
  facet normal 0.619103 0.78531 0
    outer loop
      vertex 4.35055 4.23959 48
      vertex 4.41221 4.19098 4
      vertex 4.35055 4.23959 4
    endloop
  endfacet
  facet normal 0.488646 0.872482 -0
    outer loop
      vertex 4.54601 4.10899 4
      vertex 4.4775 4.14736 48
      vertex 4.54601 4.10899 48
    endloop
  endfacet
  facet normal 0.488646 0.872482 0
    outer loop
      vertex 4.4775 4.14736 48
      vertex 4.54601 4.10899 4
      vertex 4.4775 4.14736 4
    endloop
  endfacet
  facet normal 0.271406 0.962465 -0
    outer loop
      vertex 4.76655 4.02763 4
      vertex 4.69098 4.04894 48
      vertex 4.76655 4.02763 48
    endloop
  endfacet
  facet normal 0.271406 0.962465 0
    outer loop
      vertex 4.69098 4.04894 48
      vertex 4.76655 4.02763 4
      vertex 4.69098 4.04894 4
    endloop
  endfacet
  facet normal 0.831501 0.555523 0
    outer loop
      vertex 4.19098 4.41221 48
      vertex 4.14736 4.4775 4
      vertex 4.14736 4.4775 48
    endloop
  endfacet
  facet normal 0.831501 0.555523 0
    outer loop
      vertex 4.14736 4.4775 4
      vertex 4.19098 4.41221 48
      vertex 4.19098 4.41221 4
    endloop
  endfacet
  facet normal 0.872482 0.488646 0
    outer loop
      vertex 4.14736 4.4775 48
      vertex 4.10899 4.54601 4
      vertex 4.10899 4.54601 48
    endloop
  endfacet
  facet normal 0.872482 0.488646 0
    outer loop
      vertex 4.10899 4.54601 4
      vertex 4.14736 4.4775 48
      vertex 4.14736 4.4775 4
    endloop
  endfacet
  facet normal 0.980781 0.195112 0
    outer loop
      vertex 4.02763 4.76655 48
      vertex 4.01231 4.84356 4
      vertex 4.01231 4.84356 48
    endloop
  endfacet
  facet normal 0.980781 0.195112 0
    outer loop
      vertex 4.01231 4.84356 4
      vertex 4.02763 4.76655 48
      vertex 4.02763 4.76655 4
    endloop
  endfacet
  facet normal -0.979086 -0.203446 0
    outer loop
      vertex 113.988 65.1564 4
      vertex 113.972 65.2334 48
      vertex 113.972 65.2334 4
    endloop
  endfacet
  facet normal -0.979086 -0.203446 0
    outer loop
      vertex 113.972 65.2334 48
      vertex 113.988 65.1564 4
      vertex 113.988 65.1564 48
    endloop
  endfacet
  facet normal -0.782601 -0.622524 0
    outer loop
      vertex 113.809 65.5878 4
      vertex 113.76 65.6494 48
      vertex 113.76 65.6494 4
    endloop
  endfacet
  facet normal -0.782601 -0.622524 0
    outer loop
      vertex 113.76 65.6494 48
      vertex 113.809 65.5878 4
      vertex 113.809 65.5878 48
    endloop
  endfacet
  facet normal -0.117137 -0.993116 0
    outer loop
      vertex 113.078 65.9969 4
      vertex 113.156 65.9877 48
      vertex 113.078 65.9969 48
    endloop
  endfacet
  facet normal -0.117137 -0.993116 -0
    outer loop
      vertex 113.156 65.9877 48
      vertex 113.078 65.9969 4
      vertex 113.156 65.9877 4
    endloop
  endfacet
  facet normal -0.269865 -0.962898 0
    outer loop
      vertex 113.233 65.9724 4
      vertex 113.309 65.9511 48
      vertex 113.233 65.9724 48
    endloop
  endfacet
  facet normal -0.269865 -0.962898 -0
    outer loop
      vertex 113.309 65.9511 48
      vertex 113.233 65.9724 4
      vertex 113.309 65.9511 4
    endloop
  endfacet
  facet normal -0.62313 -0.782118 0
    outer loop
      vertex 113.588 65.809 4
      vertex 113.649 65.7604 48
      vertex 113.588 65.809 48
    endloop
  endfacet
  facet normal -0.62313 -0.782118 -0
    outer loop
      vertex 113.649 65.7604 48
      vertex 113.588 65.809 4
      vertex 113.649 65.7604 4
    endloop
  endfacet
  facet normal -0.676644 0.73631 0
    outer loop
      vertex 113.707 4.29289 4
      vertex 113.649 4.23959 48
      vertex 113.707 4.29289 48
    endloop
  endfacet
  facet normal -0.676644 0.73631 0
    outer loop
      vertex 113.649 4.23959 48
      vertex 113.707 4.29289 4
      vertex 113.649 4.23959 4
    endloop
  endfacet
  facet normal -0.55137 0.834261 0
    outer loop
      vertex 113.588 4.19098 4
      vertex 113.522 4.14736 48
      vertex 113.588 4.19098 48
    endloop
  endfacet
  facet normal -0.55137 0.834261 0
    outer loop
      vertex 113.522 4.14736 48
      vertex 113.588 4.19098 4
      vertex 113.522 4.14736 4
    endloop
  endfacet
  facet normal -0.829265 0.558855 0
    outer loop
      vertex 113.809 4.41221 4
      vertex 113.853 4.4775 48
      vertex 113.853 4.4775 4
    endloop
  endfacet
  facet normal -0.829265 0.558855 0
    outer loop
      vertex 113.853 4.4775 48
      vertex 113.809 4.41221 4
      vertex 113.809 4.41221 48
    endloop
  endfacet
  facet normal -0.99927 0.0382081 0
    outer loop
      vertex 113.997 4.92154 4
      vertex 114 5 48
      vertex 114 5 4
    endloop
  endfacet
  facet normal -0.99927 0.0382081 0
    outer loop
      vertex 114 5 48
      vertex 113.997 4.92154 4
      vertex 113.997 4.92154 48
    endloop
  endfacet
  facet normal -0.979091 0.203421 0
    outer loop
      vertex 113.972 4.76655 4
      vertex 113.988 4.84356 48
      vertex 113.988 4.84356 4
    endloop
  endfacet
  facet normal -0.979091 0.203421 0
    outer loop
      vertex 113.988 4.84356 48
      vertex 113.972 4.76655 4
      vertex 113.972 4.76655 48
    endloop
  endfacet
  facet normal -0.938912 0.344157 0
    outer loop
      vertex 113.924 4.61732 4
      vertex 113.951 4.69098 48
      vertex 113.951 4.69098 4
    endloop
  endfacet
  facet normal -0.938912 0.344157 0
    outer loop
      vertex 113.951 4.69098 48
      vertex 113.924 4.61732 4
      vertex 113.924 4.61732 48
    endloop
  endfacet
  facet normal -0.42012 0.907469 0
    outer loop
      vertex 113.454 4.10899 4
      vertex 113.383 4.07612 48
      vertex 113.454 4.10899 48
    endloop
  endfacet
  facet normal -0.42012 0.907469 0
    outer loop
      vertex 113.383 4.07612 48
      vertex 113.454 4.10899 4
      vertex 113.383 4.07612 4
    endloop
  endfacet
  facet normal -0.117513 0.993071 0
    outer loop
      vertex 113.156 4.01231 4
      vertex 113.078 4.00308 48
      vertex 113.156 4.01231 48
    endloop
  endfacet
  facet normal -0.117513 0.993071 0
    outer loop
      vertex 113.078 4.00308 48
      vertex 113.156 4.01231 4
      vertex 113.078 4.00308 4
    endloop
  endfacet
  facet normal 0.555523 0.831501 -0
    outer loop
      vertex 4.4775 4.14736 4
      vertex 4.41221 4.19098 48
      vertex 4.4775 4.14736 48
    endloop
  endfacet
  facet normal 0.555523 0.831501 0
    outer loop
      vertex 4.41221 4.19098 48
      vertex 4.4775 4.14736 4
      vertex 4.41221 4.19098 4
    endloop
  endfacet
  facet normal 0.346177 0.938169 -0
    outer loop
      vertex 4.69098 4.04894 4
      vertex 4.61732 4.07612 48
      vertex 4.69098 4.04894 48
    endloop
  endfacet
  facet normal 0.346177 0.938169 0
    outer loop
      vertex 4.61732 4.07612 48
      vertex 4.69098 4.04894 4
      vertex 4.61732 4.07612 4
    endloop
  endfacet
  facet normal 0.418614 0.908164 -0
    outer loop
      vertex 4.61732 4.07612 4
      vertex 4.54601 4.10899 48
      vertex 4.61732 4.07612 48
    endloop
  endfacet
  facet normal 0.418614 0.908164 0
    outer loop
      vertex 4.54601 4.10899 48
      vertex 4.61732 4.07612 4
      vertex 4.54601 4.10899 4
    endloop
  endfacet
  facet normal 0.195112 0.980781 -0
    outer loop
      vertex 4.84356 4.01231 4
      vertex 4.76655 4.02763 48
      vertex 4.84356 4.01231 48
    endloop
  endfacet
  facet normal 0.195112 0.980781 0
    outer loop
      vertex 4.76655 4.02763 48
      vertex 4.84356 4.01231 4
      vertex 4.76655 4.02763 4
    endloop
  endfacet
  facet normal 0.678798 0.734325 -0
    outer loop
      vertex 4.35055 4.23959 4
      vertex 4.29289 4.29289 48
      vertex 4.35055 4.23959 48
    endloop
  endfacet
  facet normal 0.678798 0.734325 0
    outer loop
      vertex 4.29289 4.29289 48
      vertex 4.35055 4.23959 4
      vertex 4.29289 4.29289 4
    endloop
  endfacet
  facet normal 0.78531 0.619103 0
    outer loop
      vertex 4.23959 4.35055 48
      vertex 4.19098 4.41221 4
      vertex 4.19098 4.41221 48
    endloop
  endfacet
  facet normal 0.78531 0.619103 0
    outer loop
      vertex 4.19098 4.41221 4
      vertex 4.23959 4.35055 48
      vertex 4.23959 4.35055 4
    endloop
  endfacet
  facet normal 0.908164 0.418614 0
    outer loop
      vertex 4.10899 4.54601 48
      vertex 4.07612 4.61732 4
      vertex 4.07612 4.61732 48
    endloop
  endfacet
  facet normal 0.908164 0.418614 0
    outer loop
      vertex 4.07612 4.61732 4
      vertex 4.10899 4.54601 48
      vertex 4.10899 4.54601 4
    endloop
  endfacet
  facet normal 0.938169 0.346177 0
    outer loop
      vertex 4.07612 4.61732 48
      vertex 4.04894 4.69098 4
      vertex 4.04894 4.69098 48
    endloop
  endfacet
  facet normal 0.938169 0.346177 0
    outer loop
      vertex 4.04894 4.69098 4
      vertex 4.07612 4.61732 48
      vertex 4.07612 4.61732 4
    endloop
  endfacet
  facet normal 0.962465 0.271406 0
    outer loop
      vertex 4.04894 4.69098 48
      vertex 4.02763 4.76655 4
      vertex 4.02763 4.76655 48
    endloop
  endfacet
  facet normal 0.962465 0.271406 0
    outer loop
      vertex 4.02763 4.76655 4
      vertex 4.04894 4.69098 48
      vertex 4.04894 4.69098 4
    endloop
  endfacet
  facet normal 0.678798 0.734325 -0
    outer loop
      vertex 58.9144 58.9144 4
      vertex 58.5137 59.2848 26
      vertex 58.9144 58.9144 26
    endloop
  endfacet
  facet normal 0.678798 0.734325 0
    outer loop
      vertex 58.5137 59.2848 26
      vertex 58.9144 58.9144 4
      vertex 58.5137 59.2848 4
    endloop
  endfacet
  facet normal -0.346037 -0.938221 0
    outer loop
      vertex 51.3404 47.579 4
      vertex 51.8523 47.3902 26
      vertex 51.3404 47.579 26
    endloop
  endfacet
  facet normal -0.346037 -0.938221 -0
    outer loop
      vertex 51.8523 47.3902 26
      vertex 51.3404 47.579 4
      vertex 51.8523 47.3902 4
    endloop
  endfacet
  facet normal -0.346037 0.938221 0
    outer loop
      vertex 51.8523 60.6098 4
      vertex 51.3404 60.421 26
      vertex 51.8523 60.6098 26
    endloop
  endfacet
  facet normal -0.346037 0.938221 0
    outer loop
      vertex 51.3404 60.421 26
      vertex 51.8523 60.6098 4
      vertex 51.3404 60.421 4
    endloop
  endfacet
  facet normal -0.908126 0.418698 0
    outer loop
      vertex 47.579 56.6596 4
      vertex 47.8075 57.1552 26
      vertex 47.8075 57.1552 4
    endloop
  endfacet
  facet normal -0.908126 0.418698 0
    outer loop
      vertex 47.8075 57.1552 26
      vertex 47.579 56.6596 4
      vertex 47.579 56.6596 26
    endloop
  endfacet
  facet normal -0.908126 -0.418698 0
    outer loop
      vertex 47.8075 50.8448 4
      vertex 47.579 51.3404 26
      vertex 47.579 51.3404 4
    endloop
  endfacet
  facet normal -0.908126 -0.418698 0
    outer loop
      vertex 47.579 51.3404 26
      vertex 47.8075 50.8448 4
      vertex 47.8075 50.8448 26
    endloop
  endfacet
  facet normal 0.980806 0.194988 0
    outer loop
      vertex 60.8644 55.0872 26
      vertex 60.758 55.6224 4
      vertex 60.758 55.6224 26
    endloop
  endfacet
  facet normal 0.980806 0.194988 0
    outer loop
      vertex 60.758 55.6224 4
      vertex 60.8644 55.0872 26
      vertex 60.8644 55.0872 4
    endloop
  endfacet
  facet normal 0.962431 0.271525 0
    outer loop
      vertex 60.758 55.6224 26
      vertex 60.6098 56.1477 4
      vertex 60.6098 56.1477 26
    endloop
  endfacet
  facet normal 0.962431 0.271525 0
    outer loop
      vertex 60.6098 56.1477 4
      vertex 60.758 55.6224 26
      vertex 60.758 55.6224 4
    endloop
  endfacet
  facet normal 0.831514 0.555504 0
    outer loop
      vertex 59.9258 57.6314 26
      vertex 59.6227 58.0851 4
      vertex 59.6227 58.0851 26
    endloop
  endfacet
  facet normal 0.831514 0.555504 0
    outer loop
      vertex 59.6227 58.0851 4
      vertex 59.9258 57.6314 26
      vertex 59.9258 57.6314 4
    endloop
  endfacet
  facet normal 0.488642 0.872484 -0
    outer loop
      vertex 57.6314 59.9258 4
      vertex 57.1552 60.1925 26
      vertex 57.6314 59.9258 26
    endloop
  endfacet
  facet normal 0.488642 0.872484 0
    outer loop
      vertex 57.1552 60.1925 26
      vertex 57.6314 59.9258 4
      vertex 57.1552 60.1925 4
    endloop
  endfacet
  facet normal 0.117649 0.993055 -0
    outer loop
      vertex 55.0872 60.8644 4
      vertex 54.5453 60.9286 26
      vertex 55.0872 60.8644 26
    endloop
  endfacet
  facet normal 0.117649 0.993055 0
    outer loop
      vertex 54.5453 60.9286 26
      vertex 55.0872 60.8644 4
      vertex 54.5453 60.9286 4
    endloop
  endfacet
  facet normal -0.993055 0.117649 0
    outer loop
      vertex 47.0714 54.5453 4
      vertex 47.1356 55.0872 26
      vertex 47.1356 55.0872 4
    endloop
  endfacet
  facet normal -0.993055 0.117649 0
    outer loop
      vertex 47.1356 55.0872 26
      vertex 47.0714 54.5453 4
      vertex 47.0714 54.5453 26
    endloop
  endfacet
  facet normal -0.555504 0.831514 0
    outer loop
      vertex 50.3686 59.9258 4
      vertex 49.9149 59.6227 26
      vertex 50.3686 59.9258 26
    endloop
  endfacet
  facet normal -0.555504 0.831514 0
    outer loop
      vertex 49.9149 59.6227 26
      vertex 50.3686 59.9258 4
      vertex 49.9149 59.6227 4
    endloop
  endfacet
  facet normal 0.980806 -0.194988 0
    outer loop
      vertex 60.758 52.3776 26
      vertex 60.8644 52.9128 4
      vertex 60.8644 52.9128 26
    endloop
  endfacet
  facet normal 0.980806 -0.194988 0
    outer loop
      vertex 60.8644 52.9128 4
      vertex 60.758 52.3776 26
      vertex 60.758 52.3776 4
    endloop
  endfacet
  facet normal 0.908126 -0.418698 0
    outer loop
      vertex 60.1925 50.8448 26
      vertex 60.421 51.3404 4
      vertex 60.421 51.3404 26
    endloop
  endfacet
  facet normal 0.908126 -0.418698 0
    outer loop
      vertex 60.421 51.3404 4
      vertex 60.1925 50.8448 26
      vertex 60.1925 50.8448 4
    endloop
  endfacet
  facet normal 0.271525 -0.962431 0
    outer loop
      vertex 55.6224 47.242 4
      vertex 56.1477 47.3902 26
      vertex 55.6224 47.242 26
    endloop
  endfacet
  facet normal 0.271525 -0.962431 0
    outer loop
      vertex 56.1477 47.3902 26
      vertex 55.6224 47.242 4
      vertex 56.1477 47.3902 4
    endloop
  endfacet
  facet normal 0.678798 -0.734325 0
    outer loop
      vertex 58.5137 48.7152 4
      vertex 58.9144 49.0856 26
      vertex 58.5137 48.7152 26
    endloop
  endfacet
  facet normal 0.678798 -0.734325 0
    outer loop
      vertex 58.9144 49.0856 26
      vertex 58.5137 48.7152 4
      vertex 58.9144 49.0856 4
    endloop
  endfacet
  facet normal -0.555504 -0.831514 0
    outer loop
      vertex 49.9149 48.3773 4
      vertex 50.3686 48.0742 26
      vertex 49.9149 48.3773 26
    endloop
  endfacet
  facet normal -0.555504 -0.831514 -0
    outer loop
      vertex 50.3686 48.0742 26
      vertex 49.9149 48.3773 4
      vertex 50.3686 48.0742 4
    endloop
  endfacet
  facet normal 0.993055 0.117649 0
    outer loop
      vertex 60.9286 54.5453 26
      vertex 60.8644 55.0872 4
      vertex 60.8644 55.0872 26
    endloop
  endfacet
  facet normal 0.993055 0.117649 0
    outer loop
      vertex 60.8644 55.0872 4
      vertex 60.9286 54.5453 26
      vertex 60.9286 54.5453 4
    endloop
  endfacet
  facet normal 0.938221 0.346037 0
    outer loop
      vertex 60.6098 56.1477 26
      vertex 60.421 56.6596 4
      vertex 60.421 56.6596 26
    endloop
  endfacet
  facet normal 0.938221 0.346037 0
    outer loop
      vertex 60.421 56.6596 4
      vertex 60.6098 56.1477 26
      vertex 60.6098 56.1477 4
    endloop
  endfacet
  facet normal 0.908126 0.418698 0
    outer loop
      vertex 60.421 56.6596 26
      vertex 60.1925 57.1552 4
      vertex 60.1925 57.1552 26
    endloop
  endfacet
  facet normal 0.908126 0.418698 0
    outer loop
      vertex 60.1925 57.1552 4
      vertex 60.421 56.6596 26
      vertex 60.421 56.6596 4
    endloop
  endfacet
  facet normal 0.872484 0.488642 0
    outer loop
      vertex 60.1925 57.1552 26
      vertex 59.9258 57.6314 4
      vertex 59.9258 57.6314 26
    endloop
  endfacet
  facet normal 0.872484 0.488642 0
    outer loop
      vertex 59.9258 57.6314 4
      vertex 60.1925 57.1552 26
      vertex 60.1925 57.1552 4
    endloop
  endfacet
  facet normal 0.734325 0.678798 0
    outer loop
      vertex 59.2848 58.5137 26
      vertex 58.9144 58.9144 4
      vertex 58.9144 58.9144 26
    endloop
  endfacet
  facet normal 0.734325 0.678798 0
    outer loop
      vertex 58.9144 58.9144 4
      vertex 59.2848 58.5137 26
      vertex 59.2848 58.5137 4
    endloop
  endfacet
  facet normal 0.619115 0.7853 -0
    outer loop
      vertex 58.5137 59.2848 4
      vertex 58.0851 59.6227 26
      vertex 58.5137 59.2848 26
    endloop
  endfacet
  facet normal 0.619115 0.7853 0
    outer loop
      vertex 58.0851 59.6227 26
      vertex 58.5137 59.2848 4
      vertex 58.0851 59.6227 4
    endloop
  endfacet
  facet normal 0.418698 0.908126 -0
    outer loop
      vertex 57.1552 60.1925 4
      vertex 56.6596 60.421 26
      vertex 57.1552 60.1925 26
    endloop
  endfacet
  facet normal 0.418698 0.908126 0
    outer loop
      vertex 56.6596 60.421 26
      vertex 57.1552 60.1925 4
      vertex 56.6596 60.421 4
    endloop
  endfacet
  facet normal 0.346037 0.938221 -0
    outer loop
      vertex 56.6596 60.421 4
      vertex 56.1477 60.6098 26
      vertex 56.6596 60.421 26
    endloop
  endfacet
  facet normal 0.346037 0.938221 0
    outer loop
      vertex 56.1477 60.6098 26
      vertex 56.6596 60.421 4
      vertex 56.1477 60.6098 4
    endloop
  endfacet
  facet normal 0.271525 0.962431 -0
    outer loop
      vertex 56.1477 60.6098 4
      vertex 55.6224 60.758 26
      vertex 56.1477 60.6098 26
    endloop
  endfacet
  facet normal 0.271525 0.962431 0
    outer loop
      vertex 55.6224 60.758 26
      vertex 56.1477 60.6098 4
      vertex 55.6224 60.758 4
    endloop
  endfacet
  facet normal 0.194988 0.980806 -0
    outer loop
      vertex 55.6224 60.758 4
      vertex 55.0872 60.8644 26
      vertex 55.6224 60.758 26
    endloop
  endfacet
  facet normal 0.194988 0.980806 0
    outer loop
      vertex 55.0872 60.8644 26
      vertex 55.6224 60.758 4
      vertex 55.0872 60.8644 4
    endloop
  endfacet
  facet normal -0.938221 0.346037 0
    outer loop
      vertex 47.3902 56.1477 4
      vertex 47.579 56.6596 26
      vertex 47.579 56.6596 4
    endloop
  endfacet
  facet normal -0.938221 0.346037 0
    outer loop
      vertex 47.579 56.6596 26
      vertex 47.3902 56.1477 4
      vertex 47.3902 56.1477 26
    endloop
  endfacet
  facet normal -0.962431 0.271525 0
    outer loop
      vertex 47.242 55.6224 4
      vertex 47.3902 56.1477 26
      vertex 47.3902 56.1477 4
    endloop
  endfacet
  facet normal -0.962431 0.271525 0
    outer loop
      vertex 47.3902 56.1477 26
      vertex 47.242 55.6224 4
      vertex 47.242 55.6224 26
    endloop
  endfacet
  facet normal -0.980806 0.194988 0
    outer loop
      vertex 47.1356 55.0872 4
      vertex 47.242 55.6224 26
      vertex 47.242 55.6224 4
    endloop
  endfacet
  facet normal -0.980806 0.194988 0
    outer loop
      vertex 47.242 55.6224 26
      vertex 47.1356 55.0872 4
      vertex 47.1356 55.0872 26
    endloop
  endfacet
  facet normal -0.734325 0.678798 0
    outer loop
      vertex 48.7152 58.5137 4
      vertex 49.0856 58.9144 26
      vertex 49.0856 58.9144 4
    endloop
  endfacet
  facet normal -0.734325 0.678798 0
    outer loop
      vertex 49.0856 58.9144 26
      vertex 48.7152 58.5137 4
      vertex 48.7152 58.5137 26
    endloop
  endfacet
  facet normal -0.117649 0.993055 0
    outer loop
      vertex 53.4547 60.9286 4
      vertex 52.9128 60.8644 26
      vertex 53.4547 60.9286 26
    endloop
  endfacet
  facet normal -0.117649 0.993055 0
    outer loop
      vertex 52.9128 60.8644 26
      vertex 53.4547 60.9286 4
      vertex 52.9128 60.8644 4
    endloop
  endfacet
  facet normal -0.194988 0.980806 0
    outer loop
      vertex 52.9128 60.8644 4
      vertex 52.3776 60.758 26
      vertex 52.9128 60.8644 26
    endloop
  endfacet
  facet normal -0.194988 0.980806 0
    outer loop
      vertex 52.3776 60.758 26
      vertex 52.9128 60.8644 4
      vertex 52.3776 60.758 4
    endloop
  endfacet
  facet normal -0.418698 0.908126 0
    outer loop
      vertex 51.3404 60.421 4
      vertex 50.8448 60.1925 26
      vertex 51.3404 60.421 26
    endloop
  endfacet
  facet normal -0.418698 0.908126 0
    outer loop
      vertex 50.8448 60.1925 26
      vertex 51.3404 60.421 4
      vertex 50.8448 60.1925 4
    endloop
  endfacet
  facet normal -0.488642 0.872484 0
    outer loop
      vertex 50.8448 60.1925 4
      vertex 50.3686 59.9258 26
      vertex 50.8448 60.1925 26
    endloop
  endfacet
  facet normal -0.488642 0.872484 0
    outer loop
      vertex 50.3686 59.9258 26
      vertex 50.8448 60.1925 4
      vertex 50.3686 59.9258 4
    endloop
  endfacet
  facet normal -0.678798 0.734325 0
    outer loop
      vertex 49.4863 59.2848 4
      vertex 49.0856 58.9144 26
      vertex 49.4863 59.2848 26
    endloop
  endfacet
  facet normal -0.678798 0.734325 0
    outer loop
      vertex 49.0856 58.9144 26
      vertex 49.4863 59.2848 4
      vertex 49.0856 58.9144 4
    endloop
  endfacet
  facet normal 0.999231 0.0392143 0
    outer loop
      vertex 60.95 54 26
      vertex 60.9286 54.5453 4
      vertex 60.9286 54.5453 26
    endloop
  endfacet
  facet normal 0.999231 0.0392143 0
    outer loop
      vertex 60.9286 54.5453 4
      vertex 60.95 54 26
      vertex 60.95 54 4
    endloop
  endfacet
  facet normal 0.993055 -0.117649 0
    outer loop
      vertex 60.8644 52.9128 26
      vertex 60.9286 53.4547 4
      vertex 60.9286 53.4547 26
    endloop
  endfacet
  facet normal 0.993055 -0.117649 0
    outer loop
      vertex 60.9286 53.4547 4
      vertex 60.8644 52.9128 26
      vertex 60.8644 52.9128 4
    endloop
  endfacet
  facet normal 0.194988 -0.980806 0
    outer loop
      vertex 55.0872 47.1356 4
      vertex 55.6224 47.242 26
      vertex 55.0872 47.1356 26
    endloop
  endfacet
  facet normal 0.194988 -0.980806 0
    outer loop
      vertex 55.6224 47.242 26
      vertex 55.0872 47.1356 4
      vertex 55.6224 47.242 4
    endloop
  endfacet
  facet normal 0.418698 -0.908126 0
    outer loop
      vertex 56.6596 47.579 4
      vertex 57.1552 47.8075 26
      vertex 56.6596 47.579 26
    endloop
  endfacet
  facet normal 0.418698 -0.908126 0
    outer loop
      vertex 57.1552 47.8075 26
      vertex 56.6596 47.579 4
      vertex 57.1552 47.8075 4
    endloop
  endfacet
  facet normal 0.734325 -0.678798 0
    outer loop
      vertex 58.9144 49.0856 26
      vertex 59.2848 49.4863 4
      vertex 59.2848 49.4863 26
    endloop
  endfacet
  facet normal 0.734325 -0.678798 0
    outer loop
      vertex 59.2848 49.4863 4
      vertex 58.9144 49.0856 26
      vertex 58.9144 49.0856 4
    endloop
  endfacet
  facet normal 0.872484 -0.488642 0
    outer loop
      vertex 59.9258 50.3686 26
      vertex 60.1925 50.8448 4
      vertex 60.1925 50.8448 26
    endloop
  endfacet
  facet normal 0.872484 -0.488642 0
    outer loop
      vertex 60.1925 50.8448 4
      vertex 59.9258 50.3686 26
      vertex 59.9258 50.3686 4
    endloop
  endfacet
  facet normal -0.194988 -0.980806 0
    outer loop
      vertex 52.3776 47.242 4
      vertex 52.9128 47.1356 26
      vertex 52.3776 47.242 26
    endloop
  endfacet
  facet normal -0.194988 -0.980806 -0
    outer loop
      vertex 52.9128 47.1356 26
      vertex 52.3776 47.242 4
      vertex 52.9128 47.1356 4
    endloop
  endfacet
  facet normal -0.117649 -0.993055 0
    outer loop
      vertex 52.9128 47.1356 4
      vertex 53.4547 47.0714 26
      vertex 52.9128 47.1356 26
    endloop
  endfacet
  facet normal -0.117649 -0.993055 -0
    outer loop
      vertex 53.4547 47.0714 26
      vertex 52.9128 47.1356 4
      vertex 53.4547 47.0714 4
    endloop
  endfacet
  facet normal -0.488642 -0.872484 0
    outer loop
      vertex 50.3686 48.0742 4
      vertex 50.8448 47.8075 26
      vertex 50.3686 48.0742 26
    endloop
  endfacet
  facet normal -0.488642 -0.872484 -0
    outer loop
      vertex 50.8448 47.8075 26
      vertex 50.3686 48.0742 4
      vertex 50.8448 47.8075 4
    endloop
  endfacet
  facet normal -0.678798 -0.734325 0
    outer loop
      vertex 49.0856 49.0856 4
      vertex 49.4863 48.7152 26
      vertex 49.0856 49.0856 26
    endloop
  endfacet
  facet normal -0.678798 -0.734325 -0
    outer loop
      vertex 49.4863 48.7152 26
      vertex 49.0856 49.0856 4
      vertex 49.4863 48.7152 4
    endloop
  endfacet
  facet normal -0.962431 -0.271525 0
    outer loop
      vertex 47.3902 51.8523 4
      vertex 47.242 52.3776 26
      vertex 47.242 52.3776 4
    endloop
  endfacet
  facet normal -0.962431 -0.271525 0
    outer loop
      vertex 47.242 52.3776 26
      vertex 47.3902 51.8523 4
      vertex 47.3902 51.8523 26
    endloop
  endfacet
  facet normal -0.993055 -0.117649 0
    outer loop
      vertex 47.1356 52.9128 4
      vertex 47.0714 53.4547 26
      vertex 47.0714 53.4547 4
    endloop
  endfacet
  facet normal -0.993055 -0.117649 0
    outer loop
      vertex 47.0714 53.4547 26
      vertex 47.1356 52.9128 4
      vertex 47.1356 52.9128 26
    endloop
  endfacet
  facet normal 0.7853 0.619115 0
    outer loop
      vertex 59.6227 58.0851 26
      vertex 59.2848 58.5137 4
      vertex 59.2848 58.5137 26
    endloop
  endfacet
  facet normal 0.7853 0.619115 0
    outer loop
      vertex 59.2848 58.5137 4
      vertex 59.6227 58.0851 26
      vertex 59.6227 58.0851 4
    endloop
  endfacet
  facet normal 0.0392143 0.999231 -0
    outer loop
      vertex 54.5453 60.9286 4
      vertex 54 60.95 26
      vertex 54.5453 60.9286 26
    endloop
  endfacet
  facet normal 0.0392143 0.999231 0
    outer loop
      vertex 54 60.95 26
      vertex 54.5453 60.9286 4
      vertex 54 60.95 4
    endloop
  endfacet
  facet normal 0.555504 0.831514 -0
    outer loop
      vertex 58.0851 59.6227 4
      vertex 57.6314 59.9258 26
      vertex 58.0851 59.6227 26
    endloop
  endfacet
  facet normal 0.555504 0.831514 0
    outer loop
      vertex 57.6314 59.9258 26
      vertex 58.0851 59.6227 4
      vertex 57.6314 59.9258 4
    endloop
  endfacet
  facet normal -0.999231 0.0392143 0
    outer loop
      vertex 47.05 54 4
      vertex 47.0714 54.5453 26
      vertex 47.0714 54.5453 4
    endloop
  endfacet
  facet normal -0.999231 0.0392143 0
    outer loop
      vertex 47.0714 54.5453 26
      vertex 47.05 54 4
      vertex 47.05 54 26
    endloop
  endfacet
  facet normal -0.872484 0.488642 0
    outer loop
      vertex 47.8075 57.1552 4
      vertex 48.0742 57.6314 26
      vertex 48.0742 57.6314 4
    endloop
  endfacet
  facet normal -0.872484 0.488642 0
    outer loop
      vertex 48.0742 57.6314 26
      vertex 47.8075 57.1552 4
      vertex 47.8075 57.1552 26
    endloop
  endfacet
  facet normal -0.7853 0.619115 0
    outer loop
      vertex 48.3773 58.0851 4
      vertex 48.7152 58.5137 26
      vertex 48.7152 58.5137 4
    endloop
  endfacet
  facet normal -0.7853 0.619115 0
    outer loop
      vertex 48.7152 58.5137 26
      vertex 48.3773 58.0851 4
      vertex 48.3773 58.0851 26
    endloop
  endfacet
  facet normal -0.831514 0.555504 0
    outer loop
      vertex 48.0742 57.6314 4
      vertex 48.3773 58.0851 26
      vertex 48.3773 58.0851 4
    endloop
  endfacet
  facet normal -0.831514 0.555504 0
    outer loop
      vertex 48.3773 58.0851 26
      vertex 48.0742 57.6314 4
      vertex 48.0742 57.6314 26
    endloop
  endfacet
  facet normal -0.271525 0.962431 0
    outer loop
      vertex 52.3776 60.758 4
      vertex 51.8523 60.6098 26
      vertex 52.3776 60.758 26
    endloop
  endfacet
  facet normal -0.271525 0.962431 0
    outer loop
      vertex 51.8523 60.6098 26
      vertex 52.3776 60.758 4
      vertex 51.8523 60.6098 4
    endloop
  endfacet
  facet normal -0.0392143 0.999231 0
    outer loop
      vertex 54 60.95 4
      vertex 53.4547 60.9286 26
      vertex 54 60.95 26
    endloop
  endfacet
  facet normal -0.0392143 0.999231 0
    outer loop
      vertex 53.4547 60.9286 26
      vertex 54 60.95 4
      vertex 53.4547 60.9286 4
    endloop
  endfacet
  facet normal -0.619115 0.7853 0
    outer loop
      vertex 49.9149 59.6227 4
      vertex 49.4863 59.2848 26
      vertex 49.9149 59.6227 26
    endloop
  endfacet
  facet normal -0.619115 0.7853 0
    outer loop
      vertex 49.4863 59.2848 26
      vertex 49.9149 59.6227 4
      vertex 49.4863 59.2848 4
    endloop
  endfacet
  facet normal 0.999231 -0.0392143 0
    outer loop
      vertex 60.9286 53.4547 26
      vertex 60.95 54 4
      vertex 60.95 54 26
    endloop
  endfacet
  facet normal 0.999231 -0.0392143 0
    outer loop
      vertex 60.95 54 4
      vertex 60.9286 53.4547 26
      vertex 60.9286 53.4547 4
    endloop
  endfacet
  facet normal 0.0392143 -0.999231 0
    outer loop
      vertex 54 47.05 4
      vertex 54.5453 47.0714 26
      vertex 54 47.05 26
    endloop
  endfacet
  facet normal 0.0392143 -0.999231 0
    outer loop
      vertex 54.5453 47.0714 26
      vertex 54 47.05 4
      vertex 54.5453 47.0714 4
    endloop
  endfacet
  facet normal 0.938221 -0.346037 0
    outer loop
      vertex 60.421 51.3404 26
      vertex 60.6098 51.8523 4
      vertex 60.6098 51.8523 26
    endloop
  endfacet
  facet normal 0.938221 -0.346037 0
    outer loop
      vertex 60.6098 51.8523 4
      vertex 60.421 51.3404 26
      vertex 60.421 51.3404 4
    endloop
  endfacet
  facet normal 0.117649 -0.993055 0
    outer loop
      vertex 54.5453 47.0714 4
      vertex 55.0872 47.1356 26
      vertex 54.5453 47.0714 26
    endloop
  endfacet
  facet normal 0.117649 -0.993055 0
    outer loop
      vertex 55.0872 47.1356 26
      vertex 54.5453 47.0714 4
      vertex 55.0872 47.1356 4
    endloop
  endfacet
  facet normal 0.346037 -0.938221 0
    outer loop
      vertex 56.1477 47.3902 4
      vertex 56.6596 47.579 26
      vertex 56.1477 47.3902 26
    endloop
  endfacet
  facet normal 0.346037 -0.938221 0
    outer loop
      vertex 56.6596 47.579 26
      vertex 56.1477 47.3902 4
      vertex 56.6596 47.579 4
    endloop
  endfacet
  facet normal 0.555504 -0.831514 0
    outer loop
      vertex 57.6314 48.0742 4
      vertex 58.0851 48.3773 26
      vertex 57.6314 48.0742 26
    endloop
  endfacet
  facet normal 0.555504 -0.831514 0
    outer loop
      vertex 58.0851 48.3773 26
      vertex 57.6314 48.0742 4
      vertex 58.0851 48.3773 4
    endloop
  endfacet
  facet normal 0.488642 -0.872484 0
    outer loop
      vertex 57.1552 47.8075 4
      vertex 57.6314 48.0742 26
      vertex 57.1552 47.8075 26
    endloop
  endfacet
  facet normal 0.488642 -0.872484 0
    outer loop
      vertex 57.6314 48.0742 26
      vertex 57.1552 47.8075 4
      vertex 57.6314 48.0742 4
    endloop
  endfacet
  facet normal 0.7853 -0.619115 0
    outer loop
      vertex 59.2848 49.4863 26
      vertex 59.6227 49.9149 4
      vertex 59.6227 49.9149 26
    endloop
  endfacet
  facet normal 0.7853 -0.619115 0
    outer loop
      vertex 59.6227 49.9149 4
      vertex 59.2848 49.4863 26
      vertex 59.2848 49.4863 4
    endloop
  endfacet
  facet normal -0.0392143 -0.999231 0
    outer loop
      vertex 53.4547 47.0714 4
      vertex 54 47.05 26
      vertex 53.4547 47.0714 26
    endloop
  endfacet
  facet normal -0.0392143 -0.999231 -0
    outer loop
      vertex 54 47.05 26
      vertex 53.4547 47.0714 4
      vertex 54 47.05 4
    endloop
  endfacet
  facet normal -0.271525 -0.962431 0
    outer loop
      vertex 51.8523 47.3902 4
      vertex 52.3776 47.242 26
      vertex 51.8523 47.3902 26
    endloop
  endfacet
  facet normal -0.271525 -0.962431 -0
    outer loop
      vertex 52.3776 47.242 26
      vertex 51.8523 47.3902 4
      vertex 52.3776 47.242 4
    endloop
  endfacet
  facet normal -0.619115 -0.7853 0
    outer loop
      vertex 49.4863 48.7152 4
      vertex 49.9149 48.3773 26
      vertex 49.4863 48.7152 26
    endloop
  endfacet
  facet normal -0.619115 -0.7853 -0
    outer loop
      vertex 49.9149 48.3773 26
      vertex 49.4863 48.7152 4
      vertex 49.9149 48.3773 4
    endloop
  endfacet
  facet normal -0.418698 -0.908126 0
    outer loop
      vertex 50.8448 47.8075 4
      vertex 51.3404 47.579 26
      vertex 50.8448 47.8075 26
    endloop
  endfacet
  facet normal -0.418698 -0.908126 -0
    outer loop
      vertex 51.3404 47.579 26
      vertex 50.8448 47.8075 4
      vertex 51.3404 47.579 4
    endloop
  endfacet
  facet normal -0.980806 -0.194988 0
    outer loop
      vertex 47.242 52.3776 4
      vertex 47.1356 52.9128 26
      vertex 47.1356 52.9128 4
    endloop
  endfacet
  facet normal -0.980806 -0.194988 0
    outer loop
      vertex 47.1356 52.9128 26
      vertex 47.242 52.3776 4
      vertex 47.242 52.3776 26
    endloop
  endfacet
  facet normal -0.999231 -0.0392143 0
    outer loop
      vertex 47.0714 53.4547 4
      vertex 47.05 54 26
      vertex 47.05 54 4
    endloop
  endfacet
  facet normal -0.999231 -0.0392143 0
    outer loop
      vertex 47.05 54 26
      vertex 47.0714 53.4547 4
      vertex 47.0714 53.4547 26
    endloop
  endfacet
  facet normal -0.938221 -0.346037 0
    outer loop
      vertex 47.579 51.3404 4
      vertex 47.3902 51.8523 26
      vertex 47.3902 51.8523 4
    endloop
  endfacet
  facet normal -0.938221 -0.346037 0
    outer loop
      vertex 47.3902 51.8523 26
      vertex 47.579 51.3404 4
      vertex 47.579 51.3404 26
    endloop
  endfacet
  facet normal -0.872484 -0.488642 0
    outer loop
      vertex 48.0742 50.3686 4
      vertex 47.8075 50.8448 26
      vertex 47.8075 50.8448 4
    endloop
  endfacet
  facet normal -0.872484 -0.488642 0
    outer loop
      vertex 47.8075 50.8448 26
      vertex 48.0742 50.3686 4
      vertex 48.0742 50.3686 26
    endloop
  endfacet
  facet normal -0.831514 -0.555504 0
    outer loop
      vertex 48.3773 49.9149 4
      vertex 48.0742 50.3686 26
      vertex 48.0742 50.3686 4
    endloop
  endfacet
  facet normal -0.831514 -0.555504 0
    outer loop
      vertex 48.0742 50.3686 26
      vertex 48.3773 49.9149 4
      vertex 48.3773 49.9149 26
    endloop
  endfacet
  facet normal -0.734325 -0.678798 0
    outer loop
      vertex 49.0856 49.0856 4
      vertex 48.7152 49.4863 26
      vertex 48.7152 49.4863 4
    endloop
  endfacet
  facet normal -0.734325 -0.678798 0
    outer loop
      vertex 48.7152 49.4863 26
      vertex 49.0856 49.0856 4
      vertex 49.0856 49.0856 26
    endloop
  endfacet
  facet normal 0 0 1
    outer loop
      vertex 58.75 54 26
      vertex 60.95 54 26
      vertex 60.9286 54.5453 26
    endloop
  endfacet
  facet normal 0 0 1
    outer loop
      vertex 58.7354 54.3727 26
      vertex 60.9286 54.5453 26
      vertex 60.8644 55.0872 26
    endloop
  endfacet
  facet normal 0 0 1
    outer loop
      vertex 60.95 54 26
      vertex 58.75 54 26
      vertex 60.9286 53.4547 26
    endloop
  endfacet
  facet normal 0 0 1
    outer loop
      vertex 58.6915 54.7431 26
      vertex 60.8644 55.0872 26
      vertex 60.758 55.6224 26
    endloop
  endfacet
  facet normal -0 0 1
    outer loop
      vertex 58.7354 53.6273 26
      vertex 60.9286 53.4547 26
      vertex 58.75 54 26
    endloop
  endfacet
  facet normal 0 0 1
    outer loop
      vertex 58.6188 55.1089 26
      vertex 60.758 55.6224 26
      vertex 60.6098 56.1477 26
    endloop
  endfacet
  facet normal 0 0 1
    outer loop
      vertex 60.9286 53.4547 26
      vertex 58.7354 53.6273 26
      vertex 60.8644 52.9128 26
    endloop
  endfacet
  facet normal 0 0 1
    outer loop
      vertex 58.5175 55.4678 26
      vertex 60.6098 56.1477 26
      vertex 60.421 56.6596 26
    endloop
  endfacet
  facet normal -0 0 1
    outer loop
      vertex 58.6915 53.2569 26
      vertex 60.8644 52.9128 26
      vertex 58.7354 53.6273 26
    endloop
  endfacet
  facet normal 0 0 1
    outer loop
      vertex 58.3884 55.8177 26
      vertex 60.421 56.6596 26
      vertex 60.1925 57.1552 26
    endloop
  endfacet
  facet normal 0 0 1
    outer loop
      vertex 60.8644 52.9128 26
      vertex 58.6915 53.2569 26
      vertex 60.758 52.3776 26
    endloop
  endfacet
  facet normal 0 0 1
    outer loop
      vertex 58.2323 56.1565 26
      vertex 60.1925 57.1552 26
      vertex 59.9258 57.6314 26
    endloop
  endfacet
  facet normal -0 0 1
    outer loop
      vertex 58.6188 52.8911 26
      vertex 60.758 52.3776 26
      vertex 58.6915 53.2569 26
    endloop
  endfacet
  facet normal 0 0 1
    outer loop
      vertex 58.05 56.4819 26
      vertex 59.9258 57.6314 26
      vertex 59.6227 58.0851 26
    endloop
  endfacet
  facet normal 0 0 1
    outer loop
      vertex 60.758 52.3776 26
      vertex 58.6188 52.8911 26
      vertex 60.6098 51.8523 26
    endloop
  endfacet
  facet normal 0 0 1
    outer loop
      vertex 57.8428 56.792 26
      vertex 59.6227 58.0851 26
      vertex 59.2848 58.5137 26
    endloop
  endfacet
  facet normal -0 0 1
    outer loop
      vertex 58.5175 52.5322 26
      vertex 60.6098 51.8523 26
      vertex 58.6188 52.8911 26
    endloop
  endfacet
  facet normal 0 0 1
    outer loop
      vertex 57.6119 57.0849 26
      vertex 59.2848 58.5137 26
      vertex 58.9144 58.9144 26
    endloop
  endfacet
  facet normal 0 0 1
    outer loop
      vertex 60.6098 51.8523 26
      vertex 58.5175 52.5322 26
      vertex 60.421 51.3404 26
    endloop
  endfacet
  facet normal -0 0 1
    outer loop
      vertex 58.3884 52.1823 26
      vertex 60.421 51.3404 26
      vertex 58.5175 52.5322 26
    endloop
  endfacet
  facet normal 0 0 1
    outer loop
      vertex 60.9286 54.5453 26
      vertex 58.7354 54.3727 26
      vertex 58.75 54 26
    endloop
  endfacet
  facet normal 0 0 1
    outer loop
      vertex 60.8644 55.0872 26
      vertex 58.6915 54.7431 26
      vertex 58.7354 54.3727 26
    endloop
  endfacet
  facet normal 0 0 1
    outer loop
      vertex 60.758 55.6224 26
      vertex 58.6188 55.1089 26
      vertex 58.6915 54.7431 26
    endloop
  endfacet
  facet normal 0 0 1
    outer loop
      vertex 60.6098 56.1477 26
      vertex 58.5175 55.4678 26
      vertex 58.6188 55.1089 26
    endloop
  endfacet
  facet normal 0 0 1
    outer loop
      vertex 57.3588 57.3588 26
      vertex 58.9144 58.9144 26
      vertex 58.5137 59.2848 26
    endloop
  endfacet
  facet normal 0 0 1
    outer loop
      vertex 60.421 56.6596 26
      vertex 58.3884 55.8177 26
      vertex 58.5175 55.4678 26
    endloop
  endfacet
  facet normal 0 0 1
    outer loop
      vertex 60.1925 57.1552 26
      vertex 58.2323 56.1565 26
      vertex 58.3884 55.8177 26
    endloop
  endfacet
  facet normal 0 0 1
    outer loop
      vertex 57.0849 57.6119 26
      vertex 58.5137 59.2848 26
      vertex 58.0851 59.6227 26
    endloop
  endfacet
  facet normal 0 0 1
    outer loop
      vertex 59.9258 57.6314 26
      vertex 58.05 56.4819 26
      vertex 58.2323 56.1565 26
    endloop
  endfacet
  facet normal 0 0 1
    outer loop
      vertex 59.6227 58.0851 26
      vertex 57.8428 56.792 26
      vertex 58.05 56.4819 26
    endloop
  endfacet
  facet normal 0 0 1
    outer loop
      vertex 56.792 57.8428 26
      vertex 58.0851 59.6227 26
      vertex 57.6314 59.9258 26
    endloop
  endfacet
  facet normal 0 0 1
    outer loop
      vertex 59.2848 58.5137 26
      vertex 57.6119 57.0849 26
      vertex 57.8428 56.792 26
    endloop
  endfacet
  facet normal 0 0 1
    outer loop
      vertex 58.9144 58.9144 26
      vertex 57.3588 57.3588 26
      vertex 57.6119 57.0849 26
    endloop
  endfacet
  facet normal 0 0 1
    outer loop
      vertex 56.4819 58.05 26
      vertex 57.6314 59.9258 26
      vertex 57.1552 60.1925 26
    endloop
  endfacet
  facet normal 0 0 1
    outer loop
      vertex 58.5137 59.2848 26
      vertex 57.0849 57.6119 26
      vertex 57.3588 57.3588 26
    endloop
  endfacet
  facet normal 0 0 1
    outer loop
      vertex 58.0851 59.6227 26
      vertex 56.792 57.8428 26
      vertex 57.0849 57.6119 26
    endloop
  endfacet
  facet normal 0 0 1
    outer loop
      vertex 56.1565 58.2323 26
      vertex 57.1552 60.1925 26
      vertex 56.6596 60.421 26
    endloop
  endfacet
  facet normal 0 0 1
    outer loop
      vertex 57.6314 59.9258 26
      vertex 56.4819 58.05 26
      vertex 56.792 57.8428 26
    endloop
  endfacet
  facet normal 0 0 1
    outer loop
      vertex 57.1552 60.1925 26
      vertex 56.1565 58.2323 26
      vertex 56.4819 58.05 26
    endloop
  endfacet
  facet normal 0 0 1
    outer loop
      vertex 55.8177 58.3884 26
      vertex 56.6596 60.421 26
      vertex 56.1477 60.6098 26
    endloop
  endfacet
  facet normal 0 0 1
    outer loop
      vertex 56.6596 60.421 26
      vertex 55.8177 58.3884 26
      vertex 56.1565 58.2323 26
    endloop
  endfacet
  facet normal 0 0 1
    outer loop
      vertex 55.4678 58.5175 26
      vertex 56.1477 60.6098 26
      vertex 55.6224 60.758 26
    endloop
  endfacet
  facet normal 0 0 1
    outer loop
      vertex 56.1477 60.6098 26
      vertex 55.4678 58.5175 26
      vertex 55.8177 58.3884 26
    endloop
  endfacet
  facet normal 0 0 1
    outer loop
      vertex 55.6224 60.758 26
      vertex 55.1089 58.6188 26
      vertex 55.4678 58.5175 26
    endloop
  endfacet
  facet normal 0 0 1
    outer loop
      vertex 55.0872 60.8644 26
      vertex 55.1089 58.6188 26
      vertex 55.6224 60.758 26
    endloop
  endfacet
  facet normal 0 0 1
    outer loop
      vertex 55.0872 60.8644 26
      vertex 54.7431 58.6915 26
      vertex 55.1089 58.6188 26
    endloop
  endfacet
  facet normal 0 0 1
    outer loop
      vertex 54.5453 60.9286 26
      vertex 54.7431 58.6915 26
      vertex 55.0872 60.8644 26
    endloop
  endfacet
  facet normal 0 0 1
    outer loop
      vertex 54.5453 60.9286 26
      vertex 54.3727 58.7354 26
      vertex 54.7431 58.6915 26
    endloop
  endfacet
  facet normal 0 0 1
    outer loop
      vertex 54 60.95 26
      vertex 54.3727 58.7354 26
      vertex 54.5453 60.9286 26
    endloop
  endfacet
  facet normal 0 0 1
    outer loop
      vertex 54 60.95 26
      vertex 54 58.75 26
      vertex 54.3727 58.7354 26
    endloop
  endfacet
  facet normal 0 0 1
    outer loop
      vertex 54 60.95 26
      vertex 53.6273 58.7354 26
      vertex 54 58.75 26
    endloop
  endfacet
  facet normal -0 0 1
    outer loop
      vertex 53.4547 60.9286 26
      vertex 53.6273 58.7354 26
      vertex 54 60.95 26
    endloop
  endfacet
  facet normal 0 0 1
    outer loop
      vertex 53.4547 60.9286 26
      vertex 53.2569 58.6915 26
      vertex 53.6273 58.7354 26
    endloop
  endfacet
  facet normal -0 0 1
    outer loop
      vertex 52.9128 60.8644 26
      vertex 53.2569 58.6915 26
      vertex 53.4547 60.9286 26
    endloop
  endfacet
  facet normal 0 0 1
    outer loop
      vertex 52.9128 60.8644 26
      vertex 52.8911 58.6188 26
      vertex 53.2569 58.6915 26
    endloop
  endfacet
  facet normal -0 0 1
    outer loop
      vertex 52.3776 60.758 26
      vertex 52.8911 58.6188 26
      vertex 52.9128 60.8644 26
    endloop
  endfacet
  facet normal 0 0 1
    outer loop
      vertex 52.8911 58.6188 26
      vertex 52.3776 60.758 26
      vertex 52.5322 58.5175 26
    endloop
  endfacet
  facet normal -0 0 1
    outer loop
      vertex 51.8523 60.6098 26
      vertex 52.5322 58.5175 26
      vertex 52.3776 60.758 26
    endloop
  endfacet
  facet normal 0 0 1
    outer loop
      vertex 52.5322 58.5175 26
      vertex 51.8523 60.6098 26
      vertex 52.1823 58.3884 26
    endloop
  endfacet
  facet normal -0 0 1
    outer loop
      vertex 51.3404 60.421 26
      vertex 52.1823 58.3884 26
      vertex 51.8523 60.6098 26
    endloop
  endfacet
  facet normal 0 0 1
    outer loop
      vertex 52.1823 58.3884 26
      vertex 51.3404 60.421 26
      vertex 51.8435 58.2323 26
    endloop
  endfacet
  facet normal -0 0 1
    outer loop
      vertex 50.8448 60.1925 26
      vertex 51.8435 58.2323 26
      vertex 51.3404 60.421 26
    endloop
  endfacet
  facet normal 0 0 1
    outer loop
      vertex 51.8435 58.2323 26
      vertex 50.8448 60.1925 26
      vertex 51.5181 58.05 26
    endloop
  endfacet
  facet normal -0 0 1
    outer loop
      vertex 50.3686 59.9258 26
      vertex 51.5181 58.05 26
      vertex 50.8448 60.1925 26
    endloop
  endfacet
  facet normal 0 0 1
    outer loop
      vertex 51.5181 58.05 26
      vertex 50.3686 59.9258 26
      vertex 51.208 57.8428 26
    endloop
  endfacet
  facet normal -0 0 1
    outer loop
      vertex 49.9149 59.6227 26
      vertex 51.208 57.8428 26
      vertex 50.3686 59.9258 26
    endloop
  endfacet
  facet normal 0 0 1
    outer loop
      vertex 51.208 57.8428 26
      vertex 49.9149 59.6227 26
      vertex 50.9151 57.6119 26
    endloop
  endfacet
  facet normal -0 0 1
    outer loop
      vertex 49.4863 59.2848 26
      vertex 50.9151 57.6119 26
      vertex 49.9149 59.6227 26
    endloop
  endfacet
  facet normal 0 0 1
    outer loop
      vertex 50.9151 57.6119 26
      vertex 49.4863 59.2848 26
      vertex 50.6412 57.3588 26
    endloop
  endfacet
  facet normal -0 0 1
    outer loop
      vertex 49.0856 58.9144 26
      vertex 50.6412 57.3588 26
      vertex 49.4863 59.2848 26
    endloop
  endfacet
  facet normal 0 0 1
    outer loop
      vertex 50.6412 57.3588 26
      vertex 49.0856 58.9144 26
      vertex 50.3881 57.0849 26
    endloop
  endfacet
  facet normal -0 0 1
    outer loop
      vertex 48.7152 58.5137 26
      vertex 50.3881 57.0849 26
      vertex 49.0856 58.9144 26
    endloop
  endfacet
  facet normal 0 0 1
    outer loop
      vertex 50.3881 57.0849 26
      vertex 48.7152 58.5137 26
      vertex 50.1572 56.792 26
    endloop
  endfacet
  facet normal -0 0 1
    outer loop
      vertex 48.3773 58.0851 26
      vertex 50.1572 56.792 26
      vertex 48.7152 58.5137 26
    endloop
  endfacet
  facet normal 0 0 1
    outer loop
      vertex 50.1572 56.792 26
      vertex 48.3773 58.0851 26
      vertex 49.95 56.4819 26
    endloop
  endfacet
  facet normal -0 0 1
    outer loop
      vertex 48.0742 57.6314 26
      vertex 49.95 56.4819 26
      vertex 48.3773 58.0851 26
    endloop
  endfacet
  facet normal 0 0 1
    outer loop
      vertex 49.95 56.4819 26
      vertex 48.0742 57.6314 26
      vertex 49.7677 56.1565 26
    endloop
  endfacet
  facet normal -0 0 1
    outer loop
      vertex 47.8075 57.1552 26
      vertex 49.7677 56.1565 26
      vertex 48.0742 57.6314 26
    endloop
  endfacet
  facet normal -0 0 1
    outer loop
      vertex 47.579 56.6596 26
      vertex 49.6116 55.8177 26
      vertex 47.8075 57.1552 26
    endloop
  endfacet
  facet normal 0 0 1
    outer loop
      vertex 49.7677 56.1565 26
      vertex 47.8075 57.1552 26
      vertex 49.6116 55.8177 26
    endloop
  endfacet
  facet normal 0 0 1
    outer loop
      vertex 60.421 51.3404 26
      vertex 58.3884 52.1823 26
      vertex 60.1925 50.8448 26
    endloop
  endfacet
  facet normal -0 0 1
    outer loop
      vertex 58.2323 51.8435 26
      vertex 60.1925 50.8448 26
      vertex 58.3884 52.1823 26
    endloop
  endfacet
  facet normal 0 0 1
    outer loop
      vertex 60.1925 50.8448 26
      vertex 58.2323 51.8435 26
      vertex 59.9258 50.3686 26
    endloop
  endfacet
  facet normal -0 0 1
    outer loop
      vertex 58.05 51.5181 26
      vertex 59.9258 50.3686 26
      vertex 58.2323 51.8435 26
    endloop
  endfacet
  facet normal 0 0 1
    outer loop
      vertex 59.9258 50.3686 26
      vertex 58.05 51.5181 26
      vertex 59.6227 49.9149 26
    endloop
  endfacet
  facet normal -0 0 1
    outer loop
      vertex 57.8428 51.208 26
      vertex 59.6227 49.9149 26
      vertex 58.05 51.5181 26
    endloop
  endfacet
  facet normal 0 0 1
    outer loop
      vertex 59.6227 49.9149 26
      vertex 57.8428 51.208 26
      vertex 59.2848 49.4863 26
    endloop
  endfacet
  facet normal -0 0 1
    outer loop
      vertex 57.6119 50.9151 26
      vertex 59.2848 49.4863 26
      vertex 57.8428 51.208 26
    endloop
  endfacet
  facet normal 0 0 1
    outer loop
      vertex 59.2848 49.4863 26
      vertex 57.6119 50.9151 26
      vertex 58.9144 49.0856 26
    endloop
  endfacet
  facet normal -0 0 1
    outer loop
      vertex 57.3588 50.6412 26
      vertex 58.9144 49.0856 26
      vertex 57.6119 50.9151 26
    endloop
  endfacet
  facet normal 0 0 1
    outer loop
      vertex 58.9144 49.0856 26
      vertex 57.3588 50.6412 26
      vertex 58.5137 48.7152 26
    endloop
  endfacet
  facet normal -0 0 1
    outer loop
      vertex 57.0849 50.3881 26
      vertex 58.5137 48.7152 26
      vertex 57.3588 50.6412 26
    endloop
  endfacet
  facet normal 0 0 1
    outer loop
      vertex 58.5137 48.7152 26
      vertex 57.0849 50.3881 26
      vertex 58.0851 48.3773 26
    endloop
  endfacet
  facet normal -0 0 1
    outer loop
      vertex 56.792 50.1572 26
      vertex 58.0851 48.3773 26
      vertex 57.0849 50.3881 26
    endloop
  endfacet
  facet normal 0 0 1
    outer loop
      vertex 58.0851 48.3773 26
      vertex 56.792 50.1572 26
      vertex 57.6314 48.0742 26
    endloop
  endfacet
  facet normal -0 0 1
    outer loop
      vertex 56.4819 49.95 26
      vertex 57.6314 48.0742 26
      vertex 56.792 50.1572 26
    endloop
  endfacet
  facet normal 0 0 1
    outer loop
      vertex 57.6314 48.0742 26
      vertex 56.4819 49.95 26
      vertex 57.1552 47.8075 26
    endloop
  endfacet
  facet normal -0 0 1
    outer loop
      vertex 56.1565 49.7677 26
      vertex 57.1552 47.8075 26
      vertex 56.4819 49.95 26
    endloop
  endfacet
  facet normal 0 0 1
    outer loop
      vertex 57.1552 47.8075 26
      vertex 56.1565 49.7677 26
      vertex 56.6596 47.579 26
    endloop
  endfacet
  facet normal -0 0 1
    outer loop
      vertex 55.8177 49.6116 26
      vertex 56.6596 47.579 26
      vertex 56.1565 49.7677 26
    endloop
  endfacet
  facet normal 0 0 1
    outer loop
      vertex 56.6596 47.579 26
      vertex 55.8177 49.6116 26
      vertex 56.1477 47.3902 26
    endloop
  endfacet
  facet normal -0 0 1
    outer loop
      vertex 55.4678 49.4825 26
      vertex 56.1477 47.3902 26
      vertex 55.8177 49.6116 26
    endloop
  endfacet
  facet normal 0 0 1
    outer loop
      vertex 56.1477 47.3902 26
      vertex 55.4678 49.4825 26
      vertex 55.6224 47.242 26
    endloop
  endfacet
  facet normal -0 0 1
    outer loop
      vertex 55.1089 49.3812 26
      vertex 55.6224 47.242 26
      vertex 55.4678 49.4825 26
    endloop
  endfacet
  facet normal 0 0 1
    outer loop
      vertex 55.1089 49.3812 26
      vertex 55.0872 47.1356 26
      vertex 55.6224 47.242 26
    endloop
  endfacet
  facet normal -0 0 1
    outer loop
      vertex 54.7431 49.3085 26
      vertex 55.0872 47.1356 26
      vertex 55.1089 49.3812 26
    endloop
  endfacet
  facet normal 0 0 1
    outer loop
      vertex 54.7431 49.3085 26
      vertex 54.5453 47.0714 26
      vertex 55.0872 47.1356 26
    endloop
  endfacet
  facet normal -0 0 1
    outer loop
      vertex 54.3727 49.2646 26
      vertex 54.5453 47.0714 26
      vertex 54.7431 49.3085 26
    endloop
  endfacet
  facet normal -0 0 1
    outer loop
      vertex 54 49.25 26
      vertex 54.5453 47.0714 26
      vertex 54.3727 49.2646 26
    endloop
  endfacet
  facet normal 0 0 1
    outer loop
      vertex 54 49.25 26
      vertex 54 47.05 26
      vertex 54.5453 47.0714 26
    endloop
  endfacet
  facet normal 0 0 1
    outer loop
      vertex 53.6273 49.2646 26
      vertex 54 47.05 26
      vertex 54 49.25 26
    endloop
  endfacet
  facet normal 0 0 1
    outer loop
      vertex 53.6273 49.2646 26
      vertex 53.4547 47.0714 26
      vertex 54 47.05 26
    endloop
  endfacet
  facet normal 0 0 1
    outer loop
      vertex 53.2569 49.3085 26
      vertex 53.4547 47.0714 26
      vertex 53.6273 49.2646 26
    endloop
  endfacet
  facet normal 0 0 1
    outer loop
      vertex 53.2569 49.3085 26
      vertex 52.9128 47.1356 26
      vertex 53.4547 47.0714 26
    endloop
  endfacet
  facet normal 0 0 1
    outer loop
      vertex 52.8911 49.3812 26
      vertex 52.9128 47.1356 26
      vertex 53.2569 49.3085 26
    endloop
  endfacet
  facet normal 0 0 1
    outer loop
      vertex 52.3776 47.242 26
      vertex 52.8911 49.3812 26
      vertex 52.5322 49.4825 26
    endloop
  endfacet
  facet normal 0 0 1
    outer loop
      vertex 52.8911 49.3812 26
      vertex 52.3776 47.242 26
      vertex 52.9128 47.1356 26
    endloop
  endfacet
  facet normal 0 0 1
    outer loop
      vertex 51.8523 47.3902 26
      vertex 52.5322 49.4825 26
      vertex 52.1823 49.6116 26
    endloop
  endfacet
  facet normal 0 0 1
    outer loop
      vertex 52.5322 49.4825 26
      vertex 51.8523 47.3902 26
      vertex 52.3776 47.242 26
    endloop
  endfacet
  facet normal 0 0 1
    outer loop
      vertex 51.3404 47.579 26
      vertex 52.1823 49.6116 26
      vertex 51.8435 49.7677 26
    endloop
  endfacet
  facet normal 0 0 1
    outer loop
      vertex 50.8448 47.8075 26
      vertex 51.8435 49.7677 26
      vertex 51.5181 49.95 26
    endloop
  endfacet
  facet normal 0 0 1
    outer loop
      vertex 52.1823 49.6116 26
      vertex 51.3404 47.579 26
      vertex 51.8523 47.3902 26
    endloop
  endfacet
  facet normal 0 0 1
    outer loop
      vertex 50.3686 48.0742 26
      vertex 51.5181 49.95 26
      vertex 51.208 50.1572 26
    endloop
  endfacet
  facet normal 0 0 1
    outer loop
      vertex 49.9149 48.3773 26
      vertex 51.208 50.1572 26
      vertex 50.9151 50.3881 26
    endloop
  endfacet
  facet normal 0 0 1
    outer loop
      vertex 51.8435 49.7677 26
      vertex 50.8448 47.8075 26
      vertex 51.3404 47.579 26
    endloop
  endfacet
  facet normal 0 0 1
    outer loop
      vertex 49.4863 48.7152 26
      vertex 50.9151 50.3881 26
      vertex 50.6412 50.6412 26
    endloop
  endfacet
  facet normal 0 0 1
    outer loop
      vertex 49.0856 49.0856 26
      vertex 50.6412 50.6412 26
      vertex 50.3881 50.9151 26
    endloop
  endfacet
  facet normal 0 0 1
    outer loop
      vertex 51.5181 49.95 26
      vertex 50.3686 48.0742 26
      vertex 50.8448 47.8075 26
    endloop
  endfacet
  facet normal 0 0 1
    outer loop
      vertex 48.7152 49.4863 26
      vertex 50.3881 50.9151 26
      vertex 50.1572 51.208 26
    endloop
  endfacet
  facet normal 0 0 1
    outer loop
      vertex 48.3773 49.9149 26
      vertex 50.1572 51.208 26
      vertex 49.95 51.5181 26
    endloop
  endfacet
  facet normal 0 0 1
    outer loop
      vertex 51.208 50.1572 26
      vertex 49.9149 48.3773 26
      vertex 50.3686 48.0742 26
    endloop
  endfacet
  facet normal 0 0 1
    outer loop
      vertex 48.0742 50.3686 26
      vertex 49.95 51.5181 26
      vertex 49.7677 51.8435 26
    endloop
  endfacet
  facet normal 0 0 1
    outer loop
      vertex 47.8075 50.8448 26
      vertex 49.7677 51.8435 26
      vertex 49.6116 52.1823 26
    endloop
  endfacet
  facet normal 0 0 1
    outer loop
      vertex 50.9151 50.3881 26
      vertex 49.4863 48.7152 26
      vertex 49.9149 48.3773 26
    endloop
  endfacet
  facet normal 0 0 1
    outer loop
      vertex 47.579 51.3404 26
      vertex 49.6116 52.1823 26
      vertex 49.4825 52.5322 26
    endloop
  endfacet
  facet normal 0 0 1
    outer loop
      vertex 47.3902 51.8523 26
      vertex 49.4825 52.5322 26
      vertex 49.3812 52.8911 26
    endloop
  endfacet
  facet normal 0 0 1
    outer loop
      vertex 47.242 52.3776 26
      vertex 49.3812 52.8911 26
      vertex 49.3085 53.2569 26
    endloop
  endfacet
  facet normal 0 0 1
    outer loop
      vertex 47.1356 52.9128 26
      vertex 49.3085 53.2569 26
      vertex 49.2646 53.6273 26
    endloop
  endfacet
  facet normal 0 0 1
    outer loop
      vertex 50.6412 50.6412 26
      vertex 49.0856 49.0856 26
      vertex 49.4863 48.7152 26
    endloop
  endfacet
  facet normal 0 0 1
    outer loop
      vertex 47.0714 53.4547 26
      vertex 49.2646 53.6273 26
      vertex 49.25 54 26
    endloop
  endfacet
  facet normal 0 0 1
    outer loop
      vertex 49.6116 55.8177 26
      vertex 47.579 56.6596 26
      vertex 49.4825 55.4678 26
    endloop
  endfacet
  facet normal -0 0 1
    outer loop
      vertex 47.3902 56.1477 26
      vertex 49.4825 55.4678 26
      vertex 47.579 56.6596 26
    endloop
  endfacet
  facet normal 0 0 1
    outer loop
      vertex 50.3881 50.9151 26
      vertex 48.7152 49.4863 26
      vertex 49.0856 49.0856 26
    endloop
  endfacet
  facet normal 0 0 1
    outer loop
      vertex 49.4825 55.4678 26
      vertex 47.3902 56.1477 26
      vertex 49.3812 55.1089 26
    endloop
  endfacet
  facet normal 0 0 1
    outer loop
      vertex 50.1572 51.208 26
      vertex 48.3773 49.9149 26
      vertex 48.7152 49.4863 26
    endloop
  endfacet
  facet normal -0 0 1
    outer loop
      vertex 47.242 55.6224 26
      vertex 49.3812 55.1089 26
      vertex 47.3902 56.1477 26
    endloop
  endfacet
  facet normal 0 0 1
    outer loop
      vertex 49.95 51.5181 26
      vertex 48.0742 50.3686 26
      vertex 48.3773 49.9149 26
    endloop
  endfacet
  facet normal 0 0 1
    outer loop
      vertex 49.3812 55.1089 26
      vertex 47.242 55.6224 26
      vertex 49.3085 54.7431 26
    endloop
  endfacet
  facet normal 0 0 1
    outer loop
      vertex 49.7677 51.8435 26
      vertex 47.8075 50.8448 26
      vertex 48.0742 50.3686 26
    endloop
  endfacet
  facet normal -0 0 1
    outer loop
      vertex 47.1356 55.0872 26
      vertex 49.3085 54.7431 26
      vertex 47.242 55.6224 26
    endloop
  endfacet
  facet normal 0 0 1
    outer loop
      vertex 49.6116 52.1823 26
      vertex 47.579 51.3404 26
      vertex 47.8075 50.8448 26
    endloop
  endfacet
  facet normal 0 0 1
    outer loop
      vertex 49.3085 54.7431 26
      vertex 47.1356 55.0872 26
      vertex 49.2646 54.3727 26
    endloop
  endfacet
  facet normal 0 0 1
    outer loop
      vertex 49.4825 52.5322 26
      vertex 47.3902 51.8523 26
      vertex 47.579 51.3404 26
    endloop
  endfacet
  facet normal -0 0 1
    outer loop
      vertex 47.0714 54.5453 26
      vertex 49.2646 54.3727 26
      vertex 47.1356 55.0872 26
    endloop
  endfacet
  facet normal 0 0 1
    outer loop
      vertex 49.3812 52.8911 26
      vertex 47.242 52.3776 26
      vertex 47.3902 51.8523 26
    endloop
  endfacet
  facet normal 0 0 1
    outer loop
      vertex 49.2646 54.3727 26
      vertex 47.0714 54.5453 26
      vertex 49.25 54 26
    endloop
  endfacet
  facet normal 0 0 1
    outer loop
      vertex 49.3085 53.2569 26
      vertex 47.1356 52.9128 26
      vertex 47.242 52.3776 26
    endloop
  endfacet
  facet normal 0 0 1
    outer loop
      vertex 47.05 54 26
      vertex 49.25 54 26
      vertex 47.0714 54.5453 26
    endloop
  endfacet
  facet normal 0 0 1
    outer loop
      vertex 49.2646 53.6273 26
      vertex 47.0714 53.4547 26
      vertex 47.1356 52.9128 26
    endloop
  endfacet
  facet normal 0 0 1
    outer loop
      vertex 49.25 54 26
      vertex 47.05 54 26
      vertex 47.0714 53.4547 26
    endloop
  endfacet
  facet normal 0.962431 -0.271525 0
    outer loop
      vertex 60.6098 51.8523 26
      vertex 60.758 52.3776 4
      vertex 60.758 52.3776 26
    endloop
  endfacet
  facet normal 0.962431 -0.271525 0
    outer loop
      vertex 60.758 52.3776 4
      vertex 60.6098 51.8523 26
      vertex 60.6098 51.8523 4
    endloop
  endfacet
  facet normal 0.619115 -0.7853 0
    outer loop
      vertex 58.0851 48.3773 4
      vertex 58.5137 48.7152 26
      vertex 58.0851 48.3773 26
    endloop
  endfacet
  facet normal 0.619115 -0.7853 0
    outer loop
      vertex 58.5137 48.7152 26
      vertex 58.0851 48.3773 4
      vertex 58.5137 48.7152 4
    endloop
  endfacet
  facet normal 0.831514 -0.555504 0
    outer loop
      vertex 59.6227 49.9149 26
      vertex 59.9258 50.3686 4
      vertex 59.9258 50.3686 26
    endloop
  endfacet
  facet normal 0.831514 -0.555504 0
    outer loop
      vertex 59.9258 50.3686 4
      vertex 59.6227 49.9149 26
      vertex 59.6227 49.9149 4
    endloop
  endfacet
  facet normal -0.7853 -0.619115 0
    outer loop
      vertex 48.7152 49.4863 4
      vertex 48.3773 49.9149 26
      vertex 48.3773 49.9149 4
    endloop
  endfacet
  facet normal -0.7853 -0.619115 0
    outer loop
      vertex 48.3773 49.9149 26
      vertex 48.7152 49.4863 4
      vertex 48.7152 49.4863 26
    endloop
  endfacet
  facet normal -0.67867 -0.734444 0
    outer loop
      vertex 57.0849 57.6119 0
      vertex 57.3588 57.3588 26
      vertex 57.0849 57.6119 26
    endloop
  endfacet
  facet normal -0.67867 -0.734444 -0
    outer loop
      vertex 57.3588 57.3588 26
      vertex 57.0849 57.6119 0
      vertex 57.3588 57.3588 0
    endloop
  endfacet
  facet normal 0.346153 -0.938178 0
    outer loop
      vertex 52.1823 58.3884 4.2
      vertex 52.5322 58.5175 26
      vertex 52.1823 58.3884 26
    endloop
  endfacet
  facet normal 0.346153 -0.938178 0
    outer loop
      vertex 52.5322 58.5175 26
      vertex 52.1823 58.3884 4.2
      vertex 52.5322 58.5175 4.2
    endloop
  endfacet
  facet normal 0.908234 -0.418463 0
    outer loop
      vertex 49.6116 55.8177 26
      vertex 49.7677 56.1565 4.2
      vertex 49.7677 56.1565 26
    endloop
  endfacet
  facet normal 0.908234 -0.418463 0
    outer loop
      vertex 49.7677 56.1565 4.2
      vertex 49.6116 55.8177 26
      vertex 49.6116 55.8177 4.2
    endloop
  endfacet
  facet normal -0.555566 0.831472 0
    outer loop
      vertex 56.792 50.1572 4.2
      vertex 56.4819 49.95 26
      vertex 56.792 50.1572 26
    endloop
  endfacet
  facet normal -0.555566 0.831472 0
    outer loop
      vertex 56.4819 49.95 26
      vertex 56.792 50.1572 4.2
      vertex 56.4819 49.95 4.2
    endloop
  endfacet
  facet normal -0.938178 -0.346153 0
    outer loop
      vertex 58.5175 55.4678 0
      vertex 58.3884 55.8177 26
      vertex 58.3884 55.8177 0
    endloop
  endfacet
  facet normal -0.938178 -0.346153 0
    outer loop
      vertex 58.3884 55.8177 26
      vertex 58.5175 55.4678 0
      vertex 58.5175 55.4678 26
    endloop
  endfacet
  facet normal -0.908234 -0.418463 0
    outer loop
      vertex 58.3884 55.8177 0
      vertex 58.2323 56.1565 26
      vertex 58.2323 56.1565 0
    endloop
  endfacet
  facet normal -0.908234 -0.418463 0
    outer loop
      vertex 58.2323 56.1565 26
      vertex 58.3884 55.8177 0
      vertex 58.3884 55.8177 26
    endloop
  endfacet
  facet normal -0.418463 -0.908234 0
    outer loop
      vertex 55.8177 58.3884 0
      vertex 56.1565 58.2323 26
      vertex 55.8177 58.3884 26
    endloop
  endfacet
  facet normal -0.418463 -0.908234 -0
    outer loop
      vertex 56.1565 58.2323 26
      vertex 55.8177 58.3884 0
      vertex 56.1565 58.2323 0
    endloop
  endfacet
  facet normal 0.734444 -0.67867 0
    outer loop
      vertex 50.3881 57.0849 26
      vertex 50.6412 57.3588 4.2
      vertex 50.6412 57.3588 26
    endloop
  endfacet
  facet normal 0.734444 -0.67867 0
    outer loop
      vertex 50.6412 57.3588 4.2
      vertex 50.3881 57.0849 26
      vertex 50.3881 57.0849 4.2
    endloop
  endfacet
  facet normal 0.19493 -0.980817 0
    outer loop
      vertex 52.8911 58.6188 4.2
      vertex 53.2569 58.6915 26
      vertex 52.8911 58.6188 26
    endloop
  endfacet
  facet normal 0.19493 -0.980817 0
    outer loop
      vertex 53.2569 58.6915 26
      vertex 52.8911 58.6188 4.2
      vertex 53.2569 58.6915 4.2
    endloop
  endfacet
  facet normal -0.734444 0.67867 0
    outer loop
      vertex 57.3588 50.6412 4.2
      vertex 57.6119 50.9151 26
      vertex 57.6119 50.9151 4.2
    endloop
  endfacet
  facet normal -0.734444 0.67867 0
    outer loop
      vertex 57.6119 50.9151 26
      vertex 57.3588 50.6412 4.2
      vertex 57.3588 50.6412 26
    endloop
  endfacet
  facet normal 0.67867 0.734444 -0
    outer loop
      vertex 50.9151 50.3881 4.2
      vertex 50.6412 50.6412 26
      vertex 50.9151 50.3881 26
    endloop
  endfacet
  facet normal 0.67867 0.734444 0
    outer loop
      vertex 50.6412 50.6412 26
      vertex 50.9151 50.3881 4.2
      vertex 50.6412 50.6412 4.2
    endloop
  endfacet
  facet normal -0.980817 -0.19493 0
    outer loop
      vertex 58.6915 54.7431 0
      vertex 58.6188 55.1089 26
      vertex 58.6188 55.1089 0
    endloop
  endfacet
  facet normal -0.980817 -0.19493 0
    outer loop
      vertex 58.6188 55.1089 26
      vertex 58.6915 54.7431 0
      vertex 58.6915 54.7431 26
    endloop
  endfacet
  facet normal -0.962399 -0.271638 0
    outer loop
      vertex 58.6188 55.1089 0
      vertex 58.5175 55.4678 26
      vertex 58.5175 55.4678 0
    endloop
  endfacet
  facet normal -0.962399 -0.271638 0
    outer loop
      vertex 58.5175 55.4678 26
      vertex 58.6188 55.1089 0
      vertex 58.6188 55.1089 26
    endloop
  endfacet
  facet normal -0.785322 -0.619088 0
    outer loop
      vertex 57.8428 56.792 0
      vertex 57.6119 57.0849 26
      vertex 57.6119 57.0849 0
    endloop
  endfacet
  facet normal -0.785322 -0.619088 0
    outer loop
      vertex 57.6119 57.0849 26
      vertex 57.8428 56.792 0
      vertex 57.8428 56.792 26
    endloop
  endfacet
  facet normal -0.831472 -0.555566 0
    outer loop
      vertex 58.05 56.4819 0
      vertex 57.8428 56.792 26
      vertex 57.8428 56.792 0
    endloop
  endfacet
  facet normal -0.831472 -0.555566 0
    outer loop
      vertex 57.8428 56.792 26
      vertex 58.05 56.4819 0
      vertex 58.05 56.4819 26
    endloop
  endfacet
  facet normal -0.734444 -0.67867 0
    outer loop
      vertex 57.6119 57.0849 0
      vertex 57.3588 57.3588 26
      vertex 57.3588 57.3588 0
    endloop
  endfacet
  facet normal -0.734444 -0.67867 0
    outer loop
      vertex 57.3588 57.3588 26
      vertex 57.6119 57.0849 0
      vertex 57.6119 57.0849 26
    endloop
  endfacet
  facet normal -0.619088 -0.785322 0
    outer loop
      vertex 56.792 57.8428 0
      vertex 57.0849 57.6119 26
      vertex 56.792 57.8428 26
    endloop
  endfacet
  facet normal -0.619088 -0.785322 -0
    outer loop
      vertex 57.0849 57.6119 26
      vertex 56.792 57.8428 0
      vertex 57.0849 57.6119 0
    endloop
  endfacet
  facet normal -0.0391436 -0.999234 0
    outer loop
      vertex 54 58.75 4.2
      vertex 54.3727 58.7354 26
      vertex 54 58.75 26
    endloop
  endfacet
  facet normal -0.0391436 -0.999234 0
    outer loop
      vertex 54.3727 58.7354 0
      vertex 54 58.75 4.2
      vertex 54 58.75 0
    endloop
  endfacet
  facet normal -0.0391436 -0.999234 0
    outer loop
      vertex 54 58.75 4.2
      vertex 54.3727 58.7354 0
      vertex 54.3727 58.7354 26
    endloop
  endfacet
  facet normal -0.346153 -0.938178 0
    outer loop
      vertex 55.4678 58.5175 0
      vertex 55.8177 58.3884 26
      vertex 55.4678 58.5175 26
    endloop
  endfacet
  facet normal -0.346153 -0.938178 -0
    outer loop
      vertex 55.8177 58.3884 26
      vertex 55.4678 58.5175 0
      vertex 55.8177 58.3884 0
    endloop
  endfacet
  facet normal -0.271638 -0.962399 0
    outer loop
      vertex 55.1089 58.6188 0
      vertex 55.4678 58.5175 26
      vertex 55.1089 58.6188 26
    endloop
  endfacet
  facet normal -0.271638 -0.962399 -0
    outer loop
      vertex 55.4678 58.5175 26
      vertex 55.1089 58.6188 0
      vertex 55.4678 58.5175 0
    endloop
  endfacet
  facet normal 0.999234 -0.0391436 0
    outer loop
      vertex 49.25 54 26
      vertex 49.2646 54.3727 4.2
      vertex 49.2646 54.3727 26
    endloop
  endfacet
  facet normal 0.999234 -0.0391436 0
    outer loop
      vertex 49.2646 54.3727 4.2
      vertex 49.25 54 26
      vertex 49.25 54 4.2
    endloop
  endfacet
  facet normal 0.938178 -0.346153 0
    outer loop
      vertex 49.4825 55.4678 26
      vertex 49.6116 55.8177 4.2
      vertex 49.6116 55.8177 26
    endloop
  endfacet
  facet normal 0.938178 -0.346153 0
    outer loop
      vertex 49.6116 55.8177 4.2
      vertex 49.4825 55.4678 26
      vertex 49.4825 55.4678 4.2
    endloop
  endfacet
  facet normal 0.962399 -0.271638 0
    outer loop
      vertex 49.3812 55.1089 26
      vertex 49.4825 55.4678 4.2
      vertex 49.4825 55.4678 26
    endloop
  endfacet
  facet normal 0.962399 -0.271638 0
    outer loop
      vertex 49.4825 55.4678 4.2
      vertex 49.3812 55.1089 26
      vertex 49.3812 55.1089 4.2
    endloop
  endfacet
  facet normal 0.785322 -0.619088 0
    outer loop
      vertex 50.1572 56.792 26
      vertex 50.3881 57.0849 4.2
      vertex 50.3881 57.0849 26
    endloop
  endfacet
  facet normal 0.785322 -0.619088 0
    outer loop
      vertex 50.3881 57.0849 4.2
      vertex 50.1572 56.792 26
      vertex 50.1572 56.792 4.2
    endloop
  endfacet
  facet normal 0.271638 -0.962399 0
    outer loop
      vertex 52.5322 58.5175 4.2
      vertex 52.8911 58.6188 26
      vertex 52.5322 58.5175 26
    endloop
  endfacet
  facet normal 0.271638 -0.962399 0
    outer loop
      vertex 52.8911 58.6188 26
      vertex 52.5322 58.5175 4.2
      vertex 52.8911 58.6188 4.2
    endloop
  endfacet
  facet normal 0.0391436 -0.999234 0
    outer loop
      vertex 53.6273 58.7354 4.2
      vertex 54 58.75 26
      vertex 53.6273 58.7354 26
    endloop
  endfacet
  facet normal 0.0391436 -0.999234 0
    outer loop
      vertex 54 58.75 26
      vertex 53.6273 58.7354 4.2
      vertex 54 58.75 4.2
    endloop
  endfacet
  facet normal 0.555566 -0.831472 0
    outer loop
      vertex 51.208 57.8428 4.2
      vertex 51.5181 58.05 26
      vertex 51.208 57.8428 26
    endloop
  endfacet
  facet normal 0.555566 -0.831472 0
    outer loop
      vertex 51.5181 58.05 26
      vertex 51.208 57.8428 4.2
      vertex 51.5181 58.05 4.2
    endloop
  endfacet
  facet normal 0.619088 -0.785322 0
    outer loop
      vertex 50.9151 57.6119 4.2
      vertex 51.208 57.8428 26
      vertex 50.9151 57.6119 26
    endloop
  endfacet
  facet normal 0.619088 -0.785322 0
    outer loop
      vertex 51.208 57.8428 26
      vertex 50.9151 57.6119 4.2
      vertex 51.208 57.8428 4.2
    endloop
  endfacet
  facet normal 0.418463 -0.908234 0
    outer loop
      vertex 51.8435 58.2323 4.2
      vertex 52.1823 58.3884 26
      vertex 51.8435 58.2323 26
    endloop
  endfacet
  facet normal 0.418463 -0.908234 0
    outer loop
      vertex 52.1823 58.3884 26
      vertex 51.8435 58.2323 4.2
      vertex 52.1823 58.3884 4.2
    endloop
  endfacet
  facet normal 0.67867 -0.734444 0
    outer loop
      vertex 50.6412 57.3588 4.2
      vertex 50.9151 57.6119 26
      vertex 50.6412 57.3588 26
    endloop
  endfacet
  facet normal 0.67867 -0.734444 0
    outer loop
      vertex 50.9151 57.6119 26
      vertex 50.6412 57.3588 4.2
      vertex 50.9151 57.6119 4.2
    endloop
  endfacet
  facet normal -0.0391436 0.999234 0
    outer loop
      vertex 54.3727 49.2646 4.2
      vertex 54 49.25 26
      vertex 54.3727 49.2646 26
    endloop
  endfacet
  facet normal -0.0391436 0.999234 0
    outer loop
      vertex 54 49.25 26
      vertex 54.3727 49.2646 4.2
      vertex 54 49.25 4.2
    endloop
  endfacet
  facet normal -0.938178 0.346153 0
    outer loop
      vertex 58.3884 52.1823 4.2
      vertex 58.5175 52.5322 26
      vertex 58.5175 52.5322 4.2
    endloop
  endfacet
  facet normal -0.938178 0.346153 0
    outer loop
      vertex 58.5175 52.5322 26
      vertex 58.3884 52.1823 4.2
      vertex 58.3884 52.1823 26
    endloop
  endfacet
  facet normal -0.19493 0.980817 0
    outer loop
      vertex 55.1089 49.3812 4.2
      vertex 54.7431 49.3085 26
      vertex 55.1089 49.3812 26
    endloop
  endfacet
  facet normal -0.19493 0.980817 0
    outer loop
      vertex 54.7431 49.3085 26
      vertex 55.1089 49.3812 4.2
      vertex 54.7431 49.3085 4.2
    endloop
  endfacet
  facet normal -0.271638 0.962399 0
    outer loop
      vertex 55.4678 49.4825 4.2
      vertex 55.1089 49.3812 26
      vertex 55.4678 49.4825 26
    endloop
  endfacet
  facet normal -0.271638 0.962399 0
    outer loop
      vertex 55.1089 49.3812 26
      vertex 55.4678 49.4825 4.2
      vertex 55.1089 49.3812 4.2
    endloop
  endfacet
  facet normal -0.619088 0.785322 0
    outer loop
      vertex 57.0849 50.3881 4.2
      vertex 56.792 50.1572 26
      vertex 57.0849 50.3881 26
    endloop
  endfacet
  facet normal -0.619088 0.785322 0
    outer loop
      vertex 56.792 50.1572 26
      vertex 57.0849 50.3881 4.2
      vertex 56.792 50.1572 4.2
    endloop
  endfacet
  facet normal -0.418463 0.908234 0
    outer loop
      vertex 56.1565 49.7677 4.2
      vertex 55.8177 49.6116 26
      vertex 56.1565 49.7677 26
    endloop
  endfacet
  facet normal -0.418463 0.908234 0
    outer loop
      vertex 55.8177 49.6116 26
      vertex 56.1565 49.7677 4.2
      vertex 55.8177 49.6116 4.2
    endloop
  endfacet
  facet normal 0.0391436 0.999234 -0
    outer loop
      vertex 54 49.25 4.2
      vertex 53.6273 49.2646 26
      vertex 54 49.25 26
    endloop
  endfacet
  facet normal 0.0391436 0.999234 0
    outer loop
      vertex 53.6273 49.2646 26
      vertex 54 49.25 4.2
      vertex 53.6273 49.2646 4.2
    endloop
  endfacet
  facet normal 0.346153 0.938178 -0
    outer loop
      vertex 52.5322 49.4825 4.2
      vertex 52.1823 49.6116 26
      vertex 52.5322 49.4825 26
    endloop
  endfacet
  facet normal 0.346153 0.938178 0
    outer loop
      vertex 52.1823 49.6116 26
      vertex 52.5322 49.4825 4.2
      vertex 52.1823 49.6116 4.2
    endloop
  endfacet
  facet normal 0.962399 0.271638 0
    outer loop
      vertex 49.4825 52.5322 26
      vertex 49.3812 52.8911 4.2
      vertex 49.3812 52.8911 26
    endloop
  endfacet
  facet normal 0.962399 0.271638 0
    outer loop
      vertex 49.3812 52.8911 4.2
      vertex 49.4825 52.5322 26
      vertex 49.4825 52.5322 4.2
    endloop
  endfacet
  facet normal 0.999234 0.0391436 0
    outer loop
      vertex 49.2646 53.6273 26
      vertex 49.25 54 4.2
      vertex 49.25 54 26
    endloop
  endfacet
  facet normal 0.999234 0.0391436 0
    outer loop
      vertex 49.25 54 4.2
      vertex 49.2646 53.6273 26
      vertex 49.2646 53.6273 4.2
    endloop
  endfacet
  facet normal 0.785322 0.619088 0
    outer loop
      vertex 50.3881 50.9151 26
      vertex 50.1572 51.208 4.2
      vertex 50.1572 51.208 26
    endloop
  endfacet
  facet normal 0.785322 0.619088 0
    outer loop
      vertex 50.1572 51.208 4.2
      vertex 50.3881 50.9151 26
      vertex 50.3881 50.9151 4.2
    endloop
  endfacet
  facet normal 0.908234 0.418463 0
    outer loop
      vertex 49.7677 51.8435 26
      vertex 49.6116 52.1823 4.2
      vertex 49.6116 52.1823 26
    endloop
  endfacet
  facet normal 0.908234 0.418463 0
    outer loop
      vertex 49.6116 52.1823 4.2
      vertex 49.7677 51.8435 26
      vertex 49.7677 51.8435 4.2
    endloop
  endfacet
  facet normal 0.734444 0.67867 0
    outer loop
      vertex 50.6412 50.6412 26
      vertex 50.3881 50.9151 4.2
      vertex 50.3881 50.9151 26
    endloop
  endfacet
  facet normal 0.734444 0.67867 0
    outer loop
      vertex 50.3881 50.9151 4.2
      vertex 50.6412 50.6412 26
      vertex 50.6412 50.6412 4.2
    endloop
  endfacet
  facet normal -0.99305 -0.117697 0
    outer loop
      vertex 58.7354 54.3727 0
      vertex 58.6915 54.7431 26
      vertex 58.6915 54.7431 0
    endloop
  endfacet
  facet normal -0.99305 -0.117697 0
    outer loop
      vertex 58.6915 54.7431 26
      vertex 58.7354 54.3727 0
      vertex 58.7354 54.3727 26
    endloop
  endfacet
  facet normal -0.872419 -0.488758 0
    outer loop
      vertex 58.2323 56.1565 0
      vertex 58.05 56.4819 26
      vertex 58.05 56.4819 0
    endloop
  endfacet
  facet normal -0.872419 -0.488758 0
    outer loop
      vertex 58.05 56.4819 26
      vertex 58.2323 56.1565 0
      vertex 58.2323 56.1565 26
    endloop
  endfacet
  facet normal -0.488758 -0.872419 0
    outer loop
      vertex 56.1565 58.2323 0
      vertex 56.4819 58.05 26
      vertex 56.1565 58.2323 26
    endloop
  endfacet
  facet normal -0.488758 -0.872419 -0
    outer loop
      vertex 56.4819 58.05 26
      vertex 56.1565 58.2323 0
      vertex 56.4819 58.05 0
    endloop
  endfacet
  facet normal -0.555566 -0.831472 0
    outer loop
      vertex 56.4819 58.05 0
      vertex 56.792 57.8428 26
      vertex 56.4819 58.05 26
    endloop
  endfacet
  facet normal -0.555566 -0.831472 -0
    outer loop
      vertex 56.792 57.8428 26
      vertex 56.4819 58.05 0
      vertex 56.792 57.8428 0
    endloop
  endfacet
  facet normal -0.19493 -0.980817 0
    outer loop
      vertex 54.7431 58.6915 0
      vertex 55.1089 58.6188 26
      vertex 54.7431 58.6915 26
    endloop
  endfacet
  facet normal -0.19493 -0.980817 -0
    outer loop
      vertex 55.1089 58.6188 26
      vertex 54.7431 58.6915 0
      vertex 55.1089 58.6188 0
    endloop
  endfacet
  facet normal -0.117697 -0.99305 0
    outer loop
      vertex 54.3727 58.7354 0
      vertex 54.7431 58.6915 26
      vertex 54.3727 58.7354 26
    endloop
  endfacet
  facet normal -0.117697 -0.99305 -0
    outer loop
      vertex 54.7431 58.6915 26
      vertex 54.3727 58.7354 0
      vertex 54.7431 58.6915 0
    endloop
  endfacet
  facet normal 0.980817 -0.19493 0
    outer loop
      vertex 49.3085 54.7431 26
      vertex 49.3812 55.1089 4.2
      vertex 49.3812 55.1089 26
    endloop
  endfacet
  facet normal 0.980817 -0.19493 0
    outer loop
      vertex 49.3812 55.1089 4.2
      vertex 49.3085 54.7431 26
      vertex 49.3085 54.7431 4.2
    endloop
  endfacet
  facet normal 0.99305 -0.117697 0
    outer loop
      vertex 49.2646 54.3727 26
      vertex 49.3085 54.7431 4.2
      vertex 49.3085 54.7431 26
    endloop
  endfacet
  facet normal 0.99305 -0.117697 0
    outer loop
      vertex 49.3085 54.7431 4.2
      vertex 49.2646 54.3727 26
      vertex 49.2646 54.3727 4.2
    endloop
  endfacet
  facet normal 0.831472 -0.555566 0
    outer loop
      vertex 49.95 56.4819 26
      vertex 50.1572 56.792 4.2
      vertex 50.1572 56.792 26
    endloop
  endfacet
  facet normal 0.831472 -0.555566 0
    outer loop
      vertex 50.1572 56.792 4.2
      vertex 49.95 56.4819 26
      vertex 49.95 56.4819 4.2
    endloop
  endfacet
  facet normal 0.872419 -0.488758 0
    outer loop
      vertex 49.7677 56.1565 26
      vertex 49.95 56.4819 4.2
      vertex 49.95 56.4819 26
    endloop
  endfacet
  facet normal 0.872419 -0.488758 0
    outer loop
      vertex 49.95 56.4819 4.2
      vertex 49.7677 56.1565 26
      vertex 49.7677 56.1565 4.2
    endloop
  endfacet
  facet normal 0.117697 -0.99305 0
    outer loop
      vertex 53.2569 58.6915 4.2
      vertex 53.6273 58.7354 26
      vertex 53.2569 58.6915 26
    endloop
  endfacet
  facet normal 0.117697 -0.99305 0
    outer loop
      vertex 53.6273 58.7354 26
      vertex 53.2569 58.6915 4.2
      vertex 53.6273 58.7354 4.2
    endloop
  endfacet
  facet normal 0.488758 -0.872419 0
    outer loop
      vertex 51.5181 58.05 4.2
      vertex 51.8435 58.2323 26
      vertex 51.5181 58.05 26
    endloop
  endfacet
  facet normal 0.488758 -0.872419 0
    outer loop
      vertex 51.8435 58.2323 26
      vertex 51.5181 58.05 4.2
      vertex 51.8435 58.2323 4.2
    endloop
  endfacet
  facet normal -0.999234 -0.0391436 -0
    outer loop
      vertex 58.75 54 4.2
      vertex 58.7354 54.3727 0
      vertex 58.75 54 0
    endloop
  endfacet
  facet normal -0.999234 -0.0391436 0
    outer loop
      vertex 58.7354 54.3727 0
      vertex 58.75 54 4.2
      vertex 58.7354 54.3727 26
    endloop
  endfacet
  facet normal -0.999234 -0.0391436 0
    outer loop
      vertex 58.7354 54.3727 26
      vertex 58.75 54 4.2
      vertex 58.75 54 26
    endloop
  endfacet
  facet normal -0.999234 0.0391436 0
    outer loop
      vertex 58.7354 53.6273 4.2
      vertex 58.75 54 26
      vertex 58.75 54 4.2
    endloop
  endfacet
  facet normal -0.999234 0.0391436 0
    outer loop
      vertex 58.75 54 26
      vertex 58.7354 53.6273 4.2
      vertex 58.7354 53.6273 26
    endloop
  endfacet
  facet normal -0.99305 0.117697 0
    outer loop
      vertex 58.6915 53.2569 4.2
      vertex 58.7354 53.6273 26
      vertex 58.7354 53.6273 4.2
    endloop
  endfacet
  facet normal -0.99305 0.117697 0
    outer loop
      vertex 58.7354 53.6273 26
      vertex 58.6915 53.2569 4.2
      vertex 58.6915 53.2569 26
    endloop
  endfacet
  facet normal -0.117697 0.99305 0
    outer loop
      vertex 54.7431 49.3085 4.2
      vertex 54.3727 49.2646 26
      vertex 54.7431 49.3085 26
    endloop
  endfacet
  facet normal -0.117697 0.99305 0
    outer loop
      vertex 54.3727 49.2646 26
      vertex 54.7431 49.3085 4.2
      vertex 54.3727 49.2646 4.2
    endloop
  endfacet
  facet normal -0.346153 0.938178 0
    outer loop
      vertex 55.8177 49.6116 4.2
      vertex 55.4678 49.4825 26
      vertex 55.8177 49.6116 26
    endloop
  endfacet
  facet normal -0.346153 0.938178 0
    outer loop
      vertex 55.4678 49.4825 26
      vertex 55.8177 49.6116 4.2
      vertex 55.4678 49.4825 4.2
    endloop
  endfacet
  facet normal -0.67867 0.734444 0
    outer loop
      vertex 57.3588 50.6412 4.2
      vertex 57.0849 50.3881 26
      vertex 57.3588 50.6412 26
    endloop
  endfacet
  facet normal -0.67867 0.734444 0
    outer loop
      vertex 57.0849 50.3881 26
      vertex 57.3588 50.6412 4.2
      vertex 57.0849 50.3881 4.2
    endloop
  endfacet
  facet normal -0.488758 0.872419 0
    outer loop
      vertex 56.4819 49.95 4.2
      vertex 56.1565 49.7677 26
      vertex 56.4819 49.95 26
    endloop
  endfacet
  facet normal -0.488758 0.872419 0
    outer loop
      vertex 56.1565 49.7677 26
      vertex 56.4819 49.95 4.2
      vertex 56.1565 49.7677 4.2
    endloop
  endfacet
  facet normal -0.831472 0.555566 0
    outer loop
      vertex 57.8428 51.208 4.2
      vertex 58.05 51.5181 26
      vertex 58.05 51.5181 4.2
    endloop
  endfacet
  facet normal -0.831472 0.555566 0
    outer loop
      vertex 58.05 51.5181 26
      vertex 57.8428 51.208 4.2
      vertex 57.8428 51.208 26
    endloop
  endfacet
  facet normal -0.908234 0.418463 0
    outer loop
      vertex 58.2323 51.8435 4.2
      vertex 58.3884 52.1823 26
      vertex 58.3884 52.1823 4.2
    endloop
  endfacet
  facet normal -0.908234 0.418463 0
    outer loop
      vertex 58.3884 52.1823 26
      vertex 58.2323 51.8435 4.2
      vertex 58.2323 51.8435 26
    endloop
  endfacet
  facet normal -0.785322 0.619088 0
    outer loop
      vertex 57.6119 50.9151 4.2
      vertex 57.8428 51.208 26
      vertex 57.8428 51.208 4.2
    endloop
  endfacet
  facet normal -0.785322 0.619088 0
    outer loop
      vertex 57.8428 51.208 26
      vertex 57.6119 50.9151 4.2
      vertex 57.6119 50.9151 26
    endloop
  endfacet
  facet normal 0.19493 0.980817 -0
    outer loop
      vertex 53.2569 49.3085 4.2
      vertex 52.8911 49.3812 26
      vertex 53.2569 49.3085 26
    endloop
  endfacet
  facet normal 0.19493 0.980817 0
    outer loop
      vertex 52.8911 49.3812 26
      vertex 53.2569 49.3085 4.2
      vertex 52.8911 49.3812 4.2
    endloop
  endfacet
  facet normal 0.271638 0.962399 -0
    outer loop
      vertex 52.8911 49.3812 4.2
      vertex 52.5322 49.4825 26
      vertex 52.8911 49.3812 26
    endloop
  endfacet
  facet normal 0.271638 0.962399 0
    outer loop
      vertex 52.5322 49.4825 26
      vertex 52.8911 49.3812 4.2
      vertex 52.5322 49.4825 4.2
    endloop
  endfacet
  facet normal 0.555566 0.831472 -0
    outer loop
      vertex 51.5181 49.95 4.2
      vertex 51.208 50.1572 26
      vertex 51.5181 49.95 26
    endloop
  endfacet
  facet normal 0.555566 0.831472 0
    outer loop
      vertex 51.208 50.1572 26
      vertex 51.5181 49.95 4.2
      vertex 51.208 50.1572 4.2
    endloop
  endfacet
  facet normal 0.418463 0.908234 -0
    outer loop
      vertex 52.1823 49.6116 4.2
      vertex 51.8435 49.7677 26
      vertex 52.1823 49.6116 26
    endloop
  endfacet
  facet normal 0.418463 0.908234 0
    outer loop
      vertex 51.8435 49.7677 26
      vertex 52.1823 49.6116 4.2
      vertex 51.8435 49.7677 4.2
    endloop
  endfacet
  facet normal 0.619088 0.785322 -0
    outer loop
      vertex 51.208 50.1572 4.2
      vertex 50.9151 50.3881 26
      vertex 51.208 50.1572 26
    endloop
  endfacet
  facet normal 0.619088 0.785322 0
    outer loop
      vertex 50.9151 50.3881 26
      vertex 51.208 50.1572 4.2
      vertex 50.9151 50.3881 4.2
    endloop
  endfacet
  facet normal 0.938178 0.346153 0
    outer loop
      vertex 49.6116 52.1823 26
      vertex 49.4825 52.5322 4.2
      vertex 49.4825 52.5322 26
    endloop
  endfacet
  facet normal 0.938178 0.346153 0
    outer loop
      vertex 49.4825 52.5322 4.2
      vertex 49.6116 52.1823 26
      vertex 49.6116 52.1823 4.2
    endloop
  endfacet
  facet normal 0.99305 0.117697 0
    outer loop
      vertex 49.3085 53.2569 26
      vertex 49.2646 53.6273 4.2
      vertex 49.2646 53.6273 26
    endloop
  endfacet
  facet normal 0.99305 0.117697 0
    outer loop
      vertex 49.2646 53.6273 4.2
      vertex 49.3085 53.2569 26
      vertex 49.3085 53.2569 4.2
    endloop
  endfacet
  facet normal 0.872419 0.488758 0
    outer loop
      vertex 49.95 51.5181 26
      vertex 49.7677 51.8435 4.2
      vertex 49.7677 51.8435 26
    endloop
  endfacet
  facet normal 0.872419 0.488758 0
    outer loop
      vertex 49.7677 51.8435 4.2
      vertex 49.95 51.5181 26
      vertex 49.95 51.5181 4.2
    endloop
  endfacet
  facet normal -0.962399 0.271638 0
    outer loop
      vertex 58.5175 52.5322 4.2
      vertex 58.6188 52.8911 26
      vertex 58.6188 52.8911 4.2
    endloop
  endfacet
  facet normal -0.962399 0.271638 0
    outer loop
      vertex 58.6188 52.8911 26
      vertex 58.5175 52.5322 4.2
      vertex 58.5175 52.5322 26
    endloop
  endfacet
  facet normal -0.980817 0.19493 0
    outer loop
      vertex 58.6188 52.8911 4.2
      vertex 58.6915 53.2569 26
      vertex 58.6915 53.2569 4.2
    endloop
  endfacet
  facet normal -0.980817 0.19493 0
    outer loop
      vertex 58.6915 53.2569 26
      vertex 58.6188 52.8911 4.2
      vertex 58.6188 52.8911 26
    endloop
  endfacet
  facet normal -0.872419 0.488758 0
    outer loop
      vertex 58.05 51.5181 4.2
      vertex 58.2323 51.8435 26
      vertex 58.2323 51.8435 4.2
    endloop
  endfacet
  facet normal -0.872419 0.488758 0
    outer loop
      vertex 58.2323 51.8435 26
      vertex 58.05 51.5181 4.2
      vertex 58.05 51.5181 26
    endloop
  endfacet
  facet normal 0.117697 0.99305 -0
    outer loop
      vertex 53.6273 49.2646 4.2
      vertex 53.2569 49.3085 26
      vertex 53.6273 49.2646 26
    endloop
  endfacet
  facet normal 0.117697 0.99305 0
    outer loop
      vertex 53.2569 49.3085 26
      vertex 53.6273 49.2646 4.2
      vertex 53.2569 49.3085 4.2
    endloop
  endfacet
  facet normal 0.488758 0.872419 -0
    outer loop
      vertex 51.8435 49.7677 4.2
      vertex 51.5181 49.95 26
      vertex 51.8435 49.7677 26
    endloop
  endfacet
  facet normal 0.488758 0.872419 0
    outer loop
      vertex 51.5181 49.95 26
      vertex 51.8435 49.7677 4.2
      vertex 51.5181 49.95 4.2
    endloop
  endfacet
  facet normal 0.980817 0.19493 0
    outer loop
      vertex 49.3812 52.8911 26
      vertex 49.3085 53.2569 4.2
      vertex 49.3085 53.2569 26
    endloop
  endfacet
  facet normal 0.980817 0.19493 0
    outer loop
      vertex 49.3085 53.2569 4.2
      vertex 49.3812 52.8911 26
      vertex 49.3812 52.8911 4.2
    endloop
  endfacet
  facet normal 0.831472 0.555566 0
    outer loop
      vertex 50.1572 51.208 26
      vertex 49.95 51.5181 4.2
      vertex 49.95 51.5181 26
    endloop
  endfacet
  facet normal 0.831472 0.555566 0
    outer loop
      vertex 49.95 51.5181 4.2
      vertex 50.1572 51.208 26
      vertex 50.1572 51.208 4.2
    endloop
  endfacet
  facet normal 0.999226 0.0393352 0
    outer loop
      vertex 14.5 10 46.5
      vertex 14.4861 10.3531 4
      vertex 14.4861 10.3531 46.5
    endloop
  endfacet
  facet normal 0.999226 0.0393352 0
    outer loop
      vertex 14.4861 10.3531 4
      vertex 14.5 10 46.5
      vertex 14.5 10 4
    endloop
  endfacet
  facet normal -0.999229 0.0392504 0
    outer loop
      vertex 5.5 10 4
      vertex 5.51387 10.3531 46.5
      vertex 5.51387 10.3531 4
    endloop
  endfacet
  facet normal -0.999229 0.0392504 0
    outer loop
      vertex 5.51387 10.3531 46.5
      vertex 5.5 10 4
      vertex 5.5 10 46.5
    endloop
  endfacet
  facet normal 0.0393352 0.999226 -0
    outer loop
      vertex 10.3531 14.4861 4
      vertex 10 14.5 46.5
      vertex 10.3531 14.4861 46.5
    endloop
  endfacet
  facet normal 0.0393352 0.999226 0
    outer loop
      vertex 10 14.5 46.5
      vertex 10.3531 14.4861 4
      vertex 10 14.5 4
    endloop
  endfacet
  facet normal 0.734434 0.67868 0
    outer loop
      vertex 13.4218 12.9225 46.5
      vertex 13.182 13.182 4
      vertex 13.182 13.182 46.5
    endloop
  endfacet
  facet normal 0.734434 0.67868 0
    outer loop
      vertex 13.182 13.182 4
      vertex 13.4218 12.9225 46.5
      vertex 13.4218 12.9225 4
    endloop
  endfacet
  facet normal -0.678736 0.734382 0
    outer loop
      vertex 7.07748 13.4218 4
      vertex 6.81802 13.182 46.5
      vertex 7.07748 13.4218 46.5
    endloop
  endfacet
  facet normal -0.678736 0.734382 0
    outer loop
      vertex 6.81802 13.182 46.5
      vertex 7.07748 13.4218 4
      vertex 6.81802 13.182 4
    endloop
  endfacet
  facet normal -0.346134 0.938185 0
    outer loop
      vertex 8.60942 14.2798 4
      vertex 8.27793 14.1575 46.5
      vertex 8.60942 14.2798 46.5
    endloop
  endfacet
  facet normal -0.346134 0.938185 0
    outer loop
      vertex 8.27793 14.1575 46.5
      vertex 8.60942 14.2798 4
      vertex 8.27793 14.1575 4
    endloop
  endfacet
  facet normal 0.938188 0.346125 0
    outer loop
      vertex 14.2798 11.3906 46.5
      vertex 14.1575 11.7221 4
      vertex 14.1575 11.7221 46.5
    endloop
  endfacet
  facet normal 0.938188 0.346125 0
    outer loop
      vertex 14.1575 11.7221 4
      vertex 14.2798 11.3906 46.5
      vertex 14.2798 11.3906 4
    endloop
  endfacet
  facet normal 0.418807 0.908075 -0
    outer loop
      vertex 12.043 14.0095 4
      vertex 11.7221 14.1575 46.5
      vertex 12.043 14.0095 46.5
    endloop
  endfacet
  facet normal 0.418807 0.908075 0
    outer loop
      vertex 11.7221 14.1575 46.5
      vertex 12.043 14.0095 4
      vertex 11.7221 14.1575 4
    endloop
  endfacet
  facet normal -0.872436 0.488728 0
    outer loop
      vertex 5.99047 12.043 4
      vertex 6.16312 12.3512 46.5
      vertex 6.16312 12.3512 4
    endloop
  endfacet
  facet normal -0.872436 0.488728 0
    outer loop
      vertex 6.16312 12.3512 46.5
      vertex 5.99047 12.043 4
      vertex 5.99047 12.043 46.5
    endloop
  endfacet
  facet normal 0.87255 -0.488524 0
    outer loop
      vertex 13.8369 7.64876 46.5
      vertex 14.0095 7.95704 4
      vertex 14.0095 7.95704 46.5
    endloop
  endfacet
  facet normal 0.87255 -0.488524 0
    outer loop
      vertex 14.0095 7.95704 4
      vertex 13.8369 7.64876 46.5
      vertex 13.8369 7.64876 4
    endloop
  endfacet
  facet normal 0.195136 -0.980776 0
    outer loop
      vertex 10.704 5.5554 4
      vertex 11.0505 5.62434 46.5
      vertex 10.704 5.5554 46.5
    endloop
  endfacet
  facet normal 0.195136 -0.980776 0
    outer loop
      vertex 11.0505 5.62434 46.5
      vertex 10.704 5.5554 4
      vertex 11.0505 5.62434 4
    endloop
  endfacet
  facet normal 0.678756 -0.734364 0
    outer loop
      vertex 12.9225 6.57817 4
      vertex 13.182 6.81802 46.5
      vertex 12.9225 6.57817 46.5
    endloop
  endfacet
  facet normal 0.678756 -0.734364 0
    outer loop
      vertex 13.182 6.81802 46.5
      vertex 12.9225 6.57817 4
      vertex 13.182 6.81802 4
    endloop
  endfacet
  facet normal 0.993078 -0.117455 0
    outer loop
      vertex 14.4446 9.29605 46.5
      vertex 14.4861 9.64693 4
      vertex 14.4861 9.64693 46.5
    endloop
  endfacet
  facet normal 0.993078 -0.117455 0
    outer loop
      vertex 14.4861 9.64693 4
      vertex 14.4446 9.29605 46.5
      vertex 14.4446 9.29605 4
    endloop
  endfacet
  facet normal -0.346109 -0.938194 0
    outer loop
      vertex 8.27793 5.84254 4
      vertex 8.60942 5.72025 46.5
      vertex 8.27793 5.84254 46.5
    endloop
  endfacet
  facet normal -0.346109 -0.938194 -0
    outer loop
      vertex 8.60942 5.72025 46.5
      vertex 8.27793 5.84254 4
      vertex 8.60942 5.72025 4
    endloop
  endfacet
  facet normal -0.488632 -0.87249 0
    outer loop
      vertex 7.64876 6.16312 4
      vertex 7.95704 5.99047 46.5
      vertex 7.64876 6.16312 46.5
    endloop
  endfacet
  facet normal -0.488632 -0.87249 -0
    outer loop
      vertex 7.95704 5.99047 46.5
      vertex 7.64876 6.16312 4
      vertex 7.95704 5.99047 4
    endloop
  endfacet
  facet normal 0.908075 0.418807 0
    outer loop
      vertex 14.1575 11.7221 46.5
      vertex 14.0095 12.043 4
      vertex 14.0095 12.043 46.5
    endloop
  endfacet
  facet normal 0.908075 0.418807 0
    outer loop
      vertex 14.0095 12.043 4
      vertex 14.1575 11.7221 46.5
      vertex 14.1575 11.7221 4
    endloop
  endfacet
  facet normal 0.872496 0.488621 0
    outer loop
      vertex 14.0095 12.043 46.5
      vertex 13.8369 12.3512 4
      vertex 13.8369 12.3512 46.5
    endloop
  endfacet
  facet normal 0.872496 0.488621 0
    outer loop
      vertex 13.8369 12.3512 4
      vertex 14.0095 12.043 46.5
      vertex 14.0095 12.043 4
    endloop
  endfacet
  facet normal 0.785267 0.619158 0
    outer loop
      vertex 13.6406 12.645 46.5
      vertex 13.4218 12.9225 4
      vertex 13.4218 12.9225 46.5
    endloop
  endfacet
  facet normal 0.785267 0.619158 0
    outer loop
      vertex 13.4218 12.9225 4
      vertex 13.6406 12.645 46.5
      vertex 13.6406 12.645 4
    endloop
  endfacet
  facet normal 0.831484 0.555549 0
    outer loop
      vertex 13.8369 12.3512 46.5
      vertex 13.6406 12.645 4
      vertex 13.6406 12.645 46.5
    endloop
  endfacet
  facet normal 0.831484 0.555549 0
    outer loop
      vertex 13.6406 12.645 4
      vertex 13.8369 12.3512 46.5
      vertex 13.8369 12.3512 4
    endloop
  endfacet
  facet normal 0.195027 0.980798 -0
    outer loop
      vertex 11.0505 14.3757 4
      vertex 10.704 14.4446 46.5
      vertex 11.0505 14.3757 46.5
    endloop
  endfacet
  facet normal 0.195027 0.980798 0
    outer loop
      vertex 10.704 14.4446 46.5
      vertex 11.0505 14.3757 4
      vertex 10.704 14.4446 4
    endloop
  endfacet
  facet normal 0.346125 0.938188 -0
    outer loop
      vertex 11.7221 14.1575 4
      vertex 11.3906 14.2798 46.5
      vertex 11.7221 14.1575 46.5
    endloop
  endfacet
  facet normal 0.346125 0.938188 0
    outer loop
      vertex 11.3906 14.2798 46.5
      vertex 11.7221 14.1575 4
      vertex 11.3906 14.2798 4
    endloop
  endfacet
  facet normal 0.117449 0.993079 -0
    outer loop
      vertex 10.704 14.4446 4
      vertex 10.3531 14.4861 46.5
      vertex 10.704 14.4446 46.5
    endloop
  endfacet
  facet normal 0.117449 0.993079 0
    outer loop
      vertex 10.3531 14.4861 46.5
      vertex 10.704 14.4446 4
      vertex 10.3531 14.4861 4
    endloop
  endfacet
  facet normal 0.67868 0.734434 -0
    outer loop
      vertex 13.182 13.182 4
      vertex 12.9225 13.4218 46.5
      vertex 13.182 13.182 46.5
    endloop
  endfacet
  facet normal 0.67868 0.734434 0
    outer loop
      vertex 12.9225 13.4218 46.5
      vertex 13.182 13.182 4
      vertex 12.9225 13.4218 4
    endloop
  endfacet
  facet normal -0.980776 0.195136 0
    outer loop
      vertex 5.5554 10.704 4
      vertex 5.62434 11.0505 46.5
      vertex 5.62434 11.0505 4
    endloop
  endfacet
  facet normal -0.980776 0.195136 0
    outer loop
      vertex 5.62434 11.0505 46.5
      vertex 5.5554 10.704 4
      vertex 5.5554 10.704 46.5
    endloop
  endfacet
  facet normal -0.908151 0.418644 0
    outer loop
      vertex 5.84254 11.7221 4
      vertex 5.99047 12.043 46.5
      vertex 5.99047 12.043 4
    endloop
  endfacet
  facet normal -0.908151 0.418644 0
    outer loop
      vertex 5.99047 12.043 46.5
      vertex 5.84254 11.7221 4
      vertex 5.84254 11.7221 46.5
    endloop
  endfacet
  facet normal -0.938198 0.3461 0
    outer loop
      vertex 5.72025 11.3906 4
      vertex 5.84254 11.7221 46.5
      vertex 5.84254 11.7221 4
    endloop
  endfacet
  facet normal -0.938198 0.3461 0
    outer loop
      vertex 5.84254 11.7221 46.5
      vertex 5.72025 11.3906 4
      vertex 5.72025 11.3906 46.5
    endloop
  endfacet
  facet normal -0.993069 0.117533 0
    outer loop
      vertex 5.51387 10.3531 4
      vertex 5.5554 10.704 46.5
      vertex 5.5554 10.704 4
    endloop
  endfacet
  facet normal -0.993069 0.117533 0
    outer loop
      vertex 5.5554 10.704 46.5
      vertex 5.51387 10.3531 4
      vertex 5.51387 10.3531 46.5
    endloop
  endfacet
  facet normal -0.418818 0.90807 0
    outer loop
      vertex 8.27793 14.1575 4
      vertex 7.95704 14.0095 46.5
      vertex 8.27793 14.1575 46.5
    endloop
  endfacet
  facet normal -0.418818 0.90807 0
    outer loop
      vertex 7.95704 14.0095 46.5
      vertex 8.27793 14.1575 4
      vertex 7.95704 14.0095 4
    endloop
  endfacet
  facet normal -0.488524 0.87255 0
    outer loop
      vertex 7.95704 14.0095 4
      vertex 7.64876 13.8369 46.5
      vertex 7.95704 14.0095 46.5
    endloop
  endfacet
  facet normal -0.488524 0.87255 0
    outer loop
      vertex 7.64876 13.8369 46.5
      vertex 7.95704 14.0095 4
      vertex 7.64876 13.8369 4
    endloop
  endfacet
  facet normal -0.619172 0.785256 0
    outer loop
      vertex 7.35497 13.6406 4
      vertex 7.07748 13.4218 46.5
      vertex 7.35497 13.6406 46.5
    endloop
  endfacet
  facet normal -0.619172 0.785256 0
    outer loop
      vertex 7.07748 13.4218 46.5
      vertex 7.35497 13.6406 4
      vertex 7.07748 13.4218 4
    endloop
  endfacet
  facet normal -0.0393385 0.999226 0
    outer loop
      vertex 10 14.5 4
      vertex 9.64693 14.4861 46.5
      vertex 10 14.5 46.5
    endloop
  endfacet
  facet normal -0.0393385 0.999226 0
    outer loop
      vertex 9.64693 14.4861 46.5
      vertex 10 14.5 4
      vertex 9.64693 14.4861 4
    endloop
  endfacet
  facet normal -0.271408 0.962464 0
    outer loop
      vertex 8.9495 14.3757 4
      vertex 8.60942 14.2798 46.5
      vertex 8.9495 14.3757 46.5
    endloop
  endfacet
  facet normal -0.271408 0.962464 0
    outer loop
      vertex 8.60942 14.2798 46.5
      vertex 8.9495 14.3757 4
      vertex 8.60942 14.2798 4
    endloop
  endfacet
  facet normal -0.117455 0.993078 0
    outer loop
      vertex 9.64693 14.4861 4
      vertex 9.29605 14.4446 46.5
      vertex 9.64693 14.4861 46.5
    endloop
  endfacet
  facet normal -0.117455 0.993078 0
    outer loop
      vertex 9.29605 14.4446 46.5
      vertex 9.64693 14.4861 4
      vertex 9.29605 14.4446 4
    endloop
  endfacet
  facet normal 0.999226 -0.0393385 0
    outer loop
      vertex 14.4861 9.64693 46.5
      vertex 14.5 10 4
      vertex 14.5 10 46.5
    endloop
  endfacet
  facet normal 0.999226 -0.0393385 0
    outer loop
      vertex 14.5 10 4
      vertex 14.4861 9.64693 46.5
      vertex 14.4861 9.64693 4
    endloop
  endfacet
  facet normal 0.0392504 -0.999229 0
    outer loop
      vertex 10 5.5 4
      vertex 10.3531 5.51387 46.5
      vertex 10 5.5 46.5
    endloop
  endfacet
  facet normal 0.0392504 -0.999229 0
    outer loop
      vertex 10.3531 5.51387 46.5
      vertex 10 5.5 4
      vertex 10.3531 5.51387 4
    endloop
  endfacet
  facet normal 0.117533 -0.993069 0
    outer loop
      vertex 10.3531 5.51387 4
      vertex 10.704 5.5554 46.5
      vertex 10.3531 5.51387 46.5
    endloop
  endfacet
  facet normal 0.117533 -0.993069 0
    outer loop
      vertex 10.704 5.5554 46.5
      vertex 10.3531 5.51387 4
      vertex 10.704 5.5554 4
    endloop
  endfacet
  facet normal 0.418644 -0.908151 0
    outer loop
      vertex 11.7221 5.84254 4
      vertex 12.043 5.99047 46.5
      vertex 11.7221 5.84254 46.5
    endloop
  endfacet
  facet normal 0.418644 -0.908151 0
    outer loop
      vertex 12.043 5.99047 46.5
      vertex 11.7221 5.84254 4
      vertex 12.043 5.99047 4
    endloop
  endfacet
  facet normal 0.734382 -0.678736 0
    outer loop
      vertex 13.182 6.81802 46.5
      vertex 13.4218 7.07748 4
      vertex 13.4218 7.07748 46.5
    endloop
  endfacet
  facet normal 0.734382 -0.678736 0
    outer loop
      vertex 13.4218 7.07748 4
      vertex 13.182 6.81802 46.5
      vertex 13.182 6.81802 4
    endloop
  endfacet
  facet normal -0.117539 -0.993068 0
    outer loop
      vertex 9.29605 5.5554 4
      vertex 9.64693 5.51387 46.5
      vertex 9.29605 5.5554 46.5
    endloop
  endfacet
  facet normal -0.117539 -0.993068 -0
    outer loop
      vertex 9.64693 5.51387 46.5
      vertex 9.29605 5.5554 4
      vertex 9.64693 5.51387 4
    endloop
  endfacet
  facet normal -0.678812 -0.734312 0
    outer loop
      vertex 6.81802 6.81802 4
      vertex 7.07748 6.57817 46.5
      vertex 6.81802 6.81802 46.5
    endloop
  endfacet
  facet normal -0.678812 -0.734312 -0
    outer loop
      vertex 7.07748 6.57817 46.5
      vertex 6.81802 6.81802 4
      vertex 7.07748 6.57817 4
    endloop
  endfacet
  facet normal -0.418654 -0.908146 0
    outer loop
      vertex 7.95704 5.99047 4
      vertex 8.27793 5.84254 46.5
      vertex 7.95704 5.99047 46.5
    endloop
  endfacet
  facet normal -0.418654 -0.908146 -0
    outer loop
      vertex 8.27793 5.84254 46.5
      vertex 7.95704 5.99047 4
      vertex 8.27793 5.84254 4
    endloop
  endfacet
  facet normal -0.0392537 -0.999229 0
    outer loop
      vertex 9.64693 5.51387 4
      vertex 10 5.5 46.5
      vertex 9.64693 5.51387 46.5
    endloop
  endfacet
  facet normal -0.0392537 -0.999229 -0
    outer loop
      vertex 10 5.5 46.5
      vertex 9.64693 5.51387 4
      vertex 10 5.5 4
    endloop
  endfacet
  facet normal -0.555562 -0.831475 0
    outer loop
      vertex 7.35497 6.35942 4
      vertex 7.64876 6.16312 46.5
      vertex 7.35497 6.35942 46.5
    endloop
  endfacet
  facet normal -0.555562 -0.831475 -0
    outer loop
      vertex 7.64876 6.16312 46.5
      vertex 7.35497 6.35942 4
      vertex 7.64876 6.16312 4
    endloop
  endfacet
  facet normal -0.734312 -0.678812 0
    outer loop
      vertex 6.81802 6.81802 4
      vertex 6.57817 7.07748 46.5
      vertex 6.57817 7.07748 4
    endloop
  endfacet
  facet normal -0.734312 -0.678812 0
    outer loop
      vertex 6.57817 7.07748 46.5
      vertex 6.81802 6.81802 4
      vertex 6.81802 6.81802 46.5
    endloop
  endfacet
  facet normal -0.908146 -0.418654 0
    outer loop
      vertex 5.99047 7.95704 4
      vertex 5.84254 8.27793 46.5
      vertex 5.84254 8.27793 4
    endloop
  endfacet
  facet normal -0.908146 -0.418654 0
    outer loop
      vertex 5.84254 8.27793 46.5
      vertex 5.99047 7.95704 4
      vertex 5.99047 7.95704 46.5
    endloop
  endfacet
  facet normal -0.999229 -0.0392537 0
    outer loop
      vertex 5.51387 9.64693 4
      vertex 5.5 10 46.5
      vertex 5.5 10 4
    endloop
  endfacet
  facet normal -0.999229 -0.0392537 0
    outer loop
      vertex 5.5 10 46.5
      vertex 5.51387 9.64693 4
      vertex 5.51387 9.64693 46.5
    endloop
  endfacet
  facet normal -0.938194 -0.346109 0
    outer loop
      vertex 5.84254 8.27793 4
      vertex 5.72025 8.60942 46.5
      vertex 5.72025 8.60942 4
    endloop
  endfacet
  facet normal -0.938194 -0.346109 0
    outer loop
      vertex 5.72025 8.60942 46.5
      vertex 5.84254 8.27793 4
      vertex 5.84254 8.27793 46.5
    endloop
  endfacet
  facet normal 0.271393 0.962469 -0
    outer loop
      vertex 11.3906 14.2798 4
      vertex 11.0505 14.3757 46.5
      vertex 11.3906 14.2798 46.5
    endloop
  endfacet
  facet normal 0.271393 0.962469 0
    outer loop
      vertex 11.0505 14.3757 46.5
      vertex 11.3906 14.2798 4
      vertex 11.0505 14.3757 4
    endloop
  endfacet
  facet normal 0.488621 0.872496 -0
    outer loop
      vertex 12.3512 13.8369 4
      vertex 12.043 14.0095 46.5
      vertex 12.3512 13.8369 46.5
    endloop
  endfacet
  facet normal 0.488621 0.872496 0
    outer loop
      vertex 12.043 14.0095 46.5
      vertex 12.3512 13.8369 4
      vertex 12.043 14.0095 4
    endloop
  endfacet
  facet normal 0.619158 0.785267 -0
    outer loop
      vertex 12.9225 13.4218 4
      vertex 12.645 13.6406 46.5
      vertex 12.9225 13.4218 46.5
    endloop
  endfacet
  facet normal 0.619158 0.785267 0
    outer loop
      vertex 12.645 13.6406 46.5
      vertex 12.9225 13.4218 4
      vertex 12.645 13.6406 4
    endloop
  endfacet
  facet normal 0.555549 0.831484 -0
    outer loop
      vertex 12.645 13.6406 4
      vertex 12.3512 13.8369 46.5
      vertex 12.645 13.6406 46.5
    endloop
  endfacet
  facet normal 0.555549 0.831484 0
    outer loop
      vertex 12.3512 13.8369 46.5
      vertex 12.645 13.6406 4
      vertex 12.3512 13.8369 4
    endloop
  endfacet
  facet normal 0 0 1
    outer loop
      vertex 11.5 10 46.5
      vertex 14.5 10 46.5
      vertex 14.4861 10.3531 46.5
    endloop
  endfacet
  facet normal 0 0 1
    outer loop
      vertex 11.4954 10.1177 46.5
      vertex 14.4861 10.3531 46.5
      vertex 14.4446 10.704 46.5
    endloop
  endfacet
  facet normal 0 0 1
    outer loop
      vertex 14.5 10 46.5
      vertex 11.5 10 46.5
      vertex 14.4861 9.64693 46.5
    endloop
  endfacet
  facet normal 0 0 1
    outer loop
      vertex 11.4815 10.2347 46.5
      vertex 14.4446 10.704 46.5
      vertex 14.3757 11.0505 46.5
    endloop
  endfacet
  facet normal -0 0 1
    outer loop
      vertex 11.4954 9.88231 46.5
      vertex 14.4861 9.64693 46.5
      vertex 11.5 10 46.5
    endloop
  endfacet
  facet normal 0 0 1
    outer loop
      vertex 11.4586 10.3502 46.5
      vertex 14.3757 11.0505 46.5
      vertex 14.2798 11.3906 46.5
    endloop
  endfacet
  facet normal 0 0 1
    outer loop
      vertex 14.4861 9.64693 46.5
      vertex 11.4954 9.88231 46.5
      vertex 14.4446 9.29605 46.5
    endloop
  endfacet
  facet normal 0 0 1
    outer loop
      vertex 11.4266 10.4635 46.5
      vertex 14.2798 11.3906 46.5
      vertex 14.1575 11.7221 46.5
    endloop
  endfacet
  facet normal -0 0 1
    outer loop
      vertex 11.4815 9.76535 46.5
      vertex 14.4446 9.29605 46.5
      vertex 11.4954 9.88231 46.5
    endloop
  endfacet
  facet normal 0 0 1
    outer loop
      vertex 11.3858 10.574 46.5
      vertex 14.1575 11.7221 46.5
      vertex 14.0095 12.043 46.5
    endloop
  endfacet
  facet normal 0 0 1
    outer loop
      vertex 14.4446 9.29605 46.5
      vertex 11.4815 9.76535 46.5
      vertex 14.3757 8.9495 46.5
    endloop
  endfacet
  facet normal 0 0 1
    outer loop
      vertex 11.3365 10.681 46.5
      vertex 14.0095 12.043 46.5
      vertex 13.8369 12.3512 46.5
    endloop
  endfacet
  facet normal -0 0 1
    outer loop
      vertex 11.4586 9.64983 46.5
      vertex 14.3757 8.9495 46.5
      vertex 11.4815 9.76535 46.5
    endloop
  endfacet
  facet normal 0 0 1
    outer loop
      vertex 11.279 10.7837 46.5
      vertex 13.8369 12.3512 46.5
      vertex 13.6406 12.645 46.5
    endloop
  endfacet
  facet normal 0 0 1
    outer loop
      vertex 14.3757 8.9495 46.5
      vertex 11.4586 9.64983 46.5
      vertex 14.2798 8.60942 46.5
    endloop
  endfacet
  facet normal 0 0 1
    outer loop
      vertex 11.2135 10.8817 46.5
      vertex 13.6406 12.645 46.5
      vertex 13.4218 12.9225 46.5
    endloop
  endfacet
  facet normal -0 0 1
    outer loop
      vertex 11.4266 9.53648 46.5
      vertex 14.2798 8.60942 46.5
      vertex 11.4586 9.64983 46.5
    endloop
  endfacet
  facet normal 0 0 1
    outer loop
      vertex 11.1406 10.9742 46.5
      vertex 13.4218 12.9225 46.5
      vertex 13.182 13.182 46.5
    endloop
  endfacet
  facet normal 0 0 1
    outer loop
      vertex 14.2798 8.60942 46.5
      vertex 11.4266 9.53648 46.5
      vertex 14.1575 8.27793 46.5
    endloop
  endfacet
  facet normal 0 0 1
    outer loop
      vertex 11.0607 11.0607 46.5
      vertex 13.182 13.182 46.5
      vertex 12.9225 13.4218 46.5
    endloop
  endfacet
  facet normal -0 0 1
    outer loop
      vertex 11.3858 9.42598 46.5
      vertex 14.1575 8.27793 46.5
      vertex 11.4266 9.53648 46.5
    endloop
  endfacet
  facet normal 0 0 1
    outer loop
      vertex 10.9742 11.1406 46.5
      vertex 12.9225 13.4218 46.5
      vertex 12.645 13.6406 46.5
    endloop
  endfacet
  facet normal 0 0 1
    outer loop
      vertex 14.1575 8.27793 46.5
      vertex 11.3858 9.42598 46.5
      vertex 14.0095 7.95704 46.5
    endloop
  endfacet
  facet normal 0 0 1
    outer loop
      vertex 10.8817 11.2135 46.5
      vertex 12.645 13.6406 46.5
      vertex 12.3512 13.8369 46.5
    endloop
  endfacet
  facet normal -0 0 1
    outer loop
      vertex 11.3365 9.31901 46.5
      vertex 14.0095 7.95704 46.5
      vertex 11.3858 9.42598 46.5
    endloop
  endfacet
  facet normal 0 0 1
    outer loop
      vertex 10.7837 11.279 46.5
      vertex 12.3512 13.8369 46.5
      vertex 12.043 14.0095 46.5
    endloop
  endfacet
  facet normal 0 0 1
    outer loop
      vertex 14.0095 7.95704 46.5
      vertex 11.3365 9.31901 46.5
      vertex 13.8369 7.64876 46.5
    endloop
  endfacet
  facet normal 0 0 1
    outer loop
      vertex 10.681 11.3365 46.5
      vertex 12.043 14.0095 46.5
      vertex 11.7221 14.1575 46.5
    endloop
  endfacet
  facet normal -0 0 1
    outer loop
      vertex 11.279 9.21625 46.5
      vertex 13.8369 7.64876 46.5
      vertex 11.3365 9.31901 46.5
    endloop
  endfacet
  facet normal 0 0 1
    outer loop
      vertex 13.8369 7.64876 46.5
      vertex 11.279 9.21625 46.5
      vertex 13.6406 7.35497 46.5
    endloop
  endfacet
  facet normal 0 0 1
    outer loop
      vertex 14.4861 10.3531 46.5
      vertex 11.4954 10.1177 46.5
      vertex 11.5 10 46.5
    endloop
  endfacet
  facet normal 0 0 1
    outer loop
      vertex 14.4446 10.704 46.5
      vertex 11.4815 10.2347 46.5
      vertex 11.4954 10.1177 46.5
    endloop
  endfacet
  facet normal 0 0 1
    outer loop
      vertex 14.3757 11.0505 46.5
      vertex 11.4586 10.3502 46.5
      vertex 11.4815 10.2347 46.5
    endloop
  endfacet
  facet normal 0 0 1
    outer loop
      vertex 14.2798 11.3906 46.5
      vertex 11.4266 10.4635 46.5
      vertex 11.4586 10.3502 46.5
    endloop
  endfacet
  facet normal 0 0 1
    outer loop
      vertex 10.574 11.3858 46.5
      vertex 11.7221 14.1575 46.5
      vertex 11.3906 14.2798 46.5
    endloop
  endfacet
  facet normal 0 0 1
    outer loop
      vertex 14.1575 11.7221 46.5
      vertex 11.3858 10.574 46.5
      vertex 11.4266 10.4635 46.5
    endloop
  endfacet
  facet normal 0 0 1
    outer loop
      vertex 14.0095 12.043 46.5
      vertex 11.3365 10.681 46.5
      vertex 11.3858 10.574 46.5
    endloop
  endfacet
  facet normal 0 0 1
    outer loop
      vertex 13.8369 12.3512 46.5
      vertex 11.279 10.7837 46.5
      vertex 11.3365 10.681 46.5
    endloop
  endfacet
  facet normal 0 0 1
    outer loop
      vertex 13.6406 12.645 46.5
      vertex 11.2135 10.8817 46.5
      vertex 11.279 10.7837 46.5
    endloop
  endfacet
  facet normal 0 0 1
    outer loop
      vertex 13.4218 12.9225 46.5
      vertex 11.1406 10.9742 46.5
      vertex 11.2135 10.8817 46.5
    endloop
  endfacet
  facet normal 0 0 1
    outer loop
      vertex 13.182 13.182 46.5
      vertex 11.0607 11.0607 46.5
      vertex 11.1406 10.9742 46.5
    endloop
  endfacet
  facet normal 0 0 1
    outer loop
      vertex 10.4635 11.4266 46.5
      vertex 11.3906 14.2798 46.5
      vertex 11.0505 14.3757 46.5
    endloop
  endfacet
  facet normal 0 0 1
    outer loop
      vertex 12.9225 13.4218 46.5
      vertex 10.9742 11.1406 46.5
      vertex 11.0607 11.0607 46.5
    endloop
  endfacet
  facet normal 0 0 1
    outer loop
      vertex 12.645 13.6406 46.5
      vertex 10.8817 11.2135 46.5
      vertex 10.9742 11.1406 46.5
    endloop
  endfacet
  facet normal 0 0 1
    outer loop
      vertex 12.3512 13.8369 46.5
      vertex 10.7837 11.279 46.5
      vertex 10.8817 11.2135 46.5
    endloop
  endfacet
  facet normal 0 0 1
    outer loop
      vertex 10.3502 11.4586 46.5
      vertex 11.0505 14.3757 46.5
      vertex 10.704 14.4446 46.5
    endloop
  endfacet
  facet normal 0 0 1
    outer loop
      vertex 12.043 14.0095 46.5
      vertex 10.681 11.3365 46.5
      vertex 10.7837 11.279 46.5
    endloop
  endfacet
  facet normal 0 0 1
    outer loop
      vertex 11.7221 14.1575 46.5
      vertex 10.574 11.3858 46.5
      vertex 10.681 11.3365 46.5
    endloop
  endfacet
  facet normal 0 0 1
    outer loop
      vertex 11.3906 14.2798 46.5
      vertex 10.4635 11.4266 46.5
      vertex 10.574 11.3858 46.5
    endloop
  endfacet
  facet normal 0 0 1
    outer loop
      vertex 10.2347 11.4815 46.5
      vertex 10.704 14.4446 46.5
      vertex 10.3531 14.4861 46.5
    endloop
  endfacet
  facet normal 0 0 1
    outer loop
      vertex 11.0505 14.3757 46.5
      vertex 10.3502 11.4586 46.5
      vertex 10.4635 11.4266 46.5
    endloop
  endfacet
  facet normal 0 0 1
    outer loop
      vertex 10.704 14.4446 46.5
      vertex 10.2347 11.4815 46.5
      vertex 10.3502 11.4586 46.5
    endloop
  endfacet
  facet normal 0 0 1
    outer loop
      vertex 10.3531 14.4861 46.5
      vertex 10.1177 11.4954 46.5
      vertex 10.2347 11.4815 46.5
    endloop
  endfacet
  facet normal 0 0 1
    outer loop
      vertex 10 14.5 46.5
      vertex 10.1177 11.4954 46.5
      vertex 10.3531 14.4861 46.5
    endloop
  endfacet
  facet normal 0 0 1
    outer loop
      vertex 10 14.5 46.5
      vertex 10 11.5 46.5
      vertex 10.1177 11.4954 46.5
    endloop
  endfacet
  facet normal 0 0 1
    outer loop
      vertex 10 14.5 46.5
      vertex 9.88231 11.4954 46.5
      vertex 10 11.5 46.5
    endloop
  endfacet
  facet normal -0 0 1
    outer loop
      vertex 9.64693 14.4861 46.5
      vertex 9.88231 11.4954 46.5
      vertex 10 14.5 46.5
    endloop
  endfacet
  facet normal 0 0 1
    outer loop
      vertex 9.88231 11.4954 46.5
      vertex 9.64693 14.4861 46.5
      vertex 9.76535 11.4815 46.5
    endloop
  endfacet
  facet normal -0 0 1
    outer loop
      vertex 9.29605 14.4446 46.5
      vertex 9.76535 11.4815 46.5
      vertex 9.64693 14.4861 46.5
    endloop
  endfacet
  facet normal 0 0 1
    outer loop
      vertex 9.76535 11.4815 46.5
      vertex 9.29605 14.4446 46.5
      vertex 9.64983 11.4586 46.5
    endloop
  endfacet
  facet normal -0 0 1
    outer loop
      vertex 8.9495 14.3757 46.5
      vertex 9.64983 11.4586 46.5
      vertex 9.29605 14.4446 46.5
    endloop
  endfacet
  facet normal 0 0 1
    outer loop
      vertex 9.64983 11.4586 46.5
      vertex 8.9495 14.3757 46.5
      vertex 9.53648 11.4266 46.5
    endloop
  endfacet
  facet normal -0 0 1
    outer loop
      vertex 8.60942 14.2798 46.5
      vertex 9.53648 11.4266 46.5
      vertex 8.9495 14.3757 46.5
    endloop
  endfacet
  facet normal 0 0 1
    outer loop
      vertex 9.53648 11.4266 46.5
      vertex 8.60942 14.2798 46.5
      vertex 9.42598 11.3858 46.5
    endloop
  endfacet
  facet normal -0 0 1
    outer loop
      vertex 8.27793 14.1575 46.5
      vertex 9.42598 11.3858 46.5
      vertex 8.60942 14.2798 46.5
    endloop
  endfacet
  facet normal 0 0 1
    outer loop
      vertex 9.42598 11.3858 46.5
      vertex 8.27793 14.1575 46.5
      vertex 9.31901 11.3365 46.5
    endloop
  endfacet
  facet normal -0 0 1
    outer loop
      vertex 7.95704 14.0095 46.5
      vertex 9.31901 11.3365 46.5
      vertex 8.27793 14.1575 46.5
    endloop
  endfacet
  facet normal 0 0 1
    outer loop
      vertex 9.31901 11.3365 46.5
      vertex 7.95704 14.0095 46.5
      vertex 9.21625 11.279 46.5
    endloop
  endfacet
  facet normal -0 0 1
    outer loop
      vertex 7.64876 13.8369 46.5
      vertex 9.21625 11.279 46.5
      vertex 7.95704 14.0095 46.5
    endloop
  endfacet
  facet normal 0 0 1
    outer loop
      vertex 9.21625 11.279 46.5
      vertex 7.64876 13.8369 46.5
      vertex 9.11832 11.2135 46.5
    endloop
  endfacet
  facet normal -0 0 1
    outer loop
      vertex 7.35497 13.6406 46.5
      vertex 9.11832 11.2135 46.5
      vertex 7.64876 13.8369 46.5
    endloop
  endfacet
  facet normal 0 0 1
    outer loop
      vertex 9.11832 11.2135 46.5
      vertex 7.35497 13.6406 46.5
      vertex 9.02583 11.1406 46.5
    endloop
  endfacet
  facet normal -0 0 1
    outer loop
      vertex 7.07748 13.4218 46.5
      vertex 9.02583 11.1406 46.5
      vertex 7.35497 13.6406 46.5
    endloop
  endfacet
  facet normal 0 0 1
    outer loop
      vertex 9.02583 11.1406 46.5
      vertex 7.07748 13.4218 46.5
      vertex 8.93934 11.0607 46.5
    endloop
  endfacet
  facet normal -0 0 1
    outer loop
      vertex 6.81802 13.182 46.5
      vertex 8.93934 11.0607 46.5
      vertex 7.07748 13.4218 46.5
    endloop
  endfacet
  facet normal 0 0 1
    outer loop
      vertex 8.93934 11.0607 46.5
      vertex 6.81802 13.182 46.5
      vertex 8.85939 10.9742 46.5
    endloop
  endfacet
  facet normal -0 0 1
    outer loop
      vertex 6.57817 12.9225 46.5
      vertex 8.85939 10.9742 46.5
      vertex 6.81802 13.182 46.5
    endloop
  endfacet
  facet normal 0 0 1
    outer loop
      vertex 8.85939 10.9742 46.5
      vertex 6.57817 12.9225 46.5
      vertex 8.78648 10.8817 46.5
    endloop
  endfacet
  facet normal -0 0 1
    outer loop
      vertex 6.35942 12.645 46.5
      vertex 8.78648 10.8817 46.5
      vertex 6.57817 12.9225 46.5
    endloop
  endfacet
  facet normal 0 0 1
    outer loop
      vertex 8.78648 10.8817 46.5
      vertex 6.35942 12.645 46.5
      vertex 8.72104 10.7837 46.5
    endloop
  endfacet
  facet normal -0 0 1
    outer loop
      vertex 11.2135 9.11832 46.5
      vertex 13.6406 7.35497 46.5
      vertex 11.279 9.21625 46.5
    endloop
  endfacet
  facet normal 0 0 1
    outer loop
      vertex 13.6406 7.35497 46.5
      vertex 11.2135 9.11832 46.5
      vertex 13.4218 7.07748 46.5
    endloop
  endfacet
  facet normal -0 0 1
    outer loop
      vertex 11.1406 9.02583 46.5
      vertex 13.4218 7.07748 46.5
      vertex 11.2135 9.11832 46.5
    endloop
  endfacet
  facet normal 0 0 1
    outer loop
      vertex 13.4218 7.07748 46.5
      vertex 11.1406 9.02583 46.5
      vertex 13.182 6.81802 46.5
    endloop
  endfacet
  facet normal -0 0 1
    outer loop
      vertex 11.0607 8.93934 46.5
      vertex 13.182 6.81802 46.5
      vertex 11.1406 9.02583 46.5
    endloop
  endfacet
  facet normal 0 0 1
    outer loop
      vertex 13.182 6.81802 46.5
      vertex 11.0607 8.93934 46.5
      vertex 12.9225 6.57817 46.5
    endloop
  endfacet
  facet normal -0 0 1
    outer loop
      vertex 10.9742 8.85939 46.5
      vertex 12.9225 6.57817 46.5
      vertex 11.0607 8.93934 46.5
    endloop
  endfacet
  facet normal 0 0 1
    outer loop
      vertex 12.9225 6.57817 46.5
      vertex 10.9742 8.85939 46.5
      vertex 12.645 6.35942 46.5
    endloop
  endfacet
  facet normal -0 0 1
    outer loop
      vertex 10.8817 8.78648 46.5
      vertex 12.645 6.35942 46.5
      vertex 10.9742 8.85939 46.5
    endloop
  endfacet
  facet normal 0 0 1
    outer loop
      vertex 12.645 6.35942 46.5
      vertex 10.8817 8.78648 46.5
      vertex 12.3512 6.16312 46.5
    endloop
  endfacet
  facet normal -0 0 1
    outer loop
      vertex 10.7837 8.72104 46.5
      vertex 12.3512 6.16312 46.5
      vertex 10.8817 8.78648 46.5
    endloop
  endfacet
  facet normal 0 0 1
    outer loop
      vertex 12.3512 6.16312 46.5
      vertex 10.7837 8.72104 46.5
      vertex 12.043 5.99047 46.5
    endloop
  endfacet
  facet normal -0 0 1
    outer loop
      vertex 10.681 8.66349 46.5
      vertex 12.043 5.99047 46.5
      vertex 10.7837 8.72104 46.5
    endloop
  endfacet
  facet normal 0 0 1
    outer loop
      vertex 12.043 5.99047 46.5
      vertex 10.681 8.66349 46.5
      vertex 11.7221 5.84254 46.5
    endloop
  endfacet
  facet normal -0 0 1
    outer loop
      vertex 10.574 8.61418 46.5
      vertex 11.7221 5.84254 46.5
      vertex 10.681 8.66349 46.5
    endloop
  endfacet
  facet normal 0 0 1
    outer loop
      vertex 11.7221 5.84254 46.5
      vertex 10.574 8.61418 46.5
      vertex 11.3906 5.72025 46.5
    endloop
  endfacet
  facet normal -0 0 1
    outer loop
      vertex 10.4635 8.57342 46.5
      vertex 11.3906 5.72025 46.5
      vertex 10.574 8.61418 46.5
    endloop
  endfacet
  facet normal 0 0 1
    outer loop
      vertex 11.3906 5.72025 46.5
      vertex 10.4635 8.57342 46.5
      vertex 11.0505 5.62434 46.5
    endloop
  endfacet
  facet normal -0 0 1
    outer loop
      vertex 10.3502 8.54145 46.5
      vertex 11.0505 5.62434 46.5
      vertex 10.4635 8.57342 46.5
    endloop
  endfacet
  facet normal 0 0 1
    outer loop
      vertex 11.0505 5.62434 46.5
      vertex 10.3502 8.54145 46.5
      vertex 10.704 5.5554 46.5
    endloop
  endfacet
  facet normal -0 0 1
    outer loop
      vertex 10.2347 8.51847 46.5
      vertex 10.704 5.5554 46.5
      vertex 10.3502 8.54145 46.5
    endloop
  endfacet
  facet normal 0 0 1
    outer loop
      vertex 10.704 5.5554 46.5
      vertex 10.2347 8.51847 46.5
      vertex 10.3531 5.51387 46.5
    endloop
  endfacet
  facet normal -0 0 1
    outer loop
      vertex 10.1177 8.50462 46.5
      vertex 10.3531 5.51387 46.5
      vertex 10.2347 8.51847 46.5
    endloop
  endfacet
  facet normal -0 0 1
    outer loop
      vertex 10 8.5 46.5
      vertex 10.3531 5.51387 46.5
      vertex 10.1177 8.50462 46.5
    endloop
  endfacet
  facet normal 0 0 1
    outer loop
      vertex 10 8.5 46.5
      vertex 10 5.5 46.5
      vertex 10.3531 5.51387 46.5
    endloop
  endfacet
  facet normal 0 0 1
    outer loop
      vertex 9.88231 8.50462 46.5
      vertex 10 5.5 46.5
      vertex 10 8.5 46.5
    endloop
  endfacet
  facet normal 0 0 1
    outer loop
      vertex 9.64693 5.51387 46.5
      vertex 9.88231 8.50462 46.5
      vertex 9.76535 8.51847 46.5
    endloop
  endfacet
  facet normal 0 0 1
    outer loop
      vertex 9.29605 5.5554 46.5
      vertex 9.76535 8.51847 46.5
      vertex 9.64983 8.54145 46.5
    endloop
  endfacet
  facet normal 0 0 1
    outer loop
      vertex 9.88231 8.50462 46.5
      vertex 9.64693 5.51387 46.5
      vertex 10 5.5 46.5
    endloop
  endfacet
  facet normal 0 0 1
    outer loop
      vertex 8.9495 5.62434 46.5
      vertex 9.64983 8.54145 46.5
      vertex 9.53648 8.57342 46.5
    endloop
  endfacet
  facet normal 0 0 1
    outer loop
      vertex 8.60942 5.72025 46.5
      vertex 9.53648 8.57342 46.5
      vertex 9.42598 8.61418 46.5
    endloop
  endfacet
  facet normal 0 0 1
    outer loop
      vertex 8.27793 5.84254 46.5
      vertex 9.42598 8.61418 46.5
      vertex 9.31901 8.66349 46.5
    endloop
  endfacet
  facet normal 0 0 1
    outer loop
      vertex 9.76535 8.51847 46.5
      vertex 9.29605 5.5554 46.5
      vertex 9.64693 5.51387 46.5
    endloop
  endfacet
  facet normal 0 0 1
    outer loop
      vertex 7.95704 5.99047 46.5
      vertex 9.31901 8.66349 46.5
      vertex 9.21625 8.72104 46.5
    endloop
  endfacet
  facet normal 0 0 1
    outer loop
      vertex 7.64876 6.16312 46.5
      vertex 9.21625 8.72104 46.5
      vertex 9.11832 8.78648 46.5
    endloop
  endfacet
  facet normal 0 0 1
    outer loop
      vertex 7.35497 6.35942 46.5
      vertex 9.11832 8.78648 46.5
      vertex 9.02583 8.85939 46.5
    endloop
  endfacet
  facet normal 0 0 1
    outer loop
      vertex 9.64983 8.54145 46.5
      vertex 8.9495 5.62434 46.5
      vertex 9.29605 5.5554 46.5
    endloop
  endfacet
  facet normal 0 0 1
    outer loop
      vertex 7.07748 6.57817 46.5
      vertex 9.02583 8.85939 46.5
      vertex 8.93934 8.93934 46.5
    endloop
  endfacet
  facet normal 0 0 1
    outer loop
      vertex 6.81802 6.81802 46.5
      vertex 8.93934 8.93934 46.5
      vertex 8.85939 9.02583 46.5
    endloop
  endfacet
  facet normal 0 0 1
    outer loop
      vertex 6.57817 7.07748 46.5
      vertex 8.85939 9.02583 46.5
      vertex 8.78648 9.11832 46.5
    endloop
  endfacet
  facet normal 0 0 1
    outer loop
      vertex 6.35942 7.35497 46.5
      vertex 8.78648 9.11832 46.5
      vertex 8.72104 9.21625 46.5
    endloop
  endfacet
  facet normal 0 0 1
    outer loop
      vertex 6.16312 7.64876 46.5
      vertex 8.72104 9.21625 46.5
      vertex 8.66349 9.31901 46.5
    endloop
  endfacet
  facet normal 0 0 1
    outer loop
      vertex 5.99047 7.95704 46.5
      vertex 8.66349 9.31901 46.5
      vertex 8.61418 9.42598 46.5
    endloop
  endfacet
  facet normal 0 0 1
    outer loop
      vertex 9.53648 8.57342 46.5
      vertex 8.60942 5.72025 46.5
      vertex 8.9495 5.62434 46.5
    endloop
  endfacet
  facet normal 0 0 1
    outer loop
      vertex 5.84254 8.27793 46.5
      vertex 8.61418 9.42598 46.5
      vertex 8.57342 9.53648 46.5
    endloop
  endfacet
  facet normal 0 0 1
    outer loop
      vertex 5.72025 8.60942 46.5
      vertex 8.57342 9.53648 46.5
      vertex 8.54145 9.64983 46.5
    endloop
  endfacet
  facet normal 0 0 1
    outer loop
      vertex 5.62434 8.9495 46.5
      vertex 8.54145 9.64983 46.5
      vertex 8.51847 9.76535 46.5
    endloop
  endfacet
  facet normal 0 0 1
    outer loop
      vertex 5.5554 9.29605 46.5
      vertex 8.51847 9.76535 46.5
      vertex 8.50462 9.88231 46.5
    endloop
  endfacet
  facet normal 0 0 1
    outer loop
      vertex 5.51387 9.64693 46.5
      vertex 8.50462 9.88231 46.5
      vertex 8.5 10 46.5
    endloop
  endfacet
  facet normal -0 0 1
    outer loop
      vertex 6.16312 12.3512 46.5
      vertex 8.72104 10.7837 46.5
      vertex 6.35942 12.645 46.5
    endloop
  endfacet
  facet normal 0 0 1
    outer loop
      vertex 9.42598 8.61418 46.5
      vertex 8.27793 5.84254 46.5
      vertex 8.60942 5.72025 46.5
    endloop
  endfacet
  facet normal 0 0 1
    outer loop
      vertex 8.72104 10.7837 46.5
      vertex 6.16312 12.3512 46.5
      vertex 8.66349 10.681 46.5
    endloop
  endfacet
  facet normal 0 0 1
    outer loop
      vertex 9.31901 8.66349 46.5
      vertex 7.95704 5.99047 46.5
      vertex 8.27793 5.84254 46.5
    endloop
  endfacet
  facet normal -0 0 1
    outer loop
      vertex 5.99047 12.043 46.5
      vertex 8.66349 10.681 46.5
      vertex 6.16312 12.3512 46.5
    endloop
  endfacet
  facet normal 0 0 1
    outer loop
      vertex 9.21625 8.72104 46.5
      vertex 7.64876 6.16312 46.5
      vertex 7.95704 5.99047 46.5
    endloop
  endfacet
  facet normal 0 0 1
    outer loop
      vertex 8.66349 10.681 46.5
      vertex 5.99047 12.043 46.5
      vertex 8.61418 10.574 46.5
    endloop
  endfacet
  facet normal 0 0 1
    outer loop
      vertex 9.11832 8.78648 46.5
      vertex 7.35497 6.35942 46.5
      vertex 7.64876 6.16312 46.5
    endloop
  endfacet
  facet normal -0 0 1
    outer loop
      vertex 5.84254 11.7221 46.5
      vertex 8.61418 10.574 46.5
      vertex 5.99047 12.043 46.5
    endloop
  endfacet
  facet normal 0 0 1
    outer loop
      vertex 9.02583 8.85939 46.5
      vertex 7.07748 6.57817 46.5
      vertex 7.35497 6.35942 46.5
    endloop
  endfacet
  facet normal 0 0 1
    outer loop
      vertex 8.61418 10.574 46.5
      vertex 5.84254 11.7221 46.5
      vertex 8.57342 10.4635 46.5
    endloop
  endfacet
  facet normal 0 0 1
    outer loop
      vertex 8.93934 8.93934 46.5
      vertex 6.81802 6.81802 46.5
      vertex 7.07748 6.57817 46.5
    endloop
  endfacet
  facet normal -0 0 1
    outer loop
      vertex 5.72025 11.3906 46.5
      vertex 8.57342 10.4635 46.5
      vertex 5.84254 11.7221 46.5
    endloop
  endfacet
  facet normal 0 0 1
    outer loop
      vertex 8.85939 9.02583 46.5
      vertex 6.57817 7.07748 46.5
      vertex 6.81802 6.81802 46.5
    endloop
  endfacet
  facet normal 0 0 1
    outer loop
      vertex 8.57342 10.4635 46.5
      vertex 5.72025 11.3906 46.5
      vertex 8.54145 10.3502 46.5
    endloop
  endfacet
  facet normal 0 0 1
    outer loop
      vertex 8.78648 9.11832 46.5
      vertex 6.35942 7.35497 46.5
      vertex 6.57817 7.07748 46.5
    endloop
  endfacet
  facet normal -0 0 1
    outer loop
      vertex 5.62434 11.0505 46.5
      vertex 8.54145 10.3502 46.5
      vertex 5.72025 11.3906 46.5
    endloop
  endfacet
  facet normal 0 0 1
    outer loop
      vertex 8.72104 9.21625 46.5
      vertex 6.16312 7.64876 46.5
      vertex 6.35942 7.35497 46.5
    endloop
  endfacet
  facet normal 0 0 1
    outer loop
      vertex 8.54145 10.3502 46.5
      vertex 5.62434 11.0505 46.5
      vertex 8.51847 10.2347 46.5
    endloop
  endfacet
  facet normal 0 0 1
    outer loop
      vertex 8.66349 9.31901 46.5
      vertex 5.99047 7.95704 46.5
      vertex 6.16312 7.64876 46.5
    endloop
  endfacet
  facet normal -0 0 1
    outer loop
      vertex 5.5554 10.704 46.5
      vertex 8.51847 10.2347 46.5
      vertex 5.62434 11.0505 46.5
    endloop
  endfacet
  facet normal 0 0 1
    outer loop
      vertex 8.61418 9.42598 46.5
      vertex 5.84254 8.27793 46.5
      vertex 5.99047 7.95704 46.5
    endloop
  endfacet
  facet normal 0 0 1
    outer loop
      vertex 8.51847 10.2347 46.5
      vertex 5.5554 10.704 46.5
      vertex 8.50462 10.1177 46.5
    endloop
  endfacet
  facet normal 0 0 1
    outer loop
      vertex 8.57342 9.53648 46.5
      vertex 5.72025 8.60942 46.5
      vertex 5.84254 8.27793 46.5
    endloop
  endfacet
  facet normal -0 0 1
    outer loop
      vertex 5.51387 10.3531 46.5
      vertex 8.50462 10.1177 46.5
      vertex 5.5554 10.704 46.5
    endloop
  endfacet
  facet normal 0 0 1
    outer loop
      vertex 8.54145 9.64983 46.5
      vertex 5.62434 8.9495 46.5
      vertex 5.72025 8.60942 46.5
    endloop
  endfacet
  facet normal 0 0 1
    outer loop
      vertex 8.50462 10.1177 46.5
      vertex 5.51387 10.3531 46.5
      vertex 8.5 10 46.5
    endloop
  endfacet
  facet normal 0 0 1
    outer loop
      vertex 8.51847 9.76535 46.5
      vertex 5.5554 9.29605 46.5
      vertex 5.62434 8.9495 46.5
    endloop
  endfacet
  facet normal 0 0 1
    outer loop
      vertex 5.5 10 46.5
      vertex 8.5 10 46.5
      vertex 5.51387 10.3531 46.5
    endloop
  endfacet
  facet normal 0 0 1
    outer loop
      vertex 8.50462 9.88231 46.5
      vertex 5.51387 9.64693 46.5
      vertex 5.5554 9.29605 46.5
    endloop
  endfacet
  facet normal 0 0 1
    outer loop
      vertex 8.5 10 46.5
      vertex 5.5 10 46.5
      vertex 5.51387 9.64693 46.5
    endloop
  endfacet
  facet normal -0.962461 0.271419 0
    outer loop
      vertex 5.62434 11.0505 4
      vertex 5.72025 11.3906 46.5
      vertex 5.72025 11.3906 4
    endloop
  endfacet
  facet normal -0.962461 0.271419 0
    outer loop
      vertex 5.72025 11.3906 46.5
      vertex 5.62434 11.0505 4
      vertex 5.62434 11.0505 46.5
    endloop
  endfacet
  facet normal -0.555562 0.831475 0
    outer loop
      vertex 7.64876 13.8369 4
      vertex 7.35497 13.6406 46.5
      vertex 7.64876 13.8369 46.5
    endloop
  endfacet
  facet normal -0.555562 0.831475 0
    outer loop
      vertex 7.35497 13.6406 46.5
      vertex 7.64876 13.8369 4
      vertex 7.35497 13.6406 4
    endloop
  endfacet
  facet normal -0.195 0.980803 0
    outer loop
      vertex 9.29605 14.4446 4
      vertex 8.9495 14.3757 46.5
      vertex 9.29605 14.4446 46.5
    endloop
  endfacet
  facet normal -0.195 0.980803 0
    outer loop
      vertex 8.9495 14.3757 46.5
      vertex 9.29605 14.4446 4
      vertex 8.9495 14.3757 4
    endloop
  endfacet
  facet normal 0.3461 -0.938198 0
    outer loop
      vertex 11.3906 5.72025 4
      vertex 11.7221 5.84254 46.5
      vertex 11.3906 5.72025 46.5
    endloop
  endfacet
  facet normal 0.3461 -0.938198 0
    outer loop
      vertex 11.7221 5.84254 46.5
      vertex 11.3906 5.72025 4
      vertex 11.7221 5.84254 4
    endloop
  endfacet
  facet normal 0.555549 -0.831484 0
    outer loop
      vertex 12.3512 6.16312 4
      vertex 12.645 6.35942 46.5
      vertex 12.3512 6.16312 46.5
    endloop
  endfacet
  facet normal 0.555549 -0.831484 0
    outer loop
      vertex 12.645 6.35942 46.5
      vertex 12.3512 6.16312 4
      vertex 12.645 6.35942 4
    endloop
  endfacet
  facet normal 0.488728 -0.872436 0
    outer loop
      vertex 12.043 5.99047 4
      vertex 12.3512 6.16312 46.5
      vertex 12.043 5.99047 46.5
    endloop
  endfacet
  facet normal 0.488728 -0.872436 0
    outer loop
      vertex 12.3512 6.16312 46.5
      vertex 12.043 5.99047 4
      vertex 12.3512 6.16312 4
    endloop
  endfacet
  facet normal 0.785256 -0.619172 0
    outer loop
      vertex 13.4218 7.07748 46.5
      vertex 13.6406 7.35497 4
      vertex 13.6406 7.35497 46.5
    endloop
  endfacet
  facet normal 0.785256 -0.619172 0
    outer loop
      vertex 13.6406 7.35497 4
      vertex 13.4218 7.07748 46.5
      vertex 13.4218 7.07748 4
    endloop
  endfacet
  facet normal 0.90807 -0.418818 0
    outer loop
      vertex 14.0095 7.95704 46.5
      vertex 14.1575 8.27793 4
      vertex 14.1575 8.27793 46.5
    endloop
  endfacet
  facet normal 0.90807 -0.418818 0
    outer loop
      vertex 14.1575 8.27793 4
      vertex 14.0095 7.95704 46.5
      vertex 14.0095 7.95704 4
    endloop
  endfacet
  facet normal 0.962464 -0.271408 0
    outer loop
      vertex 14.2798 8.60942 46.5
      vertex 14.3757 8.9495 4
      vertex 14.3757 8.9495 46.5
    endloop
  endfacet
  facet normal 0.962464 -0.271408 0
    outer loop
      vertex 14.3757 8.9495 4
      vertex 14.2798 8.60942 46.5
      vertex 14.2798 8.60942 4
    endloop
  endfacet
  facet normal -0.195109 -0.980782 0
    outer loop
      vertex 8.9495 5.62434 4
      vertex 9.29605 5.5554 46.5
      vertex 8.9495 5.62434 46.5
    endloop
  endfacet
  facet normal -0.195109 -0.980782 -0
    outer loop
      vertex 9.29605 5.5554 46.5
      vertex 8.9495 5.62434 4
      vertex 9.29605 5.5554 4
    endloop
  endfacet
  facet normal -0.271434 -0.962457 0
    outer loop
      vertex 8.60942 5.72025 4
      vertex 8.9495 5.62434 46.5
      vertex 8.60942 5.72025 46.5
    endloop
  endfacet
  facet normal -0.271434 -0.962457 -0
    outer loop
      vertex 8.9495 5.62434 46.5
      vertex 8.60942 5.72025 4
      vertex 8.9495 5.62434 4
    endloop
  endfacet
  facet normal -0.619084 -0.785324 0
    outer loop
      vertex 7.07748 6.57817 4
      vertex 7.35497 6.35942 46.5
      vertex 7.07748 6.57817 46.5
    endloop
  endfacet
  facet normal -0.619084 -0.785324 -0
    outer loop
      vertex 7.35497 6.35942 46.5
      vertex 7.07748 6.57817 4
      vertex 7.35497 6.35942 4
    endloop
  endfacet
  facet normal -0.831475 -0.555562 0
    outer loop
      vertex 6.35942 7.35497 4
      vertex 6.16312 7.64876 46.5
      vertex 6.16312 7.64876 4
    endloop
  endfacet
  facet normal -0.831475 -0.555562 0
    outer loop
      vertex 6.16312 7.64876 46.5
      vertex 6.35942 7.35497 4
      vertex 6.35942 7.35497 46.5
    endloop
  endfacet
  facet normal -0.87249 -0.488632 0
    outer loop
      vertex 6.16312 7.64876 4
      vertex 5.99047 7.95704 46.5
      vertex 5.99047 7.95704 4
    endloop
  endfacet
  facet normal -0.87249 -0.488632 0
    outer loop
      vertex 5.99047 7.95704 46.5
      vertex 6.16312 7.64876 4
      vertex 6.16312 7.64876 46.5
    endloop
  endfacet
  facet normal -0.993068 -0.117539 0
    outer loop
      vertex 5.5554 9.29605 4
      vertex 5.51387 9.64693 46.5
      vertex 5.51387 9.64693 4
    endloop
  endfacet
  facet normal -0.993068 -0.117539 0
    outer loop
      vertex 5.51387 9.64693 46.5
      vertex 5.5554 9.29605 4
      vertex 5.5554 9.29605 46.5
    endloop
  endfacet
  facet normal -0.980782 -0.195109 0
    outer loop
      vertex 5.62434 8.9495 4
      vertex 5.5554 9.29605 46.5
      vertex 5.5554 9.29605 4
    endloop
  endfacet
  facet normal -0.980782 -0.195109 0
    outer loop
      vertex 5.5554 9.29605 46.5
      vertex 5.62434 8.9495 4
      vertex 5.62434 8.9495 46.5
    endloop
  endfacet
  facet normal 0.962469 0.271393 0
    outer loop
      vertex 14.3757 11.0505 46.5
      vertex 14.2798 11.3906 4
      vertex 14.2798 11.3906 46.5
    endloop
  endfacet
  facet normal 0.962469 0.271393 0
    outer loop
      vertex 14.2798 11.3906 4
      vertex 14.3757 11.0505 46.5
      vertex 14.3757 11.0505 4
    endloop
  endfacet
  facet normal 0.980798 0.195027 0
    outer loop
      vertex 14.4446 10.704 46.5
      vertex 14.3757 11.0505 4
      vertex 14.3757 11.0505 46.5
    endloop
  endfacet
  facet normal 0.980798 0.195027 0
    outer loop
      vertex 14.3757 11.0505 4
      vertex 14.4446 10.704 46.5
      vertex 14.4446 10.704 4
    endloop
  endfacet
  facet normal 0.993079 0.117449 0
    outer loop
      vertex 14.4861 10.3531 46.5
      vertex 14.4446 10.704 4
      vertex 14.4446 10.704 46.5
    endloop
  endfacet
  facet normal 0.993079 0.117449 0
    outer loop
      vertex 14.4446 10.704 4
      vertex 14.4861 10.3531 46.5
      vertex 14.4861 10.3531 4
    endloop
  endfacet
  facet normal -0.831484 0.555549 0
    outer loop
      vertex 6.16312 12.3512 4
      vertex 6.35942 12.645 46.5
      vertex 6.35942 12.645 4
    endloop
  endfacet
  facet normal -0.831484 0.555549 0
    outer loop
      vertex 6.35942 12.645 46.5
      vertex 6.16312 12.3512 4
      vertex 6.16312 12.3512 46.5
    endloop
  endfacet
  facet normal -0.785335 0.619071 0
    outer loop
      vertex 6.35942 12.645 4
      vertex 6.57817 12.9225 46.5
      vertex 6.57817 12.9225 4
    endloop
  endfacet
  facet normal -0.785335 0.619071 0
    outer loop
      vertex 6.57817 12.9225 46.5
      vertex 6.35942 12.645 4
      vertex 6.35942 12.645 46.5
    endloop
  endfacet
  facet normal -0.734364 0.678756 0
    outer loop
      vertex 6.57817 12.9225 4
      vertex 6.81802 13.182 46.5
      vertex 6.81802 13.182 4
    endloop
  endfacet
  facet normal -0.734364 0.678756 0
    outer loop
      vertex 6.81802 13.182 46.5
      vertex 6.57817 12.9225 4
      vertex 6.57817 12.9225 46.5
    endloop
  endfacet
  facet normal 0.271419 -0.962461 0
    outer loop
      vertex 11.0505 5.62434 4
      vertex 11.3906 5.72025 46.5
      vertex 11.0505 5.62434 46.5
    endloop
  endfacet
  facet normal 0.271419 -0.962461 0
    outer loop
      vertex 11.3906 5.72025 46.5
      vertex 11.0505 5.62434 4
      vertex 11.3906 5.72025 4
    endloop
  endfacet
  facet normal 0.619071 -0.785335 0
    outer loop
      vertex 12.645 6.35942 4
      vertex 12.9225 6.57817 46.5
      vertex 12.645 6.35942 46.5
    endloop
  endfacet
  facet normal 0.619071 -0.785335 0
    outer loop
      vertex 12.9225 6.57817 46.5
      vertex 12.645 6.35942 4
      vertex 12.9225 6.57817 4
    endloop
  endfacet
  facet normal 0.831475 -0.555562 0
    outer loop
      vertex 13.6406 7.35497 46.5
      vertex 13.8369 7.64876 4
      vertex 13.8369 7.64876 46.5
    endloop
  endfacet
  facet normal 0.831475 -0.555562 0
    outer loop
      vertex 13.8369 7.64876 4
      vertex 13.6406 7.35497 46.5
      vertex 13.6406 7.35497 4
    endloop
  endfacet
  facet normal 0.938185 -0.346134 0
    outer loop
      vertex 14.1575 8.27793 46.5
      vertex 14.2798 8.60942 4
      vertex 14.2798 8.60942 46.5
    endloop
  endfacet
  facet normal 0.938185 -0.346134 0
    outer loop
      vertex 14.2798 8.60942 4
      vertex 14.1575 8.27793 46.5
      vertex 14.1575 8.27793 4
    endloop
  endfacet
  facet normal 0.980803 -0.195 0
    outer loop
      vertex 14.3757 8.9495 46.5
      vertex 14.4446 9.29605 4
      vertex 14.4446 9.29605 46.5
    endloop
  endfacet
  facet normal 0.980803 -0.195 0
    outer loop
      vertex 14.4446 9.29605 4
      vertex 14.3757 8.9495 46.5
      vertex 14.3757 8.9495 4
    endloop
  endfacet
  facet normal -0.785324 -0.619084 0
    outer loop
      vertex 6.57817 7.07748 4
      vertex 6.35942 7.35497 46.5
      vertex 6.35942 7.35497 4
    endloop
  endfacet
  facet normal -0.785324 -0.619084 0
    outer loop
      vertex 6.35942 7.35497 46.5
      vertex 6.57817 7.07748 4
      vertex 6.57817 7.07748 46.5
    endloop
  endfacet
  facet normal -0.962457 -0.271434 0
    outer loop
      vertex 5.72025 8.60942 4
      vertex 5.62434 8.9495 46.5
      vertex 5.62434 8.9495 4
    endloop
  endfacet
  facet normal -0.962457 -0.271434 0
    outer loop
      vertex 5.62434 8.9495 46.5
      vertex 5.72025 8.60942 4
      vertex 5.72025 8.60942 46.5
    endloop
  endfacet
  facet normal -0.618983 -0.785404 0
    outer loop
      vertex 10.8817 11.2135 4
      vertex 10.9742 11.1406 46.5
      vertex 10.8817 11.2135 46.5
    endloop
  endfacet
  facet normal -0.618983 -0.785404 -0
    outer loop
      vertex 10.9742 11.1406 46.5
      vertex 10.8817 11.2135 4
      vertex 10.9742 11.1406 4
    endloop
  endfacet
  facet normal 0.346374 -0.938096 0
    outer loop
      vertex 9.42598 11.3858 4
      vertex 9.53648 11.4266 46.5
      vertex 9.42598 11.3858 46.5
    endloop
  endfacet
  facet normal 0.346374 -0.938096 0
    outer loop
      vertex 9.53648 11.4266 46.5
      vertex 9.42598 11.3858 4
      vertex 9.53648 11.4266 4
    endloop
  endfacet
  facet normal 0.9082 -0.418536 0
    outer loop
      vertex 8.61418 10.574 46.5
      vertex 8.66349 10.681 4
      vertex 8.66349 10.681 46.5
    endloop
  endfacet
  facet normal 0.9082 -0.418536 0
    outer loop
      vertex 8.66349 10.681 4
      vertex 8.61418 10.574 46.5
      vertex 8.61418 10.574 4
    endloop
  endfacet
  facet normal 0.418633 0.908156 -0
    outer loop
      vertex 9.42598 8.61418 4
      vertex 9.31901 8.66349 46.5
      vertex 9.42598 8.61418 46.5
    endloop
  endfacet
  facet normal 0.418633 0.908156 0
    outer loop
      vertex 9.31901 8.66349 46.5
      vertex 9.42598 8.61418 4
      vertex 9.31901 8.66349 4
    endloop
  endfacet
  facet normal -0.908232 -0.418466 0
    outer loop
      vertex 11.3858 10.574 4
      vertex 11.3365 10.681 46.5
      vertex 11.3365 10.681 4
    endloop
  endfacet
  facet normal -0.908232 -0.418466 0
    outer loop
      vertex 11.3365 10.681 46.5
      vertex 11.3858 10.574 4
      vertex 11.3858 10.574 46.5
    endloop
  endfacet
  facet normal -0.872549 -0.488526 0
    outer loop
      vertex 11.3365 10.681 4
      vertex 11.279 10.7837 46.5
      vertex 11.279 10.7837 4
    endloop
  endfacet
  facet normal -0.872549 -0.488526 0
    outer loop
      vertex 11.279 10.7837 46.5
      vertex 11.3365 10.681 4
      vertex 11.3365 10.681 46.5
    endloop
  endfacet
  facet normal -0.346374 -0.938096 0
    outer loop
      vertex 10.4635 11.4266 4
      vertex 10.574 11.3858 46.5
      vertex 10.4635 11.4266 46.5
    endloop
  endfacet
  facet normal -0.346374 -0.938096 -0
    outer loop
      vertex 10.574 11.3858 46.5
      vertex 10.4635 11.4266 4
      vertex 10.574 11.3858 4
    endloop
  endfacet
  facet normal -0.117974 -0.993017 0
    outer loop
      vertex 10.1177 11.4954 4
      vertex 10.2347 11.4815 46.5
      vertex 10.1177 11.4954 46.5
    endloop
  endfacet
  facet normal -0.117974 -0.993017 -0
    outer loop
      vertex 10.2347 11.4815 46.5
      vertex 10.1177 11.4954 4
      vertex 10.2347 11.4815 4
    endloop
  endfacet
  facet normal 0.734364 -0.678756 0
    outer loop
      vertex 8.85939 10.9742 46.5
      vertex 8.93934 11.0607 4
      vertex 8.93934 11.0607 46.5
    endloop
  endfacet
  facet normal 0.734364 -0.678756 0
    outer loop
      vertex 8.93934 11.0607 4
      vertex 8.85939 10.9742 46.5
      vertex 8.85939 10.9742 4
    endloop
  endfacet
  facet normal 0.118014 -0.993012 0
    outer loop
      vertex 9.76535 11.4815 4
      vertex 9.88231 11.4954 46.5
      vertex 9.76535 11.4815 46.5
    endloop
  endfacet
  facet normal 0.118014 -0.993012 0
    outer loop
      vertex 9.88231 11.4954 46.5
      vertex 9.76535 11.4815 4
      vertex 9.88231 11.4954 4
    endloop
  endfacet
  facet normal -0.999237 0.0390559 0
    outer loop
      vertex 11.4954 9.88231 4
      vertex 11.5 10 46.5
      vertex 11.5 10 4
    endloop
  endfacet
  facet normal -0.999237 0.0390559 0
    outer loop
      vertex 11.5 10 46.5
      vertex 11.4954 9.88231 4
      vertex 11.4954 9.88231 46.5
    endloop
  endfacet
  facet normal -0.418536 0.9082 0
    outer loop
      vertex 10.681 8.66349 4
      vertex 10.574 8.61418 46.5
      vertex 10.681 8.66349 46.5
    endloop
  endfacet
  facet normal -0.418536 0.9082 0
    outer loop
      vertex 10.574 8.61418 46.5
      vertex 10.681 8.66349 4
      vertex 10.574 8.61418 4
    endloop
  endfacet
  facet normal -0.785372 0.619025 0
    outer loop
      vertex 11.1406 9.02583 4
      vertex 11.2135 9.11832 46.5
      vertex 11.2135 9.11832 4
    endloop
  endfacet
  facet normal -0.785372 0.619025 0
    outer loop
      vertex 11.2135 9.11832 46.5
      vertex 11.1406 9.02583 4
      vertex 11.1406 9.02583 46.5
    endloop
  endfacet
  facet normal 0.117595 0.993062 -0
    outer loop
      vertex 9.88231 8.50462 4
      vertex 9.76535 8.51847 46.5
      vertex 9.88231 8.50462 46.5
    endloop
  endfacet
  facet normal 0.117595 0.993062 0
    outer loop
      vertex 9.76535 8.51847 46.5
      vertex 9.88231 8.50462 4
      vertex 9.76535 8.51847 4
    endloop
  endfacet
  facet normal 0.678798 0.734325 -0
    outer loop
      vertex 9.02583 8.85939 4
      vertex 8.93934 8.93934 46.5
      vertex 9.02583 8.85939 46.5
    endloop
  endfacet
  facet normal 0.678798 0.734325 0
    outer loop
      vertex 8.93934 8.93934 46.5
      vertex 9.02583 8.85939 4
      vertex 8.93934 8.93934 4
    endloop
  endfacet
  facet normal 0.938207 0.346075 0
    outer loop
      vertex 8.61418 9.42598 46.5
      vertex 8.57342 9.53648 4
      vertex 8.57342 9.53648 46.5
    endloop
  endfacet
  facet normal 0.938207 0.346075 0
    outer loop
      vertex 8.57342 9.53648 4
      vertex 8.61418 9.42598 46.5
      vertex 8.61418 9.42598 4
    endloop
  endfacet
  facet normal 0.831449 0.555601 0
    outer loop
      vertex 8.78648 9.11832 46.5
      vertex 8.72104 9.21625 4
      vertex 8.72104 9.21625 46.5
    endloop
  endfacet
  facet normal 0.831449 0.555601 0
    outer loop
      vertex 8.72104 9.21625 4
      vertex 8.78648 9.11832 46.5
      vertex 8.78648 9.11832 4
    endloop
  endfacet
  facet normal -0.993017 -0.117974 0
    outer loop
      vertex 11.4954 10.1177 4
      vertex 11.4815 10.2347 46.5
      vertex 11.4815 10.2347 4
    endloop
  endfacet
  facet normal -0.993017 -0.117974 0
    outer loop
      vertex 11.4815 10.2347 46.5
      vertex 11.4954 10.1177 4
      vertex 11.4954 10.1177 46.5
    endloop
  endfacet
  facet normal -0.980906 -0.194483 0
    outer loop
      vertex 11.4815 10.2347 4
      vertex 11.4586 10.3502 46.5
      vertex 11.4586 10.3502 4
    endloop
  endfacet
  facet normal -0.980906 -0.194483 0
    outer loop
      vertex 11.4586 10.3502 46.5
      vertex 11.4815 10.2347 4
      vertex 11.4815 10.2347 46.5
    endloop
  endfacet
  facet normal -0.938096 -0.346374 0
    outer loop
      vertex 11.4266 10.4635 4
      vertex 11.3858 10.574 46.5
      vertex 11.3858 10.574 4
    endloop
  endfacet
  facet normal -0.938096 -0.346374 0
    outer loop
      vertex 11.3858 10.574 46.5
      vertex 11.4266 10.4635 4
      vertex 11.4266 10.4635 46.5
    endloop
  endfacet
  facet normal -0.734575 -0.678527 0
    outer loop
      vertex 11.1406 10.9742 4
      vertex 11.0607 11.0607 46.5
      vertex 11.0607 11.0607 4
    endloop
  endfacet
  facet normal -0.734575 -0.678527 0
    outer loop
      vertex 11.0607 11.0607 46.5
      vertex 11.1406 10.9742 4
      vertex 11.1406 10.9742 46.5
    endloop
  endfacet
  facet normal -0.785404 -0.618983 0
    outer loop
      vertex 11.2135 10.8817 4
      vertex 11.1406 10.9742 46.5
      vertex 11.1406 10.9742 4
    endloop
  endfacet
  facet normal -0.785404 -0.618983 0
    outer loop
      vertex 11.1406 10.9742 46.5
      vertex 11.2135 10.8817 4
      vertex 11.2135 10.8817 46.5
    endloop
  endfacet
  facet normal -0.678527 -0.734575 0
    outer loop
      vertex 10.9742 11.1406 4
      vertex 11.0607 11.0607 46.5
      vertex 10.9742 11.1406 46.5
    endloop
  endfacet
  facet normal -0.678527 -0.734575 -0
    outer loop
      vertex 11.0607 11.0607 46.5
      vertex 10.9742 11.1406 4
      vertex 11.0607 11.0607 4
    endloop
  endfacet
  facet normal -0.555679 -0.831397 0
    outer loop
      vertex 10.7837 11.279 4
      vertex 10.8817 11.2135 46.5
      vertex 10.7837 11.279 46.5
    endloop
  endfacet
  facet normal -0.555679 -0.831397 -0
    outer loop
      vertex 10.8817 11.2135 46.5
      vertex 10.7837 11.279 4
      vertex 10.8817 11.2135 4
    endloop
  endfacet
  facet normal -0.0390526 -0.999237 0
    outer loop
      vertex 10 11.5 4
      vertex 10.1177 11.4954 46.5
      vertex 10 11.5 46.5
    endloop
  endfacet
  facet normal -0.0390526 -0.999237 -0
    outer loop
      vertex 10.1177 11.4954 46.5
      vertex 10 11.5 4
      vertex 10.1177 11.4954 4
    endloop
  endfacet
  facet normal -0.488526 -0.872549 0
    outer loop
      vertex 10.681 11.3365 4
      vertex 10.7837 11.279 46.5
      vertex 10.681 11.3365 46.5
    endloop
  endfacet
  facet normal -0.488526 -0.872549 -0
    outer loop
      vertex 10.7837 11.279 46.5
      vertex 10.681 11.3365 4
      vertex 10.7837 11.279 4
    endloop
  endfacet
  facet normal -0.271803 -0.962353 0
    outer loop
      vertex 10.3502 11.4586 4
      vertex 10.4635 11.4266 46.5
      vertex 10.3502 11.4586 46.5
    endloop
  endfacet
  facet normal -0.271803 -0.962353 -0
    outer loop
      vertex 10.4635 11.4266 46.5
      vertex 10.3502 11.4586 4
      vertex 10.4635 11.4266 4
    endloop
  endfacet
  facet normal -0.194483 -0.980906 0
    outer loop
      vertex 10.2347 11.4815 4
      vertex 10.3502 11.4586 46.5
      vertex 10.2347 11.4815 46.5
    endloop
  endfacet
  facet normal -0.194483 -0.980906 -0
    outer loop
      vertex 10.3502 11.4586 46.5
      vertex 10.2347 11.4815 4
      vertex 10.3502 11.4586 4
    endloop
  endfacet
  facet normal 0.999231 -0.0392221 0
    outer loop
      vertex 8.5 10 46.5
      vertex 8.50462 10.1177 4
      vertex 8.50462 10.1177 46.5
    endloop
  endfacet
  facet normal 0.999231 -0.0392221 0
    outer loop
      vertex 8.50462 10.1177 4
      vertex 8.5 10 46.5
      vertex 8.5 10 4
    endloop
  endfacet
  facet normal 0.938207 -0.346075 0
    outer loop
      vertex 8.57342 10.4635 46.5
      vertex 8.61418 10.574 4
      vertex 8.61418 10.574 46.5
    endloop
  endfacet
  facet normal 0.938207 -0.346075 0
    outer loop
      vertex 8.61418 10.574 4
      vertex 8.57342 10.4635 46.5
      vertex 8.57342 10.4635 4
    endloop
  endfacet
  facet normal 0.96242 -0.271567 0
    outer loop
      vertex 8.54145 10.3502 46.5
      vertex 8.57342 10.4635 4
      vertex 8.57342 10.4635 46.5
    endloop
  endfacet
  facet normal 0.96242 -0.271567 0
    outer loop
      vertex 8.57342 10.4635 4
      vertex 8.54145 10.3502 46.5
      vertex 8.54145 10.3502 4
    endloop
  endfacet
  facet normal 0.872368 -0.488849 0
    outer loop
      vertex 8.66349 10.681 46.5
      vertex 8.72104 10.7837 4
      vertex 8.72104 10.7837 46.5
    endloop
  endfacet
  facet normal 0.872368 -0.488849 0
    outer loop
      vertex 8.72104 10.7837 4
      vertex 8.66349 10.681 46.5
      vertex 8.66349 10.681 4
    endloop
  endfacet
  facet normal 0.831632 -0.555327 0
    outer loop
      vertex 8.72104 10.7837 46.5
      vertex 8.78648 10.8817 4
      vertex 8.78648 10.8817 46.5
    endloop
  endfacet
  facet normal 0.831632 -0.555327 0
    outer loop
      vertex 8.78648 10.8817 4
      vertex 8.72104 10.7837 46.5
      vertex 8.72104 10.7837 4
    endloop
  endfacet
  facet normal 0.271692 -0.962384 0
    outer loop
      vertex 9.53648 11.4266 4
      vertex 9.64983 11.4586 46.5
      vertex 9.53648 11.4266 46.5
    endloop
  endfacet
  facet normal 0.271692 -0.962384 0
    outer loop
      vertex 9.64983 11.4586 46.5
      vertex 9.53648 11.4266 4
      vertex 9.64983 11.4586 4
    endloop
  endfacet
  facet normal 0.0390559 -0.999237 0
    outer loop
      vertex 9.88231 11.4954 4
      vertex 10 11.5 46.5
      vertex 9.88231 11.4954 46.5
    endloop
  endfacet
  facet normal 0.0390559 -0.999237 0
    outer loop
      vertex 10 11.5 46.5
      vertex 9.88231 11.4954 4
      vertex 10 11.5 4
    endloop
  endfacet
  facet normal 0.488309 -0.872671 0
    outer loop
      vertex 9.21625 11.279 4
      vertex 9.31901 11.3365 46.5
      vertex 9.21625 11.279 46.5
    endloop
  endfacet
  facet normal 0.488309 -0.872671 0
    outer loop
      vertex 9.31901 11.3365 46.5
      vertex 9.21625 11.279 4
      vertex 9.31901 11.3365 4
    endloop
  endfacet
  facet normal 0.418563 -0.908188 0
    outer loop
      vertex 9.31901 11.3365 4
      vertex 9.42598 11.3858 46.5
      vertex 9.31901 11.3365 46.5
    endloop
  endfacet
  facet normal 0.418563 -0.908188 0
    outer loop
      vertex 9.42598 11.3858 46.5
      vertex 9.31901 11.3365 4
      vertex 9.42598 11.3858 4
    endloop
  endfacet
  facet normal 0.678569 -0.734536 0
    outer loop
      vertex 8.93934 11.0607 4
      vertex 9.02583 11.1406 46.5
      vertex 8.93934 11.0607 46.5
    endloop
  endfacet
  facet normal 0.678569 -0.734536 0
    outer loop
      vertex 9.02583 11.1406 46.5
      vertex 8.93934 11.0607 4
      vertex 9.02583 11.1406 4
    endloop
  endfacet
  facet normal -0.999237 -0.0390526 0
    outer loop
      vertex 11.5 10 4
      vertex 11.4954 10.1177 46.5
      vertex 11.4954 10.1177 4
    endloop
  endfacet
  facet normal -0.999237 -0.0390526 0
    outer loop
      vertex 11.4954 10.1177 46.5
      vertex 11.5 10 4
      vertex 11.5 10 46.5
    endloop
  endfacet
  facet normal -0.195136 0.980776 0
    outer loop
      vertex 10.3502 8.54145 4
      vertex 10.2347 8.51847 46.5
      vertex 10.3502 8.54145 46.5
    endloop
  endfacet
  facet normal -0.195136 0.980776 0
    outer loop
      vertex 10.2347 8.51847 46.5
      vertex 10.3502 8.54145 4
      vertex 10.2347 8.51847 4
    endloop
  endfacet
  facet normal -0.962384 0.271692 0
    outer loop
      vertex 11.4266 9.53648 4
      vertex 11.4586 9.64983 46.5
      vertex 11.4586 9.64983 4
    endloop
  endfacet
  facet normal -0.962384 0.271692 0
    outer loop
      vertex 11.4586 9.64983 46.5
      vertex 11.4266 9.53648 4
      vertex 11.4266 9.53648 46.5
    endloop
  endfacet
  facet normal -0.271567 0.96242 0
    outer loop
      vertex 10.4635 8.57342 4
      vertex 10.3502 8.54145 46.5
      vertex 10.4635 8.57342 46.5
    endloop
  endfacet
  facet normal -0.271567 0.96242 0
    outer loop
      vertex 10.3502 8.54145 46.5
      vertex 10.4635 8.57342 4
      vertex 10.3502 8.54145 4
    endloop
  endfacet
  facet normal -0.678756 0.734364 0
    outer loop
      vertex 11.0607 8.93934 4
      vertex 10.9742 8.85939 46.5
      vertex 11.0607 8.93934 46.5
    endloop
  endfacet
  facet normal -0.678756 0.734364 0
    outer loop
      vertex 10.9742 8.85939 46.5
      vertex 11.0607 8.93934 4
      vertex 10.9742 8.85939 4
    endloop
  endfacet
  facet normal -0.619036 0.785363 0
    outer loop
      vertex 10.9742 8.85939 4
      vertex 10.8817 8.78648 46.5
      vertex 10.9742 8.85939 46.5
    endloop
  endfacet
  facet normal -0.619036 0.785363 0
    outer loop
      vertex 10.8817 8.78648 46.5
      vertex 10.9742 8.85939 4
      vertex 10.8817 8.78648 4
    endloop
  endfacet
  facet normal -0.488849 0.872368 0
    outer loop
      vertex 10.7837 8.72104 4
      vertex 10.681 8.66349 46.5
      vertex 10.7837 8.72104 46.5
    endloop
  endfacet
  facet normal -0.488849 0.872368 0
    outer loop
      vertex 10.681 8.66349 46.5
      vertex 10.7837 8.72104 4
      vertex 10.681 8.66349 4
    endloop
  endfacet
  facet normal -0.872671 0.488309 0
    outer loop
      vertex 11.279 9.21625 4
      vertex 11.3365 9.31901 46.5
      vertex 11.3365 9.31901 4
    endloop
  endfacet
  facet normal -0.872671 0.488309 0
    outer loop
      vertex 11.3365 9.31901 46.5
      vertex 11.279 9.21625 4
      vertex 11.279 9.21625 46.5
    endloop
  endfacet
  facet normal -0.938096 0.346374 0
    outer loop
      vertex 11.3858 9.42598 4
      vertex 11.4266 9.53648 46.5
      vertex 11.4266 9.53648 4
    endloop
  endfacet
  facet normal -0.938096 0.346374 0
    outer loop
      vertex 11.4266 9.53648 46.5
      vertex 11.3858 9.42598 4
      vertex 11.3858 9.42598 46.5
    endloop
  endfacet
  facet normal 0.0392255 0.99923 -0
    outer loop
      vertex 10 8.5 4
      vertex 9.88231 8.50462 46.5
      vertex 10 8.5 46.5
    endloop
  endfacet
  facet normal 0.0392255 0.99923 0
    outer loop
      vertex 9.88231 8.50462 46.5
      vertex 10 8.5 4
      vertex 9.88231 8.50462 4
    endloop
  endfacet
  facet normal 0.346075 0.938207 -0
    outer loop
      vertex 9.53648 8.57342 4
      vertex 9.42598 8.61418 46.5
      vertex 9.53648 8.57342 46.5
    endloop
  endfacet
  facet normal 0.346075 0.938207 0
    outer loop
      vertex 9.42598 8.61418 46.5
      vertex 9.53648 8.57342 4
      vertex 9.42598 8.61418 4
    endloop
  endfacet
  facet normal 0.271456 0.962451 -0
    outer loop
      vertex 9.64983 8.54145 4
      vertex 9.53648 8.57342 46.5
      vertex 9.64983 8.54145 46.5
    endloop
  endfacet
  facet normal 0.271456 0.962451 0
    outer loop
      vertex 9.53648 8.57342 46.5
      vertex 9.64983 8.54145 4
      vertex 9.53648 8.57342 4
    endloop
  endfacet
  facet normal 0.488632 0.87249 -0
    outer loop
      vertex 9.31901 8.66349 4
      vertex 9.21625 8.72104 46.5
      vertex 9.31901 8.66349 46.5
    endloop
  endfacet
  facet normal 0.488632 0.87249 0
    outer loop
      vertex 9.21625 8.72104 46.5
      vertex 9.31901 8.66349 4
      vertex 9.21625 8.72104 4
    endloop
  endfacet
  facet normal 0.555601 0.831449 -0
    outer loop
      vertex 9.21625 8.72104 4
      vertex 9.11832 8.78648 46.5
      vertex 9.21625 8.72104 46.5
    endloop
  endfacet
  facet normal 0.555601 0.831449 0
    outer loop
      vertex 9.11832 8.78648 46.5
      vertex 9.21625 8.72104 4
      vertex 9.11832 8.78648 4
    endloop
  endfacet
  facet normal 0.99923 0.0392255 0
    outer loop
      vertex 8.50462 9.88231 46.5
      vertex 8.5 10 4
      vertex 8.5 10 46.5
    endloop
  endfacet
  facet normal 0.99923 0.0392255 0
    outer loop
      vertex 8.5 10 4
      vertex 8.50462 9.88231 46.5
      vertex 8.50462 9.88231 4
    endloop
  endfacet
  facet normal 0.908156 0.418633 0
    outer loop
      vertex 8.66349 9.31901 46.5
      vertex 8.61418 9.42598 4
      vertex 8.61418 9.42598 46.5
    endloop
  endfacet
  facet normal 0.908156 0.418633 0
    outer loop
      vertex 8.61418 9.42598 4
      vertex 8.66349 9.31901 46.5
      vertex 8.66349 9.31901 4
    endloop
  endfacet
  facet normal -0.962353 -0.271803 0
    outer loop
      vertex 11.4586 10.3502 4
      vertex 11.4266 10.4635 46.5
      vertex 11.4266 10.4635 4
    endloop
  endfacet
  facet normal -0.962353 -0.271803 0
    outer loop
      vertex 11.4266 10.4635 46.5
      vertex 11.4586 10.3502 4
      vertex 11.4586 10.3502 46.5
    endloop
  endfacet
  facet normal 0.993066 -0.117555 0
    outer loop
      vertex 8.50462 10.1177 46.5
      vertex 8.51847 10.2347 4
      vertex 8.51847 10.2347 46.5
    endloop
  endfacet
  facet normal 0.993066 -0.117555 0
    outer loop
      vertex 8.51847 10.2347 4
      vertex 8.50462 10.1177 46.5
      vertex 8.50462 10.1177 4
    endloop
  endfacet
  facet normal 0.980776 -0.195136 0
    outer loop
      vertex 8.51847 10.2347 46.5
      vertex 8.54145 10.3502 4
      vertex 8.54145 10.3502 46.5
    endloop
  endfacet
  facet normal 0.980776 -0.195136 0
    outer loop
      vertex 8.54145 10.3502 4
      vertex 8.51847 10.2347 46.5
      vertex 8.51847 10.2347 4
    endloop
  endfacet
  facet normal 0.555953 -0.831214 0
    outer loop
      vertex 9.11832 11.2135 4
      vertex 9.21625 11.279 46.5
      vertex 9.11832 11.2135 46.5
    endloop
  endfacet
  facet normal 0.555953 -0.831214 0
    outer loop
      vertex 9.21625 11.279 46.5
      vertex 9.11832 11.2135 4
      vertex 9.21625 11.279 4
    endloop
  endfacet
  facet normal 0.619025 -0.785372 0
    outer loop
      vertex 9.02583 11.1406 4
      vertex 9.11832 11.2135 46.5
      vertex 9.02583 11.1406 46.5
    endloop
  endfacet
  facet normal 0.619025 -0.785372 0
    outer loop
      vertex 9.11832 11.2135 46.5
      vertex 9.02583 11.1406 4
      vertex 9.11832 11.2135 4
    endloop
  endfacet
  facet normal -0.0392221 0.999231 0
    outer loop
      vertex 10.1177 8.50462 4
      vertex 10 8.5 46.5
      vertex 10.1177 8.50462 46.5
    endloop
  endfacet
  facet normal -0.0392221 0.999231 0
    outer loop
      vertex 10 8.5 46.5
      vertex 10.1177 8.50462 4
      vertex 10 8.5 4
    endloop
  endfacet
  facet normal -0.980912 0.19445 0
    outer loop
      vertex 11.4586 9.64983 4
      vertex 11.4815 9.76535 46.5
      vertex 11.4815 9.76535 4
    endloop
  endfacet
  facet normal -0.980912 0.19445 0
    outer loop
      vertex 11.4815 9.76535 46.5
      vertex 11.4586 9.64983 4
      vertex 11.4586 9.64983 46.5
    endloop
  endfacet
  facet normal -0.993012 0.118014 0
    outer loop
      vertex 11.4815 9.76535 4
      vertex 11.4954 9.88231 46.5
      vertex 11.4954 9.88231 4
    endloop
  endfacet
  facet normal -0.993012 0.118014 0
    outer loop
      vertex 11.4954 9.88231 46.5
      vertex 11.4815 9.76535 4
      vertex 11.4815 9.76535 46.5
    endloop
  endfacet
  facet normal -0.117555 0.993066 0
    outer loop
      vertex 10.2347 8.51847 4
      vertex 10.1177 8.50462 46.5
      vertex 10.2347 8.51847 46.5
    endloop
  endfacet
  facet normal -0.117555 0.993066 0
    outer loop
      vertex 10.1177 8.50462 46.5
      vertex 10.2347 8.51847 4
      vertex 10.1177 8.50462 4
    endloop
  endfacet
  facet normal -0.346075 0.938207 0
    outer loop
      vertex 10.574 8.61418 4
      vertex 10.4635 8.57342 46.5
      vertex 10.574 8.61418 46.5
    endloop
  endfacet
  facet normal -0.346075 0.938207 0
    outer loop
      vertex 10.4635 8.57342 46.5
      vertex 10.574 8.61418 4
      vertex 10.4635 8.57342 4
    endloop
  endfacet
  facet normal -0.734536 0.678569 0
    outer loop
      vertex 11.0607 8.93934 4
      vertex 11.1406 9.02583 46.5
      vertex 11.1406 9.02583 4
    endloop
  endfacet
  facet normal -0.734536 0.678569 0
    outer loop
      vertex 11.1406 9.02583 46.5
      vertex 11.0607 8.93934 4
      vertex 11.0607 8.93934 46.5
    endloop
  endfacet
  facet normal -0.555327 0.831632 0
    outer loop
      vertex 10.8817 8.78648 4
      vertex 10.7837 8.72104 46.5
      vertex 10.8817 8.78648 46.5
    endloop
  endfacet
  facet normal -0.555327 0.831632 0
    outer loop
      vertex 10.7837 8.72104 46.5
      vertex 10.8817 8.78648 4
      vertex 10.7837 8.72104 4
    endloop
  endfacet
  facet normal -0.908188 0.418563 0
    outer loop
      vertex 11.3365 9.31901 4
      vertex 11.3858 9.42598 46.5
      vertex 11.3858 9.42598 4
    endloop
  endfacet
  facet normal -0.908188 0.418563 0
    outer loop
      vertex 11.3858 9.42598 46.5
      vertex 11.3365 9.31901 4
      vertex 11.3365 9.31901 46.5
    endloop
  endfacet
  facet normal -0.831214 0.555953 0
    outer loop
      vertex 11.2135 9.11832 4
      vertex 11.279 9.21625 46.5
      vertex 11.279 9.21625 4
    endloop
  endfacet
  facet normal -0.831214 0.555953 0
    outer loop
      vertex 11.279 9.21625 46.5
      vertex 11.2135 9.11832 4
      vertex 11.2135 9.11832 46.5
    endloop
  endfacet
  facet normal 0.619077 0.78533 -0
    outer loop
      vertex 9.11832 8.78648 4
      vertex 9.02583 8.85939 46.5
      vertex 9.11832 8.78648 46.5
    endloop
  endfacet
  facet normal 0.619077 0.78533 0
    outer loop
      vertex 9.02583 8.85939 46.5
      vertex 9.11832 8.78648 4
      vertex 9.02583 8.85939 4
    endloop
  endfacet
  facet normal 0.980783 0.195104 0
    outer loop
      vertex 8.54145 9.64983 46.5
      vertex 8.51847 9.76535 4
      vertex 8.51847 9.76535 46.5
    endloop
  endfacet
  facet normal 0.980783 0.195104 0
    outer loop
      vertex 8.51847 9.76535 4
      vertex 8.54145 9.64983 46.5
      vertex 8.54145 9.64983 4
    endloop
  endfacet
  facet normal 0.993062 0.117595 0
    outer loop
      vertex 8.51847 9.76535 46.5
      vertex 8.50462 9.88231 4
      vertex 8.50462 9.88231 46.5
    endloop
  endfacet
  facet normal 0.993062 0.117595 0
    outer loop
      vertex 8.50462 9.88231 4
      vertex 8.51847 9.76535 46.5
      vertex 8.51847 9.76535 4
    endloop
  endfacet
  facet normal 0.87249 0.488632 0
    outer loop
      vertex 8.72104 9.21625 46.5
      vertex 8.66349 9.31901 4
      vertex 8.66349 9.31901 46.5
    endloop
  endfacet
  facet normal 0.87249 0.488632 0
    outer loop
      vertex 8.66349 9.31901 4
      vertex 8.72104 9.21625 46.5
      vertex 8.72104 9.21625 4
    endloop
  endfacet
  facet normal 0.734325 0.678798 0
    outer loop
      vertex 8.93934 8.93934 46.5
      vertex 8.85939 9.02583 4
      vertex 8.85939 9.02583 46.5
    endloop
  endfacet
  facet normal 0.734325 0.678798 0
    outer loop
      vertex 8.85939 9.02583 4
      vertex 8.93934 8.93934 46.5
      vertex 8.93934 8.93934 4
    endloop
  endfacet
  facet normal -0.831397 -0.555679 0
    outer loop
      vertex 11.279 10.7837 4
      vertex 11.2135 10.8817 46.5
      vertex 11.2135 10.8817 4
    endloop
  endfacet
  facet normal -0.831397 -0.555679 0
    outer loop
      vertex 11.2135 10.8817 46.5
      vertex 11.279 10.7837 4
      vertex 11.279 10.7837 46.5
    endloop
  endfacet
  facet normal -0.418466 -0.908232 0
    outer loop
      vertex 10.574 11.3858 4
      vertex 10.681 11.3365 46.5
      vertex 10.574 11.3858 46.5
    endloop
  endfacet
  facet normal -0.418466 -0.908232 -0
    outer loop
      vertex 10.681 11.3365 46.5
      vertex 10.574 11.3858 4
      vertex 10.681 11.3365 4
    endloop
  endfacet
  facet normal 0.785363 -0.619036 0
    outer loop
      vertex 8.78648 10.8817 46.5
      vertex 8.85939 10.9742 4
      vertex 8.85939 10.9742 46.5
    endloop
  endfacet
  facet normal 0.785363 -0.619036 0
    outer loop
      vertex 8.85939 10.9742 4
      vertex 8.78648 10.8817 46.5
      vertex 8.78648 10.8817 4
    endloop
  endfacet
  facet normal 0.19445 -0.980912 0
    outer loop
      vertex 9.64983 11.4586 4
      vertex 9.76535 11.4815 46.5
      vertex 9.64983 11.4586 46.5
    endloop
  endfacet
  facet normal 0.19445 -0.980912 0
    outer loop
      vertex 9.76535 11.4815 46.5
      vertex 9.64983 11.4586 4
      vertex 9.76535 11.4815 4
    endloop
  endfacet
  facet normal 0.195104 0.980783 -0
    outer loop
      vertex 9.76535 8.51847 4
      vertex 9.64983 8.54145 46.5
      vertex 9.76535 8.51847 46.5
    endloop
  endfacet
  facet normal 0.195104 0.980783 0
    outer loop
      vertex 9.64983 8.54145 46.5
      vertex 9.76535 8.51847 4
      vertex 9.64983 8.54145 4
    endloop
  endfacet
  facet normal 0.962451 0.271456 0
    outer loop
      vertex 8.57342 9.53648 46.5
      vertex 8.54145 9.64983 4
      vertex 8.54145 9.64983 46.5
    endloop
  endfacet
  facet normal 0.962451 0.271456 0
    outer loop
      vertex 8.54145 9.64983 4
      vertex 8.57342 9.53648 46.5
      vertex 8.57342 9.53648 4
    endloop
  endfacet
  facet normal 0.78533 0.619077 0
    outer loop
      vertex 8.85939 9.02583 46.5
      vertex 8.78648 9.11832 4
      vertex 8.78648 9.11832 46.5
    endloop
  endfacet
  facet normal 0.78533 0.619077 0
    outer loop
      vertex 8.78648 9.11832 4
      vertex 8.85939 9.02583 46.5
      vertex 8.85939 9.02583 4
    endloop
  endfacet
  facet normal 0 0 1
    outer loop
      vertex 11.4954 59.8823 46.5
      vertex 18 66 46.5
      vertex 11.5 60 46.5
    endloop
  endfacet
  facet normal 0 0 1
    outer loop
      vertex 18 66 46.5
      vertex 11.4954 60.1177 46.5
      vertex 11.5 60 46.5
    endloop
  endfacet
  facet normal 0 0 1
    outer loop
      vertex 18 66 46.5
      vertex 11.4815 60.2346 46.5
      vertex 11.4954 60.1177 46.5
    endloop
  endfacet
  facet normal 0 0 1
    outer loop
      vertex 18 66 46.5
      vertex 11.4586 60.3502 46.5
      vertex 11.4815 60.2346 46.5
    endloop
  endfacet
  facet normal 0 0 1
    outer loop
      vertex 18 66 46.5
      vertex 11.4266 60.4635 46.5
      vertex 11.4586 60.3502 46.5
    endloop
  endfacet
  facet normal 0 0 1
    outer loop
      vertex 18 66 46.5
      vertex 11.3858 60.574 46.5
      vertex 11.4266 60.4635 46.5
    endloop
  endfacet
  facet normal 0 0 1
    outer loop
      vertex 18 66 46.5
      vertex 11.3365 60.681 46.5
      vertex 11.3858 60.574 46.5
    endloop
  endfacet
  facet normal 0 0 1
    outer loop
      vertex 18 66 46.5
      vertex 11.279 60.7837 46.5
      vertex 11.3365 60.681 46.5
    endloop
  endfacet
  facet normal 0 0 1
    outer loop
      vertex 18 66 46.5
      vertex 11.2135 60.8817 46.5
      vertex 11.279 60.7837 46.5
    endloop
  endfacet
  facet normal 0 0 1
    outer loop
      vertex 18 66 46.5
      vertex 11.1406 60.9742 46.5
      vertex 11.2135 60.8817 46.5
    endloop
  endfacet
  facet normal 0 0 1
    outer loop
      vertex 18 66 46.5
      vertex 11.0607 61.0607 46.5
      vertex 11.1406 60.9742 46.5
    endloop
  endfacet
  facet normal 0 0 1
    outer loop
      vertex 18 66 46.5
      vertex 10.9742 61.1406 46.5
      vertex 11.0607 61.0607 46.5
    endloop
  endfacet
  facet normal 0 0 1
    outer loop
      vertex 18 66 46.5
      vertex 10.8817 61.2135 46.5
      vertex 10.9742 61.1406 46.5
    endloop
  endfacet
  facet normal 0 0 1
    outer loop
      vertex 18 66 46.5
      vertex 10.7837 61.279 46.5
      vertex 10.8817 61.2135 46.5
    endloop
  endfacet
  facet normal 0 0 1
    outer loop
      vertex 18 66 46.5
      vertex 10.681 61.3365 46.5
      vertex 10.7837 61.279 46.5
    endloop
  endfacet
  facet normal 0 0 1
    outer loop
      vertex 18 66 46.5
      vertex 10.574 61.3858 46.5
      vertex 10.681 61.3365 46.5
    endloop
  endfacet
  facet normal 0 0 1
    outer loop
      vertex 18 66 46.5
      vertex 10.4635 61.4266 46.5
      vertex 10.574 61.3858 46.5
    endloop
  endfacet
  facet normal 0 0 1
    outer loop
      vertex 18 66 46.5
      vertex 10.3502 61.4586 46.5
      vertex 10.4635 61.4266 46.5
    endloop
  endfacet
  facet normal 0 0 1
    outer loop
      vertex 18 66 46.5
      vertex 10.2347 61.4815 46.5
      vertex 10.3502 61.4586 46.5
    endloop
  endfacet
  facet normal -0 0 1
    outer loop
      vertex 5 66 46.5
      vertex 10.2347 61.4815 46.5
      vertex 18 66 46.5
    endloop
  endfacet
  facet normal 0 0 1
    outer loop
      vertex 10.2347 61.4815 46.5
      vertex 5 66 46.5
      vertex 10.1177 61.4954 46.5
    endloop
  endfacet
  facet normal 0 0 1
    outer loop
      vertex 10.1177 61.4954 46.5
      vertex 5 66 46.5
      vertex 10 61.5 46.5
    endloop
  endfacet
  facet normal 0 0 1
    outer loop
      vertex 10 61.5 46.5
      vertex 5 66 46.5
      vertex 9.88231 61.4954 46.5
    endloop
  endfacet
  facet normal 0 0 1
    outer loop
      vertex 9.88231 61.4954 46.5
      vertex 5 66 46.5
      vertex 9.76535 61.4815 46.5
    endloop
  endfacet
  facet normal 0 0 1
    outer loop
      vertex 9.76535 61.4815 46.5
      vertex 5 66 46.5
      vertex 9.64983 61.4586 46.5
    endloop
  endfacet
  facet normal 0 0 1
    outer loop
      vertex 9.64983 61.4586 46.5
      vertex 5 66 46.5
      vertex 9.53647 61.4266 46.5
    endloop
  endfacet
  facet normal 0 0 1
    outer loop
      vertex 9.53647 61.4266 46.5
      vertex 5 66 46.5
      vertex 9.42597 61.3858 46.5
    endloop
  endfacet
  facet normal 0 0 1
    outer loop
      vertex 8.51847 60.2346 46.5
      vertex 4 65 46.5
      vertex 8.50462 60.1177 46.5
    endloop
  endfacet
  facet normal 0 0 1
    outer loop
      vertex 8.54144 60.3502 46.5
      vertex 4 65 46.5
      vertex 8.51847 60.2346 46.5
    endloop
  endfacet
  facet normal 0 0 1
    outer loop
      vertex 8.57341 60.4635 46.5
      vertex 4 65 46.5
      vertex 8.54144 60.3502 46.5
    endloop
  endfacet
  facet normal 0 0 1
    outer loop
      vertex 8.61418 60.574 46.5
      vertex 4 65 46.5
      vertex 8.57341 60.4635 46.5
    endloop
  endfacet
  facet normal 0 0 1
    outer loop
      vertex 8.66349 60.681 46.5
      vertex 4 65 46.5
      vertex 8.61418 60.574 46.5
    endloop
  endfacet
  facet normal 0 0 1
    outer loop
      vertex 8.72104 60.7837 46.5
      vertex 4 65 46.5
      vertex 8.66349 60.681 46.5
    endloop
  endfacet
  facet normal 0 0 1
    outer loop
      vertex 8.78647 60.8817 46.5
      vertex 4 65 46.5
      vertex 8.72104 60.7837 46.5
    endloop
  endfacet
  facet normal 0 0 1
    outer loop
      vertex 8.85939 60.9742 46.5
      vertex 4 65 46.5
      vertex 8.78647 60.8817 46.5
    endloop
  endfacet
  facet normal 0 0 1
    outer loop
      vertex 8.93934 61.0607 46.5
      vertex 4 65 46.5
      vertex 8.85939 60.9742 46.5
    endloop
  endfacet
  facet normal -0 0 1
    outer loop
      vertex 4 65 46.5
      vertex 8.93934 61.0607 46.5
      vertex 5 66 46.5
    endloop
  endfacet
  facet normal 0 0 1
    outer loop
      vertex 9.02583 61.1406 46.5
      vertex 5 66 46.5
      vertex 8.93934 61.0607 46.5
    endloop
  endfacet
  facet normal 0 0 1
    outer loop
      vertex 9.11832 61.2135 46.5
      vertex 5 66 46.5
      vertex 9.02583 61.1406 46.5
    endloop
  endfacet
  facet normal 0 0 1
    outer loop
      vertex 9.21625 61.279 46.5
      vertex 5 66 46.5
      vertex 9.11832 61.2135 46.5
    endloop
  endfacet
  facet normal 0 0 1
    outer loop
      vertex 9.31901 61.3365 46.5
      vertex 5 66 46.5
      vertex 9.21625 61.279 46.5
    endloop
  endfacet
  facet normal 0 0 1
    outer loop
      vertex 9.42597 61.3858 46.5
      vertex 5 66 46.5
      vertex 9.31901 61.3365 46.5
    endloop
  endfacet
  facet normal 0 0 1
    outer loop
      vertex 18 66 46.5
      vertex 11.4954 59.8823 46.5
      vertex 18 53 46.5
    endloop
  endfacet
  facet normal -0 0 1
    outer loop
      vertex 11.4815 59.7653 46.5
      vertex 18 53 46.5
      vertex 11.4954 59.8823 46.5
    endloop
  endfacet
  facet normal -0 0 1
    outer loop
      vertex 11.4586 59.6498 46.5
      vertex 18 53 46.5
      vertex 11.4815 59.7653 46.5
    endloop
  endfacet
  facet normal -0 0 1
    outer loop
      vertex 11.4266 59.5365 46.5
      vertex 18 53 46.5
      vertex 11.4586 59.6498 46.5
    endloop
  endfacet
  facet normal -0 0 1
    outer loop
      vertex 11.3858 59.426 46.5
      vertex 18 53 46.5
      vertex 11.4266 59.5365 46.5
    endloop
  endfacet
  facet normal -0 0 1
    outer loop
      vertex 11.3365 59.319 46.5
      vertex 18 53 46.5
      vertex 11.3858 59.426 46.5
    endloop
  endfacet
  facet normal -0 0 1
    outer loop
      vertex 11.279 59.2163 46.5
      vertex 18 53 46.5
      vertex 11.3365 59.319 46.5
    endloop
  endfacet
  facet normal -0 0 1
    outer loop
      vertex 11.2135 59.1183 46.5
      vertex 18 53 46.5
      vertex 11.279 59.2163 46.5
    endloop
  endfacet
  facet normal -0 0 1
    outer loop
      vertex 11.1406 59.0258 46.5
      vertex 18 53 46.5
      vertex 11.2135 59.1183 46.5
    endloop
  endfacet
  facet normal -0 0 1
    outer loop
      vertex 11.0607 58.9393 46.5
      vertex 18 53 46.5
      vertex 11.1406 59.0258 46.5
    endloop
  endfacet
  facet normal -0 0 1
    outer loop
      vertex 10.9742 58.8594 46.5
      vertex 18 53 46.5
      vertex 11.0607 58.9393 46.5
    endloop
  endfacet
  facet normal -0 0 1
    outer loop
      vertex 10.8817 58.7865 46.5
      vertex 18 53 46.5
      vertex 10.9742 58.8594 46.5
    endloop
  endfacet
  facet normal -0 0 1
    outer loop
      vertex 10.7837 58.721 46.5
      vertex 18 53 46.5
      vertex 10.8817 58.7865 46.5
    endloop
  endfacet
  facet normal -0 0 1
    outer loop
      vertex 10.681 58.6635 46.5
      vertex 18 53 46.5
      vertex 10.7837 58.721 46.5
    endloop
  endfacet
  facet normal -0 0 1
    outer loop
      vertex 10.574 58.6142 46.5
      vertex 18 53 46.5
      vertex 10.681 58.6635 46.5
    endloop
  endfacet
  facet normal -0 0 1
    outer loop
      vertex 10.4635 58.5734 46.5
      vertex 18 53 46.5
      vertex 10.574 58.6142 46.5
    endloop
  endfacet
  facet normal -0 0 1
    outer loop
      vertex 10.3502 58.5414 46.5
      vertex 18 53 46.5
      vertex 10.4635 58.5734 46.5
    endloop
  endfacet
  facet normal -0 0 1
    outer loop
      vertex 10.2347 58.5185 46.5
      vertex 18 53 46.5
      vertex 10.3502 58.5414 46.5
    endloop
  endfacet
  facet normal -0 0 1
    outer loop
      vertex 10.1177 58.5046 46.5
      vertex 18 53 46.5
      vertex 10.2347 58.5185 46.5
    endloop
  endfacet
  facet normal 0 0 1
    outer loop
      vertex 4 53 46.5
      vertex 10.1177 58.5046 46.5
      vertex 10 58.5 46.5
    endloop
  endfacet
  facet normal 0 0 1
    outer loop
      vertex 4 53 46.5
      vertex 10 58.5 46.5
      vertex 9.88231 58.5046 46.5
    endloop
  endfacet
  facet normal 0 0 1
    outer loop
      vertex 4 53 46.5
      vertex 9.88231 58.5046 46.5
      vertex 9.76535 58.5185 46.5
    endloop
  endfacet
  facet normal 0 0 1
    outer loop
      vertex 4 53 46.5
      vertex 9.76535 58.5185 46.5
      vertex 9.64983 58.5414 46.5
    endloop
  endfacet
  facet normal 0 0 1
    outer loop
      vertex 4 53 46.5
      vertex 9.64983 58.5414 46.5
      vertex 9.53647 58.5734 46.5
    endloop
  endfacet
  facet normal 0 0 1
    outer loop
      vertex 4 53 46.5
      vertex 9.53647 58.5734 46.5
      vertex 9.42597 58.6142 46.5
    endloop
  endfacet
  facet normal 0 0 1
    outer loop
      vertex 4 53 46.5
      vertex 9.42597 58.6142 46.5
      vertex 9.31901 58.6635 46.5
    endloop
  endfacet
  facet normal 0 0 1
    outer loop
      vertex 4 53 46.5
      vertex 9.31901 58.6635 46.5
      vertex 9.21625 58.721 46.5
    endloop
  endfacet
  facet normal 0 0 1
    outer loop
      vertex 8.50462 60.1177 46.5
      vertex 4 65 46.5
      vertex 8.5 60 46.5
    endloop
  endfacet
  facet normal 0 0 1
    outer loop
      vertex 8.5 60 46.5
      vertex 4 65 46.5
      vertex 8.50462 59.8823 46.5
    endloop
  endfacet
  facet normal 0 0 1
    outer loop
      vertex 8.50462 59.8823 46.5
      vertex 4 65 46.5
      vertex 8.51847 59.7653 46.5
    endloop
  endfacet
  facet normal 0 0 1
    outer loop
      vertex 4 53 46.5
      vertex 8.51847 59.7653 46.5
      vertex 4 65 46.5
    endloop
  endfacet
  facet normal 0 0 1
    outer loop
      vertex 8.51847 59.7653 46.5
      vertex 4 53 46.5
      vertex 8.54144 59.6498 46.5
    endloop
  endfacet
  facet normal 0 0 1
    outer loop
      vertex 8.54144 59.6498 46.5
      vertex 4 53 46.5
      vertex 8.57341 59.5365 46.5
    endloop
  endfacet
  facet normal 0 0 1
    outer loop
      vertex 4 65 46.5
      vertex 5 66 46.5
      vertex 4.92154 65.9969 46.5
    endloop
  endfacet
  facet normal 0 0 1
    outer loop
      vertex 8.57341 59.5365 46.5
      vertex 4 53 46.5
      vertex 8.61418 59.426 46.5
    endloop
  endfacet
  facet normal 0 0 1
    outer loop
      vertex 4 65 46.5
      vertex 4.92154 65.9969 46.5
      vertex 4.84356 65.9877 46.5
    endloop
  endfacet
  facet normal 0 0 1
    outer loop
      vertex 4 65 46.5
      vertex 4.84356 65.9877 46.5
      vertex 4.76655 65.9724 46.5
    endloop
  endfacet
  facet normal 0 0 1
    outer loop
      vertex 4 65 46.5
      vertex 4.76655 65.9724 46.5
      vertex 4.69098 65.9511 46.5
    endloop
  endfacet
  facet normal 0 0 1
    outer loop
      vertex 4 65 46.5
      vertex 4.69098 65.9511 46.5
      vertex 4.61732 65.9239 46.5
    endloop
  endfacet
  facet normal 0 0 1
    outer loop
      vertex 4 65 46.5
      vertex 4.61732 65.9239 46.5
      vertex 4.54601 65.891 46.5
    endloop
  endfacet
  facet normal 0 0 1
    outer loop
      vertex 4 65 46.5
      vertex 4.54601 65.891 46.5
      vertex 4.4775 65.8526 46.5
    endloop
  endfacet
  facet normal 0 0 1
    outer loop
      vertex 4 65 46.5
      vertex 4.4775 65.8526 46.5
      vertex 4.41221 65.809 46.5
    endloop
  endfacet
  facet normal 0 0 1
    outer loop
      vertex 4 65 46.5
      vertex 4.41221 65.809 46.5
      vertex 4.35055 65.7604 46.5
    endloop
  endfacet
  facet normal 0 0 1
    outer loop
      vertex 4 65 46.5
      vertex 4.35055 65.7604 46.5
      vertex 4.29289 65.7071 46.5
    endloop
  endfacet
  facet normal 0 0 1
    outer loop
      vertex 8.61418 59.426 46.5
      vertex 4 53 46.5
      vertex 8.66349 59.319 46.5
    endloop
  endfacet
  facet normal 0 0 1
    outer loop
      vertex 4 65 46.5
      vertex 4.29289 65.7071 46.5
      vertex 4.23959 65.6494 46.5
    endloop
  endfacet
  facet normal 0 0 1
    outer loop
      vertex 4 65 46.5
      vertex 4.23959 65.6494 46.5
      vertex 4.19098 65.5878 46.5
    endloop
  endfacet
  facet normal 0 0 1
    outer loop
      vertex 4 65 46.5
      vertex 4.19098 65.5878 46.5
      vertex 4.14736 65.5225 46.5
    endloop
  endfacet
  facet normal 0 0 1
    outer loop
      vertex 4 65 46.5
      vertex 4.14736 65.5225 46.5
      vertex 4.10899 65.454 46.5
    endloop
  endfacet
  facet normal 0 0 1
    outer loop
      vertex 4 65 46.5
      vertex 4.10899 65.454 46.5
      vertex 4.07612 65.3827 46.5
    endloop
  endfacet
  facet normal 0 0 1
    outer loop
      vertex 4 65 46.5
      vertex 4.07612 65.3827 46.5
      vertex 4.04894 65.309 46.5
    endloop
  endfacet
  facet normal 0 0 1
    outer loop
      vertex 4 65 46.5
      vertex 4.04894 65.309 46.5
      vertex 4.02763 65.2334 46.5
    endloop
  endfacet
  facet normal 0 0 1
    outer loop
      vertex 4 65 46.5
      vertex 4.02763 65.2334 46.5
      vertex 4.01231 65.1564 46.5
    endloop
  endfacet
  facet normal 0 0 1
    outer loop
      vertex 8.66349 59.319 46.5
      vertex 4 53 46.5
      vertex 8.72104 59.2163 46.5
    endloop
  endfacet
  facet normal 0 0 1
    outer loop
      vertex 4 65 46.5
      vertex 4.01231 65.1564 46.5
      vertex 4.00308 65.0785 46.5
    endloop
  endfacet
  facet normal 0 0 1
    outer loop
      vertex 8.72104 59.2163 46.5
      vertex 4 53 46.5
      vertex 8.78647 59.1183 46.5
    endloop
  endfacet
  facet normal 0 0 1
    outer loop
      vertex 10.1177 58.5046 46.5
      vertex 4 53 46.5
      vertex 18 53 46.5
    endloop
  endfacet
  facet normal 0 0 1
    outer loop
      vertex 9.11832 58.7865 46.5
      vertex 4 53 46.5
      vertex 9.21625 58.721 46.5
    endloop
  endfacet
  facet normal 0 0 1
    outer loop
      vertex 9.02583 58.8594 46.5
      vertex 4 53 46.5
      vertex 9.11832 58.7865 46.5
    endloop
  endfacet
  facet normal 0 0 1
    outer loop
      vertex 8.93934 58.9393 46.5
      vertex 4 53 46.5
      vertex 9.02583 58.8594 46.5
    endloop
  endfacet
  facet normal 0 0 1
    outer loop
      vertex 8.85939 59.0258 46.5
      vertex 4 53 46.5
      vertex 8.93934 58.9393 46.5
    endloop
  endfacet
  facet normal 0 0 1
    outer loop
      vertex 8.78647 59.1183 46.5
      vertex 4 53 46.5
      vertex 8.85939 59.0258 46.5
    endloop
  endfacet
  facet normal 1 -0 0
    outer loop
      vertex 18 53 46.5
      vertex 18 66 22
      vertex 18 66 46.5
    endloop
  endfacet
  facet normal 1 0 0
    outer loop
      vertex 18 66 22
      vertex 18 53 46.5
      vertex 18 53 22
    endloop
  endfacet
  facet normal 0 0 -1
    outer loop
      vertex 11.4954 59.8823 22
      vertex 18 66 22
      vertex 18 53 22
    endloop
  endfacet
  facet normal 0 0 -1
    outer loop
      vertex 18 66 22
      vertex 11.4954 59.8823 22
      vertex 11.5 60 22
    endloop
  endfacet
  facet normal 0 0 -1
    outer loop
      vertex 18 53 22
      vertex 11.4815 59.7653 22
      vertex 11.4954 59.8823 22
    endloop
  endfacet
  facet normal 0 0 -1
    outer loop
      vertex 18 53 22
      vertex 11.4586 59.6498 22
      vertex 11.4815 59.7653 22
    endloop
  endfacet
  facet normal 0 0 -1
    outer loop
      vertex 18 53 22
      vertex 11.4266 59.5365 22
      vertex 11.4586 59.6498 22
    endloop
  endfacet
  facet normal 0 0 -1
    outer loop
      vertex 18 53 22
      vertex 11.3858 59.426 22
      vertex 11.4266 59.5365 22
    endloop
  endfacet
  facet normal 0 0 -1
    outer loop
      vertex 18 53 22
      vertex 11.3365 59.319 22
      vertex 11.3858 59.426 22
    endloop
  endfacet
  facet normal 0 0 -1
    outer loop
      vertex 18 53 22
      vertex 11.279 59.2163 22
      vertex 11.3365 59.319 22
    endloop
  endfacet
  facet normal 0 0 -1
    outer loop
      vertex 18 53 22
      vertex 11.2135 59.1183 22
      vertex 11.279 59.2163 22
    endloop
  endfacet
  facet normal 0 0 -1
    outer loop
      vertex 18 53 22
      vertex 11.1406 59.0258 22
      vertex 11.2135 59.1183 22
    endloop
  endfacet
  facet normal 0 0 -1
    outer loop
      vertex 18 53 22
      vertex 11.0607 58.9393 22
      vertex 11.1406 59.0258 22
    endloop
  endfacet
  facet normal 0 0 -1
    outer loop
      vertex 18 53 22
      vertex 10.9742 58.8594 22
      vertex 11.0607 58.9393 22
    endloop
  endfacet
  facet normal 0 0 -1
    outer loop
      vertex 18 53 22
      vertex 10.8817 58.7865 22
      vertex 10.9742 58.8594 22
    endloop
  endfacet
  facet normal 0 0 -1
    outer loop
      vertex 18 53 22
      vertex 10.7837 58.721 22
      vertex 10.8817 58.7865 22
    endloop
  endfacet
  facet normal 0 0 -1
    outer loop
      vertex 18 53 22
      vertex 10.681 58.6635 22
      vertex 10.7837 58.721 22
    endloop
  endfacet
  facet normal 0 0 -1
    outer loop
      vertex 18 53 22
      vertex 10.574 58.6142 22
      vertex 10.681 58.6635 22
    endloop
  endfacet
  facet normal 0 0 -1
    outer loop
      vertex 18 53 22
      vertex 10.4635 58.5734 22
      vertex 10.574 58.6142 22
    endloop
  endfacet
  facet normal 0 0 -1
    outer loop
      vertex 18 53 22
      vertex 10.3502 58.5414 22
      vertex 10.4635 58.5734 22
    endloop
  endfacet
  facet normal 0 0 -1
    outer loop
      vertex 18 53 22
      vertex 10.2347 58.5185 22
      vertex 10.3502 58.5414 22
    endloop
  endfacet
  facet normal 0 0 -1
    outer loop
      vertex 18 53 22
      vertex 10.1177 58.5046 22
      vertex 10.2347 58.5185 22
    endloop
  endfacet
  facet normal 0 0 -1
    outer loop
      vertex 4 53 22
      vertex 10.1177 58.5046 22
      vertex 18 53 22
    endloop
  endfacet
  facet normal 0 0 -1
    outer loop
      vertex 10.1177 58.5046 22
      vertex 4 53 22
      vertex 10 58.5 22
    endloop
  endfacet
  facet normal -0 0 -1
    outer loop
      vertex 10 58.5 22
      vertex 4 53 22
      vertex 9.88231 58.5046 22
    endloop
  endfacet
  facet normal -0 0 -1
    outer loop
      vertex 9.88231 58.5046 22
      vertex 4 53 22
      vertex 9.76535 58.5185 22
    endloop
  endfacet
  facet normal -0 0 -1
    outer loop
      vertex 9.76535 58.5185 22
      vertex 4 53 22
      vertex 9.64983 58.5414 22
    endloop
  endfacet
  facet normal -0 0 -1
    outer loop
      vertex 9.64983 58.5414 22
      vertex 4 53 22
      vertex 9.53647 58.5734 22
    endloop
  endfacet
  facet normal -0 0 -1
    outer loop
      vertex 9.53647 58.5734 22
      vertex 4 53 22
      vertex 9.42597 58.6142 22
    endloop
  endfacet
  facet normal -0 0 -1
    outer loop
      vertex 9.42597 58.6142 22
      vertex 4 53 22
      vertex 9.31901 58.6635 22
    endloop
  endfacet
  facet normal 0 0 -1
    outer loop
      vertex 4 65 22
      vertex 8.5 60 22
      vertex 8.50462 59.8823 22
    endloop
  endfacet
  facet normal 0 0 -1
    outer loop
      vertex 4 65 22
      vertex 8.50462 59.8823 22
      vertex 8.51847 59.7653 22
    endloop
  endfacet
  facet normal 0 0 -1
    outer loop
      vertex 4 53 22
      vertex 8.51847 59.7653 22
      vertex 8.54144 59.6498 22
    endloop
  endfacet
  facet normal 0 0 -1
    outer loop
      vertex 4 53 22
      vertex 8.54144 59.6498 22
      vertex 8.57341 59.5365 22
    endloop
  endfacet
  facet normal 0 0 -1
    outer loop
      vertex 4 53 22
      vertex 8.57341 59.5365 22
      vertex 8.61418 59.426 22
    endloop
  endfacet
  facet normal 0 0 -1
    outer loop
      vertex 4 53 22
      vertex 8.61418 59.426 22
      vertex 8.66349 59.319 22
    endloop
  endfacet
  facet normal 0 0 -1
    outer loop
      vertex 8.5 60 22
      vertex 4 65 22
      vertex 5 66 22
    endloop
  endfacet
  facet normal 0 0 -1
    outer loop
      vertex 4 53 22
      vertex 8.66349 59.319 22
      vertex 8.72104 59.2163 22
    endloop
  endfacet
  facet normal 0 0 -1
    outer loop
      vertex 5 66 22
      vertex 4 65 22
      vertex 4.92154 65.9969 22
    endloop
  endfacet
  facet normal 0 0 -1
    outer loop
      vertex 4.92154 65.9969 22
      vertex 4 65 22
      vertex 4.84356 65.9877 22
    endloop
  endfacet
  facet normal 0 0 -1
    outer loop
      vertex 4.84356 65.9877 22
      vertex 4 65 22
      vertex 4.76655 65.9724 22
    endloop
  endfacet
  facet normal 0 0 -1
    outer loop
      vertex 4.76655 65.9724 22
      vertex 4 65 22
      vertex 4.69098 65.9511 22
    endloop
  endfacet
  facet normal 0 0 -1
    outer loop
      vertex 4.69098 65.9511 22
      vertex 4 65 22
      vertex 4.61732 65.9239 22
    endloop
  endfacet
  facet normal 0 0 -1
    outer loop
      vertex 4.61732 65.9239 22
      vertex 4 65 22
      vertex 4.54601 65.891 22
    endloop
  endfacet
  facet normal 0 0 -1
    outer loop
      vertex 4.54601 65.891 22
      vertex 4 65 22
      vertex 4.4775 65.8526 22
    endloop
  endfacet
  facet normal 0 0 -1
    outer loop
      vertex 4.4775 65.8526 22
      vertex 4 65 22
      vertex 4.41221 65.809 22
    endloop
  endfacet
  facet normal 0 0 -1
    outer loop
      vertex 4.41221 65.809 22
      vertex 4 65 22
      vertex 4.35055 65.7604 22
    endloop
  endfacet
  facet normal 0 0 -1
    outer loop
      vertex 4 53 22
      vertex 8.72104 59.2163 22
      vertex 8.78647 59.1183 22
    endloop
  endfacet
  facet normal 0 0 -1
    outer loop
      vertex 4.35055 65.7604 22
      vertex 4 65 22
      vertex 4.29289 65.7071 22
    endloop
  endfacet
  facet normal 0 0 -1
    outer loop
      vertex 4.29289 65.7071 22
      vertex 4 65 22
      vertex 4.23959 65.6494 22
    endloop
  endfacet
  facet normal 0 0 -1
    outer loop
      vertex 4.23959 65.6494 22
      vertex 4 65 22
      vertex 4.19098 65.5878 22
    endloop
  endfacet
  facet normal 0 0 -1
    outer loop
      vertex 4.19098 65.5878 22
      vertex 4 65 22
      vertex 4.14736 65.5225 22
    endloop
  endfacet
  facet normal 0 0 -1
    outer loop
      vertex 4.14736 65.5225 22
      vertex 4 65 22
      vertex 4.10899 65.454 22
    endloop
  endfacet
  facet normal 0 0 -1
    outer loop
      vertex 4.10899 65.454 22
      vertex 4 65 22
      vertex 4.07612 65.3827 22
    endloop
  endfacet
  facet normal 0 0 -1
    outer loop
      vertex 4.07612 65.3827 22
      vertex 4 65 22
      vertex 4.04894 65.309 22
    endloop
  endfacet
  facet normal 0 0 -1
    outer loop
      vertex 4.04894 65.309 22
      vertex 4 65 22
      vertex 4.02763 65.2334 22
    endloop
  endfacet
  facet normal 0 0 -1
    outer loop
      vertex 4 53 22
      vertex 8.78647 59.1183 22
      vertex 8.85939 59.0258 22
    endloop
  endfacet
  facet normal 0 0 -1
    outer loop
      vertex 4.02763 65.2334 22
      vertex 4 65 22
      vertex 4.01231 65.1564 22
    endloop
  endfacet
  facet normal -0 0 -1
    outer loop
      vertex 9.31901 58.6635 22
      vertex 4 53 22
      vertex 9.21625 58.721 22
    endloop
  endfacet
  facet normal 0 0 -1
    outer loop
      vertex 4 53 22
      vertex 9.11832 58.7865 22
      vertex 9.21625 58.721 22
    endloop
  endfacet
  facet normal 0 0 -1
    outer loop
      vertex 4 53 22
      vertex 9.02583 58.8594 22
      vertex 9.11832 58.7865 22
    endloop
  endfacet
  facet normal 0 0 -1
    outer loop
      vertex 4 53 22
      vertex 8.93934 58.9393 22
      vertex 9.02583 58.8594 22
    endloop
  endfacet
  facet normal 0 0 -1
    outer loop
      vertex 4 53 22
      vertex 8.85939 59.0258 22
      vertex 8.93934 58.9393 22
    endloop
  endfacet
  facet normal -0 0 -1
    outer loop
      vertex 8.51847 59.7653 22
      vertex 4 53 22
      vertex 4 65 22
    endloop
  endfacet
  facet normal 0 0 -1
    outer loop
      vertex 4.01231 65.1564 22
      vertex 4 65 22
      vertex 4.00308 65.0785 22
    endloop
  endfacet
  facet normal 0 0 -1
    outer loop
      vertex 11.4954 60.1177 22
      vertex 18 66 22
      vertex 11.5 60 22
    endloop
  endfacet
  facet normal 0 0 -1
    outer loop
      vertex 11.4815 60.2346 22
      vertex 18 66 22
      vertex 11.4954 60.1177 22
    endloop
  endfacet
  facet normal 0 0 -1
    outer loop
      vertex 11.4586 60.3502 22
      vertex 18 66 22
      vertex 11.4815 60.2346 22
    endloop
  endfacet
  facet normal 0 0 -1
    outer loop
      vertex 11.4266 60.4635 22
      vertex 18 66 22
      vertex 11.4586 60.3502 22
    endloop
  endfacet
  facet normal 0 0 -1
    outer loop
      vertex 11.3858 60.574 22
      vertex 18 66 22
      vertex 11.4266 60.4635 22
    endloop
  endfacet
  facet normal 0 0 -1
    outer loop
      vertex 11.3365 60.681 22
      vertex 18 66 22
      vertex 11.3858 60.574 22
    endloop
  endfacet
  facet normal 0 0 -1
    outer loop
      vertex 11.279 60.7837 22
      vertex 18 66 22
      vertex 11.3365 60.681 22
    endloop
  endfacet
  facet normal 0 0 -1
    outer loop
      vertex 11.2135 60.8817 22
      vertex 18 66 22
      vertex 11.279 60.7837 22
    endloop
  endfacet
  facet normal 0 0 -1
    outer loop
      vertex 11.1406 60.9742 22
      vertex 18 66 22
      vertex 11.2135 60.8817 22
    endloop
  endfacet
  facet normal 0 0 -1
    outer loop
      vertex 11.0607 61.0607 22
      vertex 18 66 22
      vertex 11.1406 60.9742 22
    endloop
  endfacet
  facet normal 0 0 -1
    outer loop
      vertex 10.9742 61.1406 22
      vertex 18 66 22
      vertex 11.0607 61.0607 22
    endloop
  endfacet
  facet normal 0 0 -1
    outer loop
      vertex 10.8817 61.2135 22
      vertex 18 66 22
      vertex 10.9742 61.1406 22
    endloop
  endfacet
  facet normal 0 0 -1
    outer loop
      vertex 10.7837 61.279 22
      vertex 18 66 22
      vertex 10.8817 61.2135 22
    endloop
  endfacet
  facet normal 0 0 -1
    outer loop
      vertex 10.681 61.3365 22
      vertex 18 66 22
      vertex 10.7837 61.279 22
    endloop
  endfacet
  facet normal 0 0 -1
    outer loop
      vertex 10.574 61.3858 22
      vertex 18 66 22
      vertex 10.681 61.3365 22
    endloop
  endfacet
  facet normal 0 0 -1
    outer loop
      vertex 10.4635 61.4266 22
      vertex 18 66 22
      vertex 10.574 61.3858 22
    endloop
  endfacet
  facet normal 0 0 -1
    outer loop
      vertex 10.3502 61.4586 22
      vertex 18 66 22
      vertex 10.4635 61.4266 22
    endloop
  endfacet
  facet normal 0 0 -1
    outer loop
      vertex 10.2347 61.4815 22
      vertex 18 66 22
      vertex 10.3502 61.4586 22
    endloop
  endfacet
  facet normal 0 0 -1
    outer loop
      vertex 5 66 22
      vertex 10.2347 61.4815 22
      vertex 10.1177 61.4954 22
    endloop
  endfacet
  facet normal 0 0 -1
    outer loop
      vertex 5 66 22
      vertex 10.1177 61.4954 22
      vertex 10 61.5 22
    endloop
  endfacet
  facet normal 0 0 -1
    outer loop
      vertex 5 66 22
      vertex 10 61.5 22
      vertex 9.88231 61.4954 22
    endloop
  endfacet
  facet normal 0 0 -1
    outer loop
      vertex 5 66 22
      vertex 9.88231 61.4954 22
      vertex 9.76535 61.4815 22
    endloop
  endfacet
  facet normal 0 0 -1
    outer loop
      vertex 5 66 22
      vertex 9.76535 61.4815 22
      vertex 9.64983 61.4586 22
    endloop
  endfacet
  facet normal 0 0 -1
    outer loop
      vertex 5 66 22
      vertex 9.64983 61.4586 22
      vertex 9.53647 61.4266 22
    endloop
  endfacet
  facet normal 0 0 -1
    outer loop
      vertex 5 66 22
      vertex 9.53647 61.4266 22
      vertex 9.42597 61.3858 22
    endloop
  endfacet
  facet normal 0 0 -1
    outer loop
      vertex 5 66 22
      vertex 9.42597 61.3858 22
      vertex 9.31901 61.3365 22
    endloop
  endfacet
  facet normal 0 0 -1
    outer loop
      vertex 10.2347 61.4815 22
      vertex 5 66 22
      vertex 18 66 22
    endloop
  endfacet
  facet normal 0 0 -1
    outer loop
      vertex 9.21625 61.279 22
      vertex 5 66 22
      vertex 9.31901 61.3365 22
    endloop
  endfacet
  facet normal 0 0 -1
    outer loop
      vertex 9.11832 61.2135 22
      vertex 5 66 22
      vertex 9.21625 61.279 22
    endloop
  endfacet
  facet normal 0 0 -1
    outer loop
      vertex 9.02583 61.1406 22
      vertex 5 66 22
      vertex 9.11832 61.2135 22
    endloop
  endfacet
  facet normal 0 0 -1
    outer loop
      vertex 8.93934 61.0607 22
      vertex 5 66 22
      vertex 9.02583 61.1406 22
    endloop
  endfacet
  facet normal 0 0 -1
    outer loop
      vertex 8.85939 60.9742 22
      vertex 5 66 22
      vertex 8.93934 61.0607 22
    endloop
  endfacet
  facet normal 0 0 -1
    outer loop
      vertex 8.78647 60.8817 22
      vertex 5 66 22
      vertex 8.85939 60.9742 22
    endloop
  endfacet
  facet normal 0 0 -1
    outer loop
      vertex 8.72104 60.7837 22
      vertex 5 66 22
      vertex 8.78647 60.8817 22
    endloop
  endfacet
  facet normal 0 0 -1
    outer loop
      vertex 8.66349 60.681 22
      vertex 5 66 22
      vertex 8.72104 60.7837 22
    endloop
  endfacet
  facet normal 0 0 -1
    outer loop
      vertex 8.61418 60.574 22
      vertex 5 66 22
      vertex 8.66349 60.681 22
    endloop
  endfacet
  facet normal 0 0 -1
    outer loop
      vertex 8.57341 60.4635 22
      vertex 5 66 22
      vertex 8.61418 60.574 22
    endloop
  endfacet
  facet normal 0 0 -1
    outer loop
      vertex 8.54144 60.3502 22
      vertex 5 66 22
      vertex 8.57341 60.4635 22
    endloop
  endfacet
  facet normal 0 0 -1
    outer loop
      vertex 8.51847 60.2346 22
      vertex 5 66 22
      vertex 8.54144 60.3502 22
    endloop
  endfacet
  facet normal 0 0 -1
    outer loop
      vertex 8.50462 60.1177 22
      vertex 5 66 22
      vertex 8.51847 60.2346 22
    endloop
  endfacet
  facet normal 0 0 -1
    outer loop
      vertex 5 66 22
      vertex 8.50462 60.1177 22
      vertex 8.5 60 22
    endloop
  endfacet
  facet normal 0 -1 0
    outer loop
      vertex 4 53 22
      vertex 18 53 46.5
      vertex 4 53 46.5
    endloop
  endfacet
  facet normal 0 -1 -0
    outer loop
      vertex 18 53 46.5
      vertex 4 53 22
      vertex 18 53 22
    endloop
  endfacet
  facet normal 0.27167 0.962391 -0
    outer loop
      vertex 9.64983 58.5414 22
      vertex 9.53647 58.5734 46.5
      vertex 9.64983 58.5414 46.5
    endloop
  endfacet
  facet normal 0.27167 0.962391 0
    outer loop
      vertex 9.53647 58.5734 46.5
      vertex 9.64983 58.5414 22
      vertex 9.53647 58.5734 22
    endloop
  endfacet
  facet normal -0.555679 -0.831397 0
    outer loop
      vertex 10.7837 61.279 22
      vertex 10.8817 61.2135 46.5
      vertex 10.7837 61.279 46.5
    endloop
  endfacet
  facet normal -0.555679 -0.831397 -0
    outer loop
      vertex 10.8817 61.2135 46.5
      vertex 10.7837 61.279 22
      vertex 10.8817 61.2135 22
    endloop
  endfacet
  facet normal 0.418595 -0.908173 0
    outer loop
      vertex 9.31901 61.3365 22
      vertex 9.42597 61.3858 46.5
      vertex 9.31901 61.3365 46.5
    endloop
  endfacet
  facet normal 0.418595 -0.908173 0
    outer loop
      vertex 9.42597 61.3858 46.5
      vertex 9.31901 61.3365 22
      vertex 9.42597 61.3858 22
    endloop
  endfacet
  facet normal 0.872368 0.488849 0
    outer loop
      vertex 8.72104 59.2163 46.5
      vertex 8.66349 59.319 22
      vertex 8.66349 59.319 46.5
    endloop
  endfacet
  facet normal 0.872368 0.488849 0
    outer loop
      vertex 8.66349 59.319 22
      vertex 8.72104 59.2163 46.5
      vertex 8.72104 59.2163 22
    endloop
  endfacet
  facet normal -0.938096 -0.346374 0
    outer loop
      vertex 11.4266 60.4635 22
      vertex 11.3858 60.574 46.5
      vertex 11.3858 60.574 22
    endloop
  endfacet
  facet normal -0.938096 -0.346374 0
    outer loop
      vertex 11.3858 60.574 46.5
      vertex 11.4266 60.4635 22
      vertex 11.4266 60.4635 46.5
    endloop
  endfacet
  facet normal -0.734575 -0.678527 0
    outer loop
      vertex 11.1406 60.9742 22
      vertex 11.0607 61.0607 46.5
      vertex 11.0607 61.0607 22
    endloop
  endfacet
  facet normal -0.734575 -0.678527 0
    outer loop
      vertex 11.0607 61.0607 46.5
      vertex 11.1406 60.9742 22
      vertex 11.1406 60.9742 46.5
    endloop
  endfacet
  facet normal -0.488526 -0.872549 0
    outer loop
      vertex 10.681 61.3365 22
      vertex 10.7837 61.279 46.5
      vertex 10.681 61.3365 46.5
    endloop
  endfacet
  facet normal -0.488526 -0.872549 -0
    outer loop
      vertex 10.7837 61.279 46.5
      vertex 10.681 61.3365 22
      vertex 10.7837 61.279 22
    endloop
  endfacet
  facet normal 0.999231 -0.0392221 0
    outer loop
      vertex 8.5 60 46.5
      vertex 8.50462 60.1177 22
      vertex 8.50462 60.1177 46.5
    endloop
  endfacet
  facet normal 0.999231 -0.0392221 0
    outer loop
      vertex 8.50462 60.1177 22
      vertex 8.5 60 46.5
      vertex 8.5 60 22
    endloop
  endfacet
  facet normal 0.9082 -0.418536 0
    outer loop
      vertex 8.61418 60.574 46.5
      vertex 8.66349 60.681 22
      vertex 8.66349 60.681 46.5
    endloop
  endfacet
  facet normal 0.9082 -0.418536 0
    outer loop
      vertex 8.66349 60.681 22
      vertex 8.61418 60.574 46.5
      vertex 8.61418 60.574 22
    endloop
  endfacet
  facet normal 0.678569 -0.734536 0
    outer loop
      vertex 8.93934 61.0607 22
      vertex 9.02583 61.1406 46.5
      vertex 8.93934 61.0607 46.5
    endloop
  endfacet
  facet normal 0.678569 -0.734536 0
    outer loop
      vertex 9.02583 61.1406 46.5
      vertex 8.93934 61.0607 22
      vertex 9.02583 61.1406 22
    endloop
  endfacet
  facet normal -0.908232 0.418466 0
    outer loop
      vertex 11.3365 59.319 22
      vertex 11.3858 59.426 46.5
      vertex 11.3858 59.426 22
    endloop
  endfacet
  facet normal -0.908232 0.418466 0
    outer loop
      vertex 11.3858 59.426 46.5
      vertex 11.3365 59.319 22
      vertex 11.3365 59.319 46.5
    endloop
  endfacet
  facet normal -0.346374 0.938096 0
    outer loop
      vertex 10.574 58.6142 22
      vertex 10.4635 58.5734 46.5
      vertex 10.574 58.6142 46.5
    endloop
  endfacet
  facet normal -0.346374 0.938096 0
    outer loop
      vertex 10.4635 58.5734 46.5
      vertex 10.574 58.6142 22
      vertex 10.4635 58.5734 22
    endloop
  endfacet
  facet normal -0.734575 0.678527 0
    outer loop
      vertex 11.0607 58.9393 22
      vertex 11.1406 59.0258 46.5
      vertex 11.1406 59.0258 22
    endloop
  endfacet
  facet normal -0.734575 0.678527 0
    outer loop
      vertex 11.1406 59.0258 46.5
      vertex 11.0607 58.9393 22
      vertex 11.0607 58.9393 46.5
    endloop
  endfacet
  facet normal -0.993005 -0.118073 0
    outer loop
      vertex 11.4954 60.1177 22
      vertex 11.4815 60.2346 46.5
      vertex 11.4815 60.2346 22
    endloop
  endfacet
  facet normal -0.993005 -0.118073 0
    outer loop
      vertex 11.4815 60.2346 46.5
      vertex 11.4954 60.1177 22
      vertex 11.4954 60.1177 46.5
    endloop
  endfacet
  facet normal -0.908232 -0.418466 0
    outer loop
      vertex 11.3858 60.574 22
      vertex 11.3365 60.681 46.5
      vertex 11.3365 60.681 22
    endloop
  endfacet
  facet normal -0.908232 -0.418466 0
    outer loop
      vertex 11.3365 60.681 46.5
      vertex 11.3858 60.574 22
      vertex 11.3858 60.574 46.5
    endloop
  endfacet
  facet normal -0.872549 -0.488526 0
    outer loop
      vertex 11.3365 60.681 22
      vertex 11.279 60.7837 46.5
      vertex 11.279 60.7837 22
    endloop
  endfacet
  facet normal -0.872549 -0.488526 0
    outer loop
      vertex 11.279 60.7837 46.5
      vertex 11.3365 60.681 22
      vertex 11.3365 60.681 46.5
    endloop
  endfacet
  facet normal -0.678527 -0.734575 0
    outer loop
      vertex 10.9742 61.1406 22
      vertex 11.0607 61.0607 46.5
      vertex 10.9742 61.1406 46.5
    endloop
  endfacet
  facet normal -0.678527 -0.734575 -0
    outer loop
      vertex 11.0607 61.0607 46.5
      vertex 10.9742 61.1406 22
      vertex 11.0607 61.0607 22
    endloop
  endfacet
  facet normal 0.0390559 -0.999237 0
    outer loop
      vertex 9.88231 61.4954 22
      vertex 10 61.5 46.5
      vertex 9.88231 61.4954 46.5
    endloop
  endfacet
  facet normal 0.0390559 -0.999237 0
    outer loop
      vertex 10 61.5 46.5
      vertex 9.88231 61.4954 22
      vertex 10 61.5 22
    endloop
  endfacet
  facet normal -0.194483 -0.980906 0
    outer loop
      vertex 10.2347 61.4815 22
      vertex 10.3502 61.4586 46.5
      vertex 10.2347 61.4815 46.5
    endloop
  endfacet
  facet normal -0.194483 -0.980906 -0
    outer loop
      vertex 10.3502 61.4586 46.5
      vertex 10.2347 61.4815 22
      vertex 10.3502 61.4586 22
    endloop
  endfacet
  facet normal -0.0390526 -0.999237 0
    outer loop
      vertex 10 61.5 22
      vertex 10.1177 61.4954 46.5
      vertex 10 61.5 46.5
    endloop
  endfacet
  facet normal -0.0390526 -0.999237 -0
    outer loop
      vertex 10.1177 61.4954 46.5
      vertex 10 61.5 22
      vertex 10.1177 61.4954 22
    endloop
  endfacet
  facet normal 0.980825 -0.194892 0
    outer loop
      vertex 8.51847 60.2346 46.5
      vertex 8.54144 60.3502 22
      vertex 8.54144 60.3502 46.5
    endloop
  endfacet
  facet normal 0.980825 -0.194892 0
    outer loop
      vertex 8.54144 60.3502 22
      vertex 8.51847 60.2346 46.5
      vertex 8.51847 60.2346 22
    endloop
  endfacet
  facet normal 0.785322 -0.619088 0
    outer loop
      vertex 8.78647 60.8817 46.5
      vertex 8.85939 60.9742 22
      vertex 8.85939 60.9742 46.5
    endloop
  endfacet
  facet normal 0.785322 -0.619088 0
    outer loop
      vertex 8.85939 60.9742 22
      vertex 8.78647 60.8817 46.5
      vertex 8.78647 60.8817 22
    endloop
  endfacet
  facet normal 0.872368 -0.488849 0
    outer loop
      vertex 8.66349 60.681 46.5
      vertex 8.72104 60.7837 22
      vertex 8.72104 60.7837 46.5
    endloop
  endfacet
  facet normal 0.872368 -0.488849 0
    outer loop
      vertex 8.72104 60.7837 22
      vertex 8.66349 60.681 46.5
      vertex 8.66349 60.681 22
    endloop
  endfacet
  facet normal 0.831671 -0.555268 0
    outer loop
      vertex 8.72104 60.7837 46.5
      vertex 8.78647 60.8817 22
      vertex 8.78647 60.8817 46.5
    endloop
  endfacet
  facet normal 0.831671 -0.555268 0
    outer loop
      vertex 8.78647 60.8817 22
      vertex 8.72104 60.7837 46.5
      vertex 8.72104 60.7837 22
    endloop
  endfacet
  facet normal 0.118014 -0.993012 0
    outer loop
      vertex 9.76535 61.4815 22
      vertex 9.88231 61.4954 46.5
      vertex 9.76535 61.4815 46.5
    endloop
  endfacet
  facet normal 0.118014 -0.993012 0
    outer loop
      vertex 9.88231 61.4954 46.5
      vertex 9.76535 61.4815 22
      vertex 9.88231 61.4954 22
    endloop
  endfacet
  facet normal 0.488309 -0.872671 0
    outer loop
      vertex 9.21625 61.279 22
      vertex 9.31901 61.3365 46.5
      vertex 9.21625 61.279 46.5
    endloop
  endfacet
  facet normal 0.488309 -0.872671 0
    outer loop
      vertex 9.31901 61.3365 46.5
      vertex 9.21625 61.279 22
      vertex 9.31901 61.3365 22
    endloop
  endfacet
  facet normal 0.734364 -0.678756 0
    outer loop
      vertex 8.85939 60.9742 46.5
      vertex 8.93934 61.0607 22
      vertex 8.93934 61.0607 46.5
    endloop
  endfacet
  facet normal 0.734364 -0.678756 0
    outer loop
      vertex 8.93934 61.0607 22
      vertex 8.85939 60.9742 46.5
      vertex 8.85939 60.9742 22
    endloop
  endfacet
  facet normal -0.999237 -0.0390526 0
    outer loop
      vertex 11.5 60 22
      vertex 11.4954 60.1177 46.5
      vertex 11.4954 60.1177 22
    endloop
  endfacet
  facet normal -0.999237 -0.0390526 0
    outer loop
      vertex 11.4954 60.1177 46.5
      vertex 11.5 60 22
      vertex 11.5 60 46.5
    endloop
  endfacet
  facet normal -0.117974 0.993017 0
    outer loop
      vertex 10.2347 58.5185 22
      vertex 10.1177 58.5046 46.5
      vertex 10.2347 58.5185 46.5
    endloop
  endfacet
  facet normal -0.117974 0.993017 0
    outer loop
      vertex 10.1177 58.5046 46.5
      vertex 10.2347 58.5185 22
      vertex 10.1177 58.5046 22
    endloop
  endfacet
  facet normal -0.962353 0.271803 0
    outer loop
      vertex 11.4266 59.5365 22
      vertex 11.4586 59.6498 46.5
      vertex 11.4586 59.6498 22
    endloop
  endfacet
  facet normal -0.962353 0.271803 0
    outer loop
      vertex 11.4586 59.6498 46.5
      vertex 11.4266 59.5365 22
      vertex 11.4266 59.5365 46.5
    endloop
  endfacet
  facet normal -0.488526 0.872549 0
    outer loop
      vertex 10.7837 58.721 22
      vertex 10.681 58.6635 46.5
      vertex 10.7837 58.721 46.5
    endloop
  endfacet
  facet normal -0.488526 0.872549 0
    outer loop
      vertex 10.681 58.6635 46.5
      vertex 10.7837 58.721 22
      vertex 10.681 58.6635 22
    endloop
  endfacet
  facet normal -0.678527 0.734575 0
    outer loop
      vertex 11.0607 58.9393 22
      vertex 10.9742 58.8594 46.5
      vertex 11.0607 58.9393 46.5
    endloop
  endfacet
  facet normal -0.678527 0.734575 0
    outer loop
      vertex 10.9742 58.8594 46.5
      vertex 11.0607 58.9393 22
      vertex 10.9742 58.8594 22
    endloop
  endfacet
  facet normal -0.785404 0.618983 0
    outer loop
      vertex 11.1406 59.0258 22
      vertex 11.2135 59.1183 46.5
      vertex 11.2135 59.1183 22
    endloop
  endfacet
  facet normal -0.785404 0.618983 0
    outer loop
      vertex 11.2135 59.1183 46.5
      vertex 11.1406 59.0258 22
      vertex 11.1406 59.0258 46.5
    endloop
  endfacet
  facet normal -0.872549 0.488526 0
    outer loop
      vertex 11.279 59.2163 22
      vertex 11.3365 59.319 46.5
      vertex 11.3365 59.319 22
    endloop
  endfacet
  facet normal -0.872549 0.488526 0
    outer loop
      vertex 11.3365 59.319 46.5
      vertex 11.279 59.2163 22
      vertex 11.279 59.2163 46.5
    endloop
  endfacet
  facet normal 0.118014 0.993012 -0
    outer loop
      vertex 9.88231 58.5046 22
      vertex 9.76535 58.5185 46.5
      vertex 9.88231 58.5046 46.5
    endloop
  endfacet
  facet normal 0.118014 0.993012 0
    outer loop
      vertex 9.76535 58.5185 46.5
      vertex 9.88231 58.5046 22
      vertex 9.76535 58.5185 22
    endloop
  endfacet
  facet normal 0.0390559 0.999237 -0
    outer loop
      vertex 10 58.5 22
      vertex 9.88231 58.5046 46.5
      vertex 10 58.5 46.5
    endloop
  endfacet
  facet normal 0.0390559 0.999237 0
    outer loop
      vertex 9.88231 58.5046 46.5
      vertex 10 58.5 22
      vertex 9.88231 58.5046 22
    endloop
  endfacet
  facet normal 0.488309 0.872671 -0
    outer loop
      vertex 9.31901 58.6635 22
      vertex 9.21625 58.721 46.5
      vertex 9.31901 58.6635 46.5
    endloop
  endfacet
  facet normal 0.488309 0.872671 0
    outer loop
      vertex 9.21625 58.721 46.5
      vertex 9.31901 58.6635 22
      vertex 9.21625 58.721 22
    endloop
  endfacet
  facet normal 0.619025 0.785372 -0
    outer loop
      vertex 9.11832 58.7865 22
      vertex 9.02583 58.8594 46.5
      vertex 9.11832 58.7865 46.5
    endloop
  endfacet
  facet normal 0.619025 0.785372 0
    outer loop
      vertex 9.02583 58.8594 46.5
      vertex 9.11832 58.7865 22
      vertex 9.02583 58.8594 22
    endloop
  endfacet
  facet normal 0.938179 0.34615 0
    outer loop
      vertex 8.61418 59.426 46.5
      vertex 8.57341 59.5365 22
      vertex 8.57341 59.5365 46.5
    endloop
  endfacet
  facet normal 0.938179 0.34615 0
    outer loop
      vertex 8.57341 59.5365 22
      vertex 8.61418 59.426 46.5
      vertex 8.61418 59.426 22
    endloop
  endfacet
  facet normal 0.993066 0.117555 0
    outer loop
      vertex 8.51847 59.7653 46.5
      vertex 8.50462 59.8823 22
      vertex 8.50462 59.8823 46.5
    endloop
  endfacet
  facet normal 0.993066 0.117555 0
    outer loop
      vertex 8.50462 59.8823 22
      vertex 8.51847 59.7653 46.5
      vertex 8.51847 59.7653 22
    endloop
  endfacet
  facet normal 0.734364 0.678756 0
    outer loop
      vertex 8.93934 58.9393 46.5
      vertex 8.85939 59.0258 22
      vertex 8.85939 59.0258 46.5
    endloop
  endfacet
  facet normal 0.734364 0.678756 0
    outer loop
      vertex 8.85939 59.0258 22
      vertex 8.93934 58.9393 46.5
      vertex 8.93934 58.9393 22
    endloop
  endfacet
  facet normal 0.678569 0.734536 -0
    outer loop
      vertex 9.02583 58.8594 22
      vertex 8.93934 58.9393 46.5
      vertex 9.02583 58.8594 46.5
    endloop
  endfacet
  facet normal 0.678569 0.734536 0
    outer loop
      vertex 8.93934 58.9393 46.5
      vertex 9.02583 58.8594 22
      vertex 8.93934 58.9393 22
    endloop
  endfacet
  facet normal -0.831397 -0.555679 0
    outer loop
      vertex 11.279 60.7837 22
      vertex 11.2135 60.8817 46.5
      vertex 11.2135 60.8817 22
    endloop
  endfacet
  facet normal -0.831397 -0.555679 0
    outer loop
      vertex 11.2135 60.8817 46.5
      vertex 11.279 60.7837 22
      vertex 11.279 60.7837 46.5
    endloop
  endfacet
  facet normal -0.785404 -0.618983 0
    outer loop
      vertex 11.2135 60.8817 22
      vertex 11.1406 60.9742 46.5
      vertex 11.1406 60.9742 22
    endloop
  endfacet
  facet normal -0.785404 -0.618983 0
    outer loop
      vertex 11.1406 60.9742 46.5
      vertex 11.2135 60.8817 22
      vertex 11.2135 60.8817 46.5
    endloop
  endfacet
  facet normal -0.618983 -0.785404 0
    outer loop
      vertex 10.8817 61.2135 22
      vertex 10.9742 61.1406 46.5
      vertex 10.8817 61.2135 46.5
    endloop
  endfacet
  facet normal -0.618983 -0.785404 -0
    outer loop
      vertex 10.9742 61.1406 46.5
      vertex 10.8817 61.2135 22
      vertex 10.9742 61.1406 22
    endloop
  endfacet
  facet normal -0.346374 -0.938096 0
    outer loop
      vertex 10.4635 61.4266 22
      vertex 10.574 61.3858 46.5
      vertex 10.4635 61.4266 46.5
    endloop
  endfacet
  facet normal -0.346374 -0.938096 -0
    outer loop
      vertex 10.574 61.3858 46.5
      vertex 10.4635 61.4266 22
      vertex 10.574 61.3858 22
    endloop
  endfacet
  facet normal -0.271803 -0.962353 0
    outer loop
      vertex 10.3502 61.4586 22
      vertex 10.4635 61.4266 46.5
      vertex 10.3502 61.4586 46.5
    endloop
  endfacet
  facet normal -0.271803 -0.962353 -0
    outer loop
      vertex 10.4635 61.4266 46.5
      vertex 10.3502 61.4586 22
      vertex 10.4635 61.4266 22
    endloop
  endfacet
  facet normal -0.117974 -0.993017 0
    outer loop
      vertex 10.1177 61.4954 22
      vertex 10.2347 61.4815 46.5
      vertex 10.1177 61.4954 46.5
    endloop
  endfacet
  facet normal -0.117974 -0.993017 -0
    outer loop
      vertex 10.2347 61.4815 46.5
      vertex 10.1177 61.4954 22
      vertex 10.2347 61.4815 22
    endloop
  endfacet
  facet normal 0.999231 0.0392221 0
    outer loop
      vertex 8.50462 59.8823 46.5
      vertex 8.5 60 22
      vertex 8.5 60 46.5
    endloop
  endfacet
  facet normal 0.999231 0.0392221 0
    outer loop
      vertex 8.5 60 22
      vertex 8.50462 59.8823 46.5
      vertex 8.50462 59.8823 22
    endloop
  endfacet
  facet normal 0.993055 -0.117654 0
    outer loop
      vertex 8.50462 60.1177 46.5
      vertex 8.51847 60.2346 22
      vertex 8.51847 60.2346 46.5
    endloop
  endfacet
  facet normal 0.993055 -0.117654 0
    outer loop
      vertex 8.51847 60.2346 22
      vertex 8.50462 60.1177 46.5
      vertex 8.50462 60.1177 22
    endloop
  endfacet
  facet normal 0.96242 -0.271567 0
    outer loop
      vertex 8.54144 60.3502 46.5
      vertex 8.57341 60.4635 22
      vertex 8.57341 60.4635 46.5
    endloop
  endfacet
  facet normal 0.96242 -0.271567 0
    outer loop
      vertex 8.57341 60.4635 22
      vertex 8.54144 60.3502 46.5
      vertex 8.54144 60.3502 22
    endloop
  endfacet
  facet normal 0.938179 -0.34615 0
    outer loop
      vertex 8.57341 60.4635 46.5
      vertex 8.61418 60.574 22
      vertex 8.61418 60.574 46.5
    endloop
  endfacet
  facet normal 0.938179 -0.34615 0
    outer loop
      vertex 8.61418 60.574 22
      vertex 8.57341 60.4635 46.5
      vertex 8.57341 60.4635 22
    endloop
  endfacet
  facet normal 0.346374 -0.938096 0
    outer loop
      vertex 9.42597 61.3858 22
      vertex 9.53647 61.4266 46.5
      vertex 9.42597 61.3858 46.5
    endloop
  endfacet
  facet normal 0.346374 -0.938096 0
    outer loop
      vertex 9.53647 61.4266 46.5
      vertex 9.42597 61.3858 22
      vertex 9.53647 61.4266 22
    endloop
  endfacet
  facet normal 0.19445 -0.980912 0
    outer loop
      vertex 9.64983 61.4586 22
      vertex 9.76535 61.4815 46.5
      vertex 9.64983 61.4586 46.5
    endloop
  endfacet
  facet normal 0.19445 -0.980912 0
    outer loop
      vertex 9.76535 61.4815 46.5
      vertex 9.64983 61.4586 22
      vertex 9.76535 61.4815 22
    endloop
  endfacet
  facet normal 0.27167 -0.962391 0
    outer loop
      vertex 9.53647 61.4266 22
      vertex 9.64983 61.4586 46.5
      vertex 9.53647 61.4266 46.5
    endloop
  endfacet
  facet normal 0.27167 -0.962391 0
    outer loop
      vertex 9.64983 61.4586 46.5
      vertex 9.53647 61.4266 22
      vertex 9.64983 61.4586 22
    endloop
  endfacet
  facet normal 0.555953 -0.831214 0
    outer loop
      vertex 9.11832 61.2135 22
      vertex 9.21625 61.279 46.5
      vertex 9.11832 61.2135 46.5
    endloop
  endfacet
  facet normal 0.555953 -0.831214 0
    outer loop
      vertex 9.21625 61.279 46.5
      vertex 9.11832 61.2135 22
      vertex 9.21625 61.279 22
    endloop
  endfacet
  facet normal 0.619025 -0.785372 0
    outer loop
      vertex 9.02583 61.1406 22
      vertex 9.11832 61.2135 46.5
      vertex 9.02583 61.1406 46.5
    endloop
  endfacet
  facet normal 0.619025 -0.785372 0
    outer loop
      vertex 9.11832 61.2135 46.5
      vertex 9.02583 61.1406 22
      vertex 9.11832 61.2135 22
    endloop
  endfacet
  facet normal -0.993017 0.117974 0
    outer loop
      vertex 11.4815 59.7653 22
      vertex 11.4954 59.8823 46.5
      vertex 11.4954 59.8823 22
    endloop
  endfacet
  facet normal -0.993017 0.117974 0
    outer loop
      vertex 11.4954 59.8823 46.5
      vertex 11.4815 59.7653 22
      vertex 11.4815 59.7653 46.5
    endloop
  endfacet
  facet normal -0.980906 0.194483 0
    outer loop
      vertex 11.4586 59.6498 22
      vertex 11.4815 59.7653 46.5
      vertex 11.4815 59.7653 22
    endloop
  endfacet
  facet normal -0.980906 0.194483 0
    outer loop
      vertex 11.4815 59.7653 46.5
      vertex 11.4586 59.6498 22
      vertex 11.4586 59.6498 46.5
    endloop
  endfacet
  facet normal -0.999237 0.0390526 0
    outer loop
      vertex 11.4954 59.8823 22
      vertex 11.5 60 46.5
      vertex 11.5 60 22
    endloop
  endfacet
  facet normal -0.999237 0.0390526 0
    outer loop
      vertex 11.5 60 46.5
      vertex 11.4954 59.8823 22
      vertex 11.4954 59.8823 46.5
    endloop
  endfacet
  facet normal -0.194483 0.980906 0
    outer loop
      vertex 10.3502 58.5414 22
      vertex 10.2347 58.5185 46.5
      vertex 10.3502 58.5414 46.5
    endloop
  endfacet
  facet normal -0.194483 0.980906 0
    outer loop
      vertex 10.2347 58.5185 46.5
      vertex 10.3502 58.5414 22
      vertex 10.2347 58.5185 22
    endloop
  endfacet
  facet normal -0.418466 0.908232 0
    outer loop
      vertex 10.681 58.6635 22
      vertex 10.574 58.6142 46.5
      vertex 10.681 58.6635 46.5
    endloop
  endfacet
  facet normal -0.418466 0.908232 0
    outer loop
      vertex 10.574 58.6142 46.5
      vertex 10.681 58.6635 22
      vertex 10.574 58.6142 22
    endloop
  endfacet
  facet normal -0.555679 0.831397 0
    outer loop
      vertex 10.8817 58.7865 22
      vertex 10.7837 58.721 46.5
      vertex 10.8817 58.7865 46.5
    endloop
  endfacet
  facet normal -0.555679 0.831397 0
    outer loop
      vertex 10.7837 58.721 46.5
      vertex 10.8817 58.7865 22
      vertex 10.7837 58.721 22
    endloop
  endfacet
  facet normal -0.618983 0.785404 0
    outer loop
      vertex 10.9742 58.8594 22
      vertex 10.8817 58.7865 46.5
      vertex 10.9742 58.8594 46.5
    endloop
  endfacet
  facet normal -0.618983 0.785404 0
    outer loop
      vertex 10.8817 58.7865 46.5
      vertex 10.9742 58.8594 22
      vertex 10.8817 58.7865 22
    endloop
  endfacet
  facet normal -0.938096 0.346374 0
    outer loop
      vertex 11.3858 59.426 22
      vertex 11.4266 59.5365 46.5
      vertex 11.4266 59.5365 22
    endloop
  endfacet
  facet normal -0.938096 0.346374 0
    outer loop
      vertex 11.4266 59.5365 46.5
      vertex 11.3858 59.426 22
      vertex 11.3858 59.426 46.5
    endloop
  endfacet
  facet normal -0.831397 0.555679 0
    outer loop
      vertex 11.2135 59.1183 22
      vertex 11.279 59.2163 46.5
      vertex 11.279 59.2163 22
    endloop
  endfacet
  facet normal -0.831397 0.555679 0
    outer loop
      vertex 11.279 59.2163 46.5
      vertex 11.2135 59.1183 22
      vertex 11.2135 59.1183 46.5
    endloop
  endfacet
  facet normal -0.0390526 0.999237 0
    outer loop
      vertex 10.1177 58.5046 22
      vertex 10 58.5 46.5
      vertex 10.1177 58.5046 46.5
    endloop
  endfacet
  facet normal -0.0390526 0.999237 0
    outer loop
      vertex 10 58.5 46.5
      vertex 10.1177 58.5046 22
      vertex 10 58.5 22
    endloop
  endfacet
  facet normal 0.19445 0.980912 -0
    outer loop
      vertex 9.76535 58.5185 22
      vertex 9.64983 58.5414 46.5
      vertex 9.76535 58.5185 46.5
    endloop
  endfacet
  facet normal 0.19445 0.980912 0
    outer loop
      vertex 9.64983 58.5414 46.5
      vertex 9.76535 58.5185 22
      vertex 9.64983 58.5414 22
    endloop
  endfacet
  facet normal 0.555953 0.831214 -0
    outer loop
      vertex 9.21625 58.721 22
      vertex 9.11832 58.7865 46.5
      vertex 9.21625 58.721 46.5
    endloop
  endfacet
  facet normal 0.555953 0.831214 0
    outer loop
      vertex 9.11832 58.7865 46.5
      vertex 9.21625 58.721 22
      vertex 9.11832 58.7865 22
    endloop
  endfacet
  facet normal 0.418595 0.908173 -0
    outer loop
      vertex 9.42597 58.6142 22
      vertex 9.31901 58.6635 46.5
      vertex 9.42597 58.6142 46.5
    endloop
  endfacet
  facet normal 0.418595 0.908173 0
    outer loop
      vertex 9.31901 58.6635 46.5
      vertex 9.42597 58.6142 22
      vertex 9.31901 58.6635 22
    endloop
  endfacet
  facet normal 0.346374 0.938096 -0
    outer loop
      vertex 9.53647 58.5734 22
      vertex 9.42597 58.6142 46.5
      vertex 9.53647 58.5734 46.5
    endloop
  endfacet
  facet normal 0.346374 0.938096 0
    outer loop
      vertex 9.42597 58.6142 46.5
      vertex 9.53647 58.5734 22
      vertex 9.42597 58.6142 22
    endloop
  endfacet
  facet normal 0.980792 0.195055 0
    outer loop
      vertex 8.54144 59.6498 46.5
      vertex 8.51847 59.7653 22
      vertex 8.51847 59.7653 46.5
    endloop
  endfacet
  facet normal 0.980792 0.195055 0
    outer loop
      vertex 8.51847 59.7653 22
      vertex 8.54144 59.6498 46.5
      vertex 8.54144 59.6498 22
    endloop
  endfacet
  facet normal 0.9082 0.418536 0
    outer loop
      vertex 8.66349 59.319 46.5
      vertex 8.61418 59.426 22
      vertex 8.61418 59.426 46.5
    endloop
  endfacet
  facet normal 0.9082 0.418536 0
    outer loop
      vertex 8.61418 59.426 22
      vertex 8.66349 59.319 46.5
      vertex 8.66349 59.319 22
    endloop
  endfacet
  facet normal 0.831671 0.555268 0
    outer loop
      vertex 8.78647 59.1183 46.5
      vertex 8.72104 59.2163 22
      vertex 8.72104 59.2163 46.5
    endloop
  endfacet
  facet normal 0.831671 0.555268 0
    outer loop
      vertex 8.72104 59.2163 22
      vertex 8.78647 59.1183 46.5
      vertex 8.78647 59.1183 22
    endloop
  endfacet
  facet normal -0.962353 -0.271803 0
    outer loop
      vertex 11.4586 60.3502 22
      vertex 11.4266 60.4635 46.5
      vertex 11.4266 60.4635 22
    endloop
  endfacet
  facet normal -0.962353 -0.271803 0
    outer loop
      vertex 11.4266 60.4635 46.5
      vertex 11.4586 60.3502 22
      vertex 11.4586 60.3502 46.5
    endloop
  endfacet
  facet normal -0.980938 -0.194321 0
    outer loop
      vertex 11.4815 60.2346 22
      vertex 11.4586 60.3502 46.5
      vertex 11.4586 60.3502 22
    endloop
  endfacet
  facet normal -0.980938 -0.194321 0
    outer loop
      vertex 11.4586 60.3502 46.5
      vertex 11.4815 60.2346 22
      vertex 11.4815 60.2346 46.5
    endloop
  endfacet
  facet normal -0.418466 -0.908232 0
    outer loop
      vertex 10.574 61.3858 22
      vertex 10.681 61.3365 46.5
      vertex 10.574 61.3858 46.5
    endloop
  endfacet
  facet normal -0.418466 -0.908232 -0
    outer loop
      vertex 10.681 61.3365 46.5
      vertex 10.574 61.3858 22
      vertex 10.681 61.3365 22
    endloop
  endfacet
  facet normal -0.271803 0.962353 0
    outer loop
      vertex 10.4635 58.5734 22
      vertex 10.3502 58.5414 46.5
      vertex 10.4635 58.5734 46.5
    endloop
  endfacet
  facet normal -0.271803 0.962353 0
    outer loop
      vertex 10.3502 58.5414 46.5
      vertex 10.4635 58.5734 22
      vertex 10.3502 58.5414 22
    endloop
  endfacet
  facet normal 0.96242 0.271567 0
    outer loop
      vertex 8.57341 59.5365 46.5
      vertex 8.54144 59.6498 22
      vertex 8.54144 59.6498 46.5
    endloop
  endfacet
  facet normal 0.96242 0.271567 0
    outer loop
      vertex 8.54144 59.6498 22
      vertex 8.57341 59.5365 46.5
      vertex 8.57341 59.5365 22
    endloop
  endfacet
  facet normal 0.785322 0.619088 0
    outer loop
      vertex 8.85939 59.0258 46.5
      vertex 8.78647 59.1183 22
      vertex 8.78647 59.1183 46.5
    endloop
  endfacet
  facet normal 0.785322 0.619088 0
    outer loop
      vertex 8.78647 59.1183 22
      vertex 8.85939 59.0258 46.5
      vertex 8.85939 59.0258 22
    endloop
  endfacet
  facet normal 0.999215 0.0396177 0
    outer loop
      vertex 112.5 10 46.5
      vertex 112.486 10.3531 4
      vertex 112.486 10.3531 46.5
    endloop
  endfacet
  facet normal 0.999215 0.0396177 0
    outer loop
      vertex 112.486 10.3531 4
      vertex 112.5 10 46.5
      vertex 112.5 10 4
    endloop
  endfacet
  facet normal -0.999215 0.0396177 0
    outer loop
      vertex 103.5 10 4
      vertex 103.514 10.3531 46.5
      vertex 103.514 10.3531 4
    endloop
  endfacet
  facet normal -0.999215 0.0396177 0
    outer loop
      vertex 103.514 10.3531 46.5
      vertex 103.5 10 4
      vertex 103.5 10 46.5
    endloop
  endfacet
  facet normal 0.0393463 0.999226 -0
    outer loop
      vertex 108.353 14.4861 4
      vertex 108 14.5 46.5
      vertex 108.353 14.4861 46.5
    endloop
  endfacet
  facet normal 0.0393463 0.999226 0
    outer loop
      vertex 108 14.5 46.5
      vertex 108.353 14.4861 4
      vertex 108 14.5 4
    endloop
  endfacet
  facet normal 0.734152 0.678985 0
    outer loop
      vertex 111.422 12.9225 46.5
      vertex 111.182 13.182 4
      vertex 111.182 13.182 46.5
    endloop
  endfacet
  facet normal 0.734152 0.678985 0
    outer loop
      vertex 111.182 13.182 4
      vertex 111.422 12.9225 46.5
      vertex 111.422 12.9225 4
    endloop
  endfacet
  facet normal -0.679385 0.733782 0
    outer loop
      vertex 105.077 13.4218 4
      vertex 104.818 13.182 46.5
      vertex 105.077 13.4218 46.5
    endloop
  endfacet
  facet normal -0.679385 0.733782 0
    outer loop
      vertex 104.818 13.182 46.5
      vertex 105.077 13.4218 4
      vertex 104.818 13.182 4
    endloop
  endfacet
  facet normal -0.346585 0.938019 0
    outer loop
      vertex 106.609 14.2798 4
      vertex 106.278 14.1575 46.5
      vertex 106.609 14.2798 46.5
    endloop
  endfacet
  facet normal -0.346585 0.938019 0
    outer loop
      vertex 106.278 14.1575 46.5
      vertex 106.609 14.2798 4
      vertex 106.278 14.1575 4
    endloop
  endfacet
  facet normal 0.937544 0.347867 0
    outer loop
      vertex 112.28 11.3906 46.5
      vertex 112.157 11.7221 4
      vertex 112.157 11.7221 46.5
    endloop
  endfacet
  facet normal 0.937544 0.347867 0
    outer loop
      vertex 112.157 11.7221 4
      vertex 112.28 11.3906 46.5
      vertex 112.28 11.3906 4
    endloop
  endfacet
  facet normal 0.418699 0.908125 -0
    outer loop
      vertex 110.043 14.0095 4
      vertex 109.722 14.1575 46.5
      vertex 110.043 14.0095 46.5
    endloop
  endfacet
  facet normal 0.418699 0.908125 0
    outer loop
      vertex 109.722 14.1575 46.5
      vertex 110.043 14.0095 4
      vertex 109.722 14.1575 4
    endloop
  endfacet
  facet normal -0.872013 0.489482 0
    outer loop
      vertex 103.99 12.043 4
      vertex 104.163 12.3512 46.5
      vertex 104.163 12.3512 4
    endloop
  endfacet
  facet normal -0.872013 0.489482 0
    outer loop
      vertex 104.163 12.3512 46.5
      vertex 103.99 12.043 4
      vertex 103.99 12.043 46.5
    endloop
  endfacet
  facet normal 0.872068 -0.489385 0
    outer loop
      vertex 111.837 7.64876 46.5
      vertex 112.01 7.95704 4
      vertex 112.01 7.95704 46.5
    endloop
  endfacet
  facet normal 0.872068 -0.489385 0
    outer loop
      vertex 112.01 7.95704 4
      vertex 111.837 7.64876 46.5
      vertex 111.837 7.64876 4
    endloop
  endfacet
  facet normal 0.194866 -0.98083 0
    outer loop
      vertex 108.704 5.5554 4
      vertex 109.051 5.62434 46.5
      vertex 108.704 5.5554 46.5
    endloop
  endfacet
  facet normal 0.194866 -0.98083 0
    outer loop
      vertex 109.051 5.62434 46.5
      vertex 108.704 5.5554 4
      vertex 109.051 5.62434 4
    endloop
  endfacet
  facet normal 0.679462 -0.733711 0
    outer loop
      vertex 110.923 6.57817 4
      vertex 111.182 6.81802 46.5
      vertex 110.923 6.57817 46.5
    endloop
  endfacet
  facet normal 0.679462 -0.733711 0
    outer loop
      vertex 111.182 6.81802 46.5
      vertex 110.923 6.57817 4
      vertex 111.182 6.81802 4
    endloop
  endfacet
  facet normal 0.993242 -0.116059 0
    outer loop
      vertex 112.445 9.29605 46.5
      vertex 112.486 9.64693 4
      vertex 112.486 9.64693 46.5
    endloop
  endfacet
  facet normal 0.993242 -0.116059 0
    outer loop
      vertex 112.486 9.64693 4
      vertex 112.445 9.29605 46.5
      vertex 112.445 9.29605 4
    endloop
  endfacet
  facet normal -0.34656 -0.938028 0
    outer loop
      vertex 106.278 5.84254 4
      vertex 106.609 5.72025 46.5
      vertex 106.278 5.84254 46.5
    endloop
  endfacet
  facet normal -0.34656 -0.938028 -0
    outer loop
      vertex 106.609 5.72025 46.5
      vertex 106.278 5.84254 4
      vertex 106.609 5.72025 4
    endloop
  endfacet
  facet normal -0.48897 -0.872301 0
    outer loop
      vertex 105.649 6.16312 4
      vertex 105.957 5.99047 46.5
      vertex 105.649 6.16312 46.5
    endloop
  endfacet
  facet normal -0.48897 -0.872301 -0
    outer loop
      vertex 105.957 5.99047 46.5
      vertex 105.649 6.16312 4
      vertex 105.957 5.99047 4
    endloop
  endfacet
  facet normal 0.90915 0.416469 0
    outer loop
      vertex 112.157 11.7221 46.5
      vertex 112.01 12.043 4
      vertex 112.01 12.043 46.5
    endloop
  endfacet
  facet normal 0.90915 0.416469 0
    outer loop
      vertex 112.01 12.043 4
      vertex 112.157 11.7221 46.5
      vertex 112.157 11.7221 4
    endloop
  endfacet
  facet normal 0.872013 0.489482 0
    outer loop
      vertex 112.01 12.043 46.5
      vertex 111.837 12.3512 4
      vertex 111.837 12.3512 46.5
    endloop
  endfacet
  facet normal 0.872013 0.489482 0
    outer loop
      vertex 111.837 12.3512 4
      vertex 112.01 12.043 46.5
      vertex 112.01 12.043 4
    endloop
  endfacet
  facet normal 0.784991 0.619507 0
    outer loop
      vertex 111.641 12.645 46.5
      vertex 111.422 12.9225 4
      vertex 111.422 12.9225 46.5
    endloop
  endfacet
  facet normal 0.784991 0.619507 0
    outer loop
      vertex 111.422 12.9225 4
      vertex 111.641 12.645 46.5
      vertex 111.641 12.645 4
    endloop
  endfacet
  facet normal 0.831876 0.554962 0
    outer loop
      vertex 111.837 12.3512 46.5
      vertex 111.641 12.645 4
      vertex 111.641 12.645 46.5
    endloop
  endfacet
  facet normal 0.831876 0.554962 0
    outer loop
      vertex 111.641 12.645 4
      vertex 111.837 12.3512 46.5
      vertex 111.837 12.3512 4
    endloop
  endfacet
  facet normal 0.194757 0.980852 -0
    outer loop
      vertex 109.051 14.3757 4
      vertex 108.704 14.4446 46.5
      vertex 109.051 14.3757 46.5
    endloop
  endfacet
  facet normal 0.194757 0.980852 0
    outer loop
      vertex 108.704 14.4446 46.5
      vertex 109.051 14.3757 4
      vertex 108.704 14.4446 4
    endloop
  endfacet
  facet normal 0.346585 0.938019 -0
    outer loop
      vertex 109.722 14.1575 4
      vertex 109.391 14.2798 46.5
      vertex 109.722 14.1575 46.5
    endloop
  endfacet
  facet normal 0.346585 0.938019 0
    outer loop
      vertex 109.391 14.2798 46.5
      vertex 109.722 14.1575 4
      vertex 109.391 14.2798 4
    endloop
  endfacet
  facet normal 0.117416 0.993083 -0
    outer loop
      vertex 108.704 14.4446 4
      vertex 108.353 14.4861 46.5
      vertex 108.704 14.4446 46.5
    endloop
  endfacet
  facet normal 0.117416 0.993083 0
    outer loop
      vertex 108.353 14.4861 46.5
      vertex 108.704 14.4446 4
      vertex 108.353 14.4861 4
    endloop
  endfacet
  facet normal 0.679385 0.733782 -0
    outer loop
      vertex 111.182 13.182 4
      vertex 110.923 13.4218 46.5
      vertex 111.182 13.182 46.5
    endloop
  endfacet
  facet normal 0.679385 0.733782 0
    outer loop
      vertex 110.923 13.4218 46.5
      vertex 111.182 13.182 4
      vertex 110.923 13.4218 4
    endloop
  endfacet
  facet normal -0.980744 0.1953 0
    outer loop
      vertex 103.555 10.704 4
      vertex 103.624 11.0505 46.5
      vertex 103.624 11.0505 4
    endloop
  endfacet
  facet normal -0.980744 0.1953 0
    outer loop
      vertex 103.624 11.0505 46.5
      vertex 103.555 10.704 4
      vertex 103.555 10.704 46.5
    endloop
  endfacet
  facet normal -0.90915 0.416469 0
    outer loop
      vertex 103.843 11.7221 4
      vertex 103.99 12.043 46.5
      vertex 103.99 12.043 4
    endloop
  endfacet
  facet normal -0.90915 0.416469 0
    outer loop
      vertex 103.99 12.043 46.5
      vertex 103.843 11.7221 4
      vertex 103.843 11.7221 46.5
    endloop
  endfacet
  facet normal -0.937544 0.347867 0
    outer loop
      vertex 103.72 11.3906 4
      vertex 103.843 11.7221 46.5
      vertex 103.843 11.7221 4
    endloop
  endfacet
  facet normal -0.937544 0.347867 0
    outer loop
      vertex 103.843 11.7221 46.5
      vertex 103.72 11.3906 4
      vertex 103.72 11.3906 46.5
    endloop
  endfacet
  facet normal -0.993243 0.116053 0
    outer loop
      vertex 103.514 10.3531 4
      vertex 103.555 10.704 46.5
      vertex 103.555 10.704 4
    endloop
  endfacet
  facet normal -0.993243 0.116053 0
    outer loop
      vertex 103.555 10.704 46.5
      vertex 103.514 10.3531 4
      vertex 103.514 10.3531 46.5
    endloop
  endfacet
  facet normal -0.418699 0.908125 0
    outer loop
      vertex 106.278 14.1575 4
      vertex 105.957 14.0095 46.5
      vertex 106.278 14.1575 46.5
    endloop
  endfacet
  facet normal -0.418699 0.908125 0
    outer loop
      vertex 105.957 14.0095 46.5
      vertex 106.278 14.1575 4
      vertex 105.957 14.0095 4
    endloop
  endfacet
  facet normal -0.488862 0.872361 0
    outer loop
      vertex 105.957 14.0095 4
      vertex 105.649 13.8369 46.5
      vertex 105.957 14.0095 46.5
    endloop
  endfacet
  facet normal -0.488862 0.872361 0
    outer loop
      vertex 105.649 13.8369 46.5
      vertex 105.957 14.0095 4
      vertex 105.649 13.8369 4
    endloop
  endfacet
  facet normal -0.61847 0.785808 0
    outer loop
      vertex 105.355 13.6406 4
      vertex 105.077 13.4218 46.5
      vertex 105.355 13.6406 46.5
    endloop
  endfacet
  facet normal -0.61847 0.785808 0
    outer loop
      vertex 105.077 13.4218 46.5
      vertex 105.355 13.6406 4
      vertex 105.077 13.4218 4
    endloop
  endfacet
  facet normal -0.0393463 0.999226 0
    outer loop
      vertex 108 14.5 4
      vertex 107.647 14.4861 46.5
      vertex 108 14.5 46.5
    endloop
  endfacet
  facet normal -0.0393463 0.999226 0
    outer loop
      vertex 107.647 14.4861 46.5
      vertex 108 14.5 4
      vertex 107.647 14.4861 4
    endloop
  endfacet
  facet normal -0.271467 0.962448 0
    outer loop
      vertex 106.949 14.3757 4
      vertex 106.609 14.2798 46.5
      vertex 106.949 14.3757 46.5
    endloop
  endfacet
  facet normal -0.271467 0.962448 0
    outer loop
      vertex 106.609 14.2798 46.5
      vertex 106.949 14.3757 4
      vertex 106.609 14.2798 4
    endloop
  endfacet
  facet normal -0.117416 0.993083 0
    outer loop
      vertex 107.647 14.4861 4
      vertex 107.296 14.4446 46.5
      vertex 107.647 14.4861 46.5
    endloop
  endfacet
  facet normal -0.117416 0.993083 0
    outer loop
      vertex 107.296 14.4446 46.5
      vertex 107.647 14.4861 4
      vertex 107.296 14.4446 4
    endloop
  endfacet
  facet normal 0.999215 -0.0396211 0
    outer loop
      vertex 112.486 9.64693 46.5
      vertex 112.5 10 4
      vertex 112.5 10 46.5
    endloop
  endfacet
  facet normal 0.999215 -0.0396211 0
    outer loop
      vertex 112.5 10 4
      vertex 112.486 9.64693 46.5
      vertex 112.486 9.64693 4
    endloop
  endfacet
  facet normal 0.0392615 -0.999229 0
    outer loop
      vertex 108 5.5 4
      vertex 108.353 5.51387 46.5
      vertex 108 5.5 46.5
    endloop
  endfacet
  facet normal 0.0392615 -0.999229 0
    outer loop
      vertex 108.353 5.51387 46.5
      vertex 108 5.5 4
      vertex 108.353 5.51387 4
    endloop
  endfacet
  facet normal 0.117499 -0.993073 0
    outer loop
      vertex 108.353 5.51387 4
      vertex 108.704 5.5554 46.5
      vertex 108.353 5.51387 46.5
    endloop
  endfacet
  facet normal 0.117499 -0.993073 0
    outer loop
      vertex 108.704 5.5554 46.5
      vertex 108.353 5.51387 4
      vertex 108.704 5.5554 4
    endloop
  endfacet
  facet normal 0.418536 -0.9082 0
    outer loop
      vertex 109.722 5.84254 4
      vertex 110.043 5.99047 46.5
      vertex 109.722 5.84254 46.5
    endloop
  endfacet
  facet normal 0.418536 -0.9082 0
    outer loop
      vertex 110.043 5.99047 46.5
      vertex 109.722 5.84254 4
      vertex 110.043 5.99047 4
    endloop
  endfacet
  facet normal 0.7341 -0.679041 0
    outer loop
      vertex 111.182 6.81802 46.5
      vertex 111.422 7.07748 4
      vertex 111.422 7.07748 46.5
    endloop
  endfacet
  facet normal 0.7341 -0.679041 0
    outer loop
      vertex 111.422 7.07748 4
      vertex 111.182 6.81802 46.5
      vertex 111.182 6.81802 4
    endloop
  endfacet
  facet normal -0.117499 -0.993073 0
    outer loop
      vertex 107.296 5.5554 4
      vertex 107.647 5.51387 46.5
      vertex 107.296 5.5554 46.5
    endloop
  endfacet
  facet normal -0.117499 -0.993073 -0
    outer loop
      vertex 107.647 5.51387 46.5
      vertex 107.296 5.5554 4
      vertex 107.647 5.51387 4
    endloop
  endfacet
  facet normal -0.679462 -0.733711 0
    outer loop
      vertex 104.818 6.81802 4
      vertex 105.077 6.57817 46.5
      vertex 104.818 6.81802 46.5
    endloop
  endfacet
  facet normal -0.679462 -0.733711 -0
    outer loop
      vertex 105.077 6.57817 46.5
      vertex 104.818 6.81802 4
      vertex 105.077 6.57817 4
    endloop
  endfacet
  facet normal -0.418536 -0.9082 0
    outer loop
      vertex 105.957 5.99047 4
      vertex 106.278 5.84254 46.5
      vertex 105.957 5.99047 46.5
    endloop
  endfacet
  facet normal -0.418536 -0.9082 -0
    outer loop
      vertex 106.278 5.84254 46.5
      vertex 105.957 5.99047 4
      vertex 106.278 5.84254 4
    endloop
  endfacet
  facet normal -0.0392615 -0.999229 0
    outer loop
      vertex 107.647 5.51387 4
      vertex 108 5.5 46.5
      vertex 107.647 5.51387 46.5
    endloop
  endfacet
  facet normal -0.0392615 -0.999229 -0
    outer loop
      vertex 108 5.5 46.5
      vertex 107.647 5.51387 4
      vertex 108 5.5 4
    endloop
  endfacet
  facet normal -0.555288 -0.831658 0
    outer loop
      vertex 105.355 6.35942 4
      vertex 105.649 6.16312 46.5
      vertex 105.355 6.35942 46.5
    endloop
  endfacet
  facet normal -0.555288 -0.831658 -0
    outer loop
      vertex 105.649 6.16312 46.5
      vertex 105.355 6.35942 4
      vertex 105.649 6.16312 4
    endloop
  endfacet
  facet normal -0.7341 -0.679041 0
    outer loop
      vertex 104.818 6.81802 4
      vertex 104.578 7.07748 46.5
      vertex 104.578 7.07748 4
    endloop
  endfacet
  facet normal -0.7341 -0.679041 0
    outer loop
      vertex 104.578 7.07748 46.5
      vertex 104.818 6.81802 4
      vertex 104.818 6.81802 46.5
    endloop
  endfacet
  facet normal -0.909145 -0.41648 0
    outer loop
      vertex 103.99 7.95704 4
      vertex 103.843 8.27793 46.5
      vertex 103.843 8.27793 4
    endloop
  endfacet
  facet normal -0.909145 -0.41648 0
    outer loop
      vertex 103.843 8.27793 46.5
      vertex 103.99 7.95704 4
      vertex 103.99 7.95704 46.5
    endloop
  endfacet
  facet normal -0.999215 -0.0396211 0
    outer loop
      vertex 103.514 9.64693 4
      vertex 103.5 10 46.5
      vertex 103.5 10 4
    endloop
  endfacet
  facet normal -0.999215 -0.0396211 0
    outer loop
      vertex 103.5 10 46.5
      vertex 103.514 9.64693 4
      vertex 103.514 9.64693 46.5
    endloop
  endfacet
  facet normal -0.93754 -0.347876 0
    outer loop
      vertex 103.843 8.27793 4
      vertex 103.72 8.60942 46.5
      vertex 103.72 8.60942 4
    endloop
  endfacet
  facet normal -0.93754 -0.347876 0
    outer loop
      vertex 103.72 8.60942 46.5
      vertex 103.843 8.27793 4
      vertex 103.843 8.27793 46.5
    endloop
  endfacet
  facet normal 0.271467 0.962448 -0
    outer loop
      vertex 109.391 14.2798 4
      vertex 109.051 14.3757 46.5
      vertex 109.391 14.2798 46.5
    endloop
  endfacet
  facet normal 0.271467 0.962448 0
    outer loop
      vertex 109.051 14.3757 46.5
      vertex 109.391 14.2798 4
      vertex 109.051 14.3757 4
    endloop
  endfacet
  facet normal 0.488862 0.872361 -0
    outer loop
      vertex 110.351 13.8369 4
      vertex 110.043 14.0095 46.5
      vertex 110.351 13.8369 46.5
    endloop
  endfacet
  facet normal 0.488862 0.872361 0
    outer loop
      vertex 110.043 14.0095 46.5
      vertex 110.351 13.8369 4
      vertex 110.043 14.0095 4
    endloop
  endfacet
  facet normal 0.61847 0.785808 -0
    outer loop
      vertex 110.923 13.4218 4
      vertex 110.645 13.6406 46.5
      vertex 110.923 13.4218 46.5
    endloop
  endfacet
  facet normal 0.61847 0.785808 0
    outer loop
      vertex 110.645 13.6406 46.5
      vertex 110.923 13.4218 4
      vertex 110.645 13.6406 4
    endloop
  endfacet
  facet normal 0.555288 0.831658 -0
    outer loop
      vertex 110.645 13.6406 4
      vertex 110.351 13.8369 46.5
      vertex 110.645 13.6406 46.5
    endloop
  endfacet
  facet normal 0.555288 0.831658 0
    outer loop
      vertex 110.351 13.8369 46.5
      vertex 110.645 13.6406 4
      vertex 110.351 13.8369 4
    endloop
  endfacet
  facet normal 0 0 1
    outer loop
      vertex 109.5 10 46.5
      vertex 112.5 10 46.5
      vertex 112.486 10.3531 46.5
    endloop
  endfacet
  facet normal 0 0 1
    outer loop
      vertex 109.495 10.1177 46.5
      vertex 112.486 10.3531 46.5
      vertex 112.445 10.704 46.5
    endloop
  endfacet
  facet normal 0 0 1
    outer loop
      vertex 112.5 10 46.5
      vertex 109.5 10 46.5
      vertex 112.486 9.64693 46.5
    endloop
  endfacet
  facet normal 0 0 1
    outer loop
      vertex 109.482 10.2347 46.5
      vertex 112.445 10.704 46.5
      vertex 112.376 11.0505 46.5
    endloop
  endfacet
  facet normal -0 0 1
    outer loop
      vertex 109.495 9.88231 46.5
      vertex 112.486 9.64693 46.5
      vertex 109.5 10 46.5
    endloop
  endfacet
  facet normal 0 0 1
    outer loop
      vertex 109.459 10.3502 46.5
      vertex 112.376 11.0505 46.5
      vertex 112.28 11.3906 46.5
    endloop
  endfacet
  facet normal 0 0 1
    outer loop
      vertex 112.486 9.64693 46.5
      vertex 109.495 9.88231 46.5
      vertex 112.445 9.29605 46.5
    endloop
  endfacet
  facet normal 0 0 1
    outer loop
      vertex 109.427 10.4635 46.5
      vertex 112.28 11.3906 46.5
      vertex 112.157 11.7221 46.5
    endloop
  endfacet
  facet normal -0 0 1
    outer loop
      vertex 109.482 9.76535 46.5
      vertex 112.445 9.29605 46.5
      vertex 109.495 9.88231 46.5
    endloop
  endfacet
  facet normal 0 0 1
    outer loop
      vertex 109.386 10.574 46.5
      vertex 112.157 11.7221 46.5
      vertex 112.01 12.043 46.5
    endloop
  endfacet
  facet normal 0 0 1
    outer loop
      vertex 112.445 9.29605 46.5
      vertex 109.482 9.76535 46.5
      vertex 112.376 8.9495 46.5
    endloop
  endfacet
  facet normal 0 0 1
    outer loop
      vertex 109.337 10.681 46.5
      vertex 112.01 12.043 46.5
      vertex 111.837 12.3512 46.5
    endloop
  endfacet
  facet normal -0 0 1
    outer loop
      vertex 109.459 9.64983 46.5
      vertex 112.376 8.9495 46.5
      vertex 109.482 9.76535 46.5
    endloop
  endfacet
  facet normal 0 0 1
    outer loop
      vertex 109.279 10.7837 46.5
      vertex 111.837 12.3512 46.5
      vertex 111.641 12.645 46.5
    endloop
  endfacet
  facet normal 0 0 1
    outer loop
      vertex 112.376 8.9495 46.5
      vertex 109.459 9.64983 46.5
      vertex 112.28 8.60942 46.5
    endloop
  endfacet
  facet normal 0 0 1
    outer loop
      vertex 109.214 10.8817 46.5
      vertex 111.641 12.645 46.5
      vertex 111.422 12.9225 46.5
    endloop
  endfacet
  facet normal -0 0 1
    outer loop
      vertex 109.427 9.53648 46.5
      vertex 112.28 8.60942 46.5
      vertex 109.459 9.64983 46.5
    endloop
  endfacet
  facet normal 0 0 1
    outer loop
      vertex 109.141 10.9742 46.5
      vertex 111.422 12.9225 46.5
      vertex 111.182 13.182 46.5
    endloop
  endfacet
  facet normal 0 0 1
    outer loop
      vertex 112.28 8.60942 46.5
      vertex 109.427 9.53648 46.5
      vertex 112.157 8.27793 46.5
    endloop
  endfacet
  facet normal 0 0 1
    outer loop
      vertex 109.061 11.0607 46.5
      vertex 111.182 13.182 46.5
      vertex 110.923 13.4218 46.5
    endloop
  endfacet
  facet normal -0 0 1
    outer loop
      vertex 109.386 9.42598 46.5
      vertex 112.157 8.27793 46.5
      vertex 109.427 9.53648 46.5
    endloop
  endfacet
  facet normal 0 0 1
    outer loop
      vertex 108.974 11.1406 46.5
      vertex 110.923 13.4218 46.5
      vertex 110.645 13.6406 46.5
    endloop
  endfacet
  facet normal 0 0 1
    outer loop
      vertex 112.157 8.27793 46.5
      vertex 109.386 9.42598 46.5
      vertex 112.01 7.95704 46.5
    endloop
  endfacet
  facet normal 0 0 1
    outer loop
      vertex 108.882 11.2135 46.5
      vertex 110.645 13.6406 46.5
      vertex 110.351 13.8369 46.5
    endloop
  endfacet
  facet normal -0 0 1
    outer loop
      vertex 109.337 9.31901 46.5
      vertex 112.01 7.95704 46.5
      vertex 109.386 9.42598 46.5
    endloop
  endfacet
  facet normal 0 0 1
    outer loop
      vertex 108.784 11.279 46.5
      vertex 110.351 13.8369 46.5
      vertex 110.043 14.0095 46.5
    endloop
  endfacet
  facet normal 0 0 1
    outer loop
      vertex 112.01 7.95704 46.5
      vertex 109.337 9.31901 46.5
      vertex 111.837 7.64876 46.5
    endloop
  endfacet
  facet normal 0 0 1
    outer loop
      vertex 108.681 11.3365 46.5
      vertex 110.043 14.0095 46.5
      vertex 109.722 14.1575 46.5
    endloop
  endfacet
  facet normal -0 0 1
    outer loop
      vertex 109.279 9.21625 46.5
      vertex 111.837 7.64876 46.5
      vertex 109.337 9.31901 46.5
    endloop
  endfacet
  facet normal 0 0 1
    outer loop
      vertex 111.837 7.64876 46.5
      vertex 109.279 9.21625 46.5
      vertex 111.641 7.35497 46.5
    endloop
  endfacet
  facet normal 0 0 1
    outer loop
      vertex 112.486 10.3531 46.5
      vertex 109.495 10.1177 46.5
      vertex 109.5 10 46.5
    endloop
  endfacet
  facet normal 0 0 1
    outer loop
      vertex 112.445 10.704 46.5
      vertex 109.482 10.2347 46.5
      vertex 109.495 10.1177 46.5
    endloop
  endfacet
  facet normal 0 0 1
    outer loop
      vertex 112.376 11.0505 46.5
      vertex 109.459 10.3502 46.5
      vertex 109.482 10.2347 46.5
    endloop
  endfacet
  facet normal 0 0 1
    outer loop
      vertex 112.28 11.3906 46.5
      vertex 109.427 10.4635 46.5
      vertex 109.459 10.3502 46.5
    endloop
  endfacet
  facet normal 0 0 1
    outer loop
      vertex 108.574 11.3858 46.5
      vertex 109.722 14.1575 46.5
      vertex 109.391 14.2798 46.5
    endloop
  endfacet
  facet normal 0 0 1
    outer loop
      vertex 112.157 11.7221 46.5
      vertex 109.386 10.574 46.5
      vertex 109.427 10.4635 46.5
    endloop
  endfacet
  facet normal 0 0 1
    outer loop
      vertex 112.01 12.043 46.5
      vertex 109.337 10.681 46.5
      vertex 109.386 10.574 46.5
    endloop
  endfacet
  facet normal 0 0 1
    outer loop
      vertex 111.837 12.3512 46.5
      vertex 109.279 10.7837 46.5
      vertex 109.337 10.681 46.5
    endloop
  endfacet
  facet normal 0 0 1
    outer loop
      vertex 111.641 12.645 46.5
      vertex 109.214 10.8817 46.5
      vertex 109.279 10.7837 46.5
    endloop
  endfacet
  facet normal 0 0 1
    outer loop
      vertex 111.422 12.9225 46.5
      vertex 109.141 10.9742 46.5
      vertex 109.214 10.8817 46.5
    endloop
  endfacet
  facet normal 0 0 1
    outer loop
      vertex 111.182 13.182 46.5
      vertex 109.061 11.0607 46.5
      vertex 109.141 10.9742 46.5
    endloop
  endfacet
  facet normal 0 0 1
    outer loop
      vertex 108.464 11.4266 46.5
      vertex 109.391 14.2798 46.5
      vertex 109.051 14.3757 46.5
    endloop
  endfacet
  facet normal 0 0 1
    outer loop
      vertex 110.923 13.4218 46.5
      vertex 108.974 11.1406 46.5
      vertex 109.061 11.0607 46.5
    endloop
  endfacet
  facet normal 0 0 1
    outer loop
      vertex 110.645 13.6406 46.5
      vertex 108.882 11.2135 46.5
      vertex 108.974 11.1406 46.5
    endloop
  endfacet
  facet normal 0 0 1
    outer loop
      vertex 110.351 13.8369 46.5
      vertex 108.784 11.279 46.5
      vertex 108.882 11.2135 46.5
    endloop
  endfacet
  facet normal 0 0 1
    outer loop
      vertex 108.35 11.4586 46.5
      vertex 109.051 14.3757 46.5
      vertex 108.704 14.4446 46.5
    endloop
  endfacet
  facet normal 0 0 1
    outer loop
      vertex 110.043 14.0095 46.5
      vertex 108.681 11.3365 46.5
      vertex 108.784 11.279 46.5
    endloop
  endfacet
  facet normal 0 0 1
    outer loop
      vertex 109.722 14.1575 46.5
      vertex 108.574 11.3858 46.5
      vertex 108.681 11.3365 46.5
    endloop
  endfacet
  facet normal 0 0 1
    outer loop
      vertex 109.391 14.2798 46.5
      vertex 108.464 11.4266 46.5
      vertex 108.574 11.3858 46.5
    endloop
  endfacet
  facet normal 0 0 1
    outer loop
      vertex 108.235 11.4815 46.5
      vertex 108.704 14.4446 46.5
      vertex 108.353 14.4861 46.5
    endloop
  endfacet
  facet normal 0 0 1
    outer loop
      vertex 109.051 14.3757 46.5
      vertex 108.35 11.4586 46.5
      vertex 108.464 11.4266 46.5
    endloop
  endfacet
  facet normal 0 0 1
    outer loop
      vertex 108.704 14.4446 46.5
      vertex 108.235 11.4815 46.5
      vertex 108.35 11.4586 46.5
    endloop
  endfacet
  facet normal 0 0 1
    outer loop
      vertex 108.353 14.4861 46.5
      vertex 108.118 11.4954 46.5
      vertex 108.235 11.4815 46.5
    endloop
  endfacet
  facet normal 0 0 1
    outer loop
      vertex 108 14.5 46.5
      vertex 108.118 11.4954 46.5
      vertex 108.353 14.4861 46.5
    endloop
  endfacet
  facet normal 0 0 1
    outer loop
      vertex 108 14.5 46.5
      vertex 108 11.5 46.5
      vertex 108.118 11.4954 46.5
    endloop
  endfacet
  facet normal 0 0 1
    outer loop
      vertex 108 14.5 46.5
      vertex 107.882 11.4954 46.5
      vertex 108 11.5 46.5
    endloop
  endfacet
  facet normal -0 0 1
    outer loop
      vertex 107.647 14.4861 46.5
      vertex 107.882 11.4954 46.5
      vertex 108 14.5 46.5
    endloop
  endfacet
  facet normal 0 0 1
    outer loop
      vertex 107.882 11.4954 46.5
      vertex 107.647 14.4861 46.5
      vertex 107.765 11.4815 46.5
    endloop
  endfacet
  facet normal -0 0 1
    outer loop
      vertex 107.296 14.4446 46.5
      vertex 107.765 11.4815 46.5
      vertex 107.647 14.4861 46.5
    endloop
  endfacet
  facet normal 0 0 1
    outer loop
      vertex 107.765 11.4815 46.5
      vertex 107.296 14.4446 46.5
      vertex 107.65 11.4586 46.5
    endloop
  endfacet
  facet normal -0 0 1
    outer loop
      vertex 106.949 14.3757 46.5
      vertex 107.65 11.4586 46.5
      vertex 107.296 14.4446 46.5
    endloop
  endfacet
  facet normal 0 0 1
    outer loop
      vertex 107.65 11.4586 46.5
      vertex 106.949 14.3757 46.5
      vertex 107.536 11.4266 46.5
    endloop
  endfacet
  facet normal -0 0 1
    outer loop
      vertex 106.609 14.2798 46.5
      vertex 107.536 11.4266 46.5
      vertex 106.949 14.3757 46.5
    endloop
  endfacet
  facet normal 0 0 1
    outer loop
      vertex 107.536 11.4266 46.5
      vertex 106.609 14.2798 46.5
      vertex 107.426 11.3858 46.5
    endloop
  endfacet
  facet normal -0 0 1
    outer loop
      vertex 106.278 14.1575 46.5
      vertex 107.426 11.3858 46.5
      vertex 106.609 14.2798 46.5
    endloop
  endfacet
  facet normal 0 0 1
    outer loop
      vertex 107.426 11.3858 46.5
      vertex 106.278 14.1575 46.5
      vertex 107.319 11.3365 46.5
    endloop
  endfacet
  facet normal -0 0 1
    outer loop
      vertex 105.957 14.0095 46.5
      vertex 107.319 11.3365 46.5
      vertex 106.278 14.1575 46.5
    endloop
  endfacet
  facet normal 0 0 1
    outer loop
      vertex 107.319 11.3365 46.5
      vertex 105.957 14.0095 46.5
      vertex 107.216 11.279 46.5
    endloop
  endfacet
  facet normal -0 0 1
    outer loop
      vertex 105.649 13.8369 46.5
      vertex 107.216 11.279 46.5
      vertex 105.957 14.0095 46.5
    endloop
  endfacet
  facet normal 0 0 1
    outer loop
      vertex 107.216 11.279 46.5
      vertex 105.649 13.8369 46.5
      vertex 107.118 11.2135 46.5
    endloop
  endfacet
  facet normal -0 0 1
    outer loop
      vertex 105.355 13.6406 46.5
      vertex 107.118 11.2135 46.5
      vertex 105.649 13.8369 46.5
    endloop
  endfacet
  facet normal 0 0 1
    outer loop
      vertex 107.118 11.2135 46.5
      vertex 105.355 13.6406 46.5
      vertex 107.026 11.1406 46.5
    endloop
  endfacet
  facet normal -0 0 1
    outer loop
      vertex 105.077 13.4218 46.5
      vertex 107.026 11.1406 46.5
      vertex 105.355 13.6406 46.5
    endloop
  endfacet
  facet normal 0 0 1
    outer loop
      vertex 107.026 11.1406 46.5
      vertex 105.077 13.4218 46.5
      vertex 106.939 11.0607 46.5
    endloop
  endfacet
  facet normal -0 0 1
    outer loop
      vertex 104.818 13.182 46.5
      vertex 106.939 11.0607 46.5
      vertex 105.077 13.4218 46.5
    endloop
  endfacet
  facet normal 0 0 1
    outer loop
      vertex 106.939 11.0607 46.5
      vertex 104.818 13.182 46.5
      vertex 106.859 10.9742 46.5
    endloop
  endfacet
  facet normal -0 0 1
    outer loop
      vertex 104.578 12.9225 46.5
      vertex 106.859 10.9742 46.5
      vertex 104.818 13.182 46.5
    endloop
  endfacet
  facet normal 0 0 1
    outer loop
      vertex 106.859 10.9742 46.5
      vertex 104.578 12.9225 46.5
      vertex 106.786 10.8817 46.5
    endloop
  endfacet
  facet normal -0 0 1
    outer loop
      vertex 104.359 12.645 46.5
      vertex 106.786 10.8817 46.5
      vertex 104.578 12.9225 46.5
    endloop
  endfacet
  facet normal 0 0 1
    outer loop
      vertex 106.786 10.8817 46.5
      vertex 104.359 12.645 46.5
      vertex 106.721 10.7837 46.5
    endloop
  endfacet
  facet normal -0 0 1
    outer loop
      vertex 109.214 9.11832 46.5
      vertex 111.641 7.35497 46.5
      vertex 109.279 9.21625 46.5
    endloop
  endfacet
  facet normal 0 0 1
    outer loop
      vertex 111.641 7.35497 46.5
      vertex 109.214 9.11832 46.5
      vertex 111.422 7.07748 46.5
    endloop
  endfacet
  facet normal -0 0 1
    outer loop
      vertex 109.141 9.02583 46.5
      vertex 111.422 7.07748 46.5
      vertex 109.214 9.11832 46.5
    endloop
  endfacet
  facet normal 0 0 1
    outer loop
      vertex 111.422 7.07748 46.5
      vertex 109.141 9.02583 46.5
      vertex 111.182 6.81802 46.5
    endloop
  endfacet
  facet normal -0 0 1
    outer loop
      vertex 109.061 8.93934 46.5
      vertex 111.182 6.81802 46.5
      vertex 109.141 9.02583 46.5
    endloop
  endfacet
  facet normal 0 0 1
    outer loop
      vertex 111.182 6.81802 46.5
      vertex 109.061 8.93934 46.5
      vertex 110.923 6.57817 46.5
    endloop
  endfacet
  facet normal -0 0 1
    outer loop
      vertex 108.974 8.85939 46.5
      vertex 110.923 6.57817 46.5
      vertex 109.061 8.93934 46.5
    endloop
  endfacet
  facet normal 0 0 1
    outer loop
      vertex 110.923 6.57817 46.5
      vertex 108.974 8.85939 46.5
      vertex 110.645 6.35942 46.5
    endloop
  endfacet
  facet normal -0 0 1
    outer loop
      vertex 108.882 8.78648 46.5
      vertex 110.645 6.35942 46.5
      vertex 108.974 8.85939 46.5
    endloop
  endfacet
  facet normal 0 0 1
    outer loop
      vertex 110.645 6.35942 46.5
      vertex 108.882 8.78648 46.5
      vertex 110.351 6.16312 46.5
    endloop
  endfacet
  facet normal -0 0 1
    outer loop
      vertex 108.784 8.72104 46.5
      vertex 110.351 6.16312 46.5
      vertex 108.882 8.78648 46.5
    endloop
  endfacet
  facet normal 0 0 1
    outer loop
      vertex 110.351 6.16312 46.5
      vertex 108.784 8.72104 46.5
      vertex 110.043 5.99047 46.5
    endloop
  endfacet
  facet normal -0 0 1
    outer loop
      vertex 108.681 8.66349 46.5
      vertex 110.043 5.99047 46.5
      vertex 108.784 8.72104 46.5
    endloop
  endfacet
  facet normal 0 0 1
    outer loop
      vertex 110.043 5.99047 46.5
      vertex 108.681 8.66349 46.5
      vertex 109.722 5.84254 46.5
    endloop
  endfacet
  facet normal -0 0 1
    outer loop
      vertex 108.574 8.61418 46.5
      vertex 109.722 5.84254 46.5
      vertex 108.681 8.66349 46.5
    endloop
  endfacet
  facet normal 0 0 1
    outer loop
      vertex 109.722 5.84254 46.5
      vertex 108.574 8.61418 46.5
      vertex 109.391 5.72025 46.5
    endloop
  endfacet
  facet normal -0 0 1
    outer loop
      vertex 108.464 8.57342 46.5
      vertex 109.391 5.72025 46.5
      vertex 108.574 8.61418 46.5
    endloop
  endfacet
  facet normal 0 0 1
    outer loop
      vertex 109.391 5.72025 46.5
      vertex 108.464 8.57342 46.5
      vertex 109.051 5.62434 46.5
    endloop
  endfacet
  facet normal -0 0 1
    outer loop
      vertex 108.35 8.54145 46.5
      vertex 109.051 5.62434 46.5
      vertex 108.464 8.57342 46.5
    endloop
  endfacet
  facet normal 0 0 1
    outer loop
      vertex 109.051 5.62434 46.5
      vertex 108.35 8.54145 46.5
      vertex 108.704 5.5554 46.5
    endloop
  endfacet
  facet normal -0 0 1
    outer loop
      vertex 108.235 8.51847 46.5
      vertex 108.704 5.5554 46.5
      vertex 108.35 8.54145 46.5
    endloop
  endfacet
  facet normal 0 0 1
    outer loop
      vertex 108.704 5.5554 46.5
      vertex 108.235 8.51847 46.5
      vertex 108.353 5.51387 46.5
    endloop
  endfacet
  facet normal -0 0 1
    outer loop
      vertex 108.118 8.50462 46.5
      vertex 108.353 5.51387 46.5
      vertex 108.235 8.51847 46.5
    endloop
  endfacet
  facet normal -0 0 1
    outer loop
      vertex 108 8.5 46.5
      vertex 108.353 5.51387 46.5
      vertex 108.118 8.50462 46.5
    endloop
  endfacet
  facet normal 0 0 1
    outer loop
      vertex 108 8.5 46.5
      vertex 108 5.5 46.5
      vertex 108.353 5.51387 46.5
    endloop
  endfacet
  facet normal 0 0 1
    outer loop
      vertex 107.882 8.50462 46.5
      vertex 108 5.5 46.5
      vertex 108 8.5 46.5
    endloop
  endfacet
  facet normal 0 0 1
    outer loop
      vertex 107.647 5.51387 46.5
      vertex 107.882 8.50462 46.5
      vertex 107.765 8.51847 46.5
    endloop
  endfacet
  facet normal 0 0 1
    outer loop
      vertex 107.296 5.5554 46.5
      vertex 107.765 8.51847 46.5
      vertex 107.65 8.54145 46.5
    endloop
  endfacet
  facet normal 0 0 1
    outer loop
      vertex 107.882 8.50462 46.5
      vertex 107.647 5.51387 46.5
      vertex 108 5.5 46.5
    endloop
  endfacet
  facet normal 0 0 1
    outer loop
      vertex 106.949 5.62434 46.5
      vertex 107.65 8.54145 46.5
      vertex 107.536 8.57342 46.5
    endloop
  endfacet
  facet normal 0 0 1
    outer loop
      vertex 106.609 5.72025 46.5
      vertex 107.536 8.57342 46.5
      vertex 107.426 8.61418 46.5
    endloop
  endfacet
  facet normal 0 0 1
    outer loop
      vertex 106.278 5.84254 46.5
      vertex 107.426 8.61418 46.5
      vertex 107.319 8.66349 46.5
    endloop
  endfacet
  facet normal 0 0 1
    outer loop
      vertex 107.765 8.51847 46.5
      vertex 107.296 5.5554 46.5
      vertex 107.647 5.51387 46.5
    endloop
  endfacet
  facet normal 0 0 1
    outer loop
      vertex 105.957 5.99047 46.5
      vertex 107.319 8.66349 46.5
      vertex 107.216 8.72104 46.5
    endloop
  endfacet
  facet normal 0 0 1
    outer loop
      vertex 105.649 6.16312 46.5
      vertex 107.216 8.72104 46.5
      vertex 107.118 8.78648 46.5
    endloop
  endfacet
  facet normal 0 0 1
    outer loop
      vertex 105.355 6.35942 46.5
      vertex 107.118 8.78648 46.5
      vertex 107.026 8.85939 46.5
    endloop
  endfacet
  facet normal 0 0 1
    outer loop
      vertex 107.65 8.54145 46.5
      vertex 106.949 5.62434 46.5
      vertex 107.296 5.5554 46.5
    endloop
  endfacet
  facet normal 0 0 1
    outer loop
      vertex 105.077 6.57817 46.5
      vertex 107.026 8.85939 46.5
      vertex 106.939 8.93934 46.5
    endloop
  endfacet
  facet normal 0 0 1
    outer loop
      vertex 104.818 6.81802 46.5
      vertex 106.939 8.93934 46.5
      vertex 106.859 9.02583 46.5
    endloop
  endfacet
  facet normal 0 0 1
    outer loop
      vertex 104.578 7.07748 46.5
      vertex 106.859 9.02583 46.5
      vertex 106.786 9.11832 46.5
    endloop
  endfacet
  facet normal 0 0 1
    outer loop
      vertex 104.359 7.35497 46.5
      vertex 106.786 9.11832 46.5
      vertex 106.721 9.21625 46.5
    endloop
  endfacet
  facet normal 0 0 1
    outer loop
      vertex 104.163 7.64876 46.5
      vertex 106.721 9.21625 46.5
      vertex 106.663 9.31901 46.5
    endloop
  endfacet
  facet normal 0 0 1
    outer loop
      vertex 103.99 7.95704 46.5
      vertex 106.663 9.31901 46.5
      vertex 106.614 9.42598 46.5
    endloop
  endfacet
  facet normal 0 0 1
    outer loop
      vertex 107.536 8.57342 46.5
      vertex 106.609 5.72025 46.5
      vertex 106.949 5.62434 46.5
    endloop
  endfacet
  facet normal 0 0 1
    outer loop
      vertex 103.843 8.27793 46.5
      vertex 106.614 9.42598 46.5
      vertex 106.573 9.53648 46.5
    endloop
  endfacet
  facet normal 0 0 1
    outer loop
      vertex 103.72 8.60942 46.5
      vertex 106.573 9.53648 46.5
      vertex 106.541 9.64983 46.5
    endloop
  endfacet
  facet normal 0 0 1
    outer loop
      vertex 103.624 8.9495 46.5
      vertex 106.541 9.64983 46.5
      vertex 106.518 9.76535 46.5
    endloop
  endfacet
  facet normal 0 0 1
    outer loop
      vertex 103.555 9.29605 46.5
      vertex 106.518 9.76535 46.5
      vertex 106.505 9.88231 46.5
    endloop
  endfacet
  facet normal 0 0 1
    outer loop
      vertex 103.514 9.64693 46.5
      vertex 106.505 9.88231 46.5
      vertex 106.5 10 46.5
    endloop
  endfacet
  facet normal -0 0 1
    outer loop
      vertex 104.163 12.3512 46.5
      vertex 106.721 10.7837 46.5
      vertex 104.359 12.645 46.5
    endloop
  endfacet
  facet normal 0 0 1
    outer loop
      vertex 107.426 8.61418 46.5
      vertex 106.278 5.84254 46.5
      vertex 106.609 5.72025 46.5
    endloop
  endfacet
  facet normal 0 0 1
    outer loop
      vertex 106.721 10.7837 46.5
      vertex 104.163 12.3512 46.5
      vertex 106.663 10.681 46.5
    endloop
  endfacet
  facet normal 0 0 1
    outer loop
      vertex 107.319 8.66349 46.5
      vertex 105.957 5.99047 46.5
      vertex 106.278 5.84254 46.5
    endloop
  endfacet
  facet normal -0 0 1
    outer loop
      vertex 103.99 12.043 46.5
      vertex 106.663 10.681 46.5
      vertex 104.163 12.3512 46.5
    endloop
  endfacet
  facet normal 0 0 1
    outer loop
      vertex 107.216 8.72104 46.5
      vertex 105.649 6.16312 46.5
      vertex 105.957 5.99047 46.5
    endloop
  endfacet
  facet normal 0 0 1
    outer loop
      vertex 106.663 10.681 46.5
      vertex 103.99 12.043 46.5
      vertex 106.614 10.574 46.5
    endloop
  endfacet
  facet normal 0 0 1
    outer loop
      vertex 107.118 8.78648 46.5
      vertex 105.355 6.35942 46.5
      vertex 105.649 6.16312 46.5
    endloop
  endfacet
  facet normal -0 0 1
    outer loop
      vertex 103.843 11.7221 46.5
      vertex 106.614 10.574 46.5
      vertex 103.99 12.043 46.5
    endloop
  endfacet
  facet normal 0 0 1
    outer loop
      vertex 107.026 8.85939 46.5
      vertex 105.077 6.57817 46.5
      vertex 105.355 6.35942 46.5
    endloop
  endfacet
  facet normal 0 0 1
    outer loop
      vertex 106.614 10.574 46.5
      vertex 103.843 11.7221 46.5
      vertex 106.573 10.4635 46.5
    endloop
  endfacet
  facet normal 0 0 1
    outer loop
      vertex 106.939 8.93934 46.5
      vertex 104.818 6.81802 46.5
      vertex 105.077 6.57817 46.5
    endloop
  endfacet
  facet normal -0 0 1
    outer loop
      vertex 103.72 11.3906 46.5
      vertex 106.573 10.4635 46.5
      vertex 103.843 11.7221 46.5
    endloop
  endfacet
  facet normal 0 0 1
    outer loop
      vertex 106.859 9.02583 46.5
      vertex 104.578 7.07748 46.5
      vertex 104.818 6.81802 46.5
    endloop
  endfacet
  facet normal 0 0 1
    outer loop
      vertex 106.573 10.4635 46.5
      vertex 103.72 11.3906 46.5
      vertex 106.541 10.3502 46.5
    endloop
  endfacet
  facet normal 0 0 1
    outer loop
      vertex 106.786 9.11832 46.5
      vertex 104.359 7.35497 46.5
      vertex 104.578 7.07748 46.5
    endloop
  endfacet
  facet normal -0 0 1
    outer loop
      vertex 103.624 11.0505 46.5
      vertex 106.541 10.3502 46.5
      vertex 103.72 11.3906 46.5
    endloop
  endfacet
  facet normal 0 0 1
    outer loop
      vertex 106.721 9.21625 46.5
      vertex 104.163 7.64876 46.5
      vertex 104.359 7.35497 46.5
    endloop
  endfacet
  facet normal 0 0 1
    outer loop
      vertex 106.541 10.3502 46.5
      vertex 103.624 11.0505 46.5
      vertex 106.518 10.2347 46.5
    endloop
  endfacet
  facet normal 0 0 1
    outer loop
      vertex 106.663 9.31901 46.5
      vertex 103.99 7.95704 46.5
      vertex 104.163 7.64876 46.5
    endloop
  endfacet
  facet normal -0 0 1
    outer loop
      vertex 103.555 10.704 46.5
      vertex 106.518 10.2347 46.5
      vertex 103.624 11.0505 46.5
    endloop
  endfacet
  facet normal 0 0 1
    outer loop
      vertex 106.614 9.42598 46.5
      vertex 103.843 8.27793 46.5
      vertex 103.99 7.95704 46.5
    endloop
  endfacet
  facet normal 0 0 1
    outer loop
      vertex 106.518 10.2347 46.5
      vertex 103.555 10.704 46.5
      vertex 106.505 10.1177 46.5
    endloop
  endfacet
  facet normal 0 0 1
    outer loop
      vertex 106.573 9.53648 46.5
      vertex 103.72 8.60942 46.5
      vertex 103.843 8.27793 46.5
    endloop
  endfacet
  facet normal -0 0 1
    outer loop
      vertex 103.514 10.3531 46.5
      vertex 106.505 10.1177 46.5
      vertex 103.555 10.704 46.5
    endloop
  endfacet
  facet normal 0 0 1
    outer loop
      vertex 106.541 9.64983 46.5
      vertex 103.624 8.9495 46.5
      vertex 103.72 8.60942 46.5
    endloop
  endfacet
  facet normal 0 0 1
    outer loop
      vertex 106.505 10.1177 46.5
      vertex 103.514 10.3531 46.5
      vertex 106.5 10 46.5
    endloop
  endfacet
  facet normal 0 0 1
    outer loop
      vertex 106.518 9.76535 46.5
      vertex 103.555 9.29605 46.5
      vertex 103.624 8.9495 46.5
    endloop
  endfacet
  facet normal 0 0 1
    outer loop
      vertex 103.5 10 46.5
      vertex 106.5 10 46.5
      vertex 103.514 10.3531 46.5
    endloop
  endfacet
  facet normal 0 0 1
    outer loop
      vertex 106.505 9.88231 46.5
      vertex 103.514 9.64693 46.5
      vertex 103.555 9.29605 46.5
    endloop
  endfacet
  facet normal 0 0 1
    outer loop
      vertex 106.5 10 46.5
      vertex 103.5 10 46.5
      vertex 103.514 9.64693 46.5
    endloop
  endfacet
  facet normal -0.962395 0.271655 0
    outer loop
      vertex 103.624 11.0505 4
      vertex 103.72 11.3906 46.5
      vertex 103.72 11.3906 4
    endloop
  endfacet
  facet normal -0.962395 0.271655 0
    outer loop
      vertex 103.72 11.3906 46.5
      vertex 103.624 11.0505 4
      vertex 103.624 11.0505 46.5
    endloop
  endfacet
  facet normal -0.555288 0.831658 0
    outer loop
      vertex 105.649 13.8369 4
      vertex 105.355 13.6406 46.5
      vertex 105.649 13.8369 46.5
    endloop
  endfacet
  facet normal -0.555288 0.831658 0
    outer loop
      vertex 105.355 13.6406 46.5
      vertex 105.649 13.8369 4
      vertex 105.355 13.6406 4
    endloop
  endfacet
  facet normal -0.194757 0.980852 0
    outer loop
      vertex 107.296 14.4446 4
      vertex 106.949 14.3757 46.5
      vertex 107.296 14.4446 46.5
    endloop
  endfacet
  facet normal -0.194757 0.980852 0
    outer loop
      vertex 106.949 14.3757 46.5
      vertex 107.296 14.4446 4
      vertex 106.949 14.3757 4
    endloop
  endfacet
  facet normal 0.34656 -0.938028 0
    outer loop
      vertex 109.391 5.72025 4
      vertex 109.722 5.84254 46.5
      vertex 109.391 5.72025 46.5
    endloop
  endfacet
  facet normal 0.34656 -0.938028 0
    outer loop
      vertex 109.722 5.84254 46.5
      vertex 109.391 5.72025 4
      vertex 109.722 5.84254 4
    endloop
  endfacet
  facet normal 0.555288 -0.831658 0
    outer loop
      vertex 110.351 6.16312 4
      vertex 110.645 6.35942 46.5
      vertex 110.351 6.16312 46.5
    endloop
  endfacet
  facet normal 0.555288 -0.831658 0
    outer loop
      vertex 110.645 6.35942 46.5
      vertex 110.351 6.16312 4
      vertex 110.645 6.35942 4
    endloop
  endfacet
  facet normal 0.48897 -0.872301 0
    outer loop
      vertex 110.043 5.99047 4
      vertex 110.351 6.16312 46.5
      vertex 110.043 5.99047 46.5
    endloop
  endfacet
  facet normal 0.48897 -0.872301 0
    outer loop
      vertex 110.351 6.16312 46.5
      vertex 110.043 5.99047 4
      vertex 110.351 6.16312 4
    endloop
  endfacet
  facet normal 0.784981 -0.61952 0
    outer loop
      vertex 111.422 7.07748 46.5
      vertex 111.641 7.35497 4
      vertex 111.641 7.35497 46.5
    endloop
  endfacet
  facet normal 0.784981 -0.61952 0
    outer loop
      vertex 111.641 7.35497 4
      vertex 111.422 7.07748 46.5
      vertex 111.422 7.07748 4
    endloop
  endfacet
  facet normal 0.909145 -0.41648 0
    outer loop
      vertex 112.01 7.95704 46.5
      vertex 112.157 8.27793 4
      vertex 112.157 8.27793 46.5
    endloop
  endfacet
  facet normal 0.909145 -0.41648 0
    outer loop
      vertex 112.157 8.27793 4
      vertex 112.01 7.95704 46.5
      vertex 112.01 7.95704 4
    endloop
  endfacet
  facet normal 0.962391 -0.27167 0
    outer loop
      vertex 112.28 8.60942 46.5
      vertex 112.376 8.9495 4
      vertex 112.376 8.9495 46.5
    endloop
  endfacet
  facet normal 0.962391 -0.27167 0
    outer loop
      vertex 112.376 8.9495 4
      vertex 112.28 8.60942 46.5
      vertex 112.28 8.60942 4
    endloop
  endfacet
  facet normal -0.194866 -0.98083 0
    outer loop
      vertex 106.949 5.62434 4
      vertex 107.296 5.5554 46.5
      vertex 106.949 5.62434 46.5
    endloop
  endfacet
  facet normal -0.194866 -0.98083 -0
    outer loop
      vertex 107.296 5.5554 46.5
      vertex 106.949 5.62434 4
      vertex 107.296 5.5554 4
    endloop
  endfacet
  facet normal -0.271493 -0.96244 0
    outer loop
      vertex 106.609 5.72025 4
      vertex 106.949 5.62434 46.5
      vertex 106.609 5.72025 46.5
    endloop
  endfacet
  facet normal -0.271493 -0.96244 -0
    outer loop
      vertex 106.949 5.62434 46.5
      vertex 106.609 5.72025 4
      vertex 106.949 5.62434 4
    endloop
  endfacet
  facet normal -0.618383 -0.785877 0
    outer loop
      vertex 105.077 6.57817 4
      vertex 105.355 6.35942 46.5
      vertex 105.077 6.57817 46.5
    endloop
  endfacet
  facet normal -0.618383 -0.785877 -0
    outer loop
      vertex 105.355 6.35942 46.5
      vertex 105.077 6.57817 4
      vertex 105.355 6.35942 4
    endloop
  endfacet
  facet normal -0.831867 -0.554975 0
    outer loop
      vertex 104.359 7.35497 4
      vertex 104.163 7.64876 46.5
      vertex 104.163 7.64876 4
    endloop
  endfacet
  facet normal -0.831867 -0.554975 0
    outer loop
      vertex 104.163 7.64876 46.5
      vertex 104.359 7.35497 4
      vertex 104.359 7.35497 46.5
    endloop
  endfacet
  facet normal -0.872068 -0.489385 0
    outer loop
      vertex 104.163 7.64876 4
      vertex 103.99 7.95704 46.5
      vertex 103.99 7.95704 4
    endloop
  endfacet
  facet normal -0.872068 -0.489385 0
    outer loop
      vertex 103.99 7.95704 46.5
      vertex 104.163 7.64876 4
      vertex 104.163 7.64876 46.5
    endloop
  endfacet
  facet normal -0.993242 -0.116059 0
    outer loop
      vertex 103.555 9.29605 4
      vertex 103.514 9.64693 46.5
      vertex 103.514 9.64693 4
    endloop
  endfacet
  facet normal -0.993242 -0.116059 0
    outer loop
      vertex 103.514 9.64693 46.5
      vertex 103.555 9.29605 4
      vertex 103.555 9.29605 46.5
    endloop
  endfacet
  facet normal -0.980749 -0.195272 0
    outer loop
      vertex 103.624 8.9495 4
      vertex 103.555 9.29605 46.5
      vertex 103.555 9.29605 4
    endloop
  endfacet
  facet normal -0.980749 -0.195272 0
    outer loop
      vertex 103.555 9.29605 46.5
      vertex 103.624 8.9495 4
      vertex 103.624 8.9495 46.5
    endloop
  endfacet
  facet normal 0.962395 0.271655 0
    outer loop
      vertex 112.376 11.0505 46.5
      vertex 112.28 11.3906 4
      vertex 112.28 11.3906 46.5
    endloop
  endfacet
  facet normal 0.962395 0.271655 0
    outer loop
      vertex 112.28 11.3906 4
      vertex 112.376 11.0505 46.5
      vertex 112.376 11.0505 4
    endloop
  endfacet
  facet normal 0.980744 0.1953 0
    outer loop
      vertex 112.445 10.704 46.5
      vertex 112.376 11.0505 4
      vertex 112.376 11.0505 46.5
    endloop
  endfacet
  facet normal 0.980744 0.1953 0
    outer loop
      vertex 112.376 11.0505 4
      vertex 112.445 10.704 46.5
      vertex 112.445 10.704 4
    endloop
  endfacet
  facet normal 0.993243 0.116053 0
    outer loop
      vertex 112.486 10.3531 46.5
      vertex 112.445 10.704 4
      vertex 112.445 10.704 46.5
    endloop
  endfacet
  facet normal 0.993243 0.116053 0
    outer loop
      vertex 112.445 10.704 4
      vertex 112.486 10.3531 46.5
      vertex 112.486 10.3531 4
    endloop
  endfacet
  facet normal -0.831876 0.554962 0
    outer loop
      vertex 104.163 12.3512 4
      vertex 104.359 12.645 46.5
      vertex 104.359 12.645 4
    endloop
  endfacet
  facet normal -0.831876 0.554962 0
    outer loop
      vertex 104.359 12.645 46.5
      vertex 104.163 12.3512 4
      vertex 104.163 12.3512 46.5
    endloop
  endfacet
  facet normal -0.784991 0.619507 0
    outer loop
      vertex 104.359 12.645 4
      vertex 104.578 12.9225 46.5
      vertex 104.578 12.9225 4
    endloop
  endfacet
  facet normal -0.784991 0.619507 0
    outer loop
      vertex 104.578 12.9225 46.5
      vertex 104.359 12.645 4
      vertex 104.359 12.645 46.5
    endloop
  endfacet
  facet normal -0.734152 0.678985 0
    outer loop
      vertex 104.578 12.9225 4
      vertex 104.818 13.182 46.5
      vertex 104.818 13.182 4
    endloop
  endfacet
  facet normal -0.734152 0.678985 0
    outer loop
      vertex 104.818 13.182 46.5
      vertex 104.578 12.9225 4
      vertex 104.578 12.9225 46.5
    endloop
  endfacet
  facet normal 0.271493 -0.96244 0
    outer loop
      vertex 109.051 5.62434 4
      vertex 109.391 5.72025 46.5
      vertex 109.051 5.62434 46.5
    endloop
  endfacet
  facet normal 0.271493 -0.96244 0
    outer loop
      vertex 109.391 5.72025 46.5
      vertex 109.051 5.62434 4
      vertex 109.391 5.72025 4
    endloop
  endfacet
  facet normal 0.618383 -0.785877 0
    outer loop
      vertex 110.645 6.35942 4
      vertex 110.923 6.57817 46.5
      vertex 110.645 6.35942 46.5
    endloop
  endfacet
  facet normal 0.618383 -0.785877 0
    outer loop
      vertex 110.923 6.57817 46.5
      vertex 110.645 6.35942 4
      vertex 110.923 6.57817 4
    endloop
  endfacet
  facet normal 0.831867 -0.554975 0
    outer loop
      vertex 111.641 7.35497 46.5
      vertex 111.837 7.64876 4
      vertex 111.837 7.64876 46.5
    endloop
  endfacet
  facet normal 0.831867 -0.554975 0
    outer loop
      vertex 111.837 7.64876 4
      vertex 111.641 7.35497 46.5
      vertex 111.641 7.35497 4
    endloop
  endfacet
  facet normal 0.93754 -0.347876 0
    outer loop
      vertex 112.157 8.27793 46.5
      vertex 112.28 8.60942 4
      vertex 112.28 8.60942 46.5
    endloop
  endfacet
  facet normal 0.93754 -0.347876 0
    outer loop
      vertex 112.28 8.60942 4
      vertex 112.157 8.27793 46.5
      vertex 112.157 8.27793 4
    endloop
  endfacet
  facet normal 0.980749 -0.195272 0
    outer loop
      vertex 112.376 8.9495 46.5
      vertex 112.445 9.29605 4
      vertex 112.445 9.29605 46.5
    endloop
  endfacet
  facet normal 0.980749 -0.195272 0
    outer loop
      vertex 112.445 9.29605 4
      vertex 112.376 8.9495 46.5
      vertex 112.376 8.9495 4
    endloop
  endfacet
  facet normal -0.784981 -0.61952 0
    outer loop
      vertex 104.578 7.07748 4
      vertex 104.359 7.35497 46.5
      vertex 104.359 7.35497 4
    endloop
  endfacet
  facet normal -0.784981 -0.61952 0
    outer loop
      vertex 104.359 7.35497 46.5
      vertex 104.578 7.07748 4
      vertex 104.578 7.07748 46.5
    endloop
  endfacet
  facet normal -0.962391 -0.27167 0
    outer loop
      vertex 103.72 8.60942 4
      vertex 103.624 8.9495 46.5
      vertex 103.624 8.9495 4
    endloop
  endfacet
  facet normal -0.962391 -0.27167 0
    outer loop
      vertex 103.624 8.9495 46.5
      vertex 103.72 8.60942 4
      vertex 103.72 8.60942 46.5
    endloop
  endfacet
  facet normal -0.621052 -0.783769 0
    outer loop
      vertex 108.882 11.2135 4
      vertex 108.974 11.1406 46.5
      vertex 108.882 11.2135 46.5
    endloop
  endfacet
  facet normal -0.621052 -0.783769 -0
    outer loop
      vertex 108.974 11.1406 46.5
      vertex 108.882 11.2135 4
      vertex 108.974 11.1406 4
    endloop
  endfacet
  facet normal 0.347758 -0.937584 0
    outer loop
      vertex 107.426 11.3858 4
      vertex 107.536 11.4266 46.5
      vertex 107.426 11.3858 46.5
    endloop
  endfacet
  facet normal 0.347758 -0.937584 0
    outer loop
      vertex 107.536 11.4266 46.5
      vertex 107.426 11.3858 4
      vertex 107.536 11.4266 4
    endloop
  endfacet
  facet normal 0.909199 -0.416362 0
    outer loop
      vertex 106.614 10.574 46.5
      vertex 106.663 10.681 4
      vertex 106.663 10.681 46.5
    endloop
  endfacet
  facet normal 0.909199 -0.416362 0
    outer loop
      vertex 106.663 10.681 4
      vertex 106.614 10.574 46.5
      vertex 106.614 10.574 4
    endloop
  endfacet
  facet normal 0.418536 0.9082 -0
    outer loop
      vertex 107.426 8.61418 4
      vertex 107.319 8.66349 46.5
      vertex 107.426 8.61418 46.5
    endloop
  endfacet
  facet normal 0.418536 0.9082 0
    outer loop
      vertex 107.319 8.66349 46.5
      vertex 107.426 8.61418 4
      vertex 107.319 8.66349 4
    endloop
  endfacet
  facet normal -0.909199 -0.416362 0
    outer loop
      vertex 109.386 10.574 4
      vertex 109.337 10.681 46.5
      vertex 109.337 10.681 4
    endloop
  endfacet
  facet normal -0.909199 -0.416362 0
    outer loop
      vertex 109.337 10.681 46.5
      vertex 109.386 10.574 4
      vertex 109.386 10.574 46.5
    endloop
  endfacet
  facet normal -0.870736 -0.49175 0
    outer loop
      vertex 109.337 10.681 4
      vertex 109.279 10.7837 46.5
      vertex 109.279 10.7837 4
    endloop
  endfacet
  facet normal -0.870736 -0.49175 0
    outer loop
      vertex 109.279 10.7837 46.5
      vertex 109.337 10.681 4
      vertex 109.337 10.681 46.5
    endloop
  endfacet
  facet normal -0.347758 -0.937584 0
    outer loop
      vertex 108.464 11.4266 4
      vertex 108.574 11.3858 46.5
      vertex 108.464 11.4266 46.5
    endloop
  endfacet
  facet normal -0.347758 -0.937584 -0
    outer loop
      vertex 108.574 11.3858 46.5
      vertex 108.464 11.4266 4
      vertex 108.574 11.3858 4
    endloop
  endfacet
  facet normal -0.117974 -0.993017 0
    outer loop
      vertex 108.118 11.4954 4
      vertex 108.235 11.4815 46.5
      vertex 108.118 11.4954 46.5
    endloop
  endfacet
  facet normal -0.117974 -0.993017 -0
    outer loop
      vertex 108.235 11.4815 46.5
      vertex 108.118 11.4954 4
      vertex 108.235 11.4815 4
    endloop
  endfacet
  facet normal 0.734152 -0.678985 0
    outer loop
      vertex 106.859 10.9742 46.5
      vertex 106.939 11.0607 4
      vertex 106.939 11.0607 46.5
    endloop
  endfacet
  facet normal 0.734152 -0.678985 0
    outer loop
      vertex 106.939 11.0607 4
      vertex 106.859 10.9742 46.5
      vertex 106.859 10.9742 4
    endloop
  endfacet
  facet normal 0.117974 -0.993017 0
    outer loop
      vertex 107.765 11.4815 4
      vertex 107.882 11.4954 46.5
      vertex 107.765 11.4815 46.5
    endloop
  endfacet
  facet normal 0.117974 -0.993017 0
    outer loop
      vertex 107.882 11.4954 46.5
      vertex 107.765 11.4815 4
      vertex 107.882 11.4954 4
    endloop
  endfacet
  facet normal -0.999099 0.0424462 0
    outer loop
      vertex 109.495 9.88231 4
      vertex 109.5 10 46.5
      vertex 109.5 10 4
    endloop
  endfacet
  facet normal -0.999099 0.0424462 0
    outer loop
      vertex 109.5 10 46.5
      vertex 109.495 9.88231 4
      vertex 109.495 9.88231 46.5
    endloop
  endfacet
  facet normal -0.418536 0.9082 0
    outer loop
      vertex 108.681 8.66349 4
      vertex 108.574 8.61418 46.5
      vertex 108.681 8.66349 46.5
    endloop
  endfacet
  facet normal -0.418536 0.9082 0
    outer loop
      vertex 108.574 8.61418 46.5
      vertex 108.681 8.66349 4
      vertex 108.574 8.61418 4
    endloop
  endfacet
  facet normal -0.784959 0.619548 0
    outer loop
      vertex 109.141 9.02583 4
      vertex 109.214 9.11832 46.5
      vertex 109.214 9.11832 4
    endloop
  endfacet
  facet normal -0.784959 0.619548 0
    outer loop
      vertex 109.214 9.11832 46.5
      vertex 109.141 9.02583 4
      vertex 109.141 9.02583 46.5
    endloop
  endfacet
  facet normal 0.117555 0.993066 -0
    outer loop
      vertex 107.882 8.50462 4
      vertex 107.765 8.51847 46.5
      vertex 107.882 8.50462 46.5
    endloop
  endfacet
  facet normal 0.117555 0.993066 0
    outer loop
      vertex 107.765 8.51847 46.5
      vertex 107.882 8.50462 4
      vertex 107.765 8.51847 4
    endloop
  endfacet
  facet normal 0.676644 0.73631 -0
    outer loop
      vertex 107.026 8.85939 4
      vertex 106.939 8.93934 46.5
      vertex 107.026 8.85939 46.5
    endloop
  endfacet
  facet normal 0.676644 0.73631 0
    outer loop
      vertex 106.939 8.93934 46.5
      vertex 107.026 8.85939 4
      vertex 106.939 8.93934 4
    endloop
  endfacet
  facet normal 0.937544 0.347867 0
    outer loop
      vertex 106.614 9.42598 46.5
      vertex 106.573 9.53648 4
      vertex 106.573 9.53648 46.5
    endloop
  endfacet
  facet normal 0.937544 0.347867 0
    outer loop
      vertex 106.573 9.53648 4
      vertex 106.614 9.42598 46.5
      vertex 106.614 9.42598 4
    endloop
  endfacet
  facet normal 0.833174 0.553011 0
    outer loop
      vertex 106.786 9.11832 46.5
      vertex 106.721 9.21625 4
      vertex 106.721 9.21625 46.5
    endloop
  endfacet
  facet normal 0.833174 0.553011 0
    outer loop
      vertex 106.721 9.21625 4
      vertex 106.786 9.11832 46.5
      vertex 106.786 9.11832 4
    endloop
  endfacet
  facet normal -0.993884 -0.110432 0
    outer loop
      vertex 109.495 10.1177 4
      vertex 109.482 10.2347 46.5
      vertex 109.482 10.2347 4
    endloop
  endfacet
  facet normal -0.993884 -0.110432 0
    outer loop
      vertex 109.482 10.2347 46.5
      vertex 109.495 10.1177 4
      vertex 109.495 10.1177 46.5
    endloop
  endfacet
  facet normal -0.980744 -0.1953 0
    outer loop
      vertex 109.482 10.2347 4
      vertex 109.459 10.3502 46.5
      vertex 109.459 10.3502 4
    endloop
  endfacet
  facet normal -0.980744 -0.1953 0
    outer loop
      vertex 109.459 10.3502 46.5
      vertex 109.482 10.2347 4
      vertex 109.482 10.2347 46.5
    endloop
  endfacet
  facet normal -0.937544 -0.347867 0
    outer loop
      vertex 109.427 10.4635 4
      vertex 109.386 10.574 46.5
      vertex 109.386 10.574 4
    endloop
  endfacet
  facet normal -0.937544 -0.347867 0
    outer loop
      vertex 109.386 10.574 46.5
      vertex 109.427 10.4635 4
      vertex 109.427 10.4635 46.5
    endloop
  endfacet
  facet normal -0.734152 -0.678985 0
    outer loop
      vertex 109.141 10.9742 4
      vertex 109.061 11.0607 46.5
      vertex 109.061 11.0607 4
    endloop
  endfacet
  facet normal -0.734152 -0.678985 0
    outer loop
      vertex 109.061 11.0607 46.5
      vertex 109.141 10.9742 4
      vertex 109.141 10.9742 46.5
    endloop
  endfacet
  facet normal -0.784991 -0.619507 0
    outer loop
      vertex 109.214 10.8817 4
      vertex 109.141 10.9742 46.5
      vertex 109.141 10.9742 4
    endloop
  endfacet
  facet normal -0.784991 -0.619507 0
    outer loop
      vertex 109.141 10.9742 46.5
      vertex 109.214 10.8817 4
      vertex 109.214 10.8817 46.5
    endloop
  endfacet
  facet normal -0.676414 -0.736521 0
    outer loop
      vertex 108.974 11.1406 4
      vertex 109.061 11.0607 46.5
      vertex 108.974 11.1406 46.5
    endloop
  endfacet
  facet normal -0.676414 -0.736521 -0
    outer loop
      vertex 109.061 11.0607 46.5
      vertex 108.974 11.1406 4
      vertex 109.061 11.0607 4
    endloop
  endfacet
  facet normal -0.555679 -0.831397 0
    outer loop
      vertex 108.784 11.279 4
      vertex 108.882 11.2135 46.5
      vertex 108.784 11.279 46.5
    endloop
  endfacet
  facet normal -0.555679 -0.831397 -0
    outer loop
      vertex 108.882 11.2135 46.5
      vertex 108.784 11.279 4
      vertex 108.882 11.2135 4
    endloop
  endfacet
  facet normal -0.0389535 -0.999241 0
    outer loop
      vertex 108 11.5 4
      vertex 108.118 11.4954 46.5
      vertex 108 11.5 46.5
    endloop
  endfacet
  facet normal -0.0389535 -0.999241 -0
    outer loop
      vertex 108.118 11.4954 46.5
      vertex 108 11.5 4
      vertex 108.118 11.4954 4
    endloop
  endfacet
  facet normal -0.487441 -0.873156 0
    outer loop
      vertex 108.681 11.3365 4
      vertex 108.784 11.279 46.5
      vertex 108.681 11.3365 46.5
    endloop
  endfacet
  facet normal -0.487441 -0.873156 -0
    outer loop
      vertex 108.784 11.279 46.5
      vertex 108.681 11.3365 4
      vertex 108.784 11.279 4
    endloop
  endfacet
  facet normal -0.270256 -0.962788 0
    outer loop
      vertex 108.35 11.4586 4
      vertex 108.464 11.4266 46.5
      vertex 108.35 11.4586 46.5
    endloop
  endfacet
  facet normal -0.270256 -0.962788 -0
    outer loop
      vertex 108.464 11.4266 46.5
      vertex 108.35 11.4586 4
      vertex 108.464 11.4266 4
    endloop
  endfacet
  facet normal -0.195296 -0.980744 0
    outer loop
      vertex 108.235 11.4815 4
      vertex 108.35 11.4586 46.5
      vertex 108.235 11.4815 46.5
    endloop
  endfacet
  facet normal -0.195296 -0.980744 -0
    outer loop
      vertex 108.35 11.4586 46.5
      vertex 108.235 11.4815 4
      vertex 108.35 11.4586 4
    endloop
  endfacet
  facet normal 0.999099 -0.0424426 0
    outer loop
      vertex 106.5 10 46.5
      vertex 106.505 10.1177 4
      vertex 106.505 10.1177 46.5
    endloop
  endfacet
  facet normal 0.999099 -0.0424426 0
    outer loop
      vertex 106.505 10.1177 4
      vertex 106.5 10 46.5
      vertex 106.5 10 4
    endloop
  endfacet
  facet normal 0.937544 -0.347867 0
    outer loop
      vertex 106.573 10.4635 46.5
      vertex 106.614 10.574 4
      vertex 106.614 10.574 46.5
    endloop
  endfacet
  facet normal 0.937544 -0.347867 0
    outer loop
      vertex 106.614 10.574 4
      vertex 106.573 10.4635 46.5
      vertex 106.573 10.4635 4
    endloop
  endfacet
  facet normal 0.962353 -0.271803 0
    outer loop
      vertex 106.541 10.3502 46.5
      vertex 106.573 10.4635 4
      vertex 106.573 10.4635 46.5
    endloop
  endfacet
  facet normal 0.962353 -0.271803 0
    outer loop
      vertex 106.573 10.4635 4
      vertex 106.541 10.3502 46.5
      vertex 106.541 10.3502 4
    endloop
  endfacet
  facet normal 0.870736 -0.49175 0
    outer loop
      vertex 106.663 10.681 46.5
      vertex 106.721 10.7837 4
      vertex 106.721 10.7837 46.5
    endloop
  endfacet
  facet normal 0.870736 -0.49175 0
    outer loop
      vertex 106.721 10.7837 4
      vertex 106.663 10.681 46.5
      vertex 106.663 10.681 4
    endloop
  endfacet
  facet normal 0.833356 -0.552736 0
    outer loop
      vertex 106.721 10.7837 46.5
      vertex 106.786 10.8817 4
      vertex 106.786 10.8817 46.5
    endloop
  endfacet
  facet normal 0.833356 -0.552736 0
    outer loop
      vertex 106.786 10.8817 4
      vertex 106.721 10.7837 46.5
      vertex 106.721 10.7837 4
    endloop
  endfacet
  facet normal 0.270256 -0.962788 0
    outer loop
      vertex 107.536 11.4266 4
      vertex 107.65 11.4586 46.5
      vertex 107.536 11.4266 46.5
    endloop
  endfacet
  facet normal 0.270256 -0.962788 0
    outer loop
      vertex 107.65 11.4586 46.5
      vertex 107.536 11.4266 4
      vertex 107.65 11.4586 4
    endloop
  endfacet
  facet normal 0.0389535 -0.999241 0
    outer loop
      vertex 107.882 11.4954 4
      vertex 108 11.5 46.5
      vertex 107.882 11.4954 46.5
    endloop
  endfacet
  facet normal 0.0389535 -0.999241 0
    outer loop
      vertex 108 11.5 46.5
      vertex 107.882 11.4954 4
      vertex 108 11.5 4
    endloop
  endfacet
  facet normal 0.487441 -0.873156 0
    outer loop
      vertex 107.216 11.279 4
      vertex 107.319 11.3365 46.5
      vertex 107.216 11.279 46.5
    endloop
  endfacet
  facet normal 0.487441 -0.873156 0
    outer loop
      vertex 107.319 11.3365 46.5
      vertex 107.216 11.279 4
      vertex 107.319 11.3365 4
    endloop
  endfacet
  facet normal 0.418466 -0.908232 0
    outer loop
      vertex 107.319 11.3365 4
      vertex 107.426 11.3858 46.5
      vertex 107.319 11.3365 46.5
    endloop
  endfacet
  facet normal 0.418466 -0.908232 0
    outer loop
      vertex 107.426 11.3858 46.5
      vertex 107.319 11.3365 4
      vertex 107.426 11.3858 4
    endloop
  endfacet
  facet normal 0.676414 -0.736521 0
    outer loop
      vertex 106.939 11.0607 4
      vertex 107.026 11.1406 46.5
      vertex 106.939 11.0607 46.5
    endloop
  endfacet
  facet normal 0.676414 -0.736521 0
    outer loop
      vertex 107.026 11.1406 46.5
      vertex 106.939 11.0607 4
      vertex 107.026 11.1406 4
    endloop
  endfacet
  facet normal -0.999099 -0.0424426 0
    outer loop
      vertex 109.5 10 4
      vertex 109.495 10.1177 46.5
      vertex 109.495 10.1177 4
    endloop
  endfacet
  facet normal -0.999099 -0.0424426 0
    outer loop
      vertex 109.495 10.1177 46.5
      vertex 109.5 10 4
      vertex 109.5 10 46.5
    endloop
  endfacet
  facet normal -0.195952 0.980613 0
    outer loop
      vertex 108.35 8.54145 4
      vertex 108.235 8.51847 46.5
      vertex 108.35 8.54145 46.5
    endloop
  endfacet
  facet normal -0.195952 0.980613 0
    outer loop
      vertex 108.235 8.51847 46.5
      vertex 108.35 8.54145 4
      vertex 108.235 8.51847 4
    endloop
  endfacet
  facet normal -0.962384 0.271692 0
    outer loop
      vertex 109.427 9.53648 4
      vertex 109.459 9.64983 46.5
      vertex 109.459 9.64983 4
    endloop
  endfacet
  facet normal -0.962384 0.271692 0
    outer loop
      vertex 109.459 9.64983 46.5
      vertex 109.427 9.53648 4
      vertex 109.427 9.53648 46.5
    endloop
  endfacet
  facet normal -0.270022 0.962854 0
    outer loop
      vertex 108.464 8.57342 4
      vertex 108.35 8.54145 46.5
      vertex 108.464 8.57342 46.5
    endloop
  endfacet
  facet normal -0.270022 0.962854 0
    outer loop
      vertex 108.35 8.54145 46.5
      vertex 108.464 8.57342 4
      vertex 108.35 8.54145 4
    endloop
  endfacet
  facet normal -0.676644 0.73631 0
    outer loop
      vertex 109.061 8.93934 4
      vertex 108.974 8.85939 46.5
      vertex 109.061 8.93934 46.5
    endloop
  endfacet
  facet normal -0.676644 0.73631 0
    outer loop
      vertex 108.974 8.85939 46.5
      vertex 109.061 8.93934 4
      vertex 108.974 8.85939 4
    endloop
  endfacet
  facet normal -0.621104 0.783728 0
    outer loop
      vertex 108.974 8.85939 4
      vertex 108.882 8.78648 46.5
      vertex 108.974 8.85939 46.5
    endloop
  endfacet
  facet normal -0.621104 0.783728 0
    outer loop
      vertex 108.882 8.78648 46.5
      vertex 108.974 8.85939 4
      vertex 108.882 8.78648 4
    endloop
  endfacet
  facet normal -0.487764 0.872975 0
    outer loop
      vertex 108.784 8.72104 4
      vertex 108.681 8.66349 46.5
      vertex 108.784 8.72104 46.5
    endloop
  endfacet
  facet normal -0.487764 0.872975 0
    outer loop
      vertex 108.681 8.66349 46.5
      vertex 108.784 8.72104 4
      vertex 108.681 8.66349 4
    endloop
  endfacet
  facet normal -0.870859 0.491532 0
    outer loop
      vertex 109.279 9.21625 4
      vertex 109.337 9.31901 46.5
      vertex 109.337 9.31901 4
    endloop
  endfacet
  facet normal -0.870859 0.491532 0
    outer loop
      vertex 109.337 9.31901 46.5
      vertex 109.279 9.21625 4
      vertex 109.279 9.21625 46.5
    endloop
  endfacet
  facet normal -0.937544 0.347867 0
    outer loop
      vertex 109.386 9.42598 4
      vertex 109.427 9.53648 46.5
      vertex 109.427 9.53648 4
    endloop
  endfacet
  facet normal -0.937544 0.347867 0
    outer loop
      vertex 109.427 9.53648 46.5
      vertex 109.386 9.42598 4
      vertex 109.386 9.42598 46.5
    endloop
  endfacet
  facet normal 0.0391226 0.999234 -0
    outer loop
      vertex 108 8.5 4
      vertex 107.882 8.50462 46.5
      vertex 108 8.5 46.5
    endloop
  endfacet
  facet normal 0.0391226 0.999234 0
    outer loop
      vertex 107.882 8.50462 46.5
      vertex 108 8.5 4
      vertex 107.882 8.50462 4
    endloop
  endfacet
  facet normal 0.347459 0.937695 -0
    outer loop
      vertex 107.536 8.57342 4
      vertex 107.426 8.61418 46.5
      vertex 107.536 8.57342 46.5
    endloop
  endfacet
  facet normal 0.347459 0.937695 0
    outer loop
      vertex 107.426 8.61418 46.5
      vertex 107.536 8.57342 4
      vertex 107.426 8.61418 4
    endloop
  endfacet
  facet normal 0.270022 0.962854 -0
    outer loop
      vertex 107.65 8.54145 4
      vertex 107.536 8.57342 46.5
      vertex 107.65 8.54145 46.5
    endloop
  endfacet
  facet normal 0.270022 0.962854 0
    outer loop
      vertex 107.536 8.57342 46.5
      vertex 107.65 8.54145 4
      vertex 107.536 8.57342 4
    endloop
  endfacet
  facet normal 0.487764 0.872975 -0
    outer loop
      vertex 107.319 8.66349 4
      vertex 107.216 8.72104 46.5
      vertex 107.319 8.66349 46.5
    endloop
  endfacet
  facet normal 0.487764 0.872975 0
    outer loop
      vertex 107.216 8.72104 46.5
      vertex 107.319 8.66349 4
      vertex 107.216 8.72104 4
    endloop
  endfacet
  facet normal 0.555327 0.831632 -0
    outer loop
      vertex 107.216 8.72104 4
      vertex 107.118 8.78648 46.5
      vertex 107.216 8.72104 46.5
    endloop
  endfacet
  facet normal 0.555327 0.831632 0
    outer loop
      vertex 107.118 8.78648 46.5
      vertex 107.216 8.72104 4
      vertex 107.118 8.78648 4
    endloop
  endfacet
  facet normal 0.999099 0.0424462 0
    outer loop
      vertex 106.505 9.88231 46.5
      vertex 106.5 10 4
      vertex 106.5 10 46.5
    endloop
  endfacet
  facet normal 0.999099 0.0424462 0
    outer loop
      vertex 106.5 10 4
      vertex 106.505 9.88231 46.5
      vertex 106.505 9.88231 4
    endloop
  endfacet
  facet normal 0.909155 0.416459 0
    outer loop
      vertex 106.663 9.31901 46.5
      vertex 106.614 9.42598 4
      vertex 106.614 9.42598 46.5
    endloop
  endfacet
  facet normal 0.909155 0.416459 0
    outer loop
      vertex 106.614 9.42598 4
      vertex 106.663 9.31901 46.5
      vertex 106.663 9.31901 4
    endloop
  endfacet
  facet normal -0.962353 -0.271803 0
    outer loop
      vertex 109.459 10.3502 4
      vertex 109.427 10.4635 46.5
      vertex 109.427 10.4635 4
    endloop
  endfacet
  facet normal -0.962353 -0.271803 0
    outer loop
      vertex 109.427 10.4635 46.5
      vertex 109.459 10.3502 4
      vertex 109.459 10.3502 46.5
    endloop
  endfacet
  facet normal 0.993884 -0.110432 0
    outer loop
      vertex 106.505 10.1177 46.5
      vertex 106.518 10.2347 4
      vertex 106.518 10.2347 46.5
    endloop
  endfacet
  facet normal 0.993884 -0.110432 0
    outer loop
      vertex 106.518 10.2347 4
      vertex 106.505 10.1177 46.5
      vertex 106.505 10.1177 4
    endloop
  endfacet
  facet normal 0.980744 -0.1953 0
    outer loop
      vertex 106.518 10.2347 46.5
      vertex 106.541 10.3502 4
      vertex 106.541 10.3502 46.5
    endloop
  endfacet
  facet normal 0.980744 -0.1953 0
    outer loop
      vertex 106.541 10.3502 4
      vertex 106.518 10.2347 46.5
      vertex 106.518 10.2347 4
    endloop
  endfacet
  facet normal 0.555679 -0.831397 0
    outer loop
      vertex 107.118 11.2135 4
      vertex 107.216 11.279 46.5
      vertex 107.118 11.2135 46.5
    endloop
  endfacet
  facet normal 0.555679 -0.831397 0
    outer loop
      vertex 107.216 11.279 46.5
      vertex 107.118 11.2135 4
      vertex 107.216 11.279 4
    endloop
  endfacet
  facet normal 0.621052 -0.783769 0
    outer loop
      vertex 107.026 11.1406 4
      vertex 107.118 11.2135 46.5
      vertex 107.026 11.1406 46.5
    endloop
  endfacet
  facet normal 0.621052 -0.783769 0
    outer loop
      vertex 107.118 11.2135 46.5
      vertex 107.026 11.1406 4
      vertex 107.118 11.2135 4
    endloop
  endfacet
  facet normal -0.0391226 0.999234 0
    outer loop
      vertex 108.118 8.50462 4
      vertex 108 8.5 46.5
      vertex 108.118 8.50462 46.5
    endloop
  endfacet
  facet normal -0.0391226 0.999234 0
    outer loop
      vertex 108 8.5 46.5
      vertex 108.118 8.50462 4
      vertex 108 8.5 4
    endloop
  endfacet
  facet normal -0.98075 0.195267 0
    outer loop
      vertex 109.459 9.64983 4
      vertex 109.482 9.76535 46.5
      vertex 109.482 9.76535 4
    endloop
  endfacet
  facet normal -0.98075 0.195267 0
    outer loop
      vertex 109.482 9.76535 46.5
      vertex 109.459 9.64983 4
      vertex 109.459 9.64983 46.5
    endloop
  endfacet
  facet normal -0.99388 0.110469 0
    outer loop
      vertex 109.482 9.76535 4
      vertex 109.495 9.88231 46.5
      vertex 109.495 9.88231 4
    endloop
  endfacet
  facet normal -0.99388 0.110469 0
    outer loop
      vertex 109.495 9.88231 46.5
      vertex 109.482 9.76535 4
      vertex 109.482 9.76535 46.5
    endloop
  endfacet
  facet normal -0.117555 0.993066 0
    outer loop
      vertex 108.235 8.51847 4
      vertex 108.118 8.50462 46.5
      vertex 108.235 8.51847 46.5
    endloop
  endfacet
  facet normal -0.117555 0.993066 0
    outer loop
      vertex 108.118 8.50462 46.5
      vertex 108.235 8.51847 4
      vertex 108.118 8.50462 4
    endloop
  endfacet
  facet normal -0.347459 0.937695 0
    outer loop
      vertex 108.574 8.61418 4
      vertex 108.464 8.57342 46.5
      vertex 108.574 8.61418 46.5
    endloop
  endfacet
  facet normal -0.347459 0.937695 0
    outer loop
      vertex 108.464 8.57342 46.5
      vertex 108.574 8.61418 4
      vertex 108.464 8.57342 4
    endloop
  endfacet
  facet normal -0.734113 0.679027 0
    outer loop
      vertex 109.061 8.93934 4
      vertex 109.141 9.02583 46.5
      vertex 109.141 9.02583 4
    endloop
  endfacet
  facet normal -0.734113 0.679027 0
    outer loop
      vertex 109.141 9.02583 46.5
      vertex 109.061 8.93934 4
      vertex 109.061 8.93934 46.5
    endloop
  endfacet
  facet normal -0.555327 0.831632 0
    outer loop
      vertex 108.882 8.78648 4
      vertex 108.784 8.72104 46.5
      vertex 108.882 8.78648 46.5
    endloop
  endfacet
  facet normal -0.555327 0.831632 0
    outer loop
      vertex 108.784 8.72104 46.5
      vertex 108.882 8.78648 4
      vertex 108.784 8.72104 4
    endloop
  endfacet
  facet normal -0.909155 0.416459 0
    outer loop
      vertex 109.337 9.31901 4
      vertex 109.386 9.42598 46.5
      vertex 109.386 9.42598 4
    endloop
  endfacet
  facet normal -0.909155 0.416459 0
    outer loop
      vertex 109.386 9.42598 46.5
      vertex 109.337 9.31901 4
      vertex 109.337 9.31901 46.5
    endloop
  endfacet
  facet normal -0.833174 0.553011 0
    outer loop
      vertex 109.214 9.11832 4
      vertex 109.279 9.21625 46.5
      vertex 109.279 9.21625 4
    endloop
  endfacet
  facet normal -0.833174 0.553011 0
    outer loop
      vertex 109.279 9.21625 46.5
      vertex 109.214 9.11832 4
      vertex 109.214 9.11832 46.5
    endloop
  endfacet
  facet normal 0.621104 0.783728 -0
    outer loop
      vertex 107.118 8.78648 4
      vertex 107.026 8.85939 46.5
      vertex 107.118 8.78648 46.5
    endloop
  endfacet
  facet normal 0.621104 0.783728 0
    outer loop
      vertex 107.026 8.85939 46.5
      vertex 107.118 8.78648 4
      vertex 107.026 8.85939 4
    endloop
  endfacet
  facet normal 0.98075 0.195267 0
    outer loop
      vertex 106.541 9.64983 46.5
      vertex 106.518 9.76535 4
      vertex 106.518 9.76535 46.5
    endloop
  endfacet
  facet normal 0.98075 0.195267 0
    outer loop
      vertex 106.518 9.76535 4
      vertex 106.541 9.64983 46.5
      vertex 106.541 9.64983 4
    endloop
  endfacet
  facet normal 0.99388 0.110469 0
    outer loop
      vertex 106.518 9.76535 46.5
      vertex 106.505 9.88231 4
      vertex 106.505 9.88231 46.5
    endloop
  endfacet
  facet normal 0.99388 0.110469 0
    outer loop
      vertex 106.505 9.88231 4
      vertex 106.518 9.76535 46.5
      vertex 106.518 9.76535 4
    endloop
  endfacet
  facet normal 0.870859 0.491532 0
    outer loop
      vertex 106.721 9.21625 46.5
      vertex 106.663 9.31901 4
      vertex 106.663 9.31901 46.5
    endloop
  endfacet
  facet normal 0.870859 0.491532 0
    outer loop
      vertex 106.663 9.31901 4
      vertex 106.721 9.21625 46.5
      vertex 106.721 9.21625 4
    endloop
  endfacet
  facet normal 0.734113 0.679027 0
    outer loop
      vertex 106.939 8.93934 46.5
      vertex 106.859 9.02583 4
      vertex 106.859 9.02583 46.5
    endloop
  endfacet
  facet normal 0.734113 0.679027 0
    outer loop
      vertex 106.859 9.02583 4
      vertex 106.939 8.93934 46.5
      vertex 106.939 8.93934 4
    endloop
  endfacet
  facet normal -0.833356 -0.552736 0
    outer loop
      vertex 109.279 10.7837 4
      vertex 109.214 10.8817 46.5
      vertex 109.214 10.8817 4
    endloop
  endfacet
  facet normal -0.833356 -0.552736 0
    outer loop
      vertex 109.214 10.8817 46.5
      vertex 109.279 10.7837 4
      vertex 109.279 10.7837 46.5
    endloop
  endfacet
  facet normal -0.418466 -0.908232 0
    outer loop
      vertex 108.574 11.3858 4
      vertex 108.681 11.3365 46.5
      vertex 108.574 11.3858 46.5
    endloop
  endfacet
  facet normal -0.418466 -0.908232 -0
    outer loop
      vertex 108.681 11.3365 46.5
      vertex 108.574 11.3858 4
      vertex 108.681 11.3365 4
    endloop
  endfacet
  facet normal 0.784991 -0.619507 0
    outer loop
      vertex 106.786 10.8817 46.5
      vertex 106.859 10.9742 4
      vertex 106.859 10.9742 46.5
    endloop
  endfacet
  facet normal 0.784991 -0.619507 0
    outer loop
      vertex 106.859 10.9742 4
      vertex 106.786 10.8817 46.5
      vertex 106.786 10.8817 4
    endloop
  endfacet
  facet normal 0.195296 -0.980744 0
    outer loop
      vertex 107.65 11.4586 4
      vertex 107.765 11.4815 46.5
      vertex 107.65 11.4586 46.5
    endloop
  endfacet
  facet normal 0.195296 -0.980744 0
    outer loop
      vertex 107.765 11.4815 46.5
      vertex 107.65 11.4586 4
      vertex 107.765 11.4815 4
    endloop
  endfacet
  facet normal 0.195952 0.980613 -0
    outer loop
      vertex 107.765 8.51847 4
      vertex 107.65 8.54145 46.5
      vertex 107.765 8.51847 46.5
    endloop
  endfacet
  facet normal 0.195952 0.980613 0
    outer loop
      vertex 107.65 8.54145 46.5
      vertex 107.765 8.51847 4
      vertex 107.65 8.54145 4
    endloop
  endfacet
  facet normal 0.962384 0.271692 0
    outer loop
      vertex 106.573 9.53648 46.5
      vertex 106.541 9.64983 4
      vertex 106.541 9.64983 46.5
    endloop
  endfacet
  facet normal 0.962384 0.271692 0
    outer loop
      vertex 106.541 9.64983 4
      vertex 106.573 9.53648 46.5
      vertex 106.573 9.53648 4
    endloop
  endfacet
  facet normal 0.784959 0.619548 0
    outer loop
      vertex 106.859 9.02583 46.5
      vertex 106.786 9.11832 4
      vertex 106.786 9.11832 46.5
    endloop
  endfacet
  facet normal 0.784959 0.619548 0
    outer loop
      vertex 106.786 9.11832 4
      vertex 106.859 9.02583 46.5
      vertex 106.859 9.02583 4
    endloop
  endfacet
  facet normal 0.999215 0.0396177 0
    outer loop
      vertex 112.5 60 46.5
      vertex 112.486 60.3531 4
      vertex 112.486 60.3531 46.5
    endloop
  endfacet
  facet normal 0.999215 0.0396177 0
    outer loop
      vertex 112.486 60.3531 4
      vertex 112.5 60 46.5
      vertex 112.5 60 4
    endloop
  endfacet
  facet normal -0.999215 0.0396177 0
    outer loop
      vertex 103.5 60 4
      vertex 103.514 60.3531 46.5
      vertex 103.514 60.3531 4
    endloop
  endfacet
  facet normal -0.999215 0.0396177 0
    outer loop
      vertex 103.514 60.3531 46.5
      vertex 103.5 60 4
      vertex 103.5 60 46.5
    endloop
  endfacet
  facet normal 0.0393463 0.999226 -0
    outer loop
      vertex 108.353 64.4861 4
      vertex 108 64.5 46.5
      vertex 108.353 64.4861 46.5
    endloop
  endfacet
  facet normal 0.0393463 0.999226 0
    outer loop
      vertex 108 64.5 46.5
      vertex 108.353 64.4861 4
      vertex 108 64.5 4
    endloop
  endfacet
  facet normal 0.734152 0.678985 0
    outer loop
      vertex 111.422 62.9225 46.5
      vertex 111.182 63.182 4
      vertex 111.182 63.182 46.5
    endloop
  endfacet
  facet normal 0.734152 0.678985 0
    outer loop
      vertex 111.182 63.182 4
      vertex 111.422 62.9225 46.5
      vertex 111.422 62.9225 4
    endloop
  endfacet
  facet normal -0.679385 0.733782 0
    outer loop
      vertex 105.077 63.4218 4
      vertex 104.818 63.182 46.5
      vertex 105.077 63.4218 46.5
    endloop
  endfacet
  facet normal -0.679385 0.733782 0
    outer loop
      vertex 104.818 63.182 46.5
      vertex 105.077 63.4218 4
      vertex 104.818 63.182 4
    endloop
  endfacet
  facet normal -0.346585 0.938019 0
    outer loop
      vertex 106.609 64.2798 4
      vertex 106.278 64.1575 46.5
      vertex 106.609 64.2798 46.5
    endloop
  endfacet
  facet normal -0.346585 0.938019 0
    outer loop
      vertex 106.278 64.1575 46.5
      vertex 106.609 64.2798 4
      vertex 106.278 64.1575 4
    endloop
  endfacet
  facet normal 0.937544 0.347867 0
    outer loop
      vertex 112.28 61.3906 46.5
      vertex 112.157 61.7221 4
      vertex 112.157 61.7221 46.5
    endloop
  endfacet
  facet normal 0.937544 0.347867 0
    outer loop
      vertex 112.157 61.7221 4
      vertex 112.28 61.3906 46.5
      vertex 112.28 61.3906 4
    endloop
  endfacet
  facet normal 0.418699 0.908125 -0
    outer loop
      vertex 110.043 64.0095 4
      vertex 109.722 64.1575 46.5
      vertex 110.043 64.0095 46.5
    endloop
  endfacet
  facet normal 0.418699 0.908125 0
    outer loop
      vertex 109.722 64.1575 46.5
      vertex 110.043 64.0095 4
      vertex 109.722 64.1575 4
    endloop
  endfacet
  facet normal -0.872013 0.489482 0
    outer loop
      vertex 103.99 62.043 4
      vertex 104.163 62.3512 46.5
      vertex 104.163 62.3512 4
    endloop
  endfacet
  facet normal -0.872013 0.489482 0
    outer loop
      vertex 104.163 62.3512 46.5
      vertex 103.99 62.043 4
      vertex 103.99 62.043 46.5
    endloop
  endfacet
  facet normal 0.872013 -0.489482 0
    outer loop
      vertex 111.837 57.6488 46.5
      vertex 112.01 57.957 4
      vertex 112.01 57.957 46.5
    endloop
  endfacet
  facet normal 0.872013 -0.489482 0
    outer loop
      vertex 112.01 57.957 4
      vertex 111.837 57.6488 46.5
      vertex 111.837 57.6488 4
    endloop
  endfacet
  facet normal 0.194757 -0.980852 0
    outer loop
      vertex 108.704 55.5554 4
      vertex 109.051 55.6243 46.5
      vertex 108.704 55.5554 46.5
    endloop
  endfacet
  facet normal 0.194757 -0.980852 0
    outer loop
      vertex 109.051 55.6243 46.5
      vertex 108.704 55.5554 4
      vertex 109.051 55.6243 4
    endloop
  endfacet
  facet normal 0.679385 -0.733782 0
    outer loop
      vertex 110.923 56.5782 4
      vertex 111.182 56.818 46.5
      vertex 110.923 56.5782 46.5
    endloop
  endfacet
  facet normal 0.679385 -0.733782 0
    outer loop
      vertex 111.182 56.818 46.5
      vertex 110.923 56.5782 4
      vertex 111.182 56.818 4
    endloop
  endfacet
  facet normal 0.993243 -0.116053 0
    outer loop
      vertex 112.445 59.296 46.5
      vertex 112.486 59.6469 4
      vertex 112.486 59.6469 46.5
    endloop
  endfacet
  facet normal 0.993243 -0.116053 0
    outer loop
      vertex 112.486 59.6469 4
      vertex 112.445 59.296 46.5
      vertex 112.445 59.296 4
    endloop
  endfacet
  facet normal -0.346585 -0.938019 0
    outer loop
      vertex 106.278 55.8425 4
      vertex 106.609 55.7202 46.5
      vertex 106.278 55.8425 46.5
    endloop
  endfacet
  facet normal -0.346585 -0.938019 -0
    outer loop
      vertex 106.609 55.7202 46.5
      vertex 106.278 55.8425 4
      vertex 106.609 55.7202 4
    endloop
  endfacet
  facet normal -0.488862 -0.872361 0
    outer loop
      vertex 105.649 56.1631 4
      vertex 105.957 55.9905 46.5
      vertex 105.649 56.1631 46.5
    endloop
  endfacet
  facet normal -0.488862 -0.872361 -0
    outer loop
      vertex 105.957 55.9905 46.5
      vertex 105.649 56.1631 4
      vertex 105.957 55.9905 4
    endloop
  endfacet
  facet normal 0.90915 0.416469 0
    outer loop
      vertex 112.157 61.7221 46.5
      vertex 112.01 62.043 4
      vertex 112.01 62.043 46.5
    endloop
  endfacet
  facet normal 0.90915 0.416469 0
    outer loop
      vertex 112.01 62.043 4
      vertex 112.157 61.7221 46.5
      vertex 112.157 61.7221 4
    endloop
  endfacet
  facet normal 0.872013 0.489482 0
    outer loop
      vertex 112.01 62.043 46.5
      vertex 111.837 62.3512 4
      vertex 111.837 62.3512 46.5
    endloop
  endfacet
  facet normal 0.872013 0.489482 0
    outer loop
      vertex 111.837 62.3512 4
      vertex 112.01 62.043 46.5
      vertex 112.01 62.043 4
    endloop
  endfacet
  facet normal 0.784991 0.619507 0
    outer loop
      vertex 111.641 62.645 46.5
      vertex 111.422 62.9225 4
      vertex 111.422 62.9225 46.5
    endloop
  endfacet
  facet normal 0.784991 0.619507 0
    outer loop
      vertex 111.422 62.9225 4
      vertex 111.641 62.645 46.5
      vertex 111.641 62.645 4
    endloop
  endfacet
  facet normal 0.831876 0.554962 0
    outer loop
      vertex 111.837 62.3512 46.5
      vertex 111.641 62.645 4
      vertex 111.641 62.645 46.5
    endloop
  endfacet
  facet normal 0.831876 0.554962 0
    outer loop
      vertex 111.641 62.645 4
      vertex 111.837 62.3512 46.5
      vertex 111.837 62.3512 4
    endloop
  endfacet
  facet normal 0.194757 0.980852 -0
    outer loop
      vertex 109.051 64.3757 4
      vertex 108.704 64.4446 46.5
      vertex 109.051 64.3757 46.5
    endloop
  endfacet
  facet normal 0.194757 0.980852 0
    outer loop
      vertex 108.704 64.4446 46.5
      vertex 109.051 64.3757 4
      vertex 108.704 64.4446 4
    endloop
  endfacet
  facet normal 0.346585 0.938019 -0
    outer loop
      vertex 109.722 64.1575 4
      vertex 109.391 64.2798 46.5
      vertex 109.722 64.1575 46.5
    endloop
  endfacet
  facet normal 0.346585 0.938019 0
    outer loop
      vertex 109.391 64.2798 46.5
      vertex 109.722 64.1575 4
      vertex 109.391 64.2798 4
    endloop
  endfacet
  facet normal 0.117416 0.993083 -0
    outer loop
      vertex 108.704 64.4446 4
      vertex 108.353 64.4861 46.5
      vertex 108.704 64.4446 46.5
    endloop
  endfacet
  facet normal 0.117416 0.993083 0
    outer loop
      vertex 108.353 64.4861 46.5
      vertex 108.704 64.4446 4
      vertex 108.353 64.4861 4
    endloop
  endfacet
  facet normal 0.679385 0.733782 -0
    outer loop
      vertex 111.182 63.182 4
      vertex 110.923 63.4218 46.5
      vertex 111.182 63.182 46.5
    endloop
  endfacet
  facet normal 0.679385 0.733782 0
    outer loop
      vertex 110.923 63.4218 46.5
      vertex 111.182 63.182 4
      vertex 110.923 63.4218 4
    endloop
  endfacet
  facet normal -0.980744 0.1953 0
    outer loop
      vertex 103.555 60.704 4
      vertex 103.624 61.0505 46.5
      vertex 103.624 61.0505 4
    endloop
  endfacet
  facet normal -0.980744 0.1953 0
    outer loop
      vertex 103.624 61.0505 46.5
      vertex 103.555 60.704 4
      vertex 103.555 60.704 46.5
    endloop
  endfacet
  facet normal -0.90915 0.416469 0
    outer loop
      vertex 103.843 61.7221 4
      vertex 103.99 62.043 46.5
      vertex 103.99 62.043 4
    endloop
  endfacet
  facet normal -0.90915 0.416469 0
    outer loop
      vertex 103.99 62.043 46.5
      vertex 103.843 61.7221 4
      vertex 103.843 61.7221 46.5
    endloop
  endfacet
  facet normal -0.937544 0.347867 0
    outer loop
      vertex 103.72 61.3906 4
      vertex 103.843 61.7221 46.5
      vertex 103.843 61.7221 4
    endloop
  endfacet
  facet normal -0.937544 0.347867 0
    outer loop
      vertex 103.843 61.7221 46.5
      vertex 103.72 61.3906 4
      vertex 103.72 61.3906 46.5
    endloop
  endfacet
  facet normal -0.993243 0.116053 0
    outer loop
      vertex 103.514 60.3531 4
      vertex 103.555 60.704 46.5
      vertex 103.555 60.704 4
    endloop
  endfacet
  facet normal -0.993243 0.116053 0
    outer loop
      vertex 103.555 60.704 46.5
      vertex 103.514 60.3531 4
      vertex 103.514 60.3531 46.5
    endloop
  endfacet
  facet normal -0.418699 0.908125 0
    outer loop
      vertex 106.278 64.1575 4
      vertex 105.957 64.0095 46.5
      vertex 106.278 64.1575 46.5
    endloop
  endfacet
  facet normal -0.418699 0.908125 0
    outer loop
      vertex 105.957 64.0095 46.5
      vertex 106.278 64.1575 4
      vertex 105.957 64.0095 4
    endloop
  endfacet
  facet normal -0.488862 0.872361 0
    outer loop
      vertex 105.957 64.0095 4
      vertex 105.649 63.8369 46.5
      vertex 105.957 64.0095 46.5
    endloop
  endfacet
  facet normal -0.488862 0.872361 0
    outer loop
      vertex 105.649 63.8369 46.5
      vertex 105.957 64.0095 4
      vertex 105.649 63.8369 4
    endloop
  endfacet
  facet normal -0.61847 0.785808 0
    outer loop
      vertex 105.355 63.6406 4
      vertex 105.077 63.4218 46.5
      vertex 105.355 63.6406 46.5
    endloop
  endfacet
  facet normal -0.61847 0.785808 0
    outer loop
      vertex 105.077 63.4218 46.5
      vertex 105.355 63.6406 4
      vertex 105.077 63.4218 4
    endloop
  endfacet
  facet normal -0.0393463 0.999226 0
    outer loop
      vertex 108 64.5 4
      vertex 107.647 64.4861 46.5
      vertex 108 64.5 46.5
    endloop
  endfacet
  facet normal -0.0393463 0.999226 0
    outer loop
      vertex 107.647 64.4861 46.5
      vertex 108 64.5 4
      vertex 107.647 64.4861 4
    endloop
  endfacet
  facet normal -0.271467 0.962448 0
    outer loop
      vertex 106.949 64.3757 4
      vertex 106.609 64.2798 46.5
      vertex 106.949 64.3757 46.5
    endloop
  endfacet
  facet normal -0.271467 0.962448 0
    outer loop
      vertex 106.609 64.2798 46.5
      vertex 106.949 64.3757 4
      vertex 106.609 64.2798 4
    endloop
  endfacet
  facet normal -0.117416 0.993083 0
    outer loop
      vertex 107.647 64.4861 4
      vertex 107.296 64.4446 46.5
      vertex 107.647 64.4861 46.5
    endloop
  endfacet
  facet normal -0.117416 0.993083 0
    outer loop
      vertex 107.296 64.4446 46.5
      vertex 107.647 64.4861 4
      vertex 107.296 64.4446 4
    endloop
  endfacet
  facet normal 0.999215 -0.0396177 0
    outer loop
      vertex 112.486 59.6469 46.5
      vertex 112.5 60 4
      vertex 112.5 60 46.5
    endloop
  endfacet
  facet normal 0.999215 -0.0396177 0
    outer loop
      vertex 112.5 60 4
      vertex 112.486 59.6469 46.5
      vertex 112.486 59.6469 4
    endloop
  endfacet
  facet normal 0.0393463 -0.999226 0
    outer loop
      vertex 108 55.5 4
      vertex 108.353 55.5139 46.5
      vertex 108 55.5 46.5
    endloop
  endfacet
  facet normal 0.0393463 -0.999226 0
    outer loop
      vertex 108.353 55.5139 46.5
      vertex 108 55.5 4
      vertex 108.353 55.5139 4
    endloop
  endfacet
  facet normal 0.117416 -0.993083 0
    outer loop
      vertex 108.353 55.5139 4
      vertex 108.704 55.5554 46.5
      vertex 108.353 55.5139 46.5
    endloop
  endfacet
  facet normal 0.117416 -0.993083 0
    outer loop
      vertex 108.704 55.5554 46.5
      vertex 108.353 55.5139 4
      vertex 108.704 55.5554 4
    endloop
  endfacet
  facet normal 0.418699 -0.908125 0
    outer loop
      vertex 109.722 55.8425 4
      vertex 110.043 55.9905 46.5
      vertex 109.722 55.8425 46.5
    endloop
  endfacet
  facet normal 0.418699 -0.908125 0
    outer loop
      vertex 110.043 55.9905 46.5
      vertex 109.722 55.8425 4
      vertex 110.043 55.9905 4
    endloop
  endfacet
  facet normal 0.734152 -0.678985 0
    outer loop
      vertex 111.182 56.818 46.5
      vertex 111.422 57.0775 4
      vertex 111.422 57.0775 46.5
    endloop
  endfacet
  facet normal 0.734152 -0.678985 0
    outer loop
      vertex 111.422 57.0775 4
      vertex 111.182 56.818 46.5
      vertex 111.182 56.818 4
    endloop
  endfacet
  facet normal -0.117416 -0.993083 0
    outer loop
      vertex 107.296 55.5554 4
      vertex 107.647 55.5139 46.5
      vertex 107.296 55.5554 46.5
    endloop
  endfacet
  facet normal -0.117416 -0.993083 -0
    outer loop
      vertex 107.647 55.5139 46.5
      vertex 107.296 55.5554 4
      vertex 107.647 55.5139 4
    endloop
  endfacet
  facet normal -0.679385 -0.733782 0
    outer loop
      vertex 104.818 56.818 4
      vertex 105.077 56.5782 46.5
      vertex 104.818 56.818 46.5
    endloop
  endfacet
  facet normal -0.679385 -0.733782 -0
    outer loop
      vertex 105.077 56.5782 46.5
      vertex 104.818 56.818 4
      vertex 105.077 56.5782 4
    endloop
  endfacet
  facet normal -0.418699 -0.908125 0
    outer loop
      vertex 105.957 55.9905 4
      vertex 106.278 55.8425 46.5
      vertex 105.957 55.9905 46.5
    endloop
  endfacet
  facet normal -0.418699 -0.908125 -0
    outer loop
      vertex 106.278 55.8425 46.5
      vertex 105.957 55.9905 4
      vertex 106.278 55.8425 4
    endloop
  endfacet
  facet normal -0.0393463 -0.999226 0
    outer loop
      vertex 107.647 55.5139 4
      vertex 108 55.5 46.5
      vertex 107.647 55.5139 46.5
    endloop
  endfacet
  facet normal -0.0393463 -0.999226 -0
    outer loop
      vertex 108 55.5 46.5
      vertex 107.647 55.5139 4
      vertex 108 55.5 4
    endloop
  endfacet
  facet normal -0.555288 -0.831658 0
    outer loop
      vertex 105.355 56.3594 4
      vertex 105.649 56.1631 46.5
      vertex 105.355 56.3594 46.5
    endloop
  endfacet
  facet normal -0.555288 -0.831658 -0
    outer loop
      vertex 105.649 56.1631 46.5
      vertex 105.355 56.3594 4
      vertex 105.649 56.1631 4
    endloop
  endfacet
  facet normal -0.734152 -0.678985 0
    outer loop
      vertex 104.818 56.818 4
      vertex 104.578 57.0775 46.5
      vertex 104.578 57.0775 4
    endloop
  endfacet
  facet normal -0.734152 -0.678985 0
    outer loop
      vertex 104.578 57.0775 46.5
      vertex 104.818 56.818 4
      vertex 104.818 56.818 46.5
    endloop
  endfacet
  facet normal -0.90915 -0.416469 0
    outer loop
      vertex 103.99 57.957 4
      vertex 103.843 58.2779 46.5
      vertex 103.843 58.2779 4
    endloop
  endfacet
  facet normal -0.90915 -0.416469 0
    outer loop
      vertex 103.843 58.2779 46.5
      vertex 103.99 57.957 4
      vertex 103.99 57.957 46.5
    endloop
  endfacet
  facet normal -0.999215 -0.0396177 0
    outer loop
      vertex 103.514 59.6469 4
      vertex 103.5 60 46.5
      vertex 103.5 60 4
    endloop
  endfacet
  facet normal -0.999215 -0.0396177 0
    outer loop
      vertex 103.5 60 46.5
      vertex 103.514 59.6469 4
      vertex 103.514 59.6469 46.5
    endloop
  endfacet
  facet normal -0.937544 -0.347867 0
    outer loop
      vertex 103.843 58.2779 4
      vertex 103.72 58.6094 46.5
      vertex 103.72 58.6094 4
    endloop
  endfacet
  facet normal -0.937544 -0.347867 0
    outer loop
      vertex 103.72 58.6094 46.5
      vertex 103.843 58.2779 4
      vertex 103.843 58.2779 46.5
    endloop
  endfacet
  facet normal 0.271467 0.962448 -0
    outer loop
      vertex 109.391 64.2798 4
      vertex 109.051 64.3757 46.5
      vertex 109.391 64.2798 46.5
    endloop
  endfacet
  facet normal 0.271467 0.962448 0
    outer loop
      vertex 109.051 64.3757 46.5
      vertex 109.391 64.2798 4
      vertex 109.051 64.3757 4
    endloop
  endfacet
  facet normal 0.488862 0.872361 -0
    outer loop
      vertex 110.351 63.8369 4
      vertex 110.043 64.0095 46.5
      vertex 110.351 63.8369 46.5
    endloop
  endfacet
  facet normal 0.488862 0.872361 0
    outer loop
      vertex 110.043 64.0095 46.5
      vertex 110.351 63.8369 4
      vertex 110.043 64.0095 4
    endloop
  endfacet
  facet normal 0.61847 0.785808 -0
    outer loop
      vertex 110.923 63.4218 4
      vertex 110.645 63.6406 46.5
      vertex 110.923 63.4218 46.5
    endloop
  endfacet
  facet normal 0.61847 0.785808 0
    outer loop
      vertex 110.645 63.6406 46.5
      vertex 110.923 63.4218 4
      vertex 110.645 63.6406 4
    endloop
  endfacet
  facet normal 0.555288 0.831658 -0
    outer loop
      vertex 110.645 63.6406 4
      vertex 110.351 63.8369 46.5
      vertex 110.645 63.6406 46.5
    endloop
  endfacet
  facet normal 0.555288 0.831658 0
    outer loop
      vertex 110.351 63.8369 46.5
      vertex 110.645 63.6406 4
      vertex 110.351 63.8369 4
    endloop
  endfacet
  facet normal 0 0 1
    outer loop
      vertex 109.5 60 46.5
      vertex 112.5 60 46.5
      vertex 112.486 60.3531 46.5
    endloop
  endfacet
  facet normal 0 0 1
    outer loop
      vertex 109.495 60.1177 46.5
      vertex 112.486 60.3531 46.5
      vertex 112.445 60.704 46.5
    endloop
  endfacet
  facet normal 0 0 1
    outer loop
      vertex 112.5 60 46.5
      vertex 109.5 60 46.5
      vertex 112.486 59.6469 46.5
    endloop
  endfacet
  facet normal 0 0 1
    outer loop
      vertex 109.482 60.2346 46.5
      vertex 112.445 60.704 46.5
      vertex 112.376 61.0505 46.5
    endloop
  endfacet
  facet normal -0 0 1
    outer loop
      vertex 109.495 59.8823 46.5
      vertex 112.486 59.6469 46.5
      vertex 109.5 60 46.5
    endloop
  endfacet
  facet normal 0 0 1
    outer loop
      vertex 109.459 60.3502 46.5
      vertex 112.376 61.0505 46.5
      vertex 112.28 61.3906 46.5
    endloop
  endfacet
  facet normal 0 0 1
    outer loop
      vertex 112.486 59.6469 46.5
      vertex 109.495 59.8823 46.5
      vertex 112.445 59.296 46.5
    endloop
  endfacet
  facet normal 0 0 1
    outer loop
      vertex 109.427 60.4635 46.5
      vertex 112.28 61.3906 46.5
      vertex 112.157 61.7221 46.5
    endloop
  endfacet
  facet normal -0 0 1
    outer loop
      vertex 109.482 59.7654 46.5
      vertex 112.445 59.296 46.5
      vertex 109.495 59.8823 46.5
    endloop
  endfacet
  facet normal 0 0 1
    outer loop
      vertex 109.386 60.574 46.5
      vertex 112.157 61.7221 46.5
      vertex 112.01 62.043 46.5
    endloop
  endfacet
  facet normal 0 0 1
    outer loop
      vertex 112.445 59.296 46.5
      vertex 109.482 59.7654 46.5
      vertex 112.376 58.9495 46.5
    endloop
  endfacet
  facet normal 0 0 1
    outer loop
      vertex 109.337 60.681 46.5
      vertex 112.01 62.043 46.5
      vertex 111.837 62.3512 46.5
    endloop
  endfacet
  facet normal -0 0 1
    outer loop
      vertex 109.459 59.6498 46.5
      vertex 112.376 58.9495 46.5
      vertex 109.482 59.7654 46.5
    endloop
  endfacet
  facet normal 0 0 1
    outer loop
      vertex 109.279 60.7837 46.5
      vertex 111.837 62.3512 46.5
      vertex 111.641 62.645 46.5
    endloop
  endfacet
  facet normal 0 0 1
    outer loop
      vertex 112.376 58.9495 46.5
      vertex 109.459 59.6498 46.5
      vertex 112.28 58.6094 46.5
    endloop
  endfacet
  facet normal 0 0 1
    outer loop
      vertex 109.214 60.8817 46.5
      vertex 111.641 62.645 46.5
      vertex 111.422 62.9225 46.5
    endloop
  endfacet
  facet normal -0 0 1
    outer loop
      vertex 109.427 59.5365 46.5
      vertex 112.28 58.6094 46.5
      vertex 109.459 59.6498 46.5
    endloop
  endfacet
  facet normal 0 0 1
    outer loop
      vertex 109.141 60.9742 46.5
      vertex 111.422 62.9225 46.5
      vertex 111.182 63.182 46.5
    endloop
  endfacet
  facet normal 0 0 1
    outer loop
      vertex 112.28 58.6094 46.5
      vertex 109.427 59.5365 46.5
      vertex 112.157 58.2779 46.5
    endloop
  endfacet
  facet normal 0 0 1
    outer loop
      vertex 109.061 61.0607 46.5
      vertex 111.182 63.182 46.5
      vertex 110.923 63.4218 46.5
    endloop
  endfacet
  facet normal -0 0 1
    outer loop
      vertex 109.386 59.426 46.5
      vertex 112.157 58.2779 46.5
      vertex 109.427 59.5365 46.5
    endloop
  endfacet
  facet normal 0 0 1
    outer loop
      vertex 108.974 61.1406 46.5
      vertex 110.923 63.4218 46.5
      vertex 110.645 63.6406 46.5
    endloop
  endfacet
  facet normal 0 0 1
    outer loop
      vertex 112.157 58.2779 46.5
      vertex 109.386 59.426 46.5
      vertex 112.01 57.957 46.5
    endloop
  endfacet
  facet normal 0 0 1
    outer loop
      vertex 108.882 61.2135 46.5
      vertex 110.645 63.6406 46.5
      vertex 110.351 63.8369 46.5
    endloop
  endfacet
  facet normal -0 0 1
    outer loop
      vertex 109.337 59.319 46.5
      vertex 112.01 57.957 46.5
      vertex 109.386 59.426 46.5
    endloop
  endfacet
  facet normal 0 0 1
    outer loop
      vertex 108.784 61.279 46.5
      vertex 110.351 63.8369 46.5
      vertex 110.043 64.0095 46.5
    endloop
  endfacet
  facet normal 0 0 1
    outer loop
      vertex 112.01 57.957 46.5
      vertex 109.337 59.319 46.5
      vertex 111.837 57.6488 46.5
    endloop
  endfacet
  facet normal 0 0 1
    outer loop
      vertex 108.681 61.3365 46.5
      vertex 110.043 64.0095 46.5
      vertex 109.722 64.1575 46.5
    endloop
  endfacet
  facet normal -0 0 1
    outer loop
      vertex 109.279 59.2163 46.5
      vertex 111.837 57.6488 46.5
      vertex 109.337 59.319 46.5
    endloop
  endfacet
  facet normal 0 0 1
    outer loop
      vertex 111.837 57.6488 46.5
      vertex 109.279 59.2163 46.5
      vertex 111.641 57.355 46.5
    endloop
  endfacet
  facet normal 0 0 1
    outer loop
      vertex 112.486 60.3531 46.5
      vertex 109.495 60.1177 46.5
      vertex 109.5 60 46.5
    endloop
  endfacet
  facet normal 0 0 1
    outer loop
      vertex 112.445 60.704 46.5
      vertex 109.482 60.2346 46.5
      vertex 109.495 60.1177 46.5
    endloop
  endfacet
  facet normal 0 0 1
    outer loop
      vertex 112.376 61.0505 46.5
      vertex 109.459 60.3502 46.5
      vertex 109.482 60.2346 46.5
    endloop
  endfacet
  facet normal 0 0 1
    outer loop
      vertex 112.28 61.3906 46.5
      vertex 109.427 60.4635 46.5
      vertex 109.459 60.3502 46.5
    endloop
  endfacet
  facet normal 0 0 1
    outer loop
      vertex 108.574 61.3858 46.5
      vertex 109.722 64.1575 46.5
      vertex 109.391 64.2798 46.5
    endloop
  endfacet
  facet normal 0 0 1
    outer loop
      vertex 112.157 61.7221 46.5
      vertex 109.386 60.574 46.5
      vertex 109.427 60.4635 46.5
    endloop
  endfacet
  facet normal 0 0 1
    outer loop
      vertex 112.01 62.043 46.5
      vertex 109.337 60.681 46.5
      vertex 109.386 60.574 46.5
    endloop
  endfacet
  facet normal 0 0 1
    outer loop
      vertex 111.837 62.3512 46.5
      vertex 109.279 60.7837 46.5
      vertex 109.337 60.681 46.5
    endloop
  endfacet
  facet normal 0 0 1
    outer loop
      vertex 111.641 62.645 46.5
      vertex 109.214 60.8817 46.5
      vertex 109.279 60.7837 46.5
    endloop
  endfacet
  facet normal 0 0 1
    outer loop
      vertex 111.422 62.9225 46.5
      vertex 109.141 60.9742 46.5
      vertex 109.214 60.8817 46.5
    endloop
  endfacet
  facet normal 0 0 1
    outer loop
      vertex 111.182 63.182 46.5
      vertex 109.061 61.0607 46.5
      vertex 109.141 60.9742 46.5
    endloop
  endfacet
  facet normal 0 0 1
    outer loop
      vertex 108.464 61.4266 46.5
      vertex 109.391 64.2798 46.5
      vertex 109.051 64.3757 46.5
    endloop
  endfacet
  facet normal 0 0 1
    outer loop
      vertex 110.923 63.4218 46.5
      vertex 108.974 61.1406 46.5
      vertex 109.061 61.0607 46.5
    endloop
  endfacet
  facet normal 0 0 1
    outer loop
      vertex 110.645 63.6406 46.5
      vertex 108.882 61.2135 46.5
      vertex 108.974 61.1406 46.5
    endloop
  endfacet
  facet normal 0 0 1
    outer loop
      vertex 110.351 63.8369 46.5
      vertex 108.784 61.279 46.5
      vertex 108.882 61.2135 46.5
    endloop
  endfacet
  facet normal 0 0 1
    outer loop
      vertex 108.35 61.4586 46.5
      vertex 109.051 64.3757 46.5
      vertex 108.704 64.4446 46.5
    endloop
  endfacet
  facet normal 0 0 1
    outer loop
      vertex 110.043 64.0095 46.5
      vertex 108.681 61.3365 46.5
      vertex 108.784 61.279 46.5
    endloop
  endfacet
  facet normal 0 0 1
    outer loop
      vertex 109.722 64.1575 46.5
      vertex 108.574 61.3858 46.5
      vertex 108.681 61.3365 46.5
    endloop
  endfacet
  facet normal 0 0 1
    outer loop
      vertex 109.391 64.2798 46.5
      vertex 108.464 61.4266 46.5
      vertex 108.574 61.3858 46.5
    endloop
  endfacet
  facet normal 0 0 1
    outer loop
      vertex 108.235 61.4815 46.5
      vertex 108.704 64.4446 46.5
      vertex 108.353 64.4861 46.5
    endloop
  endfacet
  facet normal 0 0 1
    outer loop
      vertex 109.051 64.3757 46.5
      vertex 108.35 61.4586 46.5
      vertex 108.464 61.4266 46.5
    endloop
  endfacet
  facet normal 0 0 1
    outer loop
      vertex 108.704 64.4446 46.5
      vertex 108.235 61.4815 46.5
      vertex 108.35 61.4586 46.5
    endloop
  endfacet
  facet normal 0 0 1
    outer loop
      vertex 108.353 64.4861 46.5
      vertex 108.118 61.4954 46.5
      vertex 108.235 61.4815 46.5
    endloop
  endfacet
  facet normal 0 0 1
    outer loop
      vertex 108 64.5 46.5
      vertex 108.118 61.4954 46.5
      vertex 108.353 64.4861 46.5
    endloop
  endfacet
  facet normal 0 0 1
    outer loop
      vertex 108 64.5 46.5
      vertex 108 61.5 46.5
      vertex 108.118 61.4954 46.5
    endloop
  endfacet
  facet normal 0 0 1
    outer loop
      vertex 108 64.5 46.5
      vertex 107.882 61.4954 46.5
      vertex 108 61.5 46.5
    endloop
  endfacet
  facet normal -0 0 1
    outer loop
      vertex 107.647 64.4861 46.5
      vertex 107.882 61.4954 46.5
      vertex 108 64.5 46.5
    endloop
  endfacet
  facet normal 0 0 1
    outer loop
      vertex 107.882 61.4954 46.5
      vertex 107.647 64.4861 46.5
      vertex 107.765 61.4815 46.5
    endloop
  endfacet
  facet normal -0 0 1
    outer loop
      vertex 107.296 64.4446 46.5
      vertex 107.765 61.4815 46.5
      vertex 107.647 64.4861 46.5
    endloop
  endfacet
  facet normal 0 0 1
    outer loop
      vertex 107.765 61.4815 46.5
      vertex 107.296 64.4446 46.5
      vertex 107.65 61.4586 46.5
    endloop
  endfacet
  facet normal -0 0 1
    outer loop
      vertex 106.949 64.3757 46.5
      vertex 107.65 61.4586 46.5
      vertex 107.296 64.4446 46.5
    endloop
  endfacet
  facet normal 0 0 1
    outer loop
      vertex 107.65 61.4586 46.5
      vertex 106.949 64.3757 46.5
      vertex 107.536 61.4266 46.5
    endloop
  endfacet
  facet normal -0 0 1
    outer loop
      vertex 106.609 64.2798 46.5
      vertex 107.536 61.4266 46.5
      vertex 106.949 64.3757 46.5
    endloop
  endfacet
  facet normal 0 0 1
    outer loop
      vertex 107.536 61.4266 46.5
      vertex 106.609 64.2798 46.5
      vertex 107.426 61.3858 46.5
    endloop
  endfacet
  facet normal -0 0 1
    outer loop
      vertex 106.278 64.1575 46.5
      vertex 107.426 61.3858 46.5
      vertex 106.609 64.2798 46.5
    endloop
  endfacet
  facet normal 0 0 1
    outer loop
      vertex 107.426 61.3858 46.5
      vertex 106.278 64.1575 46.5
      vertex 107.319 61.3365 46.5
    endloop
  endfacet
  facet normal -0 0 1
    outer loop
      vertex 105.957 64.0095 46.5
      vertex 107.319 61.3365 46.5
      vertex 106.278 64.1575 46.5
    endloop
  endfacet
  facet normal 0 0 1
    outer loop
      vertex 107.319 61.3365 46.5
      vertex 105.957 64.0095 46.5
      vertex 107.216 61.279 46.5
    endloop
  endfacet
  facet normal -0 0 1
    outer loop
      vertex 105.649 63.8369 46.5
      vertex 107.216 61.279 46.5
      vertex 105.957 64.0095 46.5
    endloop
  endfacet
  facet normal 0 0 1
    outer loop
      vertex 107.216 61.279 46.5
      vertex 105.649 63.8369 46.5
      vertex 107.118 61.2135 46.5
    endloop
  endfacet
  facet normal -0 0 1
    outer loop
      vertex 105.355 63.6406 46.5
      vertex 107.118 61.2135 46.5
      vertex 105.649 63.8369 46.5
    endloop
  endfacet
  facet normal 0 0 1
    outer loop
      vertex 107.118 61.2135 46.5
      vertex 105.355 63.6406 46.5
      vertex 107.026 61.1406 46.5
    endloop
  endfacet
  facet normal -0 0 1
    outer loop
      vertex 105.077 63.4218 46.5
      vertex 107.026 61.1406 46.5
      vertex 105.355 63.6406 46.5
    endloop
  endfacet
  facet normal 0 0 1
    outer loop
      vertex 107.026 61.1406 46.5
      vertex 105.077 63.4218 46.5
      vertex 106.939 61.0607 46.5
    endloop
  endfacet
  facet normal -0 0 1
    outer loop
      vertex 104.818 63.182 46.5
      vertex 106.939 61.0607 46.5
      vertex 105.077 63.4218 46.5
    endloop
  endfacet
  facet normal 0 0 1
    outer loop
      vertex 106.939 61.0607 46.5
      vertex 104.818 63.182 46.5
      vertex 106.859 60.9742 46.5
    endloop
  endfacet
  facet normal -0 0 1
    outer loop
      vertex 104.578 62.9225 46.5
      vertex 106.859 60.9742 46.5
      vertex 104.818 63.182 46.5
    endloop
  endfacet
  facet normal 0 0 1
    outer loop
      vertex 106.859 60.9742 46.5
      vertex 104.578 62.9225 46.5
      vertex 106.786 60.8817 46.5
    endloop
  endfacet
  facet normal -0 0 1
    outer loop
      vertex 104.359 62.645 46.5
      vertex 106.786 60.8817 46.5
      vertex 104.578 62.9225 46.5
    endloop
  endfacet
  facet normal 0 0 1
    outer loop
      vertex 106.786 60.8817 46.5
      vertex 104.359 62.645 46.5
      vertex 106.721 60.7837 46.5
    endloop
  endfacet
  facet normal -0 0 1
    outer loop
      vertex 109.214 59.1183 46.5
      vertex 111.641 57.355 46.5
      vertex 109.279 59.2163 46.5
    endloop
  endfacet
  facet normal 0 0 1
    outer loop
      vertex 111.641 57.355 46.5
      vertex 109.214 59.1183 46.5
      vertex 111.422 57.0775 46.5
    endloop
  endfacet
  facet normal -0 0 1
    outer loop
      vertex 109.141 59.0258 46.5
      vertex 111.422 57.0775 46.5
      vertex 109.214 59.1183 46.5
    endloop
  endfacet
  facet normal 0 0 1
    outer loop
      vertex 111.422 57.0775 46.5
      vertex 109.141 59.0258 46.5
      vertex 111.182 56.818 46.5
    endloop
  endfacet
  facet normal -0 0 1
    outer loop
      vertex 109.061 58.9393 46.5
      vertex 111.182 56.818 46.5
      vertex 109.141 59.0258 46.5
    endloop
  endfacet
  facet normal 0 0 1
    outer loop
      vertex 111.182 56.818 46.5
      vertex 109.061 58.9393 46.5
      vertex 110.923 56.5782 46.5
    endloop
  endfacet
  facet normal -0 0 1
    outer loop
      vertex 108.974 58.8594 46.5
      vertex 110.923 56.5782 46.5
      vertex 109.061 58.9393 46.5
    endloop
  endfacet
  facet normal 0 0 1
    outer loop
      vertex 110.923 56.5782 46.5
      vertex 108.974 58.8594 46.5
      vertex 110.645 56.3594 46.5
    endloop
  endfacet
  facet normal -0 0 1
    outer loop
      vertex 108.882 58.7865 46.5
      vertex 110.645 56.3594 46.5
      vertex 108.974 58.8594 46.5
    endloop
  endfacet
  facet normal 0 0 1
    outer loop
      vertex 110.645 56.3594 46.5
      vertex 108.882 58.7865 46.5
      vertex 110.351 56.1631 46.5
    endloop
  endfacet
  facet normal -0 0 1
    outer loop
      vertex 108.784 58.721 46.5
      vertex 110.351 56.1631 46.5
      vertex 108.882 58.7865 46.5
    endloop
  endfacet
  facet normal 0 0 1
    outer loop
      vertex 110.351 56.1631 46.5
      vertex 108.784 58.721 46.5
      vertex 110.043 55.9905 46.5
    endloop
  endfacet
  facet normal -0 0 1
    outer loop
      vertex 108.681 58.6635 46.5
      vertex 110.043 55.9905 46.5
      vertex 108.784 58.721 46.5
    endloop
  endfacet
  facet normal 0 0 1
    outer loop
      vertex 110.043 55.9905 46.5
      vertex 108.681 58.6635 46.5
      vertex 109.722 55.8425 46.5
    endloop
  endfacet
  facet normal -0 0 1
    outer loop
      vertex 108.574 58.6142 46.5
      vertex 109.722 55.8425 46.5
      vertex 108.681 58.6635 46.5
    endloop
  endfacet
  facet normal 0 0 1
    outer loop
      vertex 109.722 55.8425 46.5
      vertex 108.574 58.6142 46.5
      vertex 109.391 55.7202 46.5
    endloop
  endfacet
  facet normal -0 0 1
    outer loop
      vertex 108.464 58.5734 46.5
      vertex 109.391 55.7202 46.5
      vertex 108.574 58.6142 46.5
    endloop
  endfacet
  facet normal 0 0 1
    outer loop
      vertex 109.391 55.7202 46.5
      vertex 108.464 58.5734 46.5
      vertex 109.051 55.6243 46.5
    endloop
  endfacet
  facet normal -0 0 1
    outer loop
      vertex 108.35 58.5414 46.5
      vertex 109.051 55.6243 46.5
      vertex 108.464 58.5734 46.5
    endloop
  endfacet
  facet normal 0 0 1
    outer loop
      vertex 109.051 55.6243 46.5
      vertex 108.35 58.5414 46.5
      vertex 108.704 55.5554 46.5
    endloop
  endfacet
  facet normal -0 0 1
    outer loop
      vertex 108.235 58.5185 46.5
      vertex 108.704 55.5554 46.5
      vertex 108.35 58.5414 46.5
    endloop
  endfacet
  facet normal 0 0 1
    outer loop
      vertex 108.704 55.5554 46.5
      vertex 108.235 58.5185 46.5
      vertex 108.353 55.5139 46.5
    endloop
  endfacet
  facet normal -0 0 1
    outer loop
      vertex 108.118 58.5046 46.5
      vertex 108.353 55.5139 46.5
      vertex 108.235 58.5185 46.5
    endloop
  endfacet
  facet normal -0 0 1
    outer loop
      vertex 108 58.5 46.5
      vertex 108.353 55.5139 46.5
      vertex 108.118 58.5046 46.5
    endloop
  endfacet
  facet normal 0 0 1
    outer loop
      vertex 108 58.5 46.5
      vertex 108 55.5 46.5
      vertex 108.353 55.5139 46.5
    endloop
  endfacet
  facet normal 0 0 1
    outer loop
      vertex 107.882 58.5046 46.5
      vertex 108 55.5 46.5
      vertex 108 58.5 46.5
    endloop
  endfacet
  facet normal 0 0 1
    outer loop
      vertex 107.647 55.5139 46.5
      vertex 107.882 58.5046 46.5
      vertex 107.765 58.5185 46.5
    endloop
  endfacet
  facet normal 0 0 1
    outer loop
      vertex 107.296 55.5554 46.5
      vertex 107.765 58.5185 46.5
      vertex 107.65 58.5414 46.5
    endloop
  endfacet
  facet normal 0 0 1
    outer loop
      vertex 107.882 58.5046 46.5
      vertex 107.647 55.5139 46.5
      vertex 108 55.5 46.5
    endloop
  endfacet
  facet normal 0 0 1
    outer loop
      vertex 106.949 55.6243 46.5
      vertex 107.65 58.5414 46.5
      vertex 107.536 58.5734 46.5
    endloop
  endfacet
  facet normal 0 0 1
    outer loop
      vertex 106.609 55.7202 46.5
      vertex 107.536 58.5734 46.5
      vertex 107.426 58.6142 46.5
    endloop
  endfacet
  facet normal 0 0 1
    outer loop
      vertex 106.278 55.8425 46.5
      vertex 107.426 58.6142 46.5
      vertex 107.319 58.6635 46.5
    endloop
  endfacet
  facet normal 0 0 1
    outer loop
      vertex 107.765 58.5185 46.5
      vertex 107.296 55.5554 46.5
      vertex 107.647 55.5139 46.5
    endloop
  endfacet
  facet normal 0 0 1
    outer loop
      vertex 105.957 55.9905 46.5
      vertex 107.319 58.6635 46.5
      vertex 107.216 58.721 46.5
    endloop
  endfacet
  facet normal 0 0 1
    outer loop
      vertex 105.649 56.1631 46.5
      vertex 107.216 58.721 46.5
      vertex 107.118 58.7865 46.5
    endloop
  endfacet
  facet normal 0 0 1
    outer loop
      vertex 105.355 56.3594 46.5
      vertex 107.118 58.7865 46.5
      vertex 107.026 58.8594 46.5
    endloop
  endfacet
  facet normal 0 0 1
    outer loop
      vertex 107.65 58.5414 46.5
      vertex 106.949 55.6243 46.5
      vertex 107.296 55.5554 46.5
    endloop
  endfacet
  facet normal 0 0 1
    outer loop
      vertex 105.077 56.5782 46.5
      vertex 107.026 58.8594 46.5
      vertex 106.939 58.9393 46.5
    endloop
  endfacet
  facet normal 0 0 1
    outer loop
      vertex 104.818 56.818 46.5
      vertex 106.939 58.9393 46.5
      vertex 106.859 59.0258 46.5
    endloop
  endfacet
  facet normal 0 0 1
    outer loop
      vertex 104.578 57.0775 46.5
      vertex 106.859 59.0258 46.5
      vertex 106.786 59.1183 46.5
    endloop
  endfacet
  facet normal 0 0 1
    outer loop
      vertex 104.359 57.355 46.5
      vertex 106.786 59.1183 46.5
      vertex 106.721 59.2163 46.5
    endloop
  endfacet
  facet normal 0 0 1
    outer loop
      vertex 104.163 57.6488 46.5
      vertex 106.721 59.2163 46.5
      vertex 106.663 59.319 46.5
    endloop
  endfacet
  facet normal 0 0 1
    outer loop
      vertex 103.99 57.957 46.5
      vertex 106.663 59.319 46.5
      vertex 106.614 59.426 46.5
    endloop
  endfacet
  facet normal 0 0 1
    outer loop
      vertex 107.536 58.5734 46.5
      vertex 106.609 55.7202 46.5
      vertex 106.949 55.6243 46.5
    endloop
  endfacet
  facet normal 0 0 1
    outer loop
      vertex 103.843 58.2779 46.5
      vertex 106.614 59.426 46.5
      vertex 106.573 59.5365 46.5
    endloop
  endfacet
  facet normal 0 0 1
    outer loop
      vertex 103.72 58.6094 46.5
      vertex 106.573 59.5365 46.5
      vertex 106.541 59.6498 46.5
    endloop
  endfacet
  facet normal 0 0 1
    outer loop
      vertex 103.624 58.9495 46.5
      vertex 106.541 59.6498 46.5
      vertex 106.518 59.7654 46.5
    endloop
  endfacet
  facet normal 0 0 1
    outer loop
      vertex 103.555 59.296 46.5
      vertex 106.518 59.7654 46.5
      vertex 106.505 59.8823 46.5
    endloop
  endfacet
  facet normal 0 0 1
    outer loop
      vertex 103.514 59.6469 46.5
      vertex 106.505 59.8823 46.5
      vertex 106.5 60 46.5
    endloop
  endfacet
  facet normal -0 0 1
    outer loop
      vertex 104.163 62.3512 46.5
      vertex 106.721 60.7837 46.5
      vertex 104.359 62.645 46.5
    endloop
  endfacet
  facet normal 0 0 1
    outer loop
      vertex 107.426 58.6142 46.5
      vertex 106.278 55.8425 46.5
      vertex 106.609 55.7202 46.5
    endloop
  endfacet
  facet normal 0 0 1
    outer loop
      vertex 106.721 60.7837 46.5
      vertex 104.163 62.3512 46.5
      vertex 106.663 60.681 46.5
    endloop
  endfacet
  facet normal 0 0 1
    outer loop
      vertex 107.319 58.6635 46.5
      vertex 105.957 55.9905 46.5
      vertex 106.278 55.8425 46.5
    endloop
  endfacet
  facet normal -0 0 1
    outer loop
      vertex 103.99 62.043 46.5
      vertex 106.663 60.681 46.5
      vertex 104.163 62.3512 46.5
    endloop
  endfacet
  facet normal 0 0 1
    outer loop
      vertex 107.216 58.721 46.5
      vertex 105.649 56.1631 46.5
      vertex 105.957 55.9905 46.5
    endloop
  endfacet
  facet normal 0 0 1
    outer loop
      vertex 106.663 60.681 46.5
      vertex 103.99 62.043 46.5
      vertex 106.614 60.574 46.5
    endloop
  endfacet
  facet normal 0 0 1
    outer loop
      vertex 107.118 58.7865 46.5
      vertex 105.355 56.3594 46.5
      vertex 105.649 56.1631 46.5
    endloop
  endfacet
  facet normal -0 0 1
    outer loop
      vertex 103.843 61.7221 46.5
      vertex 106.614 60.574 46.5
      vertex 103.99 62.043 46.5
    endloop
  endfacet
  facet normal 0 0 1
    outer loop
      vertex 107.026 58.8594 46.5
      vertex 105.077 56.5782 46.5
      vertex 105.355 56.3594 46.5
    endloop
  endfacet
  facet normal 0 0 1
    outer loop
      vertex 106.614 60.574 46.5
      vertex 103.843 61.7221 46.5
      vertex 106.573 60.4635 46.5
    endloop
  endfacet
  facet normal 0 0 1
    outer loop
      vertex 106.939 58.9393 46.5
      vertex 104.818 56.818 46.5
      vertex 105.077 56.5782 46.5
    endloop
  endfacet
  facet normal -0 0 1
    outer loop
      vertex 103.72 61.3906 46.5
      vertex 106.573 60.4635 46.5
      vertex 103.843 61.7221 46.5
    endloop
  endfacet
  facet normal 0 0 1
    outer loop
      vertex 106.859 59.0258 46.5
      vertex 104.578 57.0775 46.5
      vertex 104.818 56.818 46.5
    endloop
  endfacet
  facet normal 0 0 1
    outer loop
      vertex 106.573 60.4635 46.5
      vertex 103.72 61.3906 46.5
      vertex 106.541 60.3502 46.5
    endloop
  endfacet
  facet normal 0 0 1
    outer loop
      vertex 106.786 59.1183 46.5
      vertex 104.359 57.355 46.5
      vertex 104.578 57.0775 46.5
    endloop
  endfacet
  facet normal -0 0 1
    outer loop
      vertex 103.624 61.0505 46.5
      vertex 106.541 60.3502 46.5
      vertex 103.72 61.3906 46.5
    endloop
  endfacet
  facet normal 0 0 1
    outer loop
      vertex 106.721 59.2163 46.5
      vertex 104.163 57.6488 46.5
      vertex 104.359 57.355 46.5
    endloop
  endfacet
  facet normal 0 0 1
    outer loop
      vertex 106.541 60.3502 46.5
      vertex 103.624 61.0505 46.5
      vertex 106.518 60.2346 46.5
    endloop
  endfacet
  facet normal 0 0 1
    outer loop
      vertex 106.663 59.319 46.5
      vertex 103.99 57.957 46.5
      vertex 104.163 57.6488 46.5
    endloop
  endfacet
  facet normal -0 0 1
    outer loop
      vertex 103.555 60.704 46.5
      vertex 106.518 60.2346 46.5
      vertex 103.624 61.0505 46.5
    endloop
  endfacet
  facet normal 0 0 1
    outer loop
      vertex 106.614 59.426 46.5
      vertex 103.843 58.2779 46.5
      vertex 103.99 57.957 46.5
    endloop
  endfacet
  facet normal 0 0 1
    outer loop
      vertex 106.518 60.2346 46.5
      vertex 103.555 60.704 46.5
      vertex 106.505 60.1177 46.5
    endloop
  endfacet
  facet normal 0 0 1
    outer loop
      vertex 106.573 59.5365 46.5
      vertex 103.72 58.6094 46.5
      vertex 103.843 58.2779 46.5
    endloop
  endfacet
  facet normal -0 0 1
    outer loop
      vertex 103.514 60.3531 46.5
      vertex 106.505 60.1177 46.5
      vertex 103.555 60.704 46.5
    endloop
  endfacet
  facet normal 0 0 1
    outer loop
      vertex 106.541 59.6498 46.5
      vertex 103.624 58.9495 46.5
      vertex 103.72 58.6094 46.5
    endloop
  endfacet
  facet normal 0 0 1
    outer loop
      vertex 106.505 60.1177 46.5
      vertex 103.514 60.3531 46.5
      vertex 106.5 60 46.5
    endloop
  endfacet
  facet normal 0 0 1
    outer loop
      vertex 106.518 59.7654 46.5
      vertex 103.555 59.296 46.5
      vertex 103.624 58.9495 46.5
    endloop
  endfacet
  facet normal 0 0 1
    outer loop
      vertex 103.5 60 46.5
      vertex 106.5 60 46.5
      vertex 103.514 60.3531 46.5
    endloop
  endfacet
  facet normal 0 0 1
    outer loop
      vertex 106.505 59.8823 46.5
      vertex 103.514 59.6469 46.5
      vertex 103.555 59.296 46.5
    endloop
  endfacet
  facet normal 0 0 1
    outer loop
      vertex 106.5 60 46.5
      vertex 103.5 60 46.5
      vertex 103.514 59.6469 46.5
    endloop
  endfacet
  facet normal -0.962395 0.271655 0
    outer loop
      vertex 103.624 61.0505 4
      vertex 103.72 61.3906 46.5
      vertex 103.72 61.3906 4
    endloop
  endfacet
  facet normal -0.962395 0.271655 0
    outer loop
      vertex 103.72 61.3906 46.5
      vertex 103.624 61.0505 4
      vertex 103.624 61.0505 46.5
    endloop
  endfacet
  facet normal -0.555288 0.831658 0
    outer loop
      vertex 105.649 63.8369 4
      vertex 105.355 63.6406 46.5
      vertex 105.649 63.8369 46.5
    endloop
  endfacet
  facet normal -0.555288 0.831658 0
    outer loop
      vertex 105.355 63.6406 46.5
      vertex 105.649 63.8369 4
      vertex 105.355 63.6406 4
    endloop
  endfacet
  facet normal -0.194757 0.980852 0
    outer loop
      vertex 107.296 64.4446 4
      vertex 106.949 64.3757 46.5
      vertex 107.296 64.4446 46.5
    endloop
  endfacet
  facet normal -0.194757 0.980852 0
    outer loop
      vertex 106.949 64.3757 46.5
      vertex 107.296 64.4446 4
      vertex 106.949 64.3757 4
    endloop
  endfacet
  facet normal 0.346585 -0.938019 0
    outer loop
      vertex 109.391 55.7202 4
      vertex 109.722 55.8425 46.5
      vertex 109.391 55.7202 46.5
    endloop
  endfacet
  facet normal 0.346585 -0.938019 0
    outer loop
      vertex 109.722 55.8425 46.5
      vertex 109.391 55.7202 4
      vertex 109.722 55.8425 4
    endloop
  endfacet
  facet normal 0.555288 -0.831658 0
    outer loop
      vertex 110.351 56.1631 4
      vertex 110.645 56.3594 46.5
      vertex 110.351 56.1631 46.5
    endloop
  endfacet
  facet normal 0.555288 -0.831658 0
    outer loop
      vertex 110.645 56.3594 46.5
      vertex 110.351 56.1631 4
      vertex 110.645 56.3594 4
    endloop
  endfacet
  facet normal 0.488862 -0.872361 0
    outer loop
      vertex 110.043 55.9905 4
      vertex 110.351 56.1631 46.5
      vertex 110.043 55.9905 46.5
    endloop
  endfacet
  facet normal 0.488862 -0.872361 0
    outer loop
      vertex 110.351 56.1631 46.5
      vertex 110.043 55.9905 4
      vertex 110.351 56.1631 4
    endloop
  endfacet
  facet normal 0.784991 -0.619507 0
    outer loop
      vertex 111.422 57.0775 46.5
      vertex 111.641 57.355 4
      vertex 111.641 57.355 46.5
    endloop
  endfacet
  facet normal 0.784991 -0.619507 0
    outer loop
      vertex 111.641 57.355 4
      vertex 111.422 57.0775 46.5
      vertex 111.422 57.0775 4
    endloop
  endfacet
  facet normal 0.90915 -0.416469 0
    outer loop
      vertex 112.01 57.957 46.5
      vertex 112.157 58.2779 4
      vertex 112.157 58.2779 46.5
    endloop
  endfacet
  facet normal 0.90915 -0.416469 0
    outer loop
      vertex 112.157 58.2779 4
      vertex 112.01 57.957 46.5
      vertex 112.01 57.957 4
    endloop
  endfacet
  facet normal 0.962395 -0.271655 0
    outer loop
      vertex 112.28 58.6094 46.5
      vertex 112.376 58.9495 4
      vertex 112.376 58.9495 46.5
    endloop
  endfacet
  facet normal 0.962395 -0.271655 0
    outer loop
      vertex 112.376 58.9495 4
      vertex 112.28 58.6094 46.5
      vertex 112.28 58.6094 4
    endloop
  endfacet
  facet normal -0.194757 -0.980852 0
    outer loop
      vertex 106.949 55.6243 4
      vertex 107.296 55.5554 46.5
      vertex 106.949 55.6243 46.5
    endloop
  endfacet
  facet normal -0.194757 -0.980852 -0
    outer loop
      vertex 107.296 55.5554 46.5
      vertex 106.949 55.6243 4
      vertex 107.296 55.5554 4
    endloop
  endfacet
  facet normal -0.271467 -0.962448 0
    outer loop
      vertex 106.609 55.7202 4
      vertex 106.949 55.6243 46.5
      vertex 106.609 55.7202 46.5
    endloop
  endfacet
  facet normal -0.271467 -0.962448 -0
    outer loop
      vertex 106.949 55.6243 46.5
      vertex 106.609 55.7202 4
      vertex 106.949 55.6243 4
    endloop
  endfacet
  facet normal -0.61847 -0.785808 0
    outer loop
      vertex 105.077 56.5782 4
      vertex 105.355 56.3594 46.5
      vertex 105.077 56.5782 46.5
    endloop
  endfacet
  facet normal -0.61847 -0.785808 -0
    outer loop
      vertex 105.355 56.3594 46.5
      vertex 105.077 56.5782 4
      vertex 105.355 56.3594 4
    endloop
  endfacet
  facet normal -0.831876 -0.554962 0
    outer loop
      vertex 104.359 57.355 4
      vertex 104.163 57.6488 46.5
      vertex 104.163 57.6488 4
    endloop
  endfacet
  facet normal -0.831876 -0.554962 0
    outer loop
      vertex 104.163 57.6488 46.5
      vertex 104.359 57.355 4
      vertex 104.359 57.355 46.5
    endloop
  endfacet
  facet normal -0.872013 -0.489482 0
    outer loop
      vertex 104.163 57.6488 4
      vertex 103.99 57.957 46.5
      vertex 103.99 57.957 4
    endloop
  endfacet
  facet normal -0.872013 -0.489482 0
    outer loop
      vertex 103.99 57.957 46.5
      vertex 104.163 57.6488 4
      vertex 104.163 57.6488 46.5
    endloop
  endfacet
  facet normal -0.993243 -0.116053 0
    outer loop
      vertex 103.555 59.296 4
      vertex 103.514 59.6469 46.5
      vertex 103.514 59.6469 4
    endloop
  endfacet
  facet normal -0.993243 -0.116053 0
    outer loop
      vertex 103.514 59.6469 46.5
      vertex 103.555 59.296 4
      vertex 103.555 59.296 46.5
    endloop
  endfacet
  facet normal -0.980744 -0.1953 0
    outer loop
      vertex 103.624 58.9495 4
      vertex 103.555 59.296 46.5
      vertex 103.555 59.296 4
    endloop
  endfacet
  facet normal -0.980744 -0.1953 0
    outer loop
      vertex 103.555 59.296 46.5
      vertex 103.624 58.9495 4
      vertex 103.624 58.9495 46.5
    endloop
  endfacet
  facet normal 0.962395 0.271655 0
    outer loop
      vertex 112.376 61.0505 46.5
      vertex 112.28 61.3906 4
      vertex 112.28 61.3906 46.5
    endloop
  endfacet
  facet normal 0.962395 0.271655 0
    outer loop
      vertex 112.28 61.3906 4
      vertex 112.376 61.0505 46.5
      vertex 112.376 61.0505 4
    endloop
  endfacet
  facet normal 0.980744 0.1953 0
    outer loop
      vertex 112.445 60.704 46.5
      vertex 112.376 61.0505 4
      vertex 112.376 61.0505 46.5
    endloop
  endfacet
  facet normal 0.980744 0.1953 0
    outer loop
      vertex 112.376 61.0505 4
      vertex 112.445 60.704 46.5
      vertex 112.445 60.704 4
    endloop
  endfacet
  facet normal 0.993243 0.116053 0
    outer loop
      vertex 112.486 60.3531 46.5
      vertex 112.445 60.704 4
      vertex 112.445 60.704 46.5
    endloop
  endfacet
  facet normal 0.993243 0.116053 0
    outer loop
      vertex 112.445 60.704 4
      vertex 112.486 60.3531 46.5
      vertex 112.486 60.3531 4
    endloop
  endfacet
  facet normal -0.831876 0.554962 0
    outer loop
      vertex 104.163 62.3512 4
      vertex 104.359 62.645 46.5
      vertex 104.359 62.645 4
    endloop
  endfacet
  facet normal -0.831876 0.554962 0
    outer loop
      vertex 104.359 62.645 46.5
      vertex 104.163 62.3512 4
      vertex 104.163 62.3512 46.5
    endloop
  endfacet
  facet normal -0.784991 0.619507 0
    outer loop
      vertex 104.359 62.645 4
      vertex 104.578 62.9225 46.5
      vertex 104.578 62.9225 4
    endloop
  endfacet
  facet normal -0.784991 0.619507 0
    outer loop
      vertex 104.578 62.9225 46.5
      vertex 104.359 62.645 4
      vertex 104.359 62.645 46.5
    endloop
  endfacet
  facet normal -0.734152 0.678985 0
    outer loop
      vertex 104.578 62.9225 4
      vertex 104.818 63.182 46.5
      vertex 104.818 63.182 4
    endloop
  endfacet
  facet normal -0.734152 0.678985 0
    outer loop
      vertex 104.818 63.182 46.5
      vertex 104.578 62.9225 4
      vertex 104.578 62.9225 46.5
    endloop
  endfacet
  facet normal 0.271467 -0.962448 0
    outer loop
      vertex 109.051 55.6243 4
      vertex 109.391 55.7202 46.5
      vertex 109.051 55.6243 46.5
    endloop
  endfacet
  facet normal 0.271467 -0.962448 0
    outer loop
      vertex 109.391 55.7202 46.5
      vertex 109.051 55.6243 4
      vertex 109.391 55.7202 4
    endloop
  endfacet
  facet normal 0.61847 -0.785808 0
    outer loop
      vertex 110.645 56.3594 4
      vertex 110.923 56.5782 46.5
      vertex 110.645 56.3594 46.5
    endloop
  endfacet
  facet normal 0.61847 -0.785808 0
    outer loop
      vertex 110.923 56.5782 46.5
      vertex 110.645 56.3594 4
      vertex 110.923 56.5782 4
    endloop
  endfacet
  facet normal 0.831876 -0.554962 0
    outer loop
      vertex 111.641 57.355 46.5
      vertex 111.837 57.6488 4
      vertex 111.837 57.6488 46.5
    endloop
  endfacet
  facet normal 0.831876 -0.554962 0
    outer loop
      vertex 111.837 57.6488 4
      vertex 111.641 57.355 46.5
      vertex 111.641 57.355 4
    endloop
  endfacet
  facet normal 0.937544 -0.347867 0
    outer loop
      vertex 112.157 58.2779 46.5
      vertex 112.28 58.6094 4
      vertex 112.28 58.6094 46.5
    endloop
  endfacet
  facet normal 0.937544 -0.347867 0
    outer loop
      vertex 112.28 58.6094 4
      vertex 112.157 58.2779 46.5
      vertex 112.157 58.2779 4
    endloop
  endfacet
  facet normal 0.980744 -0.1953 0
    outer loop
      vertex 112.376 58.9495 46.5
      vertex 112.445 59.296 4
      vertex 112.445 59.296 46.5
    endloop
  endfacet
  facet normal 0.980744 -0.1953 0
    outer loop
      vertex 112.445 59.296 4
      vertex 112.376 58.9495 46.5
      vertex 112.376 58.9495 4
    endloop
  endfacet
  facet normal -0.784991 -0.619507 0
    outer loop
      vertex 104.578 57.0775 4
      vertex 104.359 57.355 46.5
      vertex 104.359 57.355 4
    endloop
  endfacet
  facet normal -0.784991 -0.619507 0
    outer loop
      vertex 104.359 57.355 46.5
      vertex 104.578 57.0775 4
      vertex 104.578 57.0775 46.5
    endloop
  endfacet
  facet normal -0.962395 -0.271655 0
    outer loop
      vertex 103.72 58.6094 4
      vertex 103.624 58.9495 46.5
      vertex 103.624 58.9495 4
    endloop
  endfacet
  facet normal -0.962395 -0.271655 0
    outer loop
      vertex 103.624 58.9495 46.5
      vertex 103.72 58.6094 4
      vertex 103.72 58.6094 46.5
    endloop
  endfacet
  facet normal -0.621052 -0.783769 0
    outer loop
      vertex 108.882 61.2135 4
      vertex 108.974 61.1406 46.5
      vertex 108.882 61.2135 46.5
    endloop
  endfacet
  facet normal -0.621052 -0.783769 -0
    outer loop
      vertex 108.974 61.1406 46.5
      vertex 108.882 61.2135 4
      vertex 108.974 61.1406 4
    endloop
  endfacet
  facet normal 0.347758 -0.937584 0
    outer loop
      vertex 107.426 61.3858 4
      vertex 107.536 61.4266 46.5
      vertex 107.426 61.3858 46.5
    endloop
  endfacet
  facet normal 0.347758 -0.937584 0
    outer loop
      vertex 107.536 61.4266 46.5
      vertex 107.426 61.3858 4
      vertex 107.536 61.4266 4
    endloop
  endfacet
  facet normal 0.909199 -0.416362 0
    outer loop
      vertex 106.614 60.574 46.5
      vertex 106.663 60.681 4
      vertex 106.663 60.681 46.5
    endloop
  endfacet
  facet normal 0.909199 -0.416362 0
    outer loop
      vertex 106.663 60.681 4
      vertex 106.614 60.574 46.5
      vertex 106.614 60.574 4
    endloop
  endfacet
  facet normal 0.418466 0.908232 -0
    outer loop
      vertex 107.426 58.6142 4
      vertex 107.319 58.6635 46.5
      vertex 107.426 58.6142 46.5
    endloop
  endfacet
  facet normal 0.418466 0.908232 0
    outer loop
      vertex 107.319 58.6635 46.5
      vertex 107.426 58.6142 4
      vertex 107.319 58.6635 4
    endloop
  endfacet
  facet normal -0.909199 -0.416362 0
    outer loop
      vertex 109.386 60.574 4
      vertex 109.337 60.681 46.5
      vertex 109.337 60.681 4
    endloop
  endfacet
  facet normal -0.909199 -0.416362 0
    outer loop
      vertex 109.337 60.681 46.5
      vertex 109.386 60.574 4
      vertex 109.386 60.574 46.5
    endloop
  endfacet
  facet normal -0.870736 -0.49175 0
    outer loop
      vertex 109.337 60.681 4
      vertex 109.279 60.7837 46.5
      vertex 109.279 60.7837 4
    endloop
  endfacet
  facet normal -0.870736 -0.49175 0
    outer loop
      vertex 109.279 60.7837 46.5
      vertex 109.337 60.681 4
      vertex 109.337 60.681 46.5
    endloop
  endfacet
  facet normal -0.347758 -0.937584 0
    outer loop
      vertex 108.464 61.4266 4
      vertex 108.574 61.3858 46.5
      vertex 108.464 61.4266 46.5
    endloop
  endfacet
  facet normal -0.347758 -0.937584 -0
    outer loop
      vertex 108.574 61.3858 46.5
      vertex 108.464 61.4266 4
      vertex 108.574 61.3858 4
    endloop
  endfacet
  facet normal -0.117974 -0.993017 0
    outer loop
      vertex 108.118 61.4954 4
      vertex 108.235 61.4815 46.5
      vertex 108.118 61.4954 46.5
    endloop
  endfacet
  facet normal -0.117974 -0.993017 -0
    outer loop
      vertex 108.235 61.4815 46.5
      vertex 108.118 61.4954 4
      vertex 108.235 61.4815 4
    endloop
  endfacet
  facet normal 0.734152 -0.678985 0
    outer loop
      vertex 106.859 60.9742 46.5
      vertex 106.939 61.0607 4
      vertex 106.939 61.0607 46.5
    endloop
  endfacet
  facet normal 0.734152 -0.678985 0
    outer loop
      vertex 106.939 61.0607 4
      vertex 106.859 60.9742 46.5
      vertex 106.859 60.9742 4
    endloop
  endfacet
  facet normal 0.117974 -0.993017 0
    outer loop
      vertex 107.765 61.4815 4
      vertex 107.882 61.4954 46.5
      vertex 107.765 61.4815 46.5
    endloop
  endfacet
  facet normal 0.117974 -0.993017 0
    outer loop
      vertex 107.882 61.4954 46.5
      vertex 107.765 61.4815 4
      vertex 107.882 61.4954 4
    endloop
  endfacet
  facet normal -0.999099 0.0424426 0
    outer loop
      vertex 109.495 59.8823 4
      vertex 109.5 60 46.5
      vertex 109.5 60 4
    endloop
  endfacet
  facet normal -0.999099 0.0424426 0
    outer loop
      vertex 109.5 60 46.5
      vertex 109.495 59.8823 4
      vertex 109.495 59.8823 46.5
    endloop
  endfacet
  facet normal -0.418466 0.908232 0
    outer loop
      vertex 108.681 58.6635 4
      vertex 108.574 58.6142 46.5
      vertex 108.681 58.6635 46.5
    endloop
  endfacet
  facet normal -0.418466 0.908232 0
    outer loop
      vertex 108.574 58.6142 46.5
      vertex 108.681 58.6635 4
      vertex 108.574 58.6142 4
    endloop
  endfacet
  facet normal -0.784991 0.619507 0
    outer loop
      vertex 109.141 59.0258 4
      vertex 109.214 59.1183 46.5
      vertex 109.214 59.1183 4
    endloop
  endfacet
  facet normal -0.784991 0.619507 0
    outer loop
      vertex 109.214 59.1183 46.5
      vertex 109.141 59.0258 4
      vertex 109.141 59.0258 46.5
    endloop
  endfacet
  facet normal 0.117974 0.993017 -0
    outer loop
      vertex 107.882 58.5046 4
      vertex 107.765 58.5185 46.5
      vertex 107.882 58.5046 46.5
    endloop
  endfacet
  facet normal 0.117974 0.993017 0
    outer loop
      vertex 107.765 58.5185 46.5
      vertex 107.882 58.5046 4
      vertex 107.765 58.5185 4
    endloop
  endfacet
  facet normal 0.676414 0.736521 -0
    outer loop
      vertex 107.026 58.8594 4
      vertex 106.939 58.9393 46.5
      vertex 107.026 58.8594 46.5
    endloop
  endfacet
  facet normal 0.676414 0.736521 0
    outer loop
      vertex 106.939 58.9393 46.5
      vertex 107.026 58.8594 4
      vertex 106.939 58.9393 4
    endloop
  endfacet
  facet normal 0.937544 0.347867 0
    outer loop
      vertex 106.614 59.426 46.5
      vertex 106.573 59.5365 4
      vertex 106.573 59.5365 46.5
    endloop
  endfacet
  facet normal 0.937544 0.347867 0
    outer loop
      vertex 106.573 59.5365 4
      vertex 106.614 59.426 46.5
      vertex 106.614 59.426 4
    endloop
  endfacet
  facet normal 0.833356 0.552736 0
    outer loop
      vertex 106.786 59.1183 46.5
      vertex 106.721 59.2163 4
      vertex 106.721 59.2163 46.5
    endloop
  endfacet
  facet normal 0.833356 0.552736 0
    outer loop
      vertex 106.721 59.2163 4
      vertex 106.786 59.1183 46.5
      vertex 106.786 59.1183 4
    endloop
  endfacet
  facet normal -0.993873 -0.110525 0
    outer loop
      vertex 109.495 60.1177 4
      vertex 109.482 60.2346 46.5
      vertex 109.482 60.2346 4
    endloop
  endfacet
  facet normal -0.993873 -0.110525 0
    outer loop
      vertex 109.482 60.2346 46.5
      vertex 109.495 60.1177 4
      vertex 109.495 60.1177 46.5
    endloop
  endfacet
  facet normal -0.980776 -0.195137 0
    outer loop
      vertex 109.482 60.2346 4
      vertex 109.459 60.3502 46.5
      vertex 109.459 60.3502 4
    endloop
  endfacet
  facet normal -0.980776 -0.195137 0
    outer loop
      vertex 109.459 60.3502 46.5
      vertex 109.482 60.2346 4
      vertex 109.482 60.2346 46.5
    endloop
  endfacet
  facet normal -0.937544 -0.347867 0
    outer loop
      vertex 109.427 60.4635 4
      vertex 109.386 60.574 46.5
      vertex 109.386 60.574 4
    endloop
  endfacet
  facet normal -0.937544 -0.347867 0
    outer loop
      vertex 109.386 60.574 46.5
      vertex 109.427 60.4635 4
      vertex 109.427 60.4635 46.5
    endloop
  endfacet
  facet normal -0.734152 -0.678985 0
    outer loop
      vertex 109.141 60.9742 4
      vertex 109.061 61.0607 46.5
      vertex 109.061 61.0607 4
    endloop
  endfacet
  facet normal -0.734152 -0.678985 0
    outer loop
      vertex 109.061 61.0607 46.5
      vertex 109.141 60.9742 4
      vertex 109.141 60.9742 46.5
    endloop
  endfacet
  facet normal -0.784991 -0.619507 0
    outer loop
      vertex 109.214 60.8817 4
      vertex 109.141 60.9742 46.5
      vertex 109.141 60.9742 4
    endloop
  endfacet
  facet normal -0.784991 -0.619507 0
    outer loop
      vertex 109.141 60.9742 46.5
      vertex 109.214 60.8817 4
      vertex 109.214 60.8817 46.5
    endloop
  endfacet
  facet normal -0.676414 -0.736521 0
    outer loop
      vertex 108.974 61.1406 4
      vertex 109.061 61.0607 46.5
      vertex 108.974 61.1406 46.5
    endloop
  endfacet
  facet normal -0.676414 -0.736521 -0
    outer loop
      vertex 109.061 61.0607 46.5
      vertex 108.974 61.1406 4
      vertex 109.061 61.0607 4
    endloop
  endfacet
  facet normal -0.555679 -0.831397 0
    outer loop
      vertex 108.784 61.279 4
      vertex 108.882 61.2135 46.5
      vertex 108.784 61.279 46.5
    endloop
  endfacet
  facet normal -0.555679 -0.831397 -0
    outer loop
      vertex 108.882 61.2135 46.5
      vertex 108.784 61.279 4
      vertex 108.882 61.2135 4
    endloop
  endfacet
  facet normal -0.0389535 -0.999241 0
    outer loop
      vertex 108 61.5 4
      vertex 108.118 61.4954 46.5
      vertex 108 61.5 46.5
    endloop
  endfacet
  facet normal -0.0389535 -0.999241 -0
    outer loop
      vertex 108.118 61.4954 46.5
      vertex 108 61.5 4
      vertex 108.118 61.4954 4
    endloop
  endfacet
  facet normal -0.487441 -0.873156 0
    outer loop
      vertex 108.681 61.3365 4
      vertex 108.784 61.279 46.5
      vertex 108.681 61.3365 46.5
    endloop
  endfacet
  facet normal -0.487441 -0.873156 -0
    outer loop
      vertex 108.784 61.279 46.5
      vertex 108.681 61.3365 4
      vertex 108.784 61.279 4
    endloop
  endfacet
  facet normal -0.270256 -0.962788 0
    outer loop
      vertex 108.35 61.4586 4
      vertex 108.464 61.4266 46.5
      vertex 108.35 61.4586 46.5
    endloop
  endfacet
  facet normal -0.270256 -0.962788 -0
    outer loop
      vertex 108.464 61.4266 46.5
      vertex 108.35 61.4586 4
      vertex 108.464 61.4266 4
    endloop
  endfacet
  facet normal -0.195296 -0.980744 0
    outer loop
      vertex 108.235 61.4815 4
      vertex 108.35 61.4586 46.5
      vertex 108.235 61.4815 46.5
    endloop
  endfacet
  facet normal -0.195296 -0.980744 -0
    outer loop
      vertex 108.35 61.4586 46.5
      vertex 108.235 61.4815 4
      vertex 108.35 61.4586 4
    endloop
  endfacet
  facet normal 0.999099 -0.0424426 0
    outer loop
      vertex 106.5 60 46.5
      vertex 106.505 60.1177 4
      vertex 106.505 60.1177 46.5
    endloop
  endfacet
  facet normal 0.999099 -0.0424426 0
    outer loop
      vertex 106.505 60.1177 4
      vertex 106.5 60 46.5
      vertex 106.5 60 4
    endloop
  endfacet
  facet normal 0.937544 -0.347867 0
    outer loop
      vertex 106.573 60.4635 46.5
      vertex 106.614 60.574 4
      vertex 106.614 60.574 46.5
    endloop
  endfacet
  facet normal 0.937544 -0.347867 0
    outer loop
      vertex 106.614 60.574 4
      vertex 106.573 60.4635 46.5
      vertex 106.573 60.4635 4
    endloop
  endfacet
  facet normal 0.962353 -0.271803 0
    outer loop
      vertex 106.541 60.3502 46.5
      vertex 106.573 60.4635 4
      vertex 106.573 60.4635 46.5
    endloop
  endfacet
  facet normal 0.962353 -0.271803 0
    outer loop
      vertex 106.573 60.4635 4
      vertex 106.541 60.3502 46.5
      vertex 106.541 60.3502 4
    endloop
  endfacet
  facet normal 0.870736 -0.49175 0
    outer loop
      vertex 106.663 60.681 46.5
      vertex 106.721 60.7837 4
      vertex 106.721 60.7837 46.5
    endloop
  endfacet
  facet normal 0.870736 -0.49175 0
    outer loop
      vertex 106.721 60.7837 4
      vertex 106.663 60.681 46.5
      vertex 106.663 60.681 4
    endloop
  endfacet
  facet normal 0.833356 -0.552736 0
    outer loop
      vertex 106.721 60.7837 46.5
      vertex 106.786 60.8817 4
      vertex 106.786 60.8817 46.5
    endloop
  endfacet
  facet normal 0.833356 -0.552736 0
    outer loop
      vertex 106.786 60.8817 4
      vertex 106.721 60.7837 46.5
      vertex 106.721 60.7837 4
    endloop
  endfacet
  facet normal 0.270256 -0.962788 0
    outer loop
      vertex 107.536 61.4266 4
      vertex 107.65 61.4586 46.5
      vertex 107.536 61.4266 46.5
    endloop
  endfacet
  facet normal 0.270256 -0.962788 0
    outer loop
      vertex 107.65 61.4586 46.5
      vertex 107.536 61.4266 4
      vertex 107.65 61.4586 4
    endloop
  endfacet
  facet normal 0.0389535 -0.999241 0
    outer loop
      vertex 107.882 61.4954 4
      vertex 108 61.5 46.5
      vertex 107.882 61.4954 46.5
    endloop
  endfacet
  facet normal 0.0389535 -0.999241 0
    outer loop
      vertex 108 61.5 46.5
      vertex 107.882 61.4954 4
      vertex 108 61.5 4
    endloop
  endfacet
  facet normal 0.487441 -0.873156 0
    outer loop
      vertex 107.216 61.279 4
      vertex 107.319 61.3365 46.5
      vertex 107.216 61.279 46.5
    endloop
  endfacet
  facet normal 0.487441 -0.873156 0
    outer loop
      vertex 107.319 61.3365 46.5
      vertex 107.216 61.279 4
      vertex 107.319 61.3365 4
    endloop
  endfacet
  facet normal 0.418466 -0.908232 0
    outer loop
      vertex 107.319 61.3365 4
      vertex 107.426 61.3858 46.5
      vertex 107.319 61.3365 46.5
    endloop
  endfacet
  facet normal 0.418466 -0.908232 0
    outer loop
      vertex 107.426 61.3858 46.5
      vertex 107.319 61.3365 4
      vertex 107.426 61.3858 4
    endloop
  endfacet
  facet normal 0.676414 -0.736521 0
    outer loop
      vertex 106.939 61.0607 4
      vertex 107.026 61.1406 46.5
      vertex 106.939 61.0607 46.5
    endloop
  endfacet
  facet normal 0.676414 -0.736521 0
    outer loop
      vertex 107.026 61.1406 46.5
      vertex 106.939 61.0607 4
      vertex 107.026 61.1406 4
    endloop
  endfacet
  facet normal -0.999099 -0.0424426 0
    outer loop
      vertex 109.5 60 4
      vertex 109.495 60.1177 46.5
      vertex 109.495 60.1177 4
    endloop
  endfacet
  facet normal -0.999099 -0.0424426 0
    outer loop
      vertex 109.495 60.1177 46.5
      vertex 109.5 60 4
      vertex 109.5 60 46.5
    endloop
  endfacet
  facet normal -0.195296 0.980744 0
    outer loop
      vertex 108.35 58.5414 4
      vertex 108.235 58.5185 46.5
      vertex 108.35 58.5414 46.5
    endloop
  endfacet
  facet normal -0.195296 0.980744 0
    outer loop
      vertex 108.235 58.5185 46.5
      vertex 108.35 58.5414 4
      vertex 108.235 58.5185 4
    endloop
  endfacet
  facet normal -0.962353 0.271803 0
    outer loop
      vertex 109.427 59.5365 4
      vertex 109.459 59.6498 46.5
      vertex 109.459 59.6498 4
    endloop
  endfacet
  facet normal -0.962353 0.271803 0
    outer loop
      vertex 109.459 59.6498 46.5
      vertex 109.427 59.5365 4
      vertex 109.427 59.5365 46.5
    endloop
  endfacet
  facet normal -0.270256 0.962788 0
    outer loop
      vertex 108.464 58.5734 4
      vertex 108.35 58.5414 46.5
      vertex 108.464 58.5734 46.5
    endloop
  endfacet
  facet normal -0.270256 0.962788 0
    outer loop
      vertex 108.35 58.5414 46.5
      vertex 108.464 58.5734 4
      vertex 108.35 58.5414 4
    endloop
  endfacet
  facet normal -0.676414 0.736521 0
    outer loop
      vertex 109.061 58.9393 4
      vertex 108.974 58.8594 46.5
      vertex 109.061 58.9393 46.5
    endloop
  endfacet
  facet normal -0.676414 0.736521 0
    outer loop
      vertex 108.974 58.8594 46.5
      vertex 109.061 58.9393 4
      vertex 108.974 58.8594 4
    endloop
  endfacet
  facet normal -0.621052 0.783769 0
    outer loop
      vertex 108.974 58.8594 4
      vertex 108.882 58.7865 46.5
      vertex 108.974 58.8594 46.5
    endloop
  endfacet
  facet normal -0.621052 0.783769 0
    outer loop
      vertex 108.882 58.7865 46.5
      vertex 108.974 58.8594 4
      vertex 108.882 58.7865 4
    endloop
  endfacet
  facet normal -0.487441 0.873156 0
    outer loop
      vertex 108.784 58.721 4
      vertex 108.681 58.6635 46.5
      vertex 108.784 58.721 46.5
    endloop
  endfacet
  facet normal -0.487441 0.873156 0
    outer loop
      vertex 108.681 58.6635 46.5
      vertex 108.784 58.721 4
      vertex 108.681 58.6635 4
    endloop
  endfacet
  facet normal -0.870736 0.49175 0
    outer loop
      vertex 109.279 59.2163 4
      vertex 109.337 59.319 46.5
      vertex 109.337 59.319 4
    endloop
  endfacet
  facet normal -0.870736 0.49175 0
    outer loop
      vertex 109.337 59.319 46.5
      vertex 109.279 59.2163 4
      vertex 109.279 59.2163 46.5
    endloop
  endfacet
  facet normal -0.937544 0.347867 0
    outer loop
      vertex 109.386 59.426 4
      vertex 109.427 59.5365 46.5
      vertex 109.427 59.5365 4
    endloop
  endfacet
  facet normal -0.937544 0.347867 0
    outer loop
      vertex 109.427 59.5365 46.5
      vertex 109.386 59.426 4
      vertex 109.386 59.426 46.5
    endloop
  endfacet
  facet normal 0.0389535 0.999241 -0
    outer loop
      vertex 108 58.5 4
      vertex 107.882 58.5046 46.5
      vertex 108 58.5 46.5
    endloop
  endfacet
  facet normal 0.0389535 0.999241 0
    outer loop
      vertex 107.882 58.5046 46.5
      vertex 108 58.5 4
      vertex 107.882 58.5046 4
    endloop
  endfacet
  facet normal 0.347758 0.937584 -0
    outer loop
      vertex 107.536 58.5734 4
      vertex 107.426 58.6142 46.5
      vertex 107.536 58.5734 46.5
    endloop
  endfacet
  facet normal 0.347758 0.937584 0
    outer loop
      vertex 107.426 58.6142 46.5
      vertex 107.536 58.5734 4
      vertex 107.426 58.6142 4
    endloop
  endfacet
  facet normal 0.270256 0.962788 -0
    outer loop
      vertex 107.65 58.5414 4
      vertex 107.536 58.5734 46.5
      vertex 107.65 58.5414 46.5
    endloop
  endfacet
  facet normal 0.270256 0.962788 0
    outer loop
      vertex 107.536 58.5734 46.5
      vertex 107.65 58.5414 4
      vertex 107.536 58.5734 4
    endloop
  endfacet
  facet normal 0.487441 0.873156 -0
    outer loop
      vertex 107.319 58.6635 4
      vertex 107.216 58.721 46.5
      vertex 107.319 58.6635 46.5
    endloop
  endfacet
  facet normal 0.487441 0.873156 0
    outer loop
      vertex 107.216 58.721 46.5
      vertex 107.319 58.6635 4
      vertex 107.216 58.721 4
    endloop
  endfacet
  facet normal 0.555679 0.831397 -0
    outer loop
      vertex 107.216 58.721 4
      vertex 107.118 58.7865 46.5
      vertex 107.216 58.721 46.5
    endloop
  endfacet
  facet normal 0.555679 0.831397 0
    outer loop
      vertex 107.118 58.7865 46.5
      vertex 107.216 58.721 4
      vertex 107.118 58.7865 4
    endloop
  endfacet
  facet normal 0.999099 0.0424426 0
    outer loop
      vertex 106.505 59.8823 46.5
      vertex 106.5 60 4
      vertex 106.5 60 46.5
    endloop
  endfacet
  facet normal 0.999099 0.0424426 0
    outer loop
      vertex 106.5 60 4
      vertex 106.505 59.8823 46.5
      vertex 106.505 59.8823 4
    endloop
  endfacet
  facet normal 0.909199 0.416362 0
    outer loop
      vertex 106.663 59.319 46.5
      vertex 106.614 59.426 4
      vertex 106.614 59.426 46.5
    endloop
  endfacet
  facet normal 0.909199 0.416362 0
    outer loop
      vertex 106.614 59.426 4
      vertex 106.663 59.319 46.5
      vertex 106.663 59.319 4
    endloop
  endfacet
  facet normal -0.962353 -0.271803 0
    outer loop
      vertex 109.459 60.3502 4
      vertex 109.427 60.4635 46.5
      vertex 109.427 60.4635 4
    endloop
  endfacet
  facet normal -0.962353 -0.271803 0
    outer loop
      vertex 109.427 60.4635 46.5
      vertex 109.459 60.3502 4
      vertex 109.459 60.3502 46.5
    endloop
  endfacet
  facet normal 0.993873 -0.110525 0
    outer loop
      vertex 106.505 60.1177 46.5
      vertex 106.518 60.2346 4
      vertex 106.518 60.2346 46.5
    endloop
  endfacet
  facet normal 0.993873 -0.110525 0
    outer loop
      vertex 106.518 60.2346 4
      vertex 106.505 60.1177 46.5
      vertex 106.505 60.1177 4
    endloop
  endfacet
  facet normal 0.980776 -0.195137 0
    outer loop
      vertex 106.518 60.2346 46.5
      vertex 106.541 60.3502 4
      vertex 106.541 60.3502 46.5
    endloop
  endfacet
  facet normal 0.980776 -0.195137 0
    outer loop
      vertex 106.541 60.3502 4
      vertex 106.518 60.2346 46.5
      vertex 106.518 60.2346 4
    endloop
  endfacet
  facet normal 0.555679 -0.831397 0
    outer loop
      vertex 107.118 61.2135 4
      vertex 107.216 61.279 46.5
      vertex 107.118 61.2135 46.5
    endloop
  endfacet
  facet normal 0.555679 -0.831397 0
    outer loop
      vertex 107.216 61.279 46.5
      vertex 107.118 61.2135 4
      vertex 107.216 61.279 4
    endloop
  endfacet
  facet normal 0.621052 -0.783769 0
    outer loop
      vertex 107.026 61.1406 4
      vertex 107.118 61.2135 46.5
      vertex 107.026 61.1406 46.5
    endloop
  endfacet
  facet normal 0.621052 -0.783769 0
    outer loop
      vertex 107.118 61.2135 46.5
      vertex 107.026 61.1406 4
      vertex 107.118 61.2135 4
    endloop
  endfacet
  facet normal -0.0389535 0.999241 0
    outer loop
      vertex 108.118 58.5046 4
      vertex 108 58.5 46.5
      vertex 108.118 58.5046 46.5
    endloop
  endfacet
  facet normal -0.0389535 0.999241 0
    outer loop
      vertex 108 58.5 46.5
      vertex 108.118 58.5046 4
      vertex 108 58.5 4
    endloop
  endfacet
  facet normal -0.980776 0.195137 0
    outer loop
      vertex 109.459 59.6498 4
      vertex 109.482 59.7654 46.5
      vertex 109.482 59.7654 4
    endloop
  endfacet
  facet normal -0.980776 0.195137 0
    outer loop
      vertex 109.482 59.7654 46.5
      vertex 109.459 59.6498 4
      vertex 109.459 59.6498 46.5
    endloop
  endfacet
  facet normal -0.993873 0.110525 0
    outer loop
      vertex 109.482 59.7654 4
      vertex 109.495 59.8823 46.5
      vertex 109.495 59.8823 4
    endloop
  endfacet
  facet normal -0.993873 0.110525 0
    outer loop
      vertex 109.495 59.8823 46.5
      vertex 109.482 59.7654 4
      vertex 109.482 59.7654 46.5
    endloop
  endfacet
  facet normal -0.117974 0.993017 0
    outer loop
      vertex 108.235 58.5185 4
      vertex 108.118 58.5046 46.5
      vertex 108.235 58.5185 46.5
    endloop
  endfacet
  facet normal -0.117974 0.993017 0
    outer loop
      vertex 108.118 58.5046 46.5
      vertex 108.235 58.5185 4
      vertex 108.118 58.5046 4
    endloop
  endfacet
  facet normal -0.347758 0.937584 0
    outer loop
      vertex 108.574 58.6142 4
      vertex 108.464 58.5734 46.5
      vertex 108.574 58.6142 46.5
    endloop
  endfacet
  facet normal -0.347758 0.937584 0
    outer loop
      vertex 108.464 58.5734 46.5
      vertex 108.574 58.6142 4
      vertex 108.464 58.5734 4
    endloop
  endfacet
  facet normal -0.734152 0.678985 0
    outer loop
      vertex 109.061 58.9393 4
      vertex 109.141 59.0258 46.5
      vertex 109.141 59.0258 4
    endloop
  endfacet
  facet normal -0.734152 0.678985 0
    outer loop
      vertex 109.141 59.0258 46.5
      vertex 109.061 58.9393 4
      vertex 109.061 58.9393 46.5
    endloop
  endfacet
  facet normal -0.555679 0.831397 0
    outer loop
      vertex 108.882 58.7865 4
      vertex 108.784 58.721 46.5
      vertex 108.882 58.7865 46.5
    endloop
  endfacet
  facet normal -0.555679 0.831397 0
    outer loop
      vertex 108.784 58.721 46.5
      vertex 108.882 58.7865 4
      vertex 108.784 58.721 4
    endloop
  endfacet
  facet normal -0.909199 0.416362 0
    outer loop
      vertex 109.337 59.319 4
      vertex 109.386 59.426 46.5
      vertex 109.386 59.426 4
    endloop
  endfacet
  facet normal -0.909199 0.416362 0
    outer loop
      vertex 109.386 59.426 46.5
      vertex 109.337 59.319 4
      vertex 109.337 59.319 46.5
    endloop
  endfacet
  facet normal -0.833356 0.552736 0
    outer loop
      vertex 109.214 59.1183 4
      vertex 109.279 59.2163 46.5
      vertex 109.279 59.2163 4
    endloop
  endfacet
  facet normal -0.833356 0.552736 0
    outer loop
      vertex 109.279 59.2163 46.5
      vertex 109.214 59.1183 4
      vertex 109.214 59.1183 46.5
    endloop
  endfacet
  facet normal 0.621052 0.783769 -0
    outer loop
      vertex 107.118 58.7865 4
      vertex 107.026 58.8594 46.5
      vertex 107.118 58.7865 46.5
    endloop
  endfacet
  facet normal 0.621052 0.783769 0
    outer loop
      vertex 107.026 58.8594 46.5
      vertex 107.118 58.7865 4
      vertex 107.026 58.8594 4
    endloop
  endfacet
  facet normal 0.980776 0.195137 0
    outer loop
      vertex 106.541 59.6498 46.5
      vertex 106.518 59.7654 4
      vertex 106.518 59.7654 46.5
    endloop
  endfacet
  facet normal 0.980776 0.195137 0
    outer loop
      vertex 106.518 59.7654 4
      vertex 106.541 59.6498 46.5
      vertex 106.541 59.6498 4
    endloop
  endfacet
  facet normal 0.993873 0.110525 0
    outer loop
      vertex 106.518 59.7654 46.5
      vertex 106.505 59.8823 4
      vertex 106.505 59.8823 46.5
    endloop
  endfacet
  facet normal 0.993873 0.110525 0
    outer loop
      vertex 106.505 59.8823 4
      vertex 106.518 59.7654 46.5
      vertex 106.518 59.7654 4
    endloop
  endfacet
  facet normal 0.870736 0.49175 0
    outer loop
      vertex 106.721 59.2163 46.5
      vertex 106.663 59.319 4
      vertex 106.663 59.319 46.5
    endloop
  endfacet
  facet normal 0.870736 0.49175 0
    outer loop
      vertex 106.663 59.319 4
      vertex 106.721 59.2163 46.5
      vertex 106.721 59.2163 4
    endloop
  endfacet
  facet normal 0.734152 0.678985 0
    outer loop
      vertex 106.939 58.9393 46.5
      vertex 106.859 59.0258 4
      vertex 106.859 59.0258 46.5
    endloop
  endfacet
  facet normal 0.734152 0.678985 0
    outer loop
      vertex 106.859 59.0258 4
      vertex 106.939 58.9393 46.5
      vertex 106.939 58.9393 4
    endloop
  endfacet
  facet normal -0.833356 -0.552736 0
    outer loop
      vertex 109.279 60.7837 4
      vertex 109.214 60.8817 46.5
      vertex 109.214 60.8817 4
    endloop
  endfacet
  facet normal -0.833356 -0.552736 0
    outer loop
      vertex 109.214 60.8817 46.5
      vertex 109.279 60.7837 4
      vertex 109.279 60.7837 46.5
    endloop
  endfacet
  facet normal -0.418466 -0.908232 0
    outer loop
      vertex 108.574 61.3858 4
      vertex 108.681 61.3365 46.5
      vertex 108.574 61.3858 46.5
    endloop
  endfacet
  facet normal -0.418466 -0.908232 -0
    outer loop
      vertex 108.681 61.3365 46.5
      vertex 108.574 61.3858 4
      vertex 108.681 61.3365 4
    endloop
  endfacet
  facet normal 0.784991 -0.619507 0
    outer loop
      vertex 106.786 60.8817 46.5
      vertex 106.859 60.9742 4
      vertex 106.859 60.9742 46.5
    endloop
  endfacet
  facet normal 0.784991 -0.619507 0
    outer loop
      vertex 106.859 60.9742 4
      vertex 106.786 60.8817 46.5
      vertex 106.786 60.8817 4
    endloop
  endfacet
  facet normal 0.195296 -0.980744 0
    outer loop
      vertex 107.65 61.4586 4
      vertex 107.765 61.4815 46.5
      vertex 107.65 61.4586 46.5
    endloop
  endfacet
  facet normal 0.195296 -0.980744 0
    outer loop
      vertex 107.765 61.4815 46.5
      vertex 107.65 61.4586 4
      vertex 107.765 61.4815 4
    endloop
  endfacet
  facet normal 0.195296 0.980744 -0
    outer loop
      vertex 107.765 58.5185 4
      vertex 107.65 58.5414 46.5
      vertex 107.765 58.5185 46.5
    endloop
  endfacet
  facet normal 0.195296 0.980744 0
    outer loop
      vertex 107.65 58.5414 46.5
      vertex 107.765 58.5185 4
      vertex 107.65 58.5414 4
    endloop
  endfacet
  facet normal 0.962353 0.271803 0
    outer loop
      vertex 106.573 59.5365 46.5
      vertex 106.541 59.6498 4
      vertex 106.541 59.6498 46.5
    endloop
  endfacet
  facet normal 0.962353 0.271803 0
    outer loop
      vertex 106.541 59.6498 4
      vertex 106.573 59.5365 46.5
      vertex 106.573 59.5365 4
    endloop
  endfacet
  facet normal 0.784991 0.619507 0
    outer loop
      vertex 106.859 59.0258 46.5
      vertex 106.786 59.1183 4
      vertex 106.786 59.1183 46.5
    endloop
  endfacet
  facet normal 0.784991 0.619507 0
    outer loop
      vertex 106.786 59.1183 4
      vertex 106.859 59.0258 46.5
      vertex 106.859 59.0258 4
    endloop
  endfacet
  facet normal 0.993065 0.117569 0
    outer loop
      vertex 21.1601 18.9664 4
      vertex 21.0401 19.98 0
      vertex 21.0401 19.98 4
    endloop
  endfacet
  facet normal 0.993065 0.117569 0
    outer loop
      vertex 21.0401 19.98 0
      vertex 21.1601 18.9664 4
      vertex 21.1601 18.9664 0
    endloop
  endfacet
  facet normal 0.999228 -0.0392834 0
    outer loop
      vertex 21 21 4
      vertex 21.0401 22.02 0
      vertex 21.0401 22.02 4
    endloop
  endfacet
  facet normal 0.999228 -0.0392834 0
    outer loop
      vertex 21.0401 22.02 0
      vertex 21 21 4
      vertex 21 21 0
    endloop
  endfacet
  facet normal -0.999228 -0.0392834 0
    outer loop
      vertex 87 21 0
      vertex 86.9599 22.02 4
      vertex 86.9599 22.02 0
    endloop
  endfacet
  facet normal -0.999228 -0.0392834 0
    outer loop
      vertex 86.9599 22.02 4
      vertex 87 21 0
      vertex 87 21 4
    endloop
  endfacet
  facet normal 0.999228 0.0392834 0
    outer loop
      vertex 21.0401 19.98 4
      vertex 21 21 0
      vertex 21 21 4
    endloop
  endfacet
  facet normal 0.999228 0.0392834 0
    outer loop
      vertex 21 21 0
      vertex 21.0401 19.98 4
      vertex 21.0401 19.98 0
    endloop
  endfacet
  facet normal 0 -1 0
    outer loop
      vertex 34 34 0
      vertex 74 34 4
      vertex 34 34 4
    endloop
  endfacet
  facet normal 0 -1 -0
    outer loop
      vertex 74 34 4
      vertex 34 34 0
      vertex 74 34 0
    endloop
  endfacet
  facet normal -0.980776 -0.195136 0
    outer loop
      vertex 86.84 23.0336 0
      vertex 86.6408 24.0348 4
      vertex 86.6408 24.0348 0
    endloop
  endfacet
  facet normal -0.980776 -0.195136 0
    outer loop
      vertex 86.6408 24.0348 4
      vertex 86.84 23.0336 0
      vertex 86.84 23.0336 4
    endloop
  endfacet
  facet normal 0.678789 -0.734334 0
    outer loop
      vertex 24.8076 30.1924 0
      vertex 25.5572 30.8853 4
      vertex 24.8076 30.1924 4
    endloop
  endfacet
  facet normal 0.678789 -0.734334 0
    outer loop
      vertex 25.5572 30.8853 4
      vertex 24.8076 30.1924 0
      vertex 25.5572 30.8853 0
    endloop
  endfacet
  facet normal -0.271472 -0.962446 0
    outer loop
      vertex 77.0348 33.6408 0
      vertex 78.0172 33.3637 4
      vertex 77.0348 33.6408 4
    endloop
  endfacet
  facet normal -0.271472 -0.962446 -0
    outer loop
      vertex 78.0172 33.3637 4
      vertex 77.0348 33.6408 0
      vertex 78.0172 33.3637 0
    endloop
  endfacet
  facet normal 0.908163 -0.418617 0
    outer loop
      vertex 21.9896 25.9749 4
      vertex 22.4169 26.9019 0
      vertex 22.4169 26.9019 4
    endloop
  endfacet
  facet normal 0.908163 -0.418617 0
    outer loop
      vertex 22.4169 26.9019 0
      vertex 21.9896 25.9749 4
      vertex 21.9896 25.9749 0
    endloop
  endfacet
  facet normal -0.785331 -0.619076 0
    outer loop
      vertex 84.5172 28.6412 0
      vertex 83.8853 29.4428 4
      vertex 83.8853 29.4428 0
    endloop
  endfacet
  facet normal -0.785331 -0.619076 0
    outer loop
      vertex 83.8853 29.4428 4
      vertex 84.5172 28.6412 0
      vertex 84.5172 28.6412 4
    endloop
  endfacet
  facet normal -0.0392834 -0.999228 0
    outer loop
      vertex 74 34 0
      vertex 75.02 33.9599 4
      vertex 74 34 4
    endloop
  endfacet
  facet normal -0.0392834 -0.999228 -0
    outer loop
      vertex 75.02 33.9599 4
      vertex 74 34 0
      vertex 75.02 33.9599 0
    endloop
  endfacet
  facet normal -0.195042 -0.980795 0
    outer loop
      vertex 76.0336 33.8399 0
      vertex 77.0348 33.6408 4
      vertex 76.0336 33.8399 4
    endloop
  endfacet
  facet normal -0.195042 -0.980795 -0
    outer loop
      vertex 77.0348 33.6408 4
      vertex 76.0336 33.8399 0
      vertex 77.0348 33.6408 0
    endloop
  endfacet
  facet normal 0.346105 -0.938196 0
    outer loop
      vertex 29.0251 33.0104 0
      vertex 29.9828 33.3637 4
      vertex 29.0251 33.0104 4
    endloop
  endfacet
  facet normal 0.346105 -0.938196 0
    outer loop
      vertex 29.9828 33.3637 4
      vertex 29.0251 33.0104 0
      vertex 29.9828 33.3637 0
    endloop
  endfacet
  facet normal 0.785331 -0.619076 0
    outer loop
      vertex 23.4828 28.6412 4
      vertex 24.1147 29.4428 0
      vertex 24.1147 29.4428 4
    endloop
  endfacet
  facet normal 0.785331 -0.619076 0
    outer loop
      vertex 24.1147 29.4428 0
      vertex 23.4828 28.6412 4
      vertex 23.4828 28.6412 0
    endloop
  endfacet
  facet normal 0 1 -0
    outer loop
      vertex 74 8 0
      vertex 34 8 4
      vertex 74 8 4
    endloop
  endfacet
  facet normal 0 1 0
    outer loop
      vertex 34 8 4
      vertex 74 8 0
      vertex 34 8 0
    endloop
  endfacet
  facet normal 0.962446 -0.271472 0
    outer loop
      vertex 21.3592 24.0348 4
      vertex 21.6363 25.0172 0
      vertex 21.6363 25.0172 4
    endloop
  endfacet
  facet normal 0.962446 -0.271472 0
    outer loop
      vertex 21.6363 25.0172 0
      vertex 21.3592 24.0348 4
      vertex 21.3592 24.0348 0
    endloop
  endfacet
  facet normal -0.962446 -0.271472 0
    outer loop
      vertex 86.6408 24.0348 0
      vertex 86.3637 25.0172 4
      vertex 86.3637 25.0172 0
    endloop
  endfacet
  facet normal -0.962446 -0.271472 0
    outer loop
      vertex 86.3637 25.0172 4
      vertex 86.6408 24.0348 0
      vertex 86.6408 24.0348 4
    endloop
  endfacet
  facet normal -0.555582 -0.831462 0
    outer loop
      vertex 80.7925 32.0843 0
      vertex 81.6412 31.5172 4
      vertex 80.7925 32.0843 4
    endloop
  endfacet
  facet normal -0.555582 -0.831462 -0
    outer loop
      vertex 81.6412 31.5172 4
      vertex 80.7925 32.0843 0
      vertex 81.6412 31.5172 0
    endloop
  endfacet
  facet normal -0.117569 -0.993065 0
    outer loop
      vertex 75.02 33.9599 0
      vertex 76.0336 33.8399 4
      vertex 75.02 33.9599 4
    endloop
  endfacet
  facet normal -0.117569 -0.993065 -0
    outer loop
      vertex 76.0336 33.8399 4
      vertex 75.02 33.9599 0
      vertex 76.0336 33.8399 0
    endloop
  endfacet
  facet normal 0.117569 -0.993065 0
    outer loop
      vertex 31.9664 33.8399 0
      vertex 32.98 33.9599 4
      vertex 31.9664 33.8399 4
    endloop
  endfacet
  facet normal 0.117569 -0.993065 0
    outer loop
      vertex 32.98 33.9599 4
      vertex 31.9664 33.8399 0
      vertex 32.98 33.9599 0
    endloop
  endfacet
  facet normal 0.0392834 -0.999228 0
    outer loop
      vertex 32.98 33.9599 0
      vertex 34 34 4
      vertex 32.98 33.9599 4
    endloop
  endfacet
  facet normal 0.0392834 -0.999228 0
    outer loop
      vertex 34 34 4
      vertex 32.98 33.9599 0
      vertex 34 34 0
    endloop
  endfacet
  facet normal 0.488651 -0.872479 0
    outer loop
      vertex 27.2075 32.0843 0
      vertex 28.0981 32.5831 4
      vertex 27.2075 32.0843 4
    endloop
  endfacet
  facet normal 0.488651 -0.872479 0
    outer loop
      vertex 28.0981 32.5831 4
      vertex 27.2075 32.0843 0
      vertex 28.0981 32.5831 0
    endloop
  endfacet
  facet normal 0.555582 -0.831462 0
    outer loop
      vertex 26.3588 31.5172 0
      vertex 27.2075 32.0843 4
      vertex 26.3588 31.5172 4
    endloop
  endfacet
  facet normal 0.555582 -0.831462 0
    outer loop
      vertex 27.2075 32.0843 4
      vertex 26.3588 31.5172 0
      vertex 27.2075 32.0843 0
    endloop
  endfacet
  facet normal 0.418617 -0.908163 0
    outer loop
      vertex 28.0981 32.5831 0
      vertex 29.0251 33.0104 4
      vertex 28.0981 32.5831 4
    endloop
  endfacet
  facet normal 0.418617 -0.908163 0
    outer loop
      vertex 29.0251 33.0104 4
      vertex 28.0981 32.5831 0
      vertex 29.0251 33.0104 0
    endloop
  endfacet
  facet normal 0.831462 -0.555582 0
    outer loop
      vertex 22.9157 27.7925 4
      vertex 23.4828 28.6412 0
      vertex 23.4828 28.6412 4
    endloop
  endfacet
  facet normal 0.831462 -0.555582 0
    outer loop
      vertex 23.4828 28.6412 0
      vertex 22.9157 27.7925 4
      vertex 22.9157 27.7925 0
    endloop
  endfacet
  facet normal 0.872479 -0.488651 0
    outer loop
      vertex 22.4169 26.9019 4
      vertex 22.9157 27.7925 0
      vertex 22.9157 27.7925 4
    endloop
  endfacet
  facet normal 0.872479 -0.488651 0
    outer loop
      vertex 22.9157 27.7925 0
      vertex 22.4169 26.9019 4
      vertex 22.4169 26.9019 0
    endloop
  endfacet
  facet normal 0.938196 -0.346105 0
    outer loop
      vertex 21.6363 25.0172 4
      vertex 21.9896 25.9749 0
      vertex 21.9896 25.9749 4
    endloop
  endfacet
  facet normal 0.938196 -0.346105 0
    outer loop
      vertex 21.9896 25.9749 0
      vertex 21.6363 25.0172 4
      vertex 21.6363 25.0172 0
    endloop
  endfacet
  facet normal 0.993065 -0.117569 0
    outer loop
      vertex 21.0401 22.02 4
      vertex 21.1601 23.0336 0
      vertex 21.1601 23.0336 4
    endloop
  endfacet
  facet normal 0.993065 -0.117569 0
    outer loop
      vertex 21.1601 23.0336 0
      vertex 21.0401 22.02 4
      vertex 21.0401 22.02 0
    endloop
  endfacet
  facet normal -0.19508 0.980787 0
    outer loop
      vertex 77.0348 8.35919 0
      vertex 76.0336 8.16005 4
      vertex 77.0348 8.35919 4
    endloop
  endfacet
  facet normal -0.19508 0.980787 0
    outer loop
      vertex 76.0336 8.16005 4
      vertex 77.0348 8.35919 0
      vertex 76.0336 8.16005 0
    endloop
  endfacet
  facet normal -0.11755 0.993067 0
    outer loop
      vertex 76.0336 8.16005 0
      vertex 75.02 8.04007 4
      vertex 76.0336 8.16005 4
    endloop
  endfacet
  facet normal -0.11755 0.993067 0
    outer loop
      vertex 75.02 8.04007 4
      vertex 76.0336 8.16005 0
      vertex 75.02 8.04007 0
    endloop
  endfacet
  facet normal -0.346113 0.938193 0
    outer loop
      vertex 78.9749 8.98957 0
      vertex 78.0172 8.63626 4
      vertex 78.9749 8.98957 4
    endloop
  endfacet
  facet normal -0.346113 0.938193 0
    outer loop
      vertex 78.0172 8.63626 4
      vertex 78.9749 8.98957 0
      vertex 78.0172 8.63626 0
    endloop
  endfacet
  facet normal -0.619076 0.785331 0
    outer loop
      vertex 82.4428 11.1147 0
      vertex 81.6412 10.4828 4
      vertex 82.4428 11.1147 4
    endloop
  endfacet
  facet normal -0.619076 0.785331 0
    outer loop
      vertex 81.6412 10.4828 4
      vertex 82.4428 11.1147 0
      vertex 81.6412 10.4828 0
    endloop
  endfacet
  facet normal -0.734334 0.678789 0
    outer loop
      vertex 83.1924 11.8076 0
      vertex 83.8853 12.5572 4
      vertex 83.8853 12.5572 0
    endloop
  endfacet
  facet normal -0.734334 0.678789 0
    outer loop
      vertex 83.8853 12.5572 4
      vertex 83.1924 11.8076 0
      vertex 83.1924 11.8076 4
    endloop
  endfacet
  facet normal -0.488629 0.872492 0
    outer loop
      vertex 80.7925 9.91568 0
      vertex 79.9019 9.41691 4
      vertex 80.7925 9.91568 4
    endloop
  endfacet
  facet normal -0.488629 0.872492 0
    outer loop
      vertex 79.9019 9.41691 4
      vertex 80.7925 9.91568 0
      vertex 79.9019 9.41691 0
    endloop
  endfacet
  facet normal -0.785331 0.619076 0
    outer loop
      vertex 83.8853 12.5572 0
      vertex 84.5172 13.3588 4
      vertex 84.5172 13.3588 0
    endloop
  endfacet
  facet normal -0.785331 0.619076 0
    outer loop
      vertex 84.5172 13.3588 4
      vertex 83.8853 12.5572 0
      vertex 83.8853 12.5572 4
    endloop
  endfacet
  facet normal -0.938196 0.346105 0
    outer loop
      vertex 86.0104 16.0251 0
      vertex 86.3637 16.9828 4
      vertex 86.3637 16.9828 0
    endloop
  endfacet
  facet normal -0.938196 0.346105 0
    outer loop
      vertex 86.3637 16.9828 4
      vertex 86.0104 16.0251 0
      vertex 86.0104 16.0251 4
    endloop
  endfacet
  facet normal -0.872479 0.488651 0
    outer loop
      vertex 85.0843 14.2075 0
      vertex 85.5831 15.0981 4
      vertex 85.5831 15.0981 0
    endloop
  endfacet
  facet normal -0.872479 0.488651 0
    outer loop
      vertex 85.5831 15.0981 4
      vertex 85.0843 14.2075 0
      vertex 85.0843 14.2075 4
    endloop
  endfacet
  facet normal -0.999228 0.0392834 0
    outer loop
      vertex 86.9599 19.98 0
      vertex 87 21 4
      vertex 87 21 0
    endloop
  endfacet
  facet normal -0.999228 0.0392834 0
    outer loop
      vertex 87 21 4
      vertex 86.9599 19.98 0
      vertex 86.9599 19.98 4
    endloop
  endfacet
  facet normal 0.19508 0.980787 -0
    outer loop
      vertex 31.9664 8.16005 0
      vertex 30.9652 8.35919 4
      vertex 31.9664 8.16005 4
    endloop
  endfacet
  facet normal 0.19508 0.980787 0
    outer loop
      vertex 30.9652 8.35919 4
      vertex 31.9664 8.16005 0
      vertex 30.9652 8.35919 0
    endloop
  endfacet
  facet normal 0.039254 0.999229 -0
    outer loop
      vertex 34 8 0
      vertex 32.98 8.04007 4
      vertex 34 8 4
    endloop
  endfacet
  facet normal 0.039254 0.999229 0
    outer loop
      vertex 32.98 8.04007 4
      vertex 34 8 0
      vertex 32.98 8.04007 0
    endloop
  endfacet
  facet normal -0.039254 0.999229 0
    outer loop
      vertex 75.02 8.04007 0
      vertex 74 8 4
      vertex 75.02 8.04007 4
    endloop
  endfacet
  facet normal -0.039254 0.999229 0
    outer loop
      vertex 74 8 4
      vertex 75.02 8.04007 0
      vertex 74 8 0
    endloop
  endfacet
  facet normal 0.619076 0.785331 -0
    outer loop
      vertex 26.3588 10.4828 0
      vertex 25.5572 11.1147 4
      vertex 26.3588 10.4828 4
    endloop
  endfacet
  facet normal 0.619076 0.785331 0
    outer loop
      vertex 25.5572 11.1147 4
      vertex 26.3588 10.4828 0
      vertex 25.5572 11.1147 0
    endloop
  endfacet
  facet normal 0.271445 0.962454 -0
    outer loop
      vertex 30.9652 8.35919 0
      vertex 29.9828 8.63626 4
      vertex 30.9652 8.35919 4
    endloop
  endfacet
  facet normal 0.271445 0.962454 0
    outer loop
      vertex 29.9828 8.63626 4
      vertex 30.9652 8.35919 0
      vertex 29.9828 8.63626 0
    endloop
  endfacet
  facet normal 0.872479 0.488651 0
    outer loop
      vertex 22.9157 14.2075 4
      vertex 22.4169 15.0981 0
      vertex 22.4169 15.0981 4
    endloop
  endfacet
  facet normal 0.872479 0.488651 0
    outer loop
      vertex 22.4169 15.0981 0
      vertex 22.9157 14.2075 4
      vertex 22.9157 14.2075 0
    endloop
  endfacet
  facet normal -0.993076 -0.117472 0
    outer loop
      vertex 86.9599 22.02 0
      vertex 86.84 23.0336 4
      vertex 86.84 23.0336 0
    endloop
  endfacet
  facet normal -0.993076 -0.117472 0
    outer loop
      vertex 86.84 23.0336 4
      vertex 86.9599 22.02 0
      vertex 86.9599 22.02 4
    endloop
  endfacet
  facet normal -0.938196 -0.346105 0
    outer loop
      vertex 86.3637 25.0172 0
      vertex 86.0104 25.9749 4
      vertex 86.0104 25.9749 0
    endloop
  endfacet
  facet normal -0.938196 -0.346105 0
    outer loop
      vertex 86.0104 25.9749 4
      vertex 86.3637 25.0172 0
      vertex 86.3637 25.0172 4
    endloop
  endfacet
  facet normal -0.908163 -0.418617 0
    outer loop
      vertex 86.0104 25.9749 0
      vertex 85.5831 26.9019 4
      vertex 85.5831 26.9019 0
    endloop
  endfacet
  facet normal -0.908163 -0.418617 0
    outer loop
      vertex 85.5831 26.9019 4
      vertex 86.0104 25.9749 0
      vertex 86.0104 25.9749 4
    endloop
  endfacet
  facet normal -0.872479 -0.488651 0
    outer loop
      vertex 85.5831 26.9019 0
      vertex 85.0843 27.7925 4
      vertex 85.0843 27.7925 0
    endloop
  endfacet
  facet normal -0.872479 -0.488651 0
    outer loop
      vertex 85.0843 27.7925 4
      vertex 85.5831 26.9019 0
      vertex 85.5831 26.9019 4
    endloop
  endfacet
  facet normal -0.418617 -0.908163 0
    outer loop
      vertex 78.9749 33.0104 0
      vertex 79.9019 32.5831 4
      vertex 78.9749 33.0104 4
    endloop
  endfacet
  facet normal -0.418617 -0.908163 -0
    outer loop
      vertex 79.9019 32.5831 4
      vertex 78.9749 33.0104 0
      vertex 79.9019 32.5831 0
    endloop
  endfacet
  facet normal -0.734334 -0.678789 0
    outer loop
      vertex 83.8853 29.4428 0
      vertex 83.1924 30.1924 4
      vertex 83.1924 30.1924 0
    endloop
  endfacet
  facet normal -0.734334 -0.678789 0
    outer loop
      vertex 83.1924 30.1924 4
      vertex 83.8853 29.4428 0
      vertex 83.8853 29.4428 4
    endloop
  endfacet
  facet normal -0.678789 -0.734334 0
    outer loop
      vertex 82.4428 30.8853 0
      vertex 83.1924 30.1924 4
      vertex 82.4428 30.8853 4
    endloop
  endfacet
  facet normal -0.678789 -0.734334 -0
    outer loop
      vertex 83.1924 30.1924 4
      vertex 82.4428 30.8853 0
      vertex 83.1924 30.1924 0
    endloop
  endfacet
  facet normal 0.195042 -0.980795 0
    outer loop
      vertex 30.9652 33.6408 0
      vertex 31.9664 33.8399 4
      vertex 30.9652 33.6408 4
    endloop
  endfacet
  facet normal 0.195042 -0.980795 0
    outer loop
      vertex 31.9664 33.8399 4
      vertex 30.9652 33.6408 0
      vertex 31.9664 33.8399 0
    endloop
  endfacet
  facet normal 0.271472 -0.962446 0
    outer loop
      vertex 29.9828 33.3637 0
      vertex 30.9652 33.6408 4
      vertex 29.9828 33.3637 4
    endloop
  endfacet
  facet normal 0.271472 -0.962446 0
    outer loop
      vertex 30.9652 33.6408 4
      vertex 29.9828 33.3637 0
      vertex 30.9652 33.6408 0
    endloop
  endfacet
  facet normal 0.980795 -0.195042 0
    outer loop
      vertex 21.1601 23.0336 4
      vertex 21.3592 24.0348 0
      vertex 21.3592 24.0348 4
    endloop
  endfacet
  facet normal 0.980795 -0.195042 0
    outer loop
      vertex 21.3592 24.0348 0
      vertex 21.1601 23.0336 4
      vertex 21.1601 23.0336 0
    endloop
  endfacet
  facet normal -0.418649 0.908148 0
    outer loop
      vertex 79.9019 9.41691 0
      vertex 78.9749 8.98957 4
      vertex 79.9019 9.41691 4
    endloop
  endfacet
  facet normal -0.418649 0.908148 0
    outer loop
      vertex 78.9749 8.98957 4
      vertex 79.9019 9.41691 0
      vertex 78.9749 8.98957 0
    endloop
  endfacet
  facet normal -0.678789 0.734334 0
    outer loop
      vertex 83.1924 11.8076 0
      vertex 82.4428 11.1147 4
      vertex 83.1924 11.8076 4
    endloop
  endfacet
  facet normal -0.678789 0.734334 0
    outer loop
      vertex 82.4428 11.1147 4
      vertex 83.1924 11.8076 0
      vertex 82.4428 11.1147 0
    endloop
  endfacet
  facet normal -0.555595 0.831453 0
    outer loop
      vertex 81.6412 10.4828 0
      vertex 80.7925 9.91568 4
      vertex 81.6412 10.4828 4
    endloop
  endfacet
  facet normal -0.555595 0.831453 0
    outer loop
      vertex 80.7925 9.91568 4
      vertex 81.6412 10.4828 0
      vertex 80.7925 9.91568 0
    endloop
  endfacet
  facet normal -0.831462 0.555582 0
    outer loop
      vertex 84.5172 13.3588 0
      vertex 85.0843 14.2075 4
      vertex 85.0843 14.2075 0
    endloop
  endfacet
  facet normal -0.831462 0.555582 0
    outer loop
      vertex 85.0843 14.2075 4
      vertex 84.5172 13.3588 0
      vertex 84.5172 13.3588 4
    endloop
  endfacet
  facet normal -0.908163 0.418617 0
    outer loop
      vertex 85.5831 15.0981 0
      vertex 86.0104 16.0251 4
      vertex 86.0104 16.0251 0
    endloop
  endfacet
  facet normal -0.908163 0.418617 0
    outer loop
      vertex 86.0104 16.0251 4
      vertex 85.5831 15.0981 0
      vertex 85.5831 15.0981 4
    endloop
  endfacet
  facet normal -0.993076 0.117472 0
    outer loop
      vertex 86.84 18.9664 0
      vertex 86.9599 19.98 4
      vertex 86.9599 19.98 0
    endloop
  endfacet
  facet normal -0.993076 0.117472 0
    outer loop
      vertex 86.9599 19.98 4
      vertex 86.84 18.9664 0
      vertex 86.84 18.9664 4
    endloop
  endfacet
  facet normal -0.962446 0.271472 0
    outer loop
      vertex 86.3637 16.9828 0
      vertex 86.6408 17.9652 4
      vertex 86.6408 17.9652 0
    endloop
  endfacet
  facet normal -0.962446 0.271472 0
    outer loop
      vertex 86.6408 17.9652 4
      vertex 86.3637 16.9828 0
      vertex 86.3637 16.9828 4
    endloop
  endfacet
  facet normal -0.980776 0.195136 0
    outer loop
      vertex 86.6408 17.9652 0
      vertex 86.84 18.9664 4
      vertex 86.84 18.9664 0
    endloop
  endfacet
  facet normal -0.980776 0.195136 0
    outer loop
      vertex 86.84 18.9664 4
      vertex 86.6408 17.9652 0
      vertex 86.6408 17.9652 4
    endloop
  endfacet
  facet normal 0.11755 0.993067 -0
    outer loop
      vertex 32.98 8.04007 0
      vertex 31.9664 8.16005 4
      vertex 32.98 8.04007 4
    endloop
  endfacet
  facet normal 0.11755 0.993067 0
    outer loop
      vertex 31.9664 8.16005 4
      vertex 32.98 8.04007 0
      vertex 31.9664 8.16005 0
    endloop
  endfacet
  facet normal 0.418649 0.908148 -0
    outer loop
      vertex 29.0251 8.98957 0
      vertex 28.0981 9.41691 4
      vertex 29.0251 8.98957 4
    endloop
  endfacet
  facet normal 0.418649 0.908148 0
    outer loop
      vertex 28.0981 9.41691 4
      vertex 29.0251 8.98957 0
      vertex 28.0981 9.41691 0
    endloop
  endfacet
  facet normal 0.734334 0.678789 0
    outer loop
      vertex 24.8076 11.8076 4
      vertex 24.1147 12.5572 0
      vertex 24.1147 12.5572 4
    endloop
  endfacet
  facet normal 0.734334 0.678789 0
    outer loop
      vertex 24.1147 12.5572 0
      vertex 24.8076 11.8076 4
      vertex 24.8076 11.8076 0
    endloop
  endfacet
  facet normal 0.678789 0.734334 -0
    outer loop
      vertex 25.5572 11.1147 0
      vertex 24.8076 11.8076 4
      vertex 25.5572 11.1147 4
    endloop
  endfacet
  facet normal 0.678789 0.734334 0
    outer loop
      vertex 24.8076 11.8076 4
      vertex 25.5572 11.1147 0
      vertex 24.8076 11.8076 0
    endloop
  endfacet
  facet normal 0.488629 0.872492 -0
    outer loop
      vertex 28.0981 9.41691 0
      vertex 27.2075 9.91568 4
      vertex 28.0981 9.41691 4
    endloop
  endfacet
  facet normal 0.488629 0.872492 0
    outer loop
      vertex 27.2075 9.91568 4
      vertex 28.0981 9.41691 0
      vertex 27.2075 9.91568 0
    endloop
  endfacet
  facet normal 0.346113 0.938193 -0
    outer loop
      vertex 29.9828 8.63626 0
      vertex 29.0251 8.98957 4
      vertex 29.9828 8.63626 4
    endloop
  endfacet
  facet normal 0.346113 0.938193 0
    outer loop
      vertex 29.0251 8.98957 4
      vertex 29.9828 8.63626 0
      vertex 29.0251 8.98957 0
    endloop
  endfacet
  facet normal 0.831462 0.555582 0
    outer loop
      vertex 23.4828 13.3588 4
      vertex 22.9157 14.2075 0
      vertex 22.9157 14.2075 4
    endloop
  endfacet
  facet normal 0.831462 0.555582 0
    outer loop
      vertex 22.9157 14.2075 0
      vertex 23.4828 13.3588 4
      vertex 23.4828 13.3588 0
    endloop
  endfacet
  facet normal 0.785331 0.619076 0
    outer loop
      vertex 24.1147 12.5572 4
      vertex 23.4828 13.3588 0
      vertex 23.4828 13.3588 4
    endloop
  endfacet
  facet normal 0.785331 0.619076 0
    outer loop
      vertex 23.4828 13.3588 0
      vertex 24.1147 12.5572 4
      vertex 24.1147 12.5572 0
    endloop
  endfacet
  facet normal 0.938196 0.346105 0
    outer loop
      vertex 21.9896 16.0251 4
      vertex 21.6363 16.9828 0
      vertex 21.6363 16.9828 4
    endloop
  endfacet
  facet normal 0.938196 0.346105 0
    outer loop
      vertex 21.6363 16.9828 0
      vertex 21.9896 16.0251 4
      vertex 21.9896 16.0251 0
    endloop
  endfacet
  facet normal 0.980795 0.195042 0
    outer loop
      vertex 21.3592 17.9652 4
      vertex 21.1601 18.9664 0
      vertex 21.1601 18.9664 4
    endloop
  endfacet
  facet normal 0.980795 0.195042 0
    outer loop
      vertex 21.1601 18.9664 0
      vertex 21.3592 17.9652 4
      vertex 21.3592 17.9652 0
    endloop
  endfacet
  facet normal 0.908163 0.418617 0
    outer loop
      vertex 22.4169 15.0981 4
      vertex 21.9896 16.0251 0
      vertex 21.9896 16.0251 4
    endloop
  endfacet
  facet normal 0.908163 0.418617 0
    outer loop
      vertex 21.9896 16.0251 0
      vertex 22.4169 15.0981 4
      vertex 22.4169 15.0981 0
    endloop
  endfacet
  facet normal -0.831462 -0.555582 0
    outer loop
      vertex 85.0843 27.7925 0
      vertex 84.5172 28.6412 4
      vertex 84.5172 28.6412 0
    endloop
  endfacet
  facet normal -0.831462 -0.555582 0
    outer loop
      vertex 84.5172 28.6412 4
      vertex 85.0843 27.7925 0
      vertex 85.0843 27.7925 4
    endloop
  endfacet
  facet normal -0.346105 -0.938196 0
    outer loop
      vertex 78.0172 33.3637 0
      vertex 78.9749 33.0104 4
      vertex 78.0172 33.3637 4
    endloop
  endfacet
  facet normal -0.346105 -0.938196 -0
    outer loop
      vertex 78.9749 33.0104 4
      vertex 78.0172 33.3637 0
      vertex 78.9749 33.0104 0
    endloop
  endfacet
  facet normal -0.488651 -0.872479 0
    outer loop
      vertex 79.9019 32.5831 0
      vertex 80.7925 32.0843 4
      vertex 79.9019 32.5831 4
    endloop
  endfacet
  facet normal -0.488651 -0.872479 -0
    outer loop
      vertex 80.7925 32.0843 4
      vertex 79.9019 32.5831 0
      vertex 80.7925 32.0843 0
    endloop
  endfacet
  facet normal -0.619076 -0.785331 0
    outer loop
      vertex 81.6412 31.5172 0
      vertex 82.4428 30.8853 4
      vertex 81.6412 31.5172 4
    endloop
  endfacet
  facet normal -0.619076 -0.785331 -0
    outer loop
      vertex 82.4428 30.8853 4
      vertex 81.6412 31.5172 0
      vertex 82.4428 30.8853 0
    endloop
  endfacet
  facet normal 0.619076 -0.785331 0
    outer loop
      vertex 25.5572 30.8853 0
      vertex 26.3588 31.5172 4
      vertex 25.5572 30.8853 4
    endloop
  endfacet
  facet normal 0.619076 -0.785331 0
    outer loop
      vertex 26.3588 31.5172 4
      vertex 25.5572 30.8853 0
      vertex 26.3588 31.5172 0
    endloop
  endfacet
  facet normal 0.734334 -0.678789 0
    outer loop
      vertex 24.1147 29.4428 4
      vertex 24.8076 30.1924 0
      vertex 24.8076 30.1924 4
    endloop
  endfacet
  facet normal 0.734334 -0.678789 0
    outer loop
      vertex 24.8076 30.1924 0
      vertex 24.1147 29.4428 4
      vertex 24.1147 29.4428 0
    endloop
  endfacet
  facet normal -0.271445 0.962454 0
    outer loop
      vertex 78.0172 8.63626 0
      vertex 77.0348 8.35919 4
      vertex 78.0172 8.63626 4
    endloop
  endfacet
  facet normal -0.271445 0.962454 0
    outer loop
      vertex 77.0348 8.35919 4
      vertex 78.0172 8.63626 0
      vertex 77.0348 8.35919 0
    endloop
  endfacet
  facet normal 0.555595 0.831453 -0
    outer loop
      vertex 27.2075 9.91568 0
      vertex 26.3588 10.4828 4
      vertex 27.2075 9.91568 4
    endloop
  endfacet
  facet normal 0.555595 0.831453 0
    outer loop
      vertex 26.3588 10.4828 4
      vertex 27.2075 9.91568 0
      vertex 26.3588 10.4828 0
    endloop
  endfacet
  facet normal 0.962446 0.271472 0
    outer loop
      vertex 21.6363 16.9828 4
      vertex 21.3592 17.9652 0
      vertex 21.3592 17.9652 4
    endloop
  endfacet
  facet normal 0.962446 0.271472 0
    outer loop
      vertex 21.3592 17.9652 0
      vertex 21.6363 16.9828 4
      vertex 21.6363 16.9828 0
    endloop
  endfacet
  facet normal 0.0391436 -0.999234 0
    outer loop
      vertex 53.6273 58.7354 0
      vertex 54 58.75 4.2
      vertex 53.6273 58.7354 4.2
    endloop
  endfacet
  facet normal 0.0391436 -0.999234 0
    outer loop
      vertex 54 58.75 4.2
      vertex 53.6273 58.7354 0
      vertex 54 58.75 0
    endloop
  endfacet
  facet normal 0.734444 -0.67867 0
    outer loop
      vertex 50.3881 57.0849 4.2
      vertex 50.6412 57.3588 0
      vertex 50.6412 57.3588 4.2
    endloop
  endfacet
  facet normal 0.734444 -0.67867 0
    outer loop
      vertex 50.6412 57.3588 0
      vertex 50.3881 57.0849 4.2
      vertex 50.3881 57.0849 0
    endloop
  endfacet
  facet normal 0.418463 -0.908234 0
    outer loop
      vertex 51.8435 58.2323 0
      vertex 52.1823 58.3884 4.2
      vertex 51.8435 58.2323 4.2
    endloop
  endfacet
  facet normal 0.418463 -0.908234 0
    outer loop
      vertex 52.1823 58.3884 4.2
      vertex 51.8435 58.2323 0
      vertex 52.1823 58.3884 0
    endloop
  endfacet
  facet normal 0.908234 -0.418463 0
    outer loop
      vertex 49.6116 55.8177 4.2
      vertex 49.7677 56.1565 0
      vertex 49.7677 56.1565 4.2
    endloop
  endfacet
  facet normal 0.908234 -0.418463 0
    outer loop
      vertex 49.7677 56.1565 0
      vertex 49.6116 55.8177 4.2
      vertex 49.6116 55.8177 0
    endloop
  endfacet
  facet normal 0.999234 0.0391436 0
    outer loop
      vertex 49.2646 53.6273 4.2
      vertex 49.25 54 0
      vertex 49.25 54 4.2
    endloop
  endfacet
  facet normal 0.999234 0.0391436 0
    outer loop
      vertex 49.25 54 0
      vertex 49.2646 53.6273 4.2
      vertex 49.2646 53.6273 0
    endloop
  endfacet
  facet normal -0.908234 0.418463 0
    outer loop
      vertex 58.2323 51.8435 0
      vertex 58.3884 52.1823 4.2
      vertex 58.3884 52.1823 0
    endloop
  endfacet
  facet normal -0.908234 0.418463 0
    outer loop
      vertex 58.3884 52.1823 4.2
      vertex 58.2323 51.8435 0
      vertex 58.2323 51.8435 4.2
    endloop
  endfacet
  facet normal -0.346153 0.938178 0
    outer loop
      vertex 55.8177 49.6116 0
      vertex 55.4678 49.4825 4.2
      vertex 55.8177 49.6116 4.2
    endloop
  endfacet
  facet normal -0.346153 0.938178 0
    outer loop
      vertex 55.4678 49.4825 4.2
      vertex 55.8177 49.6116 0
      vertex 55.4678 49.4825 0
    endloop
  endfacet
  facet normal -0.734444 0.67867 0
    outer loop
      vertex 57.3588 50.6412 0
      vertex 57.6119 50.9151 4.2
      vertex 57.6119 50.9151 0
    endloop
  endfacet
  facet normal -0.734444 0.67867 0
    outer loop
      vertex 57.6119 50.9151 4.2
      vertex 57.3588 50.6412 0
      vertex 57.3588 50.6412 4.2
    endloop
  endfacet
  facet normal -0.962399 0.271638 0
    outer loop
      vertex 58.5175 52.5322 0
      vertex 58.6188 52.8911 4.2
      vertex 58.6188 52.8911 0
    endloop
  endfacet
  facet normal -0.962399 0.271638 0
    outer loop
      vertex 58.6188 52.8911 4.2
      vertex 58.5175 52.5322 0
      vertex 58.5175 52.5322 4.2
    endloop
  endfacet
  facet normal 0.271638 0.962399 -0
    outer loop
      vertex 52.8911 49.3812 0
      vertex 52.5322 49.4825 4.2
      vertex 52.8911 49.3812 4.2
    endloop
  endfacet
  facet normal 0.271638 0.962399 0
    outer loop
      vertex 52.5322 49.4825 4.2
      vertex 52.8911 49.3812 0
      vertex 52.5322 49.4825 0
    endloop
  endfacet
  facet normal 0.418463 0.908234 -0
    outer loop
      vertex 52.1823 49.6116 0
      vertex 51.8435 49.7677 4.2
      vertex 52.1823 49.6116 4.2
    endloop
  endfacet
  facet normal 0.418463 0.908234 0
    outer loop
      vertex 51.8435 49.7677 4.2
      vertex 52.1823 49.6116 0
      vertex 51.8435 49.7677 0
    endloop
  endfacet
  facet normal 0.99305 -0.117697 0
    outer loop
      vertex 49.2646 54.3727 4.2
      vertex 49.3085 54.7431 0
      vertex 49.3085 54.7431 4.2
    endloop
  endfacet
  facet normal 0.99305 -0.117697 0
    outer loop
      vertex 49.3085 54.7431 0
      vertex 49.2646 54.3727 4.2
      vertex 49.2646 54.3727 0
    endloop
  endfacet
  facet normal 0.785322 -0.619088 0
    outer loop
      vertex 50.1572 56.792 4.2
      vertex 50.3881 57.0849 0
      vertex 50.3881 57.0849 4.2
    endloop
  endfacet
  facet normal 0.785322 -0.619088 0
    outer loop
      vertex 50.3881 57.0849 0
      vertex 50.1572 56.792 4.2
      vertex 50.1572 56.792 0
    endloop
  endfacet
  facet normal 0.938178 -0.346153 0
    outer loop
      vertex 49.4825 55.4678 4.2
      vertex 49.6116 55.8177 0
      vertex 49.6116 55.8177 4.2
    endloop
  endfacet
  facet normal 0.938178 -0.346153 0
    outer loop
      vertex 49.6116 55.8177 0
      vertex 49.4825 55.4678 4.2
      vertex 49.4825 55.4678 0
    endloop
  endfacet
  facet normal 0.962399 -0.271638 0
    outer loop
      vertex 49.3812 55.1089 4.2
      vertex 49.4825 55.4678 0
      vertex 49.4825 55.4678 4.2
    endloop
  endfacet
  facet normal 0.962399 -0.271638 0
    outer loop
      vertex 49.4825 55.4678 0
      vertex 49.3812 55.1089 4.2
      vertex 49.3812 55.1089 0
    endloop
  endfacet
  facet normal 0.555566 -0.831472 0
    outer loop
      vertex 51.208 57.8428 0
      vertex 51.5181 58.05 4.2
      vertex 51.208 57.8428 4.2
    endloop
  endfacet
  facet normal 0.555566 -0.831472 0
    outer loop
      vertex 51.5181 58.05 4.2
      vertex 51.208 57.8428 0
      vertex 51.5181 58.05 0
    endloop
  endfacet
  facet normal 0.67867 -0.734444 0
    outer loop
      vertex 50.6412 57.3588 0
      vertex 50.9151 57.6119 4.2
      vertex 50.6412 57.3588 4.2
    endloop
  endfacet
  facet normal 0.67867 -0.734444 0
    outer loop
      vertex 50.9151 57.6119 4.2
      vertex 50.6412 57.3588 0
      vertex 50.9151 57.6119 0
    endloop
  endfacet
  facet normal 0.19493 -0.980817 0
    outer loop
      vertex 52.8911 58.6188 0
      vertex 53.2569 58.6915 4.2
      vertex 52.8911 58.6188 4.2
    endloop
  endfacet
  facet normal 0.19493 -0.980817 0
    outer loop
      vertex 53.2569 58.6915 4.2
      vertex 52.8911 58.6188 0
      vertex 53.2569 58.6915 0
    endloop
  endfacet
  facet normal 0.271638 -0.962399 0
    outer loop
      vertex 52.5322 58.5175 0
      vertex 52.8911 58.6188 4.2
      vertex 52.5322 58.5175 4.2
    endloop
  endfacet
  facet normal 0.271638 -0.962399 0
    outer loop
      vertex 52.8911 58.6188 4.2
      vertex 52.5322 58.5175 0
      vertex 52.8911 58.6188 0
    endloop
  endfacet
  facet normal -0.271638 0.962399 0
    outer loop
      vertex 55.4678 49.4825 0
      vertex 55.1089 49.3812 4.2
      vertex 55.4678 49.4825 4.2
    endloop
  endfacet
  facet normal -0.271638 0.962399 0
    outer loop
      vertex 55.1089 49.3812 4.2
      vertex 55.4678 49.4825 0
      vertex 55.1089 49.3812 0
    endloop
  endfacet
  facet normal -0.488758 0.872419 0
    outer loop
      vertex 56.4819 49.95 0
      vertex 56.1565 49.7677 4.2
      vertex 56.4819 49.95 4.2
    endloop
  endfacet
  facet normal -0.488758 0.872419 0
    outer loop
      vertex 56.1565 49.7677 4.2
      vertex 56.4819 49.95 0
      vertex 56.1565 49.7677 0
    endloop
  endfacet
  facet normal -0.785322 0.619088 0
    outer loop
      vertex 57.6119 50.9151 0
      vertex 57.8428 51.208 4.2
      vertex 57.8428 51.208 0
    endloop
  endfacet
  facet normal -0.785322 0.619088 0
    outer loop
      vertex 57.8428 51.208 4.2
      vertex 57.6119 50.9151 0
      vertex 57.6119 50.9151 4.2
    endloop
  endfacet
  facet normal 0.0391436 0.999234 -0
    outer loop
      vertex 54 49.25 0
      vertex 53.6273 49.2646 4.2
      vertex 54 49.25 4.2
    endloop
  endfacet
  facet normal 0.0391436 0.999234 0
    outer loop
      vertex 53.6273 49.2646 4.2
      vertex 54 49.25 0
      vertex 53.6273 49.2646 0
    endloop
  endfacet
  facet normal 0.619088 0.785322 -0
    outer loop
      vertex 51.208 50.1572 0
      vertex 50.9151 50.3881 4.2
      vertex 51.208 50.1572 4.2
    endloop
  endfacet
  facet normal 0.619088 0.785322 0
    outer loop
      vertex 50.9151 50.3881 4.2
      vertex 51.208 50.1572 0
      vertex 50.9151 50.3881 0
    endloop
  endfacet
  facet normal -0.0391436 0.999234 0
    outer loop
      vertex 54.3727 49.2646 0
      vertex 54 49.25 4.2
      vertex 54.3727 49.2646 4.2
    endloop
  endfacet
  facet normal -0.0391436 0.999234 0
    outer loop
      vertex 54 49.25 4.2
      vertex 54.3727 49.2646 0
      vertex 54 49.25 0
    endloop
  endfacet
  facet normal 0.488758 0.872419 -0
    outer loop
      vertex 51.8435 49.7677 0
      vertex 51.5181 49.95 4.2
      vertex 51.8435 49.7677 4.2
    endloop
  endfacet
  facet normal 0.488758 0.872419 0
    outer loop
      vertex 51.5181 49.95 4.2
      vertex 51.8435 49.7677 0
      vertex 51.5181 49.95 0
    endloop
  endfacet
  facet normal 0.67867 0.734444 -0
    outer loop
      vertex 50.9151 50.3881 0
      vertex 50.6412 50.6412 4.2
      vertex 50.9151 50.3881 4.2
    endloop
  endfacet
  facet normal 0.67867 0.734444 0
    outer loop
      vertex 50.6412 50.6412 4.2
      vertex 50.9151 50.3881 0
      vertex 50.6412 50.6412 0
    endloop
  endfacet
  facet normal 0.872419 0.488758 0
    outer loop
      vertex 49.95 51.5181 4.2
      vertex 49.7677 51.8435 0
      vertex 49.7677 51.8435 4.2
    endloop
  endfacet
  facet normal 0.872419 0.488758 0
    outer loop
      vertex 49.7677 51.8435 0
      vertex 49.95 51.5181 4.2
      vertex 49.95 51.5181 0
    endloop
  endfacet
  facet normal 0.938178 0.346153 0
    outer loop
      vertex 49.6116 52.1823 4.2
      vertex 49.4825 52.5322 0
      vertex 49.4825 52.5322 4.2
    endloop
  endfacet
  facet normal 0.938178 0.346153 0
    outer loop
      vertex 49.4825 52.5322 0
      vertex 49.6116 52.1823 4.2
      vertex 49.6116 52.1823 0
    endloop
  endfacet
  facet normal 0.908234 0.418463 0
    outer loop
      vertex 49.7677 51.8435 4.2
      vertex 49.6116 52.1823 0
      vertex 49.6116 52.1823 4.2
    endloop
  endfacet
  facet normal 0.908234 0.418463 0
    outer loop
      vertex 49.6116 52.1823 0
      vertex 49.7677 51.8435 4.2
      vertex 49.7677 51.8435 0
    endloop
  endfacet
  facet normal 0.999234 -0.0391436 0
    outer loop
      vertex 49.25 54 4.2
      vertex 49.2646 54.3727 0
      vertex 49.2646 54.3727 4.2
    endloop
  endfacet
  facet normal 0.999234 -0.0391436 0
    outer loop
      vertex 49.2646 54.3727 0
      vertex 49.25 54 4.2
      vertex 49.25 54 0
    endloop
  endfacet
  facet normal 0.980817 -0.19493 0
    outer loop
      vertex 49.3085 54.7431 4.2
      vertex 49.3812 55.1089 0
      vertex 49.3812 55.1089 4.2
    endloop
  endfacet
  facet normal 0.980817 -0.19493 0
    outer loop
      vertex 49.3812 55.1089 0
      vertex 49.3085 54.7431 4.2
      vertex 49.3085 54.7431 0
    endloop
  endfacet
  facet normal 0.488758 -0.872419 0
    outer loop
      vertex 51.5181 58.05 0
      vertex 51.8435 58.2323 4.2
      vertex 51.5181 58.05 4.2
    endloop
  endfacet
  facet normal 0.488758 -0.872419 0
    outer loop
      vertex 51.8435 58.2323 4.2
      vertex 51.5181 58.05 0
      vertex 51.8435 58.2323 0
    endloop
  endfacet
  facet normal 0.619088 -0.785322 0
    outer loop
      vertex 50.9151 57.6119 0
      vertex 51.208 57.8428 4.2
      vertex 50.9151 57.6119 4.2
    endloop
  endfacet
  facet normal 0.619088 -0.785322 0
    outer loop
      vertex 51.208 57.8428 4.2
      vertex 50.9151 57.6119 0
      vertex 51.208 57.8428 0
    endloop
  endfacet
  facet normal 0.346153 -0.938178 0
    outer loop
      vertex 52.1823 58.3884 0
      vertex 52.5322 58.5175 4.2
      vertex 52.1823 58.3884 4.2
    endloop
  endfacet
  facet normal 0.346153 -0.938178 0
    outer loop
      vertex 52.5322 58.5175 4.2
      vertex 52.1823 58.3884 0
      vertex 52.5322 58.5175 0
    endloop
  endfacet
  facet normal 0.117697 -0.99305 0
    outer loop
      vertex 53.2569 58.6915 0
      vertex 53.6273 58.7354 4.2
      vertex 53.2569 58.6915 4.2
    endloop
  endfacet
  facet normal 0.117697 -0.99305 0
    outer loop
      vertex 53.6273 58.7354 4.2
      vertex 53.2569 58.6915 0
      vertex 53.6273 58.7354 0
    endloop
  endfacet
  facet normal -0.117697 0.99305 0
    outer loop
      vertex 54.7431 49.3085 0
      vertex 54.3727 49.2646 4.2
      vertex 54.7431 49.3085 4.2
    endloop
  endfacet
  facet normal -0.117697 0.99305 0
    outer loop
      vertex 54.3727 49.2646 4.2
      vertex 54.7431 49.3085 0
      vertex 54.3727 49.2646 0
    endloop
  endfacet
  facet normal -0.19493 0.980817 0
    outer loop
      vertex 55.1089 49.3812 0
      vertex 54.7431 49.3085 4.2
      vertex 55.1089 49.3812 4.2
    endloop
  endfacet
  facet normal -0.19493 0.980817 0
    outer loop
      vertex 54.7431 49.3085 4.2
      vertex 55.1089 49.3812 0
      vertex 54.7431 49.3085 0
    endloop
  endfacet
  facet normal -0.418463 0.908234 0
    outer loop
      vertex 56.1565 49.7677 0
      vertex 55.8177 49.6116 4.2
      vertex 56.1565 49.7677 4.2
    endloop
  endfacet
  facet normal -0.418463 0.908234 0
    outer loop
      vertex 55.8177 49.6116 4.2
      vertex 56.1565 49.7677 0
      vertex 55.8177 49.6116 0
    endloop
  endfacet
  facet normal -0.619088 0.785322 0
    outer loop
      vertex 57.0849 50.3881 0
      vertex 56.792 50.1572 4.2
      vertex 57.0849 50.3881 4.2
    endloop
  endfacet
  facet normal -0.619088 0.785322 0
    outer loop
      vertex 56.792 50.1572 4.2
      vertex 57.0849 50.3881 0
      vertex 56.792 50.1572 0
    endloop
  endfacet
  facet normal -0.555566 0.831472 0
    outer loop
      vertex 56.792 50.1572 0
      vertex 56.4819 49.95 4.2
      vertex 56.792 50.1572 4.2
    endloop
  endfacet
  facet normal -0.555566 0.831472 0
    outer loop
      vertex 56.4819 49.95 4.2
      vertex 56.792 50.1572 0
      vertex 56.4819 49.95 0
    endloop
  endfacet
  facet normal -0.831472 0.555566 0
    outer loop
      vertex 57.8428 51.208 0
      vertex 58.05 51.5181 4.2
      vertex 58.05 51.5181 0
    endloop
  endfacet
  facet normal -0.831472 0.555566 0
    outer loop
      vertex 58.05 51.5181 4.2
      vertex 57.8428 51.208 0
      vertex 57.8428 51.208 4.2
    endloop
  endfacet
  facet normal -0.938178 0.346153 0
    outer loop
      vertex 58.3884 52.1823 0
      vertex 58.5175 52.5322 4.2
      vertex 58.5175 52.5322 0
    endloop
  endfacet
  facet normal -0.938178 0.346153 0
    outer loop
      vertex 58.5175 52.5322 4.2
      vertex 58.3884 52.1823 0
      vertex 58.3884 52.1823 4.2
    endloop
  endfacet
  facet normal -0.980817 0.19493 0
    outer loop
      vertex 58.6188 52.8911 0
      vertex 58.6915 53.2569 4.2
      vertex 58.6915 53.2569 0
    endloop
  endfacet
  facet normal -0.980817 0.19493 0
    outer loop
      vertex 58.6915 53.2569 4.2
      vertex 58.6188 52.8911 0
      vertex 58.6188 52.8911 4.2
    endloop
  endfacet
  facet normal -0.999234 0.0391436 0
    outer loop
      vertex 58.7354 53.6273 0
      vertex 58.75 54 4.2
      vertex 58.75 54 0
    endloop
  endfacet
  facet normal -0.999234 0.0391436 0
    outer loop
      vertex 58.75 54 4.2
      vertex 58.7354 53.6273 0
      vertex 58.7354 53.6273 4.2
    endloop
  endfacet
  facet normal 0.19493 0.980817 -0
    outer loop
      vertex 53.2569 49.3085 0
      vertex 52.8911 49.3812 4.2
      vertex 53.2569 49.3085 4.2
    endloop
  endfacet
  facet normal 0.19493 0.980817 0
    outer loop
      vertex 52.8911 49.3812 4.2
      vertex 53.2569 49.3085 0
      vertex 52.8911 49.3812 0
    endloop
  endfacet
  facet normal 0.346153 0.938178 -0
    outer loop
      vertex 52.5322 49.4825 0
      vertex 52.1823 49.6116 4.2
      vertex 52.5322 49.4825 4.2
    endloop
  endfacet
  facet normal 0.346153 0.938178 0
    outer loop
      vertex 52.1823 49.6116 4.2
      vertex 52.5322 49.4825 0
      vertex 52.1823 49.6116 0
    endloop
  endfacet
  facet normal 0.555566 0.831472 -0
    outer loop
      vertex 51.5181 49.95 0
      vertex 51.208 50.1572 4.2
      vertex 51.5181 49.95 4.2
    endloop
  endfacet
  facet normal 0.555566 0.831472 0
    outer loop
      vertex 51.208 50.1572 4.2
      vertex 51.5181 49.95 0
      vertex 51.208 50.1572 0
    endloop
  endfacet
  facet normal 0.785322 0.619088 0
    outer loop
      vertex 50.3881 50.9151 4.2
      vertex 50.1572 51.208 0
      vertex 50.1572 51.208 4.2
    endloop
  endfacet
  facet normal 0.785322 0.619088 0
    outer loop
      vertex 50.1572 51.208 0
      vertex 50.3881 50.9151 4.2
      vertex 50.3881 50.9151 0
    endloop
  endfacet
  facet normal 0.831472 0.555566 0
    outer loop
      vertex 50.1572 51.208 4.2
      vertex 49.95 51.5181 0
      vertex 49.95 51.5181 4.2
    endloop
  endfacet
  facet normal 0.831472 0.555566 0
    outer loop
      vertex 49.95 51.5181 0
      vertex 50.1572 51.208 4.2
      vertex 50.1572 51.208 0
    endloop
  endfacet
  facet normal 0.962399 0.271638 0
    outer loop
      vertex 49.4825 52.5322 4.2
      vertex 49.3812 52.8911 0
      vertex 49.3812 52.8911 4.2
    endloop
  endfacet
  facet normal 0.962399 0.271638 0
    outer loop
      vertex 49.3812 52.8911 0
      vertex 49.4825 52.5322 4.2
      vertex 49.4825 52.5322 0
    endloop
  endfacet
  facet normal 0.99305 0.117697 0
    outer loop
      vertex 49.3085 53.2569 4.2
      vertex 49.2646 53.6273 0
      vertex 49.2646 53.6273 4.2
    endloop
  endfacet
  facet normal 0.99305 0.117697 0
    outer loop
      vertex 49.2646 53.6273 0
      vertex 49.3085 53.2569 4.2
      vertex 49.3085 53.2569 0
    endloop
  endfacet
  facet normal 0.872419 -0.488758 0
    outer loop
      vertex 49.7677 56.1565 4.2
      vertex 49.95 56.4819 0
      vertex 49.95 56.4819 4.2
    endloop
  endfacet
  facet normal 0.872419 -0.488758 0
    outer loop
      vertex 49.95 56.4819 0
      vertex 49.7677 56.1565 4.2
      vertex 49.7677 56.1565 0
    endloop
  endfacet
  facet normal 0.831472 -0.555566 0
    outer loop
      vertex 49.95 56.4819 4.2
      vertex 50.1572 56.792 0
      vertex 50.1572 56.792 4.2
    endloop
  endfacet
  facet normal 0.831472 -0.555566 0
    outer loop
      vertex 50.1572 56.792 0
      vertex 49.95 56.4819 4.2
      vertex 49.95 56.4819 0
    endloop
  endfacet
  facet normal -0.67867 0.734444 0
    outer loop
      vertex 57.3588 50.6412 0
      vertex 57.0849 50.3881 4.2
      vertex 57.3588 50.6412 4.2
    endloop
  endfacet
  facet normal -0.67867 0.734444 0
    outer loop
      vertex 57.0849 50.3881 4.2
      vertex 57.3588 50.6412 0
      vertex 57.0849 50.3881 0
    endloop
  endfacet
  facet normal -0.872419 0.488758 0
    outer loop
      vertex 58.05 51.5181 0
      vertex 58.2323 51.8435 4.2
      vertex 58.2323 51.8435 0
    endloop
  endfacet
  facet normal -0.872419 0.488758 0
    outer loop
      vertex 58.2323 51.8435 4.2
      vertex 58.05 51.5181 0
      vertex 58.05 51.5181 4.2
    endloop
  endfacet
  facet normal 0.117697 0.99305 -0
    outer loop
      vertex 53.6273 49.2646 0
      vertex 53.2569 49.3085 4.2
      vertex 53.6273 49.2646 4.2
    endloop
  endfacet
  facet normal 0.117697 0.99305 0
    outer loop
      vertex 53.2569 49.3085 4.2
      vertex 53.6273 49.2646 0
      vertex 53.2569 49.3085 0
    endloop
  endfacet
  facet normal 0.734444 0.67867 0
    outer loop
      vertex 50.6412 50.6412 4.2
      vertex 50.3881 50.9151 0
      vertex 50.3881 50.9151 4.2
    endloop
  endfacet
  facet normal 0.734444 0.67867 0
    outer loop
      vertex 50.3881 50.9151 0
      vertex 50.6412 50.6412 4.2
      vertex 50.6412 50.6412 0
    endloop
  endfacet
  facet normal 0.980817 0.19493 0
    outer loop
      vertex 49.3812 52.8911 4.2
      vertex 49.3085 53.2569 0
      vertex 49.3085 53.2569 4.2
    endloop
  endfacet
  facet normal 0.980817 0.19493 0
    outer loop
      vertex 49.3085 53.2569 0
      vertex 49.3812 52.8911 4.2
      vertex 49.3812 52.8911 0
    endloop
  endfacet
  facet normal -0.99305 0.117697 0
    outer loop
      vertex 58.6915 53.2569 0
      vertex 58.7354 53.6273 4.2
      vertex 58.7354 53.6273 0
    endloop
  endfacet
  facet normal -0.99305 0.117697 0
    outer loop
      vertex 58.7354 53.6273 4.2
      vertex 58.6915 53.2569 0
      vertex 58.6915 53.2569 4.2
    endloop
  endfacet
  facet normal 0.993098 0.117285 0
    outer loop
      vertex 88.0123 57.8436 4
      vertex 88.0031 57.9215 0
      vertex 88.0031 57.9215 4
    endloop
  endfacet
  facet normal 0.993098 0.117285 0
    outer loop
      vertex 88.0031 57.9215 0
      vertex 88.0123 57.8436 4
      vertex 88.0123 57.8436 0
    endloop
  endfacet
  facet normal 0.980825 0.194891 0
    outer loop
      vertex 88.0276 57.7666 4
      vertex 88.0123 57.8436 0
      vertex 88.0123 57.8436 4
    endloop
  endfacet
  facet normal 0.980825 0.194891 0
    outer loop
      vertex 88.0123 57.8436 0
      vertex 88.0276 57.7666 4
      vertex 88.0276 57.7666 0
    endloop
  endfacet
  facet normal 0.999221 0.0394597 0
    outer loop
      vertex 88.0031 57.9215 4
      vertex 88 58 0
      vertex 88 58 4
    endloop
  endfacet
  facet normal 0.999221 0.0394597 0
    outer loop
      vertex 88 58 0
      vertex 88.0031 57.9215 4
      vertex 88.0031 57.9215 0
    endloop
  endfacet
  facet normal -0.194891 0.980825 0
    outer loop
      vertex 99.2334 57.0276 0
      vertex 99.1564 57.0123 4
      vertex 99.2334 57.0276 4
    endloop
  endfacet
  facet normal -0.194891 0.980825 0
    outer loop
      vertex 99.1564 57.0123 4
      vertex 99.2334 57.0276 0
      vertex 99.1564 57.0123 0
    endloop
  endfacet
  facet normal 0 1 -0
    outer loop
      vertex 99 57 0
      vertex 89 57 4
      vertex 99 57 4
    endloop
  endfacet
  facet normal 0 1 0
    outer loop
      vertex 89 57 4
      vertex 99 57 0
      vertex 89 57 0
    endloop
  endfacet
  facet normal -0.999221 0.0394597 0
    outer loop
      vertex 99.9969 57.9215 0
      vertex 100 58 4
      vertex 100 58 0
    endloop
  endfacet
  facet normal -0.999221 0.0394597 0
    outer loop
      vertex 100 58 4
      vertex 99.9969 57.9215 0
      vertex 99.9969 57.9215 4
    endloop
  endfacet
  facet normal 0.117285 -0.993098 0
    outer loop
      vertex 88.8436 60.9877 0
      vertex 88.9215 60.9969 4
      vertex 88.8436 60.9877 4
    endloop
  endfacet
  facet normal 0.117285 -0.993098 0
    outer loop
      vertex 88.9215 60.9969 4
      vertex 88.8436 60.9877 0
      vertex 88.9215 60.9969 0
    endloop
  endfacet
  facet normal -0.980825 0.194891 0
    outer loop
      vertex 99.9724 57.7666 0
      vertex 99.9877 57.8436 4
      vertex 99.9877 57.8436 0
    endloop
  endfacet
  facet normal -0.980825 0.194891 0
    outer loop
      vertex 99.9877 57.8436 4
      vertex 99.9724 57.7666 0
      vertex 99.9724 57.7666 4
    endloop
  endfacet
  facet normal -1 0 0
    outer loop
      vertex 100 58 0
      vertex 100 60 4
      vertex 100 60 0
    endloop
  endfacet
  facet normal -1 -0 0
    outer loop
      vertex 100 60 4
      vertex 100 58 0
      vertex 100 58 4
    endloop
  endfacet
  facet normal 0.0394597 0.999221 -0
    outer loop
      vertex 89 57 0
      vertex 88.9215 57.0031 4
      vertex 89 57 4
    endloop
  endfacet
  facet normal 0.0394597 0.999221 0
    outer loop
      vertex 88.9215 57.0031 4
      vertex 89 57 0
      vertex 88.9215 57.0031 0
    endloop
  endfacet
  facet normal 0.117285 0.993098 -0
    outer loop
      vertex 88.9215 57.0031 0
      vertex 88.8436 57.0123 4
      vertex 88.9215 57.0031 4
    endloop
  endfacet
  facet normal 0.117285 0.993098 0
    outer loop
      vertex 88.8436 57.0123 4
      vertex 88.9215 57.0031 0
      vertex 88.8436 57.0123 0
    endloop
  endfacet
  facet normal 0.734559 0.678544 0
    outer loop
      vertex 88.2929 57.2929 4
      vertex 88.2396 57.3506 0
      vertex 88.2396 57.3506 4
    endloop
  endfacet
  facet normal 0.734559 0.678544 0
    outer loop
      vertex 88.2396 57.3506 0
      vertex 88.2929 57.2929 4
      vertex 88.2929 57.2929 0
    endloop
  endfacet
  facet normal 1 -0 0
    outer loop
      vertex 88 58 4
      vertex 88 60 0
      vertex 88 60 4
    endloop
  endfacet
  facet normal 1 0 0
    outer loop
      vertex 88 60 0
      vertex 88 58 4
      vertex 88 58 0
    endloop
  endfacet
  facet normal 0.980825 -0.194891 0
    outer loop
      vertex 88.0123 60.1564 4
      vertex 88.0276 60.2334 0
      vertex 88.0276 60.2334 4
    endloop
  endfacet
  facet normal 0.980825 -0.194891 0
    outer loop
      vertex 88.0276 60.2334 0
      vertex 88.0123 60.1564 4
      vertex 88.0123 60.1564 0
    endloop
  endfacet
  facet normal 0.999221 -0.0394597 0
    outer loop
      vertex 88 60 4
      vertex 88.0031 60.0785 0
      vertex 88.0031 60.0785 4
    endloop
  endfacet
  facet normal 0.999221 -0.0394597 0
    outer loop
      vertex 88.0031 60.0785 0
      vertex 88 60 4
      vertex 88 60 0
    endloop
  endfacet
  facet normal 0.678544 -0.734559 0
    outer loop
      vertex 88.2929 60.7071 0
      vertex 88.3506 60.7604 4
      vertex 88.2929 60.7071 4
    endloop
  endfacet
  facet normal 0.678544 -0.734559 0
    outer loop
      vertex 88.3506 60.7604 4
      vertex 88.2929 60.7071 0
      vertex 88.3506 60.7604 0
    endloop
  endfacet
  facet normal -0.678544 -0.734559 0
    outer loop
      vertex 99.6494 60.7604 0
      vertex 99.7071 60.7071 4
      vertex 99.6494 60.7604 4
    endloop
  endfacet
  facet normal -0.678544 -0.734559 -0
    outer loop
      vertex 99.7071 60.7071 4
      vertex 99.6494 60.7604 0
      vertex 99.7071 60.7071 0
    endloop
  endfacet
  facet normal 0 -1 0
    outer loop
      vertex 89 61 0
      vertex 99 61 4
      vertex 89 61 4
    endloop
  endfacet
  facet normal 0 -1 -0
    outer loop
      vertex 99 61 4
      vertex 89 61 0
      vertex 99 61 0
    endloop
  endfacet
  facet normal -0.0394597 -0.999221 0
    outer loop
      vertex 99 61 0
      vertex 99.0785 60.9969 4
      vertex 99 61 4
    endloop
  endfacet
  facet normal -0.0394597 -0.999221 -0
    outer loop
      vertex 99.0785 60.9969 4
      vertex 99 61 0
      vertex 99.0785 60.9969 0
    endloop
  endfacet
  facet normal 0.0394597 -0.999221 0
    outer loop
      vertex 88.9215 60.9969 0
      vertex 89 61 4
      vertex 88.9215 60.9969 4
    endloop
  endfacet
  facet normal 0.0394597 -0.999221 0
    outer loop
      vertex 89 61 4
      vertex 88.9215 60.9969 0
      vertex 89 61 0
    endloop
  endfacet
  facet normal -0.993098 -0.117285 0
    outer loop
      vertex 99.9969 60.0785 0
      vertex 99.9877 60.1564 4
      vertex 99.9877 60.1564 0
    endloop
  endfacet
  facet normal -0.993098 -0.117285 0
    outer loop
      vertex 99.9877 60.1564 4
      vertex 99.9969 60.0785 0
      vertex 99.9969 60.0785 4
    endloop
  endfacet
  facet normal -0.993098 0.117285 0
    outer loop
      vertex 99.9877 57.8436 0
      vertex 99.9969 57.9215 4
      vertex 99.9969 57.9215 0
    endloop
  endfacet
  facet normal -0.993098 0.117285 0
    outer loop
      vertex 99.9969 57.9215 4
      vertex 99.9877 57.8436 0
      vertex 99.9877 57.8436 4
    endloop
  endfacet
  facet normal -0.999221 -0.0394597 0
    outer loop
      vertex 100 60 0
      vertex 99.9969 60.0785 4
      vertex 99.9969 60.0785 0
    endloop
  endfacet
  facet normal -0.999221 -0.0394597 0
    outer loop
      vertex 99.9969 60.0785 4
      vertex 100 60 0
      vertex 100 60 4
    endloop
  endfacet
  facet normal -0.0394597 0.999221 0
    outer loop
      vertex 99.0785 57.0031 0
      vertex 99 57 4
      vertex 99.0785 57.0031 4
    endloop
  endfacet
  facet normal -0.0394597 0.999221 0
    outer loop
      vertex 99 57 4
      vertex 99.0785 57.0031 0
      vertex 99 57 0
    endloop
  endfacet
  facet normal 0.619396 0.785078 -0
    outer loop
      vertex 88.4122 57.191 0
      vertex 88.3506 57.2396 4
      vertex 88.4122 57.191 4
    endloop
  endfacet
  facet normal 0.619396 0.785078 0
    outer loop
      vertex 88.3506 57.2396 4
      vertex 88.4122 57.191 0
      vertex 88.3506 57.2396 0
    endloop
  endfacet
  facet normal 0.831658 0.555288 0
    outer loop
      vertex 88.191 57.4122 4
      vertex 88.1474 57.4775 0
      vertex 88.1474 57.4775 4
    endloop
  endfacet
  facet normal 0.831658 0.555288 0
    outer loop
      vertex 88.1474 57.4775 0
      vertex 88.191 57.4122 4
      vertex 88.191 57.4122 0
    endloop
  endfacet
  facet normal 0.993098 -0.117285 0
    outer loop
      vertex 88.0031 60.0785 4
      vertex 88.0123 60.1564 0
      vertex 88.0123 60.1564 4
    endloop
  endfacet
  facet normal 0.993098 -0.117285 0
    outer loop
      vertex 88.0123 60.1564 0
      vertex 88.0031 60.0785 4
      vertex 88.0031 60.0785 0
    endloop
  endfacet
  facet normal 0.418977 -0.907997 0
    outer loop
      vertex 88.546 60.891 0
      vertex 88.6173 60.9239 4
      vertex 88.546 60.891 4
    endloop
  endfacet
  facet normal 0.418977 -0.907997 0
    outer loop
      vertex 88.6173 60.9239 4
      vertex 88.546 60.891 0
      vertex 88.6173 60.9239 0
    endloop
  endfacet
  facet normal 0.831658 -0.555288 0
    outer loop
      vertex 88.1474 60.5225 4
      vertex 88.191 60.5878 0
      vertex 88.191 60.5878 4
    endloop
  endfacet
  facet normal 0.831658 -0.555288 0
    outer loop
      vertex 88.191 60.5878 0
      vertex 88.1474 60.5225 4
      vertex 88.1474 60.5225 0
    endloop
  endfacet
  facet normal 0.734559 -0.678544 0
    outer loop
      vertex 88.2396 60.6494 4
      vertex 88.2929 60.7071 0
      vertex 88.2929 60.7071 4
    endloop
  endfacet
  facet normal 0.734559 -0.678544 0
    outer loop
      vertex 88.2929 60.7071 0
      vertex 88.2396 60.6494 4
      vertex 88.2396 60.6494 0
    endloop
  endfacet
  facet normal 0.962526 -0.271188 0
    outer loop
      vertex 88.0276 60.2334 4
      vertex 88.0489 60.309 0
      vertex 88.0489 60.309 4
    endloop
  endfacet
  facet normal 0.962526 -0.271188 0
    outer loop
      vertex 88.0489 60.309 0
      vertex 88.0276 60.2334 4
      vertex 88.0276 60.2334 0
    endloop
  endfacet
  facet normal -0.962526 -0.271188 0
    outer loop
      vertex 99.9724 60.2334 0
      vertex 99.9511 60.309 4
      vertex 99.9511 60.309 0
    endloop
  endfacet
  facet normal -0.962526 -0.271188 0
    outer loop
      vertex 99.9511 60.309 4
      vertex 99.9724 60.2334 0
      vertex 99.9724 60.2334 4
    endloop
  endfacet
  facet normal -0.346236 -0.938147 0
    outer loop
      vertex 99.309 60.9511 0
      vertex 99.3827 60.9239 4
      vertex 99.309 60.9511 4
    endloop
  endfacet
  facet normal -0.346236 -0.938147 -0
    outer loop
      vertex 99.3827 60.9239 4
      vertex 99.309 60.9511 0
      vertex 99.3827 60.9239 0
    endloop
  endfacet
  facet normal -0.619396 -0.785078 0
    outer loop
      vertex 99.5878 60.809 0
      vertex 99.6494 60.7604 4
      vertex 99.5878 60.809 4
    endloop
  endfacet
  facet normal -0.619396 -0.785078 -0
    outer loop
      vertex 99.6494 60.7604 4
      vertex 99.5878 60.809 0
      vertex 99.6494 60.7604 0
    endloop
  endfacet
  facet normal -0.785078 -0.619396 0
    outer loop
      vertex 99.809 60.5878 0
      vertex 99.7604 60.6494 4
      vertex 99.7604 60.6494 0
    endloop
  endfacet
  facet normal -0.785078 -0.619396 0
    outer loop
      vertex 99.7604 60.6494 4
      vertex 99.809 60.5878 0
      vertex 99.809 60.5878 4
    endloop
  endfacet
  facet normal -0.831658 -0.555288 0
    outer loop
      vertex 99.8526 60.5225 0
      vertex 99.809 60.5878 4
      vertex 99.809 60.5878 0
    endloop
  endfacet
  facet normal -0.831658 -0.555288 0
    outer loop
      vertex 99.809 60.5878 4
      vertex 99.8526 60.5225 0
      vertex 99.8526 60.5225 4
    endloop
  endfacet
  facet normal -0.907997 -0.418977 0
    outer loop
      vertex 99.9239 60.3827 0
      vertex 99.891 60.454 4
      vertex 99.891 60.454 0
    endloop
  endfacet
  facet normal -0.907997 -0.418977 0
    outer loop
      vertex 99.891 60.454 4
      vertex 99.9239 60.3827 0
      vertex 99.9239 60.3827 4
    endloop
  endfacet
  facet normal -0.938147 -0.346236 0
    outer loop
      vertex 99.9511 60.309 0
      vertex 99.9239 60.3827 4
      vertex 99.9239 60.3827 0
    endloop
  endfacet
  facet normal -0.938147 -0.346236 0
    outer loop
      vertex 99.9239 60.3827 4
      vertex 99.9511 60.309 0
      vertex 99.9511 60.309 4
    endloop
  endfacet
  facet normal -0.488991 0.872289 0
    outer loop
      vertex 99.5225 57.1474 0
      vertex 99.454 57.109 4
      vertex 99.5225 57.1474 4
    endloop
  endfacet
  facet normal -0.488991 0.872289 0
    outer loop
      vertex 99.454 57.109 4
      vertex 99.5225 57.1474 0
      vertex 99.454 57.109 0
    endloop
  endfacet
  facet normal -0.734559 0.678544 0
    outer loop
      vertex 99.7071 57.2929 0
      vertex 99.7604 57.3506 4
      vertex 99.7604 57.3506 0
    endloop
  endfacet
  facet normal -0.734559 0.678544 0
    outer loop
      vertex 99.7604 57.3506 4
      vertex 99.7071 57.2929 0
      vertex 99.7071 57.2929 4
    endloop
  endfacet
  facet normal 0.785078 0.619396 0
    outer loop
      vertex 88.2396 57.3506 4
      vertex 88.191 57.4122 0
      vertex 88.191 57.4122 4
    endloop
  endfacet
  facet normal 0.785078 0.619396 0
    outer loop
      vertex 88.191 57.4122 0
      vertex 88.2396 57.3506 4
      vertex 88.2396 57.3506 0
    endloop
  endfacet
  facet normal 0.619396 -0.785078 0
    outer loop
      vertex 88.3506 60.7604 0
      vertex 88.4122 60.809 4
      vertex 88.3506 60.7604 4
    endloop
  endfacet
  facet normal 0.619396 -0.785078 0
    outer loop
      vertex 88.4122 60.809 4
      vertex 88.3506 60.7604 0
      vertex 88.4122 60.809 0
    endloop
  endfacet
  facet normal 0.555288 -0.831658 0
    outer loop
      vertex 88.4122 60.809 0
      vertex 88.4775 60.8526 4
      vertex 88.4122 60.809 4
    endloop
  endfacet
  facet normal 0.555288 -0.831658 0
    outer loop
      vertex 88.4775 60.8526 4
      vertex 88.4122 60.809 0
      vertex 88.4775 60.8526 0
    endloop
  endfacet
  facet normal 0.488991 -0.872289 0
    outer loop
      vertex 88.4775 60.8526 0
      vertex 88.546 60.891 4
      vertex 88.4775 60.8526 4
    endloop
  endfacet
  facet normal 0.488991 -0.872289 0
    outer loop
      vertex 88.546 60.891 4
      vertex 88.4775 60.8526 0
      vertex 88.546 60.891 0
    endloop
  endfacet
  facet normal 0.346236 -0.938147 0
    outer loop
      vertex 88.6173 60.9239 0
      vertex 88.691 60.9511 4
      vertex 88.6173 60.9239 4
    endloop
  endfacet
  facet normal 0.346236 -0.938147 0
    outer loop
      vertex 88.691 60.9511 4
      vertex 88.6173 60.9239 0
      vertex 88.691 60.9511 0
    endloop
  endfacet
  facet normal 0.271188 -0.962526 0
    outer loop
      vertex 88.691 60.9511 0
      vertex 88.7666 60.9724 4
      vertex 88.691 60.9511 4
    endloop
  endfacet
  facet normal 0.271188 -0.962526 0
    outer loop
      vertex 88.7666 60.9724 4
      vertex 88.691 60.9511 0
      vertex 88.7666 60.9724 0
    endloop
  endfacet
  facet normal 0.194891 -0.980825 0
    outer loop
      vertex 88.7666 60.9724 0
      vertex 88.8436 60.9877 4
      vertex 88.7666 60.9724 4
    endloop
  endfacet
  facet normal 0.194891 -0.980825 0
    outer loop
      vertex 88.8436 60.9877 4
      vertex 88.7666 60.9724 0
      vertex 88.8436 60.9877 0
    endloop
  endfacet
  facet normal 0.785078 -0.619396 0
    outer loop
      vertex 88.191 60.5878 4
      vertex 88.2396 60.6494 0
      vertex 88.2396 60.6494 4
    endloop
  endfacet
  facet normal 0.785078 -0.619396 0
    outer loop
      vertex 88.2396 60.6494 0
      vertex 88.191 60.5878 4
      vertex 88.191 60.5878 0
    endloop
  endfacet
  facet normal 0.907997 -0.418977 0
    outer loop
      vertex 88.0761 60.3827 4
      vertex 88.109 60.454 0
      vertex 88.109 60.454 4
    endloop
  endfacet
  facet normal 0.907997 -0.418977 0
    outer loop
      vertex 88.109 60.454 0
      vertex 88.0761 60.3827 4
      vertex 88.0761 60.3827 0
    endloop
  endfacet
  facet normal 0.872289 -0.488991 0
    outer loop
      vertex 88.109 60.454 4
      vertex 88.1474 60.5225 0
      vertex 88.1474 60.5225 4
    endloop
  endfacet
  facet normal 0.872289 -0.488991 0
    outer loop
      vertex 88.1474 60.5225 0
      vertex 88.109 60.454 4
      vertex 88.109 60.454 0
    endloop
  endfacet
  facet normal 0.938147 -0.346236 0
    outer loop
      vertex 88.0489 60.309 4
      vertex 88.0761 60.3827 0
      vertex 88.0761 60.3827 4
    endloop
  endfacet
  facet normal 0.938147 -0.346236 0
    outer loop
      vertex 88.0761 60.3827 0
      vertex 88.0489 60.309 4
      vertex 88.0489 60.309 0
    endloop
  endfacet
  facet normal -0.117285 -0.993098 0
    outer loop
      vertex 99.0785 60.9969 0
      vertex 99.1564 60.9877 4
      vertex 99.0785 60.9969 4
    endloop
  endfacet
  facet normal -0.117285 -0.993098 -0
    outer loop
      vertex 99.1564 60.9877 4
      vertex 99.0785 60.9969 0
      vertex 99.1564 60.9877 0
    endloop
  endfacet
  facet normal -0.418977 -0.907997 0
    outer loop
      vertex 99.3827 60.9239 0
      vertex 99.454 60.891 4
      vertex 99.3827 60.9239 4
    endloop
  endfacet
  facet normal -0.418977 -0.907997 -0
    outer loop
      vertex 99.454 60.891 4
      vertex 99.3827 60.9239 0
      vertex 99.454 60.891 0
    endloop
  endfacet
  facet normal -0.488991 -0.872289 0
    outer loop
      vertex 99.454 60.891 0
      vertex 99.5225 60.8526 4
      vertex 99.454 60.891 4
    endloop
  endfacet
  facet normal -0.488991 -0.872289 -0
    outer loop
      vertex 99.5225 60.8526 4
      vertex 99.454 60.891 0
      vertex 99.5225 60.8526 0
    endloop
  endfacet
  facet normal -0.555288 -0.831658 0
    outer loop
      vertex 99.5225 60.8526 0
      vertex 99.5878 60.809 4
      vertex 99.5225 60.8526 4
    endloop
  endfacet
  facet normal -0.555288 -0.831658 -0
    outer loop
      vertex 99.5878 60.809 4
      vertex 99.5225 60.8526 0
      vertex 99.5878 60.809 0
    endloop
  endfacet
  facet normal -0.734559 -0.678544 0
    outer loop
      vertex 99.7604 60.6494 0
      vertex 99.7071 60.7071 4
      vertex 99.7071 60.7071 0
    endloop
  endfacet
  facet normal -0.734559 -0.678544 0
    outer loop
      vertex 99.7071 60.7071 4
      vertex 99.7604 60.6494 0
      vertex 99.7604 60.6494 4
    endloop
  endfacet
  facet normal -0.872289 -0.488991 0
    outer loop
      vertex 99.891 60.454 0
      vertex 99.8526 60.5225 4
      vertex 99.8526 60.5225 0
    endloop
  endfacet
  facet normal -0.872289 -0.488991 0
    outer loop
      vertex 99.8526 60.5225 4
      vertex 99.891 60.454 0
      vertex 99.891 60.454 4
    endloop
  endfacet
  facet normal -0.980825 -0.194891 0
    outer loop
      vertex 99.9877 60.1564 0
      vertex 99.9724 60.2334 4
      vertex 99.9724 60.2334 0
    endloop
  endfacet
  facet normal -0.980825 -0.194891 0
    outer loop
      vertex 99.9724 60.2334 4
      vertex 99.9877 60.1564 0
      vertex 99.9877 60.1564 4
    endloop
  endfacet
  facet normal -0.117285 0.993098 0
    outer loop
      vertex 99.1564 57.0123 0
      vertex 99.0785 57.0031 4
      vertex 99.1564 57.0123 4
    endloop
  endfacet
  facet normal -0.117285 0.993098 0
    outer loop
      vertex 99.0785 57.0031 4
      vertex 99.1564 57.0123 0
      vertex 99.0785 57.0031 0
    endloop
  endfacet
  facet normal -0.271188 0.962526 0
    outer loop
      vertex 99.309 57.0489 0
      vertex 99.2334 57.0276 4
      vertex 99.309 57.0489 4
    endloop
  endfacet
  facet normal -0.271188 0.962526 0
    outer loop
      vertex 99.2334 57.0276 4
      vertex 99.309 57.0489 0
      vertex 99.2334 57.0276 0
    endloop
  endfacet
  facet normal 0.271188 0.962526 -0
    outer loop
      vertex 88.7666 57.0276 0
      vertex 88.691 57.0489 4
      vertex 88.7666 57.0276 4
    endloop
  endfacet
  facet normal 0.271188 0.962526 0
    outer loop
      vertex 88.691 57.0489 4
      vertex 88.7666 57.0276 0
      vertex 88.691 57.0489 0
    endloop
  endfacet
  facet normal 0.418977 0.907997 -0
    outer loop
      vertex 88.6173 57.0761 0
      vertex 88.546 57.109 4
      vertex 88.6173 57.0761 4
    endloop
  endfacet
  facet normal 0.418977 0.907997 0
    outer loop
      vertex 88.546 57.109 4
      vertex 88.6173 57.0761 0
      vertex 88.546 57.109 0
    endloop
  endfacet
  facet normal -0.194891 -0.980825 0
    outer loop
      vertex 99.1564 60.9877 0
      vertex 99.2334 60.9724 4
      vertex 99.1564 60.9877 4
    endloop
  endfacet
  facet normal -0.194891 -0.980825 -0
    outer loop
      vertex 99.2334 60.9724 4
      vertex 99.1564 60.9877 0
      vertex 99.2334 60.9724 0
    endloop
  endfacet
  facet normal -0.271188 -0.962526 0
    outer loop
      vertex 99.2334 60.9724 0
      vertex 99.309 60.9511 4
      vertex 99.2334 60.9724 4
    endloop
  endfacet
  facet normal -0.271188 -0.962526 -0
    outer loop
      vertex 99.309 60.9511 4
      vertex 99.2334 60.9724 0
      vertex 99.309 60.9511 0
    endloop
  endfacet
  facet normal -0.346236 0.938147 0
    outer loop
      vertex 99.3827 57.0761 0
      vertex 99.309 57.0489 4
      vertex 99.3827 57.0761 4
    endloop
  endfacet
  facet normal -0.346236 0.938147 0
    outer loop
      vertex 99.309 57.0489 4
      vertex 99.3827 57.0761 0
      vertex 99.309 57.0489 0
    endloop
  endfacet
  facet normal -0.907997 0.418977 0
    outer loop
      vertex 99.891 57.546 0
      vertex 99.9239 57.6173 4
      vertex 99.9239 57.6173 0
    endloop
  endfacet
  facet normal -0.907997 0.418977 0
    outer loop
      vertex 99.9239 57.6173 4
      vertex 99.891 57.546 0
      vertex 99.891 57.546 4
    endloop
  endfacet
  facet normal -0.872289 0.488991 0
    outer loop
      vertex 99.8526 57.4775 0
      vertex 99.891 57.546 4
      vertex 99.891 57.546 0
    endloop
  endfacet
  facet normal -0.872289 0.488991 0
    outer loop
      vertex 99.891 57.546 4
      vertex 99.8526 57.4775 0
      vertex 99.8526 57.4775 4
    endloop
  endfacet
  facet normal -0.962526 0.271188 0
    outer loop
      vertex 99.9511 57.691 0
      vertex 99.9724 57.7666 4
      vertex 99.9724 57.7666 0
    endloop
  endfacet
  facet normal -0.962526 0.271188 0
    outer loop
      vertex 99.9724 57.7666 4
      vertex 99.9511 57.691 0
      vertex 99.9511 57.691 4
    endloop
  endfacet
  facet normal 0.194891 0.980825 -0
    outer loop
      vertex 88.8436 57.0123 0
      vertex 88.7666 57.0276 4
      vertex 88.8436 57.0123 4
    endloop
  endfacet
  facet normal 0.194891 0.980825 0
    outer loop
      vertex 88.7666 57.0276 4
      vertex 88.8436 57.0123 0
      vertex 88.7666 57.0276 0
    endloop
  endfacet
  facet normal 0.346236 0.938147 -0
    outer loop
      vertex 88.691 57.0489 0
      vertex 88.6173 57.0761 4
      vertex 88.691 57.0489 4
    endloop
  endfacet
  facet normal 0.346236 0.938147 0
    outer loop
      vertex 88.6173 57.0761 4
      vertex 88.691 57.0489 0
      vertex 88.6173 57.0761 0
    endloop
  endfacet
  facet normal 0.555288 0.831658 -0
    outer loop
      vertex 88.4775 57.1474 0
      vertex 88.4122 57.191 4
      vertex 88.4775 57.1474 4
    endloop
  endfacet
  facet normal 0.555288 0.831658 0
    outer loop
      vertex 88.4122 57.191 4
      vertex 88.4775 57.1474 0
      vertex 88.4122 57.191 0
    endloop
  endfacet
  facet normal 0.678544 0.734559 -0
    outer loop
      vertex 88.3506 57.2396 0
      vertex 88.2929 57.2929 4
      vertex 88.3506 57.2396 4
    endloop
  endfacet
  facet normal 0.678544 0.734559 0
    outer loop
      vertex 88.2929 57.2929 4
      vertex 88.3506 57.2396 0
      vertex 88.2929 57.2929 0
    endloop
  endfacet
  facet normal 0.872289 0.488991 0
    outer loop
      vertex 88.1474 57.4775 4
      vertex 88.109 57.546 0
      vertex 88.109 57.546 4
    endloop
  endfacet
  facet normal 0.872289 0.488991 0
    outer loop
      vertex 88.109 57.546 0
      vertex 88.1474 57.4775 4
      vertex 88.1474 57.4775 0
    endloop
  endfacet
  facet normal -0.418977 0.907997 0
    outer loop
      vertex 99.454 57.109 0
      vertex 99.3827 57.0761 4
      vertex 99.454 57.109 4
    endloop
  endfacet
  facet normal -0.418977 0.907997 0
    outer loop
      vertex 99.3827 57.0761 4
      vertex 99.454 57.109 0
      vertex 99.3827 57.0761 0
    endloop
  endfacet
  facet normal -0.678544 0.734559 0
    outer loop
      vertex 99.7071 57.2929 0
      vertex 99.6494 57.2396 4
      vertex 99.7071 57.2929 4
    endloop
  endfacet
  facet normal -0.678544 0.734559 0
    outer loop
      vertex 99.6494 57.2396 4
      vertex 99.7071 57.2929 0
      vertex 99.6494 57.2396 0
    endloop
  endfacet
  facet normal -0.619396 0.785078 0
    outer loop
      vertex 99.6494 57.2396 0
      vertex 99.5878 57.191 4
      vertex 99.6494 57.2396 4
    endloop
  endfacet
  facet normal -0.619396 0.785078 0
    outer loop
      vertex 99.5878 57.191 4
      vertex 99.6494 57.2396 0
      vertex 99.5878 57.191 0
    endloop
  endfacet
  facet normal -0.938147 0.346236 0
    outer loop
      vertex 99.9239 57.6173 0
      vertex 99.9511 57.691 4
      vertex 99.9511 57.691 0
    endloop
  endfacet
  facet normal -0.938147 0.346236 0
    outer loop
      vertex 99.9511 57.691 4
      vertex 99.9239 57.6173 0
      vertex 99.9239 57.6173 4
    endloop
  endfacet
  facet normal -0.831658 0.555288 0
    outer loop
      vertex 99.809 57.4122 0
      vertex 99.8526 57.4775 4
      vertex 99.8526 57.4775 0
    endloop
  endfacet
  facet normal -0.831658 0.555288 0
    outer loop
      vertex 99.8526 57.4775 4
      vertex 99.809 57.4122 0
      vertex 99.809 57.4122 4
    endloop
  endfacet
  facet normal -0.785078 0.619396 0
    outer loop
      vertex 99.7604 57.3506 0
      vertex 99.809 57.4122 4
      vertex 99.809 57.4122 0
    endloop
  endfacet
  facet normal -0.785078 0.619396 0
    outer loop
      vertex 99.809 57.4122 4
      vertex 99.7604 57.3506 0
      vertex 99.7604 57.3506 4
    endloop
  endfacet
  facet normal 0.488991 0.872289 -0
    outer loop
      vertex 88.546 57.109 0
      vertex 88.4775 57.1474 4
      vertex 88.546 57.109 4
    endloop
  endfacet
  facet normal 0.488991 0.872289 0
    outer loop
      vertex 88.4775 57.1474 4
      vertex 88.546 57.109 0
      vertex 88.4775 57.1474 0
    endloop
  endfacet
  facet normal 0.907997 0.418977 0
    outer loop
      vertex 88.109 57.546 4
      vertex 88.0761 57.6173 0
      vertex 88.0761 57.6173 4
    endloop
  endfacet
  facet normal 0.907997 0.418977 0
    outer loop
      vertex 88.0761 57.6173 0
      vertex 88.109 57.546 4
      vertex 88.109 57.546 0
    endloop
  endfacet
  facet normal -0.555288 0.831658 0
    outer loop
      vertex 99.5878 57.191 0
      vertex 99.5225 57.1474 4
      vertex 99.5878 57.191 4
    endloop
  endfacet
  facet normal -0.555288 0.831658 0
    outer loop
      vertex 99.5225 57.1474 4
      vertex 99.5878 57.191 0
      vertex 99.5225 57.1474 0
    endloop
  endfacet
  facet normal 0.938147 0.346236 0
    outer loop
      vertex 88.0761 57.6173 4
      vertex 88.0489 57.691 0
      vertex 88.0489 57.691 4
    endloop
  endfacet
  facet normal 0.938147 0.346236 0
    outer loop
      vertex 88.0489 57.691 0
      vertex 88.0761 57.6173 4
      vertex 88.0761 57.6173 0
    endloop
  endfacet
  facet normal 0.962526 0.271188 0
    outer loop
      vertex 88.0489 57.691 4
      vertex 88.0276 57.7666 0
      vertex 88.0276 57.7666 4
    endloop
  endfacet
  facet normal 0.962526 0.271188 0
    outer loop
      vertex 88.0276 57.7666 0
      vertex 88.0489 57.691 4
      vertex 88.0489 57.691 0
    endloop
  endfacet
  facet normal -0.99923 -0.0392395 0
    outer loop
      vertex 24.7 58 0
      vertex 24.6886 58.2903 4
      vertex 24.6886 58.2903 0
    endloop
  endfacet
  facet normal -0.99923 -0.0392395 0
    outer loop
      vertex 24.6886 58.2903 4
      vertex 24.7 58 0
      vertex 24.7 58 4
    endloop
  endfacet
  facet normal 0.0392395 -0.99923 0
    outer loop
      vertex 20.7097 61.6886 0
      vertex 21 61.7 4
      vertex 20.7097 61.6886 4
    endloop
  endfacet
  facet normal 0.0392395 -0.99923 0
    outer loop
      vertex 21 61.7 4
      vertex 20.7097 61.6886 0
      vertex 21 61.7 0
    endloop
  endfacet
  facet normal -0.678852 -0.734275 0
    outer loop
      vertex 23.403 60.8135 0
      vertex 23.6163 60.6163 4
      vertex 23.403 60.8135 4
    endloop
  endfacet
  facet normal -0.678852 -0.734275 -0
    outer loop
      vertex 23.6163 60.6163 4
      vertex 23.403 60.8135 0
      vertex 23.6163 60.6163 0
    endloop
  endfacet
  facet normal 0.734275 -0.678852 0
    outer loop
      vertex 18.1865 60.403 4
      vertex 18.3837 60.6163 0
      vertex 18.3837 60.6163 4
    endloop
  endfacet
  facet normal 0.734275 -0.678852 0
    outer loop
      vertex 18.3837 60.6163 0
      vertex 18.1865 60.403 4
      vertex 18.1865 60.403 0
    endloop
  endfacet
  facet normal 0.418774 -0.90809 0
    outer loop
      vertex 19.3202 61.2967 0
      vertex 19.5841 61.4184 4
      vertex 19.3202 61.2967 4
    endloop
  endfacet
  facet normal 0.418774 -0.90809 0
    outer loop
      vertex 19.5841 61.4184 4
      vertex 19.3202 61.2967 0
      vertex 19.5841 61.4184 0
    endloop
  endfacet
  facet normal -0.90809 -0.418774 0
    outer loop
      vertex 24.4184 59.4159 0
      vertex 24.2967 59.6798 4
      vertex 24.2967 59.6798 0
    endloop
  endfacet
  facet normal -0.90809 -0.418774 0
    outer loop
      vertex 24.2967 59.6798 4
      vertex 24.4184 59.4159 0
      vertex 24.4184 59.4159 4
    endloop
  endfacet
  facet normal -0.346024 -0.938225 0
    outer loop
      vertex 22.1434 61.5189 0
      vertex 22.4159 61.4184 4
      vertex 22.1434 61.5189 4
    endloop
  endfacet
  facet normal -0.346024 -0.938225 -0
    outer loop
      vertex 22.4159 61.4184 4
      vertex 22.1434 61.5189 0
      vertex 22.4159 61.4184 0
    endloop
  endfacet
  facet normal 0.90809 -0.418774 0
    outer loop
      vertex 17.5816 59.4159 4
      vertex 17.7033 59.6798 0
      vertex 17.7033 59.6798 4
    endloop
  endfacet
  facet normal 0.90809 -0.418774 0
    outer loop
      vertex 17.7033 59.6798 0
      vertex 17.5816 59.4159 4
      vertex 17.5816 59.4159 0
    endloop
  endfacet
  facet normal 0.99923 0.0392395 0
    outer loop
      vertex 17.3114 57.7097 4
      vertex 17.3 58 0
      vertex 17.3 58 4
    endloop
  endfacet
  facet normal 0.99923 0.0392395 0
    outer loop
      vertex 17.3 58 0
      vertex 17.3114 57.7097 4
      vertex 17.3114 57.7097 0
    endloop
  endfacet
  facet normal 0.90809 0.418774 0
    outer loop
      vertex 17.7033 56.3202 4
      vertex 17.5816 56.5841 0
      vertex 17.5816 56.5841 4
    endloop
  endfacet
  facet normal 0.90809 0.418774 0
    outer loop
      vertex 17.5816 56.5841 0
      vertex 17.7033 56.3202 4
      vertex 17.7033 56.3202 0
    endloop
  endfacet
  facet normal -0.980831 -0.194858 0
    outer loop
      vertex 24.6544 58.5788 0
      vertex 24.5978 58.8637 4
      vertex 24.5978 58.8637 0
    endloop
  endfacet
  facet normal -0.980831 -0.194858 0
    outer loop
      vertex 24.5978 58.8637 4
      vertex 24.6544 58.5788 0
      vertex 24.6544 58.5788 4
    endloop
  endfacet
  facet normal -0.993047 -0.11772 0
    outer loop
      vertex 24.6886 58.2903 0
      vertex 24.6544 58.5788 4
      vertex 24.6544 58.5788 0
    endloop
  endfacet
  facet normal -0.993047 -0.11772 0
    outer loop
      vertex 24.6544 58.5788 4
      vertex 24.6886 58.2903 0
      vertex 24.6886 58.2903 4
    endloop
  endfacet
  facet normal -0.938225 -0.346024 0
    outer loop
      vertex 24.5189 59.1434 0
      vertex 24.4184 59.4159 4
      vertex 24.4184 59.4159 0
    endloop
  endfacet
  facet normal -0.938225 -0.346024 0
    outer loop
      vertex 24.4184 59.4159 4
      vertex 24.5189 59.1434 0
      vertex 24.5189 59.1434 4
    endloop
  endfacet
  facet normal -0.83152 -0.555494 0
    outer loop
      vertex 24.1548 59.9332 0
      vertex 23.9934 60.1748 4
      vertex 23.9934 60.1748 0
    endloop
  endfacet
  facet normal -0.83152 -0.555494 0
    outer loop
      vertex 23.9934 60.1748 4
      vertex 24.1548 59.9332 0
      vertex 24.1548 59.9332 4
    endloop
  endfacet
  facet normal -0.734275 -0.678852 0
    outer loop
      vertex 23.8135 60.403 0
      vertex 23.6163 60.6163 4
      vertex 23.6163 60.6163 0
    endloop
  endfacet
  facet normal -0.734275 -0.678852 0
    outer loop
      vertex 23.6163 60.6163 4
      vertex 23.8135 60.403 0
      vertex 23.8135 60.403 4
    endloop
  endfacet
  facet normal -0.194858 -0.980831 0
    outer loop
      vertex 21.5788 61.6544 0
      vertex 21.8637 61.5978 4
      vertex 21.5788 61.6544 4
    endloop
  endfacet
  facet normal -0.194858 -0.980831 -0
    outer loop
      vertex 21.8637 61.5978 4
      vertex 21.5788 61.6544 0
      vertex 21.8637 61.5978 0
    endloop
  endfacet
  facet normal -0.0392395 -0.99923 0
    outer loop
      vertex 21 61.7 0
      vertex 21.2903 61.6886 4
      vertex 21 61.7 4
    endloop
  endfacet
  facet normal -0.0392395 -0.99923 -0
    outer loop
      vertex 21.2903 61.6886 4
      vertex 21 61.7 0
      vertex 21.2903 61.6886 0
    endloop
  endfacet
  facet normal -0.619097 -0.785314 0
    outer loop
      vertex 23.1748 60.9934 0
      vertex 23.403 60.8135 4
      vertex 23.1748 60.9934 4
    endloop
  endfacet
  facet normal -0.619097 -0.785314 -0
    outer loop
      vertex 23.403 60.8135 4
      vertex 23.1748 60.9934 0
      vertex 23.403 60.8135 0
    endloop
  endfacet
  facet normal 0.785314 -0.619097 0
    outer loop
      vertex 18.0066 60.1748 4
      vertex 18.1865 60.403 0
      vertex 18.1865 60.403 4
    endloop
  endfacet
  facet normal 0.785314 -0.619097 0
    outer loop
      vertex 18.1865 60.403 0
      vertex 18.0066 60.1748 4
      vertex 18.0066 60.1748 0
    endloop
  endfacet
  facet normal 0.938225 -0.346024 0
    outer loop
      vertex 17.4811 59.1434 4
      vertex 17.5816 59.4159 0
      vertex 17.5816 59.4159 4
    endloop
  endfacet
  facet normal 0.938225 -0.346024 0
    outer loop
      vertex 17.5816 59.4159 0
      vertex 17.4811 59.1434 4
      vertex 17.4811 59.1434 0
    endloop
  endfacet
  facet normal 0.980831 -0.194858 0
    outer loop
      vertex 17.3456 58.5788 4
      vertex 17.4022 58.8637 0
      vertex 17.4022 58.8637 4
    endloop
  endfacet
  facet normal 0.980831 -0.194858 0
    outer loop
      vertex 17.4022 58.8637 0
      vertex 17.3456 58.5788 4
      vertex 17.3456 58.5788 0
    endloop
  endfacet
  facet normal 0.99923 -0.0392395 0
    outer loop
      vertex 17.3 58 4
      vertex 17.3114 58.2903 0
      vertex 17.3114 58.2903 4
    endloop
  endfacet
  facet normal 0.99923 -0.0392395 0
    outer loop
      vertex 17.3114 58.2903 0
      vertex 17.3 58 4
      vertex 17.3 58 0
    endloop
  endfacet
  facet normal 0.488593 -0.872512 0
    outer loop
      vertex 19.0668 61.1548 0
      vertex 19.3202 61.2967 4
      vertex 19.0668 61.1548 4
    endloop
  endfacet
  facet normal 0.488593 -0.872512 0
    outer loop
      vertex 19.3202 61.2967 4
      vertex 19.0668 61.1548 0
      vertex 19.3202 61.2967 0
    endloop
  endfacet
  facet normal 0.555494 -0.83152 0
    outer loop
      vertex 18.8252 60.9934 0
      vertex 19.0668 61.1548 4
      vertex 18.8252 60.9934 4
    endloop
  endfacet
  facet normal 0.555494 -0.83152 0
    outer loop
      vertex 19.0668 61.1548 4
      vertex 18.8252 60.9934 0
      vertex 19.0668 61.1548 0
    endloop
  endfacet
  facet normal 0.678852 -0.734275 0
    outer loop
      vertex 18.3837 60.6163 0
      vertex 18.597 60.8135 4
      vertex 18.3837 60.6163 4
    endloop
  endfacet
  facet normal 0.678852 -0.734275 0
    outer loop
      vertex 18.597 60.8135 4
      vertex 18.3837 60.6163 0
      vertex 18.597 60.8135 0
    endloop
  endfacet
  facet normal 0.11772 -0.993047 0
    outer loop
      vertex 20.4212 61.6544 0
      vertex 20.7097 61.6886 4
      vertex 20.4212 61.6544 4
    endloop
  endfacet
  facet normal 0.11772 -0.993047 0
    outer loop
      vertex 20.7097 61.6886 4
      vertex 20.4212 61.6544 0
      vertex 20.7097 61.6886 0
    endloop
  endfacet
  facet normal -0.99923 0.0392395 0
    outer loop
      vertex 24.6886 57.7097 0
      vertex 24.7 58 4
      vertex 24.7 58 0
    endloop
  endfacet
  facet normal -0.99923 0.0392395 0
    outer loop
      vertex 24.7 58 4
      vertex 24.6886 57.7097 0
      vertex 24.6886 57.7097 4
    endloop
  endfacet
  facet normal -0.96244 0.271493 0
    outer loop
      vertex 24.5189 56.8566 0
      vertex 24.5978 57.1363 4
      vertex 24.5978 57.1363 0
    endloop
  endfacet
  facet normal -0.96244 0.271493 0
    outer loop
      vertex 24.5978 57.1363 4
      vertex 24.5189 56.8566 0
      vertex 24.5189 56.8566 4
    endloop
  endfacet
  facet normal -0.418774 0.90809 0
    outer loop
      vertex 22.6798 54.7033 0
      vertex 22.4159 54.5816 4
      vertex 22.6798 54.7033 4
    endloop
  endfacet
  facet normal -0.418774 0.90809 0
    outer loop
      vertex 22.4159 54.5816 4
      vertex 22.6798 54.7033 0
      vertex 22.4159 54.5816 0
    endloop
  endfacet
  facet normal -0.96244 -0.271493 0
    outer loop
      vertex 24.5978 58.8637 0
      vertex 24.5189 59.1434 4
      vertex 24.5189 59.1434 0
    endloop
  endfacet
  facet normal -0.96244 -0.271493 0
    outer loop
      vertex 24.5189 59.1434 4
      vertex 24.5978 58.8637 0
      vertex 24.5978 58.8637 4
    endloop
  endfacet
  facet normal -0.785314 -0.619097 0
    outer loop
      vertex 23.9934 60.1748 0
      vertex 23.8135 60.403 4
      vertex 23.8135 60.403 0
    endloop
  endfacet
  facet normal -0.785314 -0.619097 0
    outer loop
      vertex 23.8135 60.403 4
      vertex 23.9934 60.1748 0
      vertex 23.9934 60.1748 4
    endloop
  endfacet
  facet normal -0.872512 -0.488593 0
    outer loop
      vertex 24.2967 59.6798 0
      vertex 24.1548 59.9332 4
      vertex 24.1548 59.9332 0
    endloop
  endfacet
  facet normal -0.872512 -0.488593 0
    outer loop
      vertex 24.1548 59.9332 4
      vertex 24.2967 59.6798 0
      vertex 24.2967 59.6798 4
    endloop
  endfacet
  facet normal -0.271493 -0.96244 0
    outer loop
      vertex 21.8637 61.5978 0
      vertex 22.1434 61.5189 4
      vertex 21.8637 61.5978 4
    endloop
  endfacet
  facet normal -0.271493 -0.96244 -0
    outer loop
      vertex 22.1434 61.5189 4
      vertex 21.8637 61.5978 0
      vertex 22.1434 61.5189 0
    endloop
  endfacet
  facet normal -0.11772 -0.993047 0
    outer loop
      vertex 21.2903 61.6886 0
      vertex 21.5788 61.6544 4
      vertex 21.2903 61.6886 4
    endloop
  endfacet
  facet normal -0.11772 -0.993047 -0
    outer loop
      vertex 21.5788 61.6544 4
      vertex 21.2903 61.6886 0
      vertex 21.5788 61.6544 0
    endloop
  endfacet
  facet normal -0.418774 -0.90809 0
    outer loop
      vertex 22.4159 61.4184 0
      vertex 22.6798 61.2967 4
      vertex 22.4159 61.4184 4
    endloop
  endfacet
  facet normal -0.418774 -0.90809 -0
    outer loop
      vertex 22.6798 61.2967 4
      vertex 22.4159 61.4184 0
      vertex 22.6798 61.2967 0
    endloop
  endfacet
  facet normal -0.555494 -0.83152 0
    outer loop
      vertex 22.9332 61.1548 0
      vertex 23.1748 60.9934 4
      vertex 22.9332 61.1548 4
    endloop
  endfacet
  facet normal -0.555494 -0.83152 -0
    outer loop
      vertex 23.1748 60.9934 4
      vertex 22.9332 61.1548 0
      vertex 23.1748 60.9934 0
    endloop
  endfacet
  facet normal -0.488593 -0.872512 0
    outer loop
      vertex 22.6798 61.2967 0
      vertex 22.9332 61.1548 4
      vertex 22.6798 61.2967 4
    endloop
  endfacet
  facet normal -0.488593 -0.872512 -0
    outer loop
      vertex 22.9332 61.1548 4
      vertex 22.6798 61.2967 0
      vertex 22.9332 61.1548 0
    endloop
  endfacet
  facet normal 0.96244 -0.271493 0
    outer loop
      vertex 17.4022 58.8637 4
      vertex 17.4811 59.1434 0
      vertex 17.4811 59.1434 4
    endloop
  endfacet
  facet normal 0.96244 -0.271493 0
    outer loop
      vertex 17.4811 59.1434 0
      vertex 17.4022 58.8637 4
      vertex 17.4022 58.8637 0
    endloop
  endfacet
  facet normal 0.993047 -0.11772 0
    outer loop
      vertex 17.3114 58.2903 4
      vertex 17.3456 58.5788 0
      vertex 17.3456 58.5788 4
    endloop
  endfacet
  facet normal 0.993047 -0.11772 0
    outer loop
      vertex 17.3456 58.5788 0
      vertex 17.3114 58.2903 4
      vertex 17.3114 58.2903 0
    endloop
  endfacet
  facet normal 0.619097 -0.785314 0
    outer loop
      vertex 18.597 60.8135 0
      vertex 18.8252 60.9934 4
      vertex 18.597 60.8135 4
    endloop
  endfacet
  facet normal 0.619097 -0.785314 0
    outer loop
      vertex 18.8252 60.9934 4
      vertex 18.597 60.8135 0
      vertex 18.8252 60.9934 0
    endloop
  endfacet
  facet normal 0.346024 -0.938225 0
    outer loop
      vertex 19.5841 61.4184 0
      vertex 19.8566 61.5189 4
      vertex 19.5841 61.4184 4
    endloop
  endfacet
  facet normal 0.346024 -0.938225 0
    outer loop
      vertex 19.8566 61.5189 4
      vertex 19.5841 61.4184 0
      vertex 19.8566 61.5189 0
    endloop
  endfacet
  facet normal 0.194858 -0.980831 0
    outer loop
      vertex 20.1363 61.5978 0
      vertex 20.4212 61.6544 4
      vertex 20.1363 61.5978 4
    endloop
  endfacet
  facet normal 0.194858 -0.980831 0
    outer loop
      vertex 20.4212 61.6544 4
      vertex 20.1363 61.5978 0
      vertex 20.4212 61.6544 0
    endloop
  endfacet
  facet normal 0.271493 -0.96244 0
    outer loop
      vertex 19.8566 61.5189 0
      vertex 20.1363 61.5978 4
      vertex 19.8566 61.5189 4
    endloop
  endfacet
  facet normal 0.271493 -0.96244 0
    outer loop
      vertex 20.1363 61.5978 4
      vertex 19.8566 61.5189 0
      vertex 20.1363 61.5978 0
    endloop
  endfacet
  facet normal -0.993047 0.11772 0
    outer loop
      vertex 24.6544 57.4212 0
      vertex 24.6886 57.7097 4
      vertex 24.6886 57.7097 0
    endloop
  endfacet
  facet normal -0.993047 0.11772 0
    outer loop
      vertex 24.6886 57.7097 4
      vertex 24.6544 57.4212 0
      vertex 24.6544 57.4212 4
    endloop
  endfacet
  facet normal -0.90809 0.418774 0
    outer loop
      vertex 24.2967 56.3202 0
      vertex 24.4184 56.5841 4
      vertex 24.4184 56.5841 0
    endloop
  endfacet
  facet normal -0.90809 0.418774 0
    outer loop
      vertex 24.4184 56.5841 4
      vertex 24.2967 56.3202 0
      vertex 24.2967 56.3202 4
    endloop
  endfacet
  facet normal -0.980831 0.194858 0
    outer loop
      vertex 24.5978 57.1363 0
      vertex 24.6544 57.4212 4
      vertex 24.6544 57.4212 0
    endloop
  endfacet
  facet normal -0.980831 0.194858 0
    outer loop
      vertex 24.6544 57.4212 4
      vertex 24.5978 57.1363 0
      vertex 24.5978 57.1363 4
    endloop
  endfacet
  facet normal -0.0392395 0.99923 0
    outer loop
      vertex 21.2903 54.3114 0
      vertex 21 54.3 4
      vertex 21.2903 54.3114 4
    endloop
  endfacet
  facet normal -0.0392395 0.99923 0
    outer loop
      vertex 21 54.3 4
      vertex 21.2903 54.3114 0
      vertex 21 54.3 0
    endloop
  endfacet
  facet normal 0.346024 0.938225 -0
    outer loop
      vertex 19.8566 54.4811 0
      vertex 19.5841 54.5816 4
      vertex 19.8566 54.4811 4
    endloop
  endfacet
  facet normal 0.346024 0.938225 0
    outer loop
      vertex 19.5841 54.5816 4
      vertex 19.8566 54.4811 0
      vertex 19.5841 54.5816 0
    endloop
  endfacet
  facet normal 0.993047 0.11772 0
    outer loop
      vertex 17.3456 57.4212 4
      vertex 17.3114 57.7097 0
      vertex 17.3114 57.7097 4
    endloop
  endfacet
  facet normal 0.993047 0.11772 0
    outer loop
      vertex 17.3114 57.7097 0
      vertex 17.3456 57.4212 4
      vertex 17.3456 57.4212 0
    endloop
  endfacet
  facet normal 0.980831 0.194858 0
    outer loop
      vertex 17.4022 57.1363 4
      vertex 17.3456 57.4212 0
      vertex 17.3456 57.4212 4
    endloop
  endfacet
  facet normal 0.980831 0.194858 0
    outer loop
      vertex 17.3456 57.4212 0
      vertex 17.4022 57.1363 4
      vertex 17.4022 57.1363 0
    endloop
  endfacet
  facet normal -0.11772 0.993047 0
    outer loop
      vertex 21.5788 54.3456 0
      vertex 21.2903 54.3114 4
      vertex 21.5788 54.3456 4
    endloop
  endfacet
  facet normal -0.11772 0.993047 0
    outer loop
      vertex 21.2903 54.3114 4
      vertex 21.5788 54.3456 0
      vertex 21.2903 54.3114 0
    endloop
  endfacet
  facet normal 0.872512 -0.488593 0
    outer loop
      vertex 17.7033 59.6798 4
      vertex 17.8452 59.9332 0
      vertex 17.8452 59.9332 4
    endloop
  endfacet
  facet normal 0.872512 -0.488593 0
    outer loop
      vertex 17.8452 59.9332 0
      vertex 17.7033 59.6798 4
      vertex 17.7033 59.6798 0
    endloop
  endfacet
  facet normal 0.83152 -0.555494 0
    outer loop
      vertex 17.8452 59.9332 4
      vertex 18.0066 60.1748 0
      vertex 18.0066 60.1748 4
    endloop
  endfacet
  facet normal 0.83152 -0.555494 0
    outer loop
      vertex 18.0066 60.1748 0
      vertex 17.8452 59.9332 4
      vertex 17.8452 59.9332 0
    endloop
  endfacet
  facet normal -0.785314 0.619097 0
    outer loop
      vertex 23.8135 55.597 0
      vertex 23.9934 55.8252 4
      vertex 23.9934 55.8252 0
    endloop
  endfacet
  facet normal -0.785314 0.619097 0
    outer loop
      vertex 23.9934 55.8252 4
      vertex 23.8135 55.597 0
      vertex 23.8135 55.597 4
    endloop
  endfacet
  facet normal -0.83152 0.555494 0
    outer loop
      vertex 23.9934 55.8252 0
      vertex 24.1548 56.0668 4
      vertex 24.1548 56.0668 0
    endloop
  endfacet
  facet normal -0.83152 0.555494 0
    outer loop
      vertex 24.1548 56.0668 4
      vertex 23.9934 55.8252 0
      vertex 23.9934 55.8252 4
    endloop
  endfacet
  facet normal -0.872512 0.488593 0
    outer loop
      vertex 24.1548 56.0668 0
      vertex 24.2967 56.3202 4
      vertex 24.2967 56.3202 0
    endloop
  endfacet
  facet normal -0.872512 0.488593 0
    outer loop
      vertex 24.2967 56.3202 4
      vertex 24.1548 56.0668 0
      vertex 24.1548 56.0668 4
    endloop
  endfacet
  facet normal -0.488593 0.872512 0
    outer loop
      vertex 22.9332 54.8452 0
      vertex 22.6798 54.7033 4
      vertex 22.9332 54.8452 4
    endloop
  endfacet
  facet normal -0.488593 0.872512 0
    outer loop
      vertex 22.6798 54.7033 4
      vertex 22.9332 54.8452 0
      vertex 22.6798 54.7033 0
    endloop
  endfacet
  facet normal -0.619097 0.785314 0
    outer loop
      vertex 23.403 55.1865 0
      vertex 23.1748 55.0066 4
      vertex 23.403 55.1865 4
    endloop
  endfacet
  facet normal -0.619097 0.785314 0
    outer loop
      vertex 23.1748 55.0066 4
      vertex 23.403 55.1865 0
      vertex 23.1748 55.0066 0
    endloop
  endfacet
  facet normal -0.938225 0.346024 0
    outer loop
      vertex 24.4184 56.5841 0
      vertex 24.5189 56.8566 4
      vertex 24.5189 56.8566 0
    endloop
  endfacet
  facet normal -0.938225 0.346024 0
    outer loop
      vertex 24.5189 56.8566 4
      vertex 24.4184 56.5841 0
      vertex 24.4184 56.5841 4
    endloop
  endfacet
  facet normal 0.271493 0.96244 -0
    outer loop
      vertex 20.1363 54.4022 0
      vertex 19.8566 54.4811 4
      vertex 20.1363 54.4022 4
    endloop
  endfacet
  facet normal 0.271493 0.96244 0
    outer loop
      vertex 19.8566 54.4811 4
      vertex 20.1363 54.4022 0
      vertex 19.8566 54.4811 0
    endloop
  endfacet
  facet normal 0.678852 0.734275 -0
    outer loop
      vertex 18.597 55.1865 0
      vertex 18.3837 55.3837 4
      vertex 18.597 55.1865 4
    endloop
  endfacet
  facet normal 0.678852 0.734275 0
    outer loop
      vertex 18.3837 55.3837 4
      vertex 18.597 55.1865 0
      vertex 18.3837 55.3837 0
    endloop
  endfacet
  facet normal 0.938225 0.346024 0
    outer loop
      vertex 17.5816 56.5841 4
      vertex 17.4811 56.8566 0
      vertex 17.4811 56.8566 4
    endloop
  endfacet
  facet normal 0.938225 0.346024 0
    outer loop
      vertex 17.4811 56.8566 0
      vertex 17.5816 56.5841 4
      vertex 17.5816 56.5841 0
    endloop
  endfacet
  facet normal -0.271493 0.96244 0
    outer loop
      vertex 22.1434 54.4811 0
      vertex 21.8637 54.4022 4
      vertex 22.1434 54.4811 4
    endloop
  endfacet
  facet normal -0.271493 0.96244 0
    outer loop
      vertex 21.8637 54.4022 4
      vertex 22.1434 54.4811 0
      vertex 21.8637 54.4022 0
    endloop
  endfacet
  facet normal -0.346024 0.938225 0
    outer loop
      vertex 22.4159 54.5816 0
      vertex 22.1434 54.4811 4
      vertex 22.4159 54.5816 4
    endloop
  endfacet
  facet normal -0.346024 0.938225 0
    outer loop
      vertex 22.1434 54.4811 4
      vertex 22.4159 54.5816 0
      vertex 22.1434 54.4811 0
    endloop
  endfacet
  facet normal -0.194858 0.980831 0
    outer loop
      vertex 21.8637 54.4022 0
      vertex 21.5788 54.3456 4
      vertex 21.8637 54.4022 4
    endloop
  endfacet
  facet normal -0.194858 0.980831 0
    outer loop
      vertex 21.5788 54.3456 4
      vertex 21.8637 54.4022 0
      vertex 21.5788 54.3456 0
    endloop
  endfacet
  facet normal -0.555494 0.83152 0
    outer loop
      vertex 23.1748 55.0066 0
      vertex 22.9332 54.8452 4
      vertex 23.1748 55.0066 4
    endloop
  endfacet
  facet normal -0.555494 0.83152 0
    outer loop
      vertex 22.9332 54.8452 4
      vertex 23.1748 55.0066 0
      vertex 22.9332 54.8452 0
    endloop
  endfacet
  facet normal 0.194858 0.980831 -0
    outer loop
      vertex 20.4212 54.3456 0
      vertex 20.1363 54.4022 4
      vertex 20.4212 54.3456 4
    endloop
  endfacet
  facet normal 0.194858 0.980831 0
    outer loop
      vertex 20.1363 54.4022 4
      vertex 20.4212 54.3456 0
      vertex 20.1363 54.4022 0
    endloop
  endfacet
  facet normal 0.11772 0.993047 -0
    outer loop
      vertex 20.7097 54.3114 0
      vertex 20.4212 54.3456 4
      vertex 20.7097 54.3114 4
    endloop
  endfacet
  facet normal 0.11772 0.993047 0
    outer loop
      vertex 20.4212 54.3456 4
      vertex 20.7097 54.3114 0
      vertex 20.4212 54.3456 0
    endloop
  endfacet
  facet normal 0.619097 0.785314 -0
    outer loop
      vertex 18.8252 55.0066 0
      vertex 18.597 55.1865 4
      vertex 18.8252 55.0066 4
    endloop
  endfacet
  facet normal 0.619097 0.785314 0
    outer loop
      vertex 18.597 55.1865 4
      vertex 18.8252 55.0066 0
      vertex 18.597 55.1865 0
    endloop
  endfacet
  facet normal 0.785314 0.619097 0
    outer loop
      vertex 18.1865 55.597 4
      vertex 18.0066 55.8252 0
      vertex 18.0066 55.8252 4
    endloop
  endfacet
  facet normal 0.785314 0.619097 0
    outer loop
      vertex 18.0066 55.8252 0
      vertex 18.1865 55.597 4
      vertex 18.1865 55.597 0
    endloop
  endfacet
  facet normal 0.872512 0.488593 0
    outer loop
      vertex 17.8452 56.0668 4
      vertex 17.7033 56.3202 0
      vertex 17.7033 56.3202 4
    endloop
  endfacet
  facet normal 0.872512 0.488593 0
    outer loop
      vertex 17.7033 56.3202 0
      vertex 17.8452 56.0668 4
      vertex 17.8452 56.0668 0
    endloop
  endfacet
  facet normal 0.96244 0.271493 0
    outer loop
      vertex 17.4811 56.8566 4
      vertex 17.4022 57.1363 0
      vertex 17.4022 57.1363 4
    endloop
  endfacet
  facet normal 0.96244 0.271493 0
    outer loop
      vertex 17.4022 57.1363 0
      vertex 17.4811 56.8566 4
      vertex 17.4811 56.8566 0
    endloop
  endfacet
  facet normal -0.678852 0.734275 0
    outer loop
      vertex 23.6163 55.3837 0
      vertex 23.403 55.1865 4
      vertex 23.6163 55.3837 4
    endloop
  endfacet
  facet normal -0.678852 0.734275 0
    outer loop
      vertex 23.403 55.1865 4
      vertex 23.6163 55.3837 0
      vertex 23.403 55.1865 0
    endloop
  endfacet
  facet normal -0.734275 0.678852 0
    outer loop
      vertex 23.6163 55.3837 0
      vertex 23.8135 55.597 4
      vertex 23.8135 55.597 0
    endloop
  endfacet
  facet normal -0.734275 0.678852 0
    outer loop
      vertex 23.8135 55.597 4
      vertex 23.6163 55.3837 0
      vertex 23.6163 55.3837 4
    endloop
  endfacet
  facet normal 0.0392395 0.99923 -0
    outer loop
      vertex 21 54.3 0
      vertex 20.7097 54.3114 4
      vertex 21 54.3 4
    endloop
  endfacet
  facet normal 0.0392395 0.99923 0
    outer loop
      vertex 20.7097 54.3114 4
      vertex 21 54.3 0
      vertex 20.7097 54.3114 0
    endloop
  endfacet
  facet normal 0.555494 0.83152 -0
    outer loop
      vertex 19.0668 54.8452 0
      vertex 18.8252 55.0066 4
      vertex 19.0668 54.8452 4
    endloop
  endfacet
  facet normal 0.555494 0.83152 0
    outer loop
      vertex 18.8252 55.0066 4
      vertex 19.0668 54.8452 0
      vertex 18.8252 55.0066 0
    endloop
  endfacet
  facet normal 0.418774 0.90809 -0
    outer loop
      vertex 19.5841 54.5816 0
      vertex 19.3202 54.7033 4
      vertex 19.5841 54.5816 4
    endloop
  endfacet
  facet normal 0.418774 0.90809 0
    outer loop
      vertex 19.3202 54.7033 4
      vertex 19.5841 54.5816 0
      vertex 19.3202 54.7033 0
    endloop
  endfacet
  facet normal 0.488593 0.872512 -0
    outer loop
      vertex 19.3202 54.7033 0
      vertex 19.0668 54.8452 4
      vertex 19.3202 54.7033 4
    endloop
  endfacet
  facet normal 0.488593 0.872512 0
    outer loop
      vertex 19.0668 54.8452 4
      vertex 19.3202 54.7033 0
      vertex 19.0668 54.8452 0
    endloop
  endfacet
  facet normal 0.734275 0.678852 0
    outer loop
      vertex 18.3837 55.3837 4
      vertex 18.1865 55.597 0
      vertex 18.1865 55.597 4
    endloop
  endfacet
  facet normal 0.734275 0.678852 0
    outer loop
      vertex 18.1865 55.597 0
      vertex 18.3837 55.3837 4
      vertex 18.3837 55.3837 0
    endloop
  endfacet
  facet normal 0.83152 0.555494 0
    outer loop
      vertex 18.0066 55.8252 4
      vertex 17.8452 56.0668 0
      vertex 17.8452 56.0668 4
    endloop
  endfacet
  facet normal 0.83152 0.555494 0
    outer loop
      vertex 17.8452 56.0668 0
      vertex 18.0066 55.8252 4
      vertex 18.0066 55.8252 0
    endloop
  endfacet
endsolid OpenSCAD_Model
