solid OpenSCAD_Model
  facet normal -0.993069 -0.117537 0
    outer loop
      vertex 0.0861807 5.90496 0
      vertex 0.0215778 6.45079 64
      vertex 0.0215778 6.45079 0
    endloop
  endfacet
  facet normal -0.993069 -0.117537 0
    outer loop
      vertex 0.0215778 6.45079 64
      vertex 0.0861807 5.90496 0
      vertex 0.0861807 5.90496 64
    endloop
  endfacet
  facet normal -0.980785 -0.19509 0
    outer loop
      vertex 0.19341 5.36588 0
      vertex 0.0861807 5.90496 64
      vertex 0.0861807 5.90496 0
    endloop
  endfacet
  facet normal -0.980785 -0.19509 0
    outer loop
      vertex 0.0861807 5.90496 64
      vertex 0.19341 5.36588 0
      vertex 0.19341 5.36588 64
    endloop
  endfacet
  facet normal -0.999229 -0.0392585 0
    outer loop
      vertex 0.0215778 6.45079 0
      vertex 0 7 64
      vertex 0 7 0
    endloop
  endfacet
  facet normal -0.999229 -0.0392585 0
    outer loop
      vertex 0 7 64
      vertex 0.0215778 6.45079 0
      vertex 0.0215778 6.45079 64
    endloop
  endfacet
  facet normal 0 0 1
    outer loop
      vertex 88 85 64
      vertex 92 85 64
      vertex 91.9784 85.5492 64
    endloop
  endfacet
  facet normal 0 0 1
    outer loop
      vertex 92 85 64
      vertex 88 85 64
      vertex 92 7 64
    endloop
  endfacet
  facet normal 0 0 1
    outer loop
      vertex 87.9908 85.2354 64
      vertex 91.9784 85.5492 64
      vertex 91.9138 86.095 64
    endloop
  endfacet
  facet normal 0 0 1
    outer loop
      vertex 88 7 64
      vertex 92 7 64
      vertex 88 85 64
    endloop
  endfacet
  facet normal 0 0 1
    outer loop
      vertex 87.9631 85.4693 64
      vertex 91.9138 86.095 64
      vertex 91.8066 86.6341 64
    endloop
  endfacet
  facet normal 0 0 1
    outer loop
      vertex 92 7 64
      vertex 88 7 64
      vertex 91.9784 6.45079 64
    endloop
  endfacet
  facet normal 0 0 1
    outer loop
      vertex 87.9171 85.7003 64
      vertex 91.8066 86.6341 64
      vertex 91.6574 87.1631 64
    endloop
  endfacet
  facet normal -0 0 1
    outer loop
      vertex 87.9908 6.76462 64
      vertex 91.9784 6.45079 64
      vertex 88 7 64
    endloop
  endfacet
  facet normal 0 0 1
    outer loop
      vertex 87.8532 85.927 64
      vertex 91.6574 87.1631 64
      vertex 91.4672 87.6788 64
    endloop
  endfacet
  facet normal 0 0 1
    outer loop
      vertex 91.9784 6.45079 64
      vertex 87.9908 6.76462 64
      vertex 91.9138 5.90496 64
    endloop
  endfacet
  facet normal 0 0 1
    outer loop
      vertex 87.7716 86.148 64
      vertex 91.4672 87.6788 64
      vertex 91.237 88.1779 64
    endloop
  endfacet
  facet normal -0 0 1
    outer loop
      vertex 87.9631 6.5307 64
      vertex 91.9138 5.90496 64
      vertex 87.9908 6.76462 64
    endloop
  endfacet
  facet normal 0 0 1
    outer loop
      vertex 87.673 86.362 64
      vertex 91.237 88.1779 64
      vertex 90.9685 88.6575 64
    endloop
  endfacet
  facet normal 0 0 1
    outer loop
      vertex 91.9138 5.90496 64
      vertex 87.9631 6.5307 64
      vertex 91.8066 5.36588 64
    endloop
  endfacet
  facet normal 0 0 1
    outer loop
      vertex 87.5579 86.5675 64
      vertex 90.9685 88.6575 64
      vertex 90.6631 89.1145 64
    endloop
  endfacet
  facet normal -0 0 1
    outer loop
      vertex 87.9171 6.29966 64
      vertex 91.8066 5.36588 64
      vertex 87.9631 6.5307 64
    endloop
  endfacet
  facet normal 0 0 1
    outer loop
      vertex 87.427 86.7634 64
      vertex 90.6631 89.1145 64
      vertex 90.3228 89.5461 64
    endloop
  endfacet
  facet normal 0 0 1
    outer loop
      vertex 91.8066 5.36588 64
      vertex 87.9171 6.29966 64
      vertex 91.6574 4.83688 64
    endloop
  endfacet
  facet normal 0 0 1
    outer loop
      vertex 87.2812 86.9483 64
      vertex 90.3228 89.5461 64
      vertex 89.9497 89.9497 64
    endloop
  endfacet
  facet normal -0 0 1
    outer loop
      vertex 87.8532 6.07295 64
      vertex 91.6574 4.83688 64
      vertex 87.9171 6.29966 64
    endloop
  endfacet
  facet normal 0 0 1
    outer loop
      vertex 87.1213 87.1213 64
      vertex 89.9497 89.9497 64
      vertex 89.5461 90.3228 64
    endloop
  endfacet
  facet normal 0 0 1
    outer loop
      vertex 91.6574 4.83688 64
      vertex 87.8532 6.07295 64
      vertex 91.4672 4.32122 64
    endloop
  endfacet
  facet normal 0 0 1
    outer loop
      vertex 86.9483 87.2812 64
      vertex 89.5461 90.3228 64
      vertex 89.1145 90.6631 64
    endloop
  endfacet
  facet normal -0 0 1
    outer loop
      vertex 87.7716 5.85195 64
      vertex 91.4672 4.32122 64
      vertex 87.8532 6.07295 64
    endloop
  endfacet
  facet normal 0 0 1
    outer loop
      vertex 86.7634 87.427 64
      vertex 89.1145 90.6631 64
      vertex 88.6575 90.9685 64
    endloop
  endfacet
  facet normal 0 0 1
    outer loop
      vertex 91.4672 4.32122 64
      vertex 87.7716 5.85195 64
      vertex 91.237 3.82207 64
    endloop
  endfacet
  facet normal 0 0 1
    outer loop
      vertex 86.5675 87.5579 64
      vertex 88.6575 90.9685 64
      vertex 88.1779 91.237 64
    endloop
  endfacet
  facet normal -0 0 1
    outer loop
      vertex 87.673 5.63803 64
      vertex 91.237 3.82207 64
      vertex 87.7716 5.85195 64
    endloop
  endfacet
  facet normal 0 0 1
    outer loop
      vertex 91.237 3.82207 64
      vertex 87.673 5.63803 64
      vertex 90.9685 3.34251 64
    endloop
  endfacet
  facet normal 0 0 1
    outer loop
      vertex 91.9784 85.5492 64
      vertex 87.9908 85.2354 64
      vertex 88 85 64
    endloop
  endfacet
  facet normal 0 0 1
    outer loop
      vertex 91.9138 86.095 64
      vertex 87.9631 85.4693 64
      vertex 87.9908 85.2354 64
    endloop
  endfacet
  facet normal 0 0 1
    outer loop
      vertex 91.8066 86.6341 64
      vertex 87.9171 85.7003 64
      vertex 87.9631 85.4693 64
    endloop
  endfacet
  facet normal 0 0 1
    outer loop
      vertex 91.6574 87.1631 64
      vertex 87.8532 85.927 64
      vertex 87.9171 85.7003 64
    endloop
  endfacet
  facet normal 0 0 1
    outer loop
      vertex 91.4672 87.6788 64
      vertex 87.7716 86.148 64
      vertex 87.8532 85.927 64
    endloop
  endfacet
  facet normal 0 0 1
    outer loop
      vertex 86.362 87.673 64
      vertex 88.1779 91.237 64
      vertex 87.6788 91.4672 64
    endloop
  endfacet
  facet normal 0 0 1
    outer loop
      vertex 91.237 88.1779 64
      vertex 87.673 86.362 64
      vertex 87.7716 86.148 64
    endloop
  endfacet
  facet normal 0 0 1
    outer loop
      vertex 90.9685 88.6575 64
      vertex 87.5579 86.5675 64
      vertex 87.673 86.362 64
    endloop
  endfacet
  facet normal 0 0 1
    outer loop
      vertex 90.6631 89.1145 64
      vertex 87.427 86.7634 64
      vertex 87.5579 86.5675 64
    endloop
  endfacet
  facet normal 0 0 1
    outer loop
      vertex 90.3228 89.5461 64
      vertex 87.2812 86.9483 64
      vertex 87.427 86.7634 64
    endloop
  endfacet
  facet normal 0 0 1
    outer loop
      vertex 86.148 87.7716 64
      vertex 87.6788 91.4672 64
      vertex 87.1631 91.6574 64
    endloop
  endfacet
  facet normal 0 0 1
    outer loop
      vertex 89.9497 89.9497 64
      vertex 87.1213 87.1213 64
      vertex 87.2812 86.9483 64
    endloop
  endfacet
  facet normal 0 0 1
    outer loop
      vertex 89.5461 90.3228 64
      vertex 86.9483 87.2812 64
      vertex 87.1213 87.1213 64
    endloop
  endfacet
  facet normal 0 0 1
    outer loop
      vertex 89.1145 90.6631 64
      vertex 86.7634 87.427 64
      vertex 86.9483 87.2812 64
    endloop
  endfacet
  facet normal 0 0 1
    outer loop
      vertex 85.927 87.8532 64
      vertex 87.1631 91.6574 64
      vertex 86.6341 91.8066 64
    endloop
  endfacet
  facet normal 0 0 1
    outer loop
      vertex 88.6575 90.9685 64
      vertex 86.5675 87.5579 64
      vertex 86.7634 87.427 64
    endloop
  endfacet
  facet normal 0 0 1
    outer loop
      vertex 88.1779 91.237 64
      vertex 86.362 87.673 64
      vertex 86.5675 87.5579 64
    endloop
  endfacet
  facet normal 0 0 1
    outer loop
      vertex 87.6788 91.4672 64
      vertex 86.148 87.7716 64
      vertex 86.362 87.673 64
    endloop
  endfacet
  facet normal 0 0 1
    outer loop
      vertex 85.7003 87.9171 64
      vertex 86.6341 91.8066 64
      vertex 86.095 91.9138 64
    endloop
  endfacet
  facet normal 0 0 1
    outer loop
      vertex 87.1631 91.6574 64
      vertex 85.927 87.8532 64
      vertex 86.148 87.7716 64
    endloop
  endfacet
  facet normal 0 0 1
    outer loop
      vertex 86.6341 91.8066 64
      vertex 85.7003 87.9171 64
      vertex 85.927 87.8532 64
    endloop
  endfacet
  facet normal 0 0 1
    outer loop
      vertex 85.4693 87.9631 64
      vertex 86.095 91.9138 64
      vertex 85.5492 91.9784 64
    endloop
  endfacet
  facet normal 0 0 1
    outer loop
      vertex 86.095 91.9138 64
      vertex 85.4693 87.9631 64
      vertex 85.7003 87.9171 64
    endloop
  endfacet
  facet normal 0 0 1
    outer loop
      vertex 85.5492 91.9784 64
      vertex 85.2354 87.9908 64
      vertex 85.4693 87.9631 64
    endloop
  endfacet
  facet normal 0 0 1
    outer loop
      vertex 85 92 64
      vertex 85.2354 87.9908 64
      vertex 85.5492 91.9784 64
    endloop
  endfacet
  facet normal 0 0 1
    outer loop
      vertex 85 92 64
      vertex 85 88 64
      vertex 85.2354 87.9908 64
    endloop
  endfacet
  facet normal -0 0 1
    outer loop
      vertex 7 92 64
      vertex 85 88 64
      vertex 85 92 64
    endloop
  endfacet
  facet normal 0 0 1
    outer loop
      vertex 7 92 64
      vertex 7 88 64
      vertex 85 88 64
    endloop
  endfacet
  facet normal 0 0 1
    outer loop
      vertex 7 92 64
      vertex 6.76462 87.9908 64
      vertex 7 88 64
    endloop
  endfacet
  facet normal -0 0 1
    outer loop
      vertex 6.45079 91.9784 64
      vertex 6.76462 87.9908 64
      vertex 7 92 64
    endloop
  endfacet
  facet normal 0 0 1
    outer loop
      vertex 6.76462 87.9908 64
      vertex 6.45079 91.9784 64
      vertex 6.5307 87.9631 64
    endloop
  endfacet
  facet normal -0 0 1
    outer loop
      vertex 5.90496 91.9138 64
      vertex 6.5307 87.9631 64
      vertex 6.45079 91.9784 64
    endloop
  endfacet
  facet normal 0 0 1
    outer loop
      vertex 6.5307 87.9631 64
      vertex 5.90496 91.9138 64
      vertex 6.29966 87.9171 64
    endloop
  endfacet
  facet normal -0 0 1
    outer loop
      vertex 5.36588 91.8066 64
      vertex 6.29966 87.9171 64
      vertex 5.90496 91.9138 64
    endloop
  endfacet
  facet normal 0 0 1
    outer loop
      vertex 6.29966 87.9171 64
      vertex 5.36588 91.8066 64
      vertex 6.07295 87.8532 64
    endloop
  endfacet
  facet normal -0 0 1
    outer loop
      vertex 4.83688 91.6574 64
      vertex 6.07295 87.8532 64
      vertex 5.36588 91.8066 64
    endloop
  endfacet
  facet normal 0 0 1
    outer loop
      vertex 6.07295 87.8532 64
      vertex 4.83688 91.6574 64
      vertex 5.85195 87.7716 64
    endloop
  endfacet
  facet normal -0 0 1
    outer loop
      vertex 4.32122 91.4672 64
      vertex 5.85195 87.7716 64
      vertex 4.83688 91.6574 64
    endloop
  endfacet
  facet normal 0 0 1
    outer loop
      vertex 5.85195 87.7716 64
      vertex 4.32122 91.4672 64
      vertex 5.63803 87.673 64
    endloop
  endfacet
  facet normal -0 0 1
    outer loop
      vertex 3.82207 91.237 64
      vertex 5.63803 87.673 64
      vertex 4.32122 91.4672 64
    endloop
  endfacet
  facet normal 0 0 1
    outer loop
      vertex 5.63803 87.673 64
      vertex 3.82207 91.237 64
      vertex 5.4325 87.5579 64
    endloop
  endfacet
  facet normal -0 0 1
    outer loop
      vertex 3.34251 90.9685 64
      vertex 5.4325 87.5579 64
      vertex 3.82207 91.237 64
    endloop
  endfacet
  facet normal 0 0 1
    outer loop
      vertex 5.4325 87.5579 64
      vertex 3.34251 90.9685 64
      vertex 5.23664 87.427 64
    endloop
  endfacet
  facet normal -0 0 1
    outer loop
      vertex 2.8855 90.6631 64
      vertex 5.23664 87.427 64
      vertex 3.34251 90.9685 64
    endloop
  endfacet
  facet normal 0 0 1
    outer loop
      vertex 5.23664 87.427 64
      vertex 2.8855 90.6631 64
      vertex 5.05166 87.2812 64
    endloop
  endfacet
  facet normal -0 0 1
    outer loop
      vertex 2.45386 90.3228 64
      vertex 5.05166 87.2812 64
      vertex 2.8855 90.6631 64
    endloop
  endfacet
  facet normal 0 0 1
    outer loop
      vertex 5.05166 87.2812 64
      vertex 2.45386 90.3228 64
      vertex 4.87868 87.1213 64
    endloop
  endfacet
  facet normal -0 0 1
    outer loop
      vertex 2.05025 89.9497 64
      vertex 4.87868 87.1213 64
      vertex 2.45386 90.3228 64
    endloop
  endfacet
  facet normal 0 0 1
    outer loop
      vertex 4.87868 87.1213 64
      vertex 2.05025 89.9497 64
      vertex 4.71878 86.9483 64
    endloop
  endfacet
  facet normal -0 0 1
    outer loop
      vertex 1.67716 89.5461 64
      vertex 4.71878 86.9483 64
      vertex 2.05025 89.9497 64
    endloop
  endfacet
  facet normal 0 0 1
    outer loop
      vertex 4.71878 86.9483 64
      vertex 1.67716 89.5461 64
      vertex 4.57295 86.7634 64
    endloop
  endfacet
  facet normal -0 0 1
    outer loop
      vertex 1.33688 89.1145 64
      vertex 4.57295 86.7634 64
      vertex 1.67716 89.5461 64
    endloop
  endfacet
  facet normal 0 0 1
    outer loop
      vertex 4.44208 86.5675 64
      vertex 1.03152 88.6575 64
      vertex 4.32698 86.362 64
    endloop
  endfacet
  facet normal -0 0 1
    outer loop
      vertex 1.03152 88.6575 64
      vertex 4.44208 86.5675 64
      vertex 1.33688 89.1145 64
    endloop
  endfacet
  facet normal 0 0 1
    outer loop
      vertex 4.57295 86.7634 64
      vertex 1.33688 89.1145 64
      vertex 4.44208 86.5675 64
    endloop
  endfacet
  facet normal -0 0 1
    outer loop
      vertex 87.5579 5.4325 64
      vertex 90.9685 3.34251 64
      vertex 87.673 5.63803 64
    endloop
  endfacet
  facet normal 0 0 1
    outer loop
      vertex 90.9685 3.34251 64
      vertex 87.5579 5.4325 64
      vertex 90.6631 2.8855 64
    endloop
  endfacet
  facet normal -0 0 1
    outer loop
      vertex 87.427 5.23664 64
      vertex 90.6631 2.8855 64
      vertex 87.5579 5.4325 64
    endloop
  endfacet
  facet normal 0 0 1
    outer loop
      vertex 90.6631 2.8855 64
      vertex 87.427 5.23664 64
      vertex 90.3228 2.45386 64
    endloop
  endfacet
  facet normal -0 0 1
    outer loop
      vertex 87.2812 5.05166 64
      vertex 90.3228 2.45386 64
      vertex 87.427 5.23664 64
    endloop
  endfacet
  facet normal 0 0 1
    outer loop
      vertex 90.3228 2.45386 64
      vertex 87.2812 5.05166 64
      vertex 89.9497 2.05025 64
    endloop
  endfacet
  facet normal -0 0 1
    outer loop
      vertex 87.1213 4.87868 64
      vertex 89.9497 2.05025 64
      vertex 87.2812 5.05166 64
    endloop
  endfacet
  facet normal 0 0 1
    outer loop
      vertex 89.9497 2.05025 64
      vertex 87.1213 4.87868 64
      vertex 89.5461 1.67716 64
    endloop
  endfacet
  facet normal -0 0 1
    outer loop
      vertex 86.9483 4.71878 64
      vertex 89.5461 1.67716 64
      vertex 87.1213 4.87868 64
    endloop
  endfacet
  facet normal 0 0 1
    outer loop
      vertex 89.5461 1.67716 64
      vertex 86.9483 4.71878 64
      vertex 89.1145 1.33688 64
    endloop
  endfacet
  facet normal -0 0 1
    outer loop
      vertex 86.7634 4.57295 64
      vertex 89.1145 1.33688 64
      vertex 86.9483 4.71878 64
    endloop
  endfacet
  facet normal 0 0 1
    outer loop
      vertex 89.1145 1.33688 64
      vertex 86.7634 4.57295 64
      vertex 88.6575 1.03152 64
    endloop
  endfacet
  facet normal -0 0 1
    outer loop
      vertex 86.5675 4.44208 64
      vertex 88.6575 1.03152 64
      vertex 86.7634 4.57295 64
    endloop
  endfacet
  facet normal 0 0 1
    outer loop
      vertex 88.6575 1.03152 64
      vertex 86.5675 4.44208 64
      vertex 88.1779 0.762954 64
    endloop
  endfacet
  facet normal -0 0 1
    outer loop
      vertex 86.362 4.32698 64
      vertex 88.1779 0.762954 64
      vertex 86.5675 4.44208 64
    endloop
  endfacet
  facet normal 0 0 1
    outer loop
      vertex 88.1779 0.762954 64
      vertex 86.362 4.32698 64
      vertex 87.6788 0.532843 64
    endloop
  endfacet
  facet normal -0 0 1
    outer loop
      vertex 86.148 4.22836 64
      vertex 87.6788 0.532843 64
      vertex 86.362 4.32698 64
    endloop
  endfacet
  facet normal 0 0 1
    outer loop
      vertex 87.6788 0.532843 64
      vertex 86.148 4.22836 64
      vertex 87.1631 0.342604 64
    endloop
  endfacet
  facet normal -0 0 1
    outer loop
      vertex 85.927 4.14683 64
      vertex 87.1631 0.342604 64
      vertex 86.148 4.22836 64
    endloop
  endfacet
  facet normal 0 0 1
    outer loop
      vertex 87.1631 0.342604 64
      vertex 85.927 4.14683 64
      vertex 86.6341 0.19341 64
    endloop
  endfacet
  facet normal -0 0 1
    outer loop
      vertex 85.7003 4.08289 64
      vertex 86.6341 0.19341 64
      vertex 85.927 4.14683 64
    endloop
  endfacet
  facet normal 0 0 1
    outer loop
      vertex 86.6341 0.19341 64
      vertex 85.7003 4.08289 64
      vertex 86.095 0.0861807 64
    endloop
  endfacet
  facet normal -0 0 1
    outer loop
      vertex 85.4693 4.03693 64
      vertex 86.095 0.0861807 64
      vertex 85.7003 4.08289 64
    endloop
  endfacet
  facet normal 0 0 1
    outer loop
      vertex 86.095 0.0861807 64
      vertex 85.4693 4.03693 64
      vertex 85.5492 0.0215778 64
    endloop
  endfacet
  facet normal -0 0 1
    outer loop
      vertex 85.2354 4.00925 64
      vertex 85.5492 0.0215778 64
      vertex 85.4693 4.03693 64
    endloop
  endfacet
  facet normal -0 0 1
    outer loop
      vertex 85 4 64
      vertex 85.5492 0.0215778 64
      vertex 85.2354 4.00925 64
    endloop
  endfacet
  facet normal 0 0 1
    outer loop
      vertex 85 4 64
      vertex 85 0 64
      vertex 85.5492 0.0215778 64
    endloop
  endfacet
  facet normal -0 0 1
    outer loop
      vertex 7 4 64
      vertex 85 0 64
      vertex 85 4 64
    endloop
  endfacet
  facet normal 0 0 1
    outer loop
      vertex 7 4 64
      vertex 7 0 64
      vertex 85 0 64
    endloop
  endfacet
  facet normal 0 0 1
    outer loop
      vertex 6.76462 4.00925 64
      vertex 7 0 64
      vertex 7 4 64
    endloop
  endfacet
  facet normal 0 0 1
    outer loop
      vertex 6.45079 0.0215778 64
      vertex 6.76462 4.00925 64
      vertex 6.5307 4.03693 64
    endloop
  endfacet
  facet normal 0 0 1
    outer loop
      vertex 6.76462 4.00925 64
      vertex 6.45079 0.0215778 64
      vertex 7 0 64
    endloop
  endfacet
  facet normal 0 0 1
    outer loop
      vertex 5.90496 0.0861807 64
      vertex 6.5307 4.03693 64
      vertex 6.29966 4.08289 64
    endloop
  endfacet
  facet normal 0 0 1
    outer loop
      vertex 5.36588 0.19341 64
      vertex 6.29966 4.08289 64
      vertex 6.07295 4.14683 64
    endloop
  endfacet
  facet normal 0 0 1
    outer loop
      vertex 6.5307 4.03693 64
      vertex 5.90496 0.0861807 64
      vertex 6.45079 0.0215778 64
    endloop
  endfacet
  facet normal 0 0 1
    outer loop
      vertex 4.83688 0.342604 64
      vertex 6.07295 4.14683 64
      vertex 5.85195 4.22836 64
    endloop
  endfacet
  facet normal 0 0 1
    outer loop
      vertex 4.32122 0.532843 64
      vertex 5.85195 4.22836 64
      vertex 5.63803 4.32698 64
    endloop
  endfacet
  facet normal 0 0 1
    outer loop
      vertex 3.82207 0.762954 64
      vertex 5.63803 4.32698 64
      vertex 5.4325 4.44208 64
    endloop
  endfacet
  facet normal 0 0 1
    outer loop
      vertex 6.29966 4.08289 64
      vertex 5.36588 0.19341 64
      vertex 5.90496 0.0861807 64
    endloop
  endfacet
  facet normal 0 0 1
    outer loop
      vertex 3.34251 1.03152 64
      vertex 5.4325 4.44208 64
      vertex 5.23664 4.57295 64
    endloop
  endfacet
  facet normal 0 0 1
    outer loop
      vertex 2.8855 1.33688 64
      vertex 5.23664 4.57295 64
      vertex 5.05166 4.71878 64
    endloop
  endfacet
  facet normal 0 0 1
    outer loop
      vertex 2.45386 1.67716 64
      vertex 5.05166 4.71878 64
      vertex 4.87868 4.87868 64
    endloop
  endfacet
  facet normal 0 0 1
    outer loop
      vertex 6.07295 4.14683 64
      vertex 4.83688 0.342604 64
      vertex 5.36588 0.19341 64
    endloop
  endfacet
  facet normal 0 0 1
    outer loop
      vertex 2.05025 2.05025 64
      vertex 4.87868 4.87868 64
      vertex 4.71878 5.05166 64
    endloop
  endfacet
  facet normal 0 0 1
    outer loop
      vertex 1.67716 2.45386 64
      vertex 4.71878 5.05166 64
      vertex 4.57295 5.23664 64
    endloop
  endfacet
  facet normal 0 0 1
    outer loop
      vertex 1.33688 2.8855 64
      vertex 4.57295 5.23664 64
      vertex 4.44208 5.4325 64
    endloop
  endfacet
  facet normal 0 0 1
    outer loop
      vertex 1.03152 3.34251 64
      vertex 4.44208 5.4325 64
      vertex 4.32698 5.63803 64
    endloop
  endfacet
  facet normal 0 0 1
    outer loop
      vertex 5.85195 4.22836 64
      vertex 4.32122 0.532843 64
      vertex 4.83688 0.342604 64
    endloop
  endfacet
  facet normal 0 0 1
    outer loop
      vertex 0.762954 3.82207 64
      vertex 4.32698 5.63803 64
      vertex 4.22836 5.85195 64
    endloop
  endfacet
  facet normal 0 0 1
    outer loop
      vertex 0.532843 4.32122 64
      vertex 4.22836 5.85195 64
      vertex 4.14683 6.07295 64
    endloop
  endfacet
  facet normal 0 0 1
    outer loop
      vertex 0.342604 4.83688 64
      vertex 4.14683 6.07295 64
      vertex 4.08289 6.29966 64
    endloop
  endfacet
  facet normal 0 0 1
    outer loop
      vertex 0.19341 5.36588 64
      vertex 4.08289 6.29966 64
      vertex 4.03693 6.5307 64
    endloop
  endfacet
  facet normal 0 0 1
    outer loop
      vertex 0.0861807 5.90496 64
      vertex 4.03693 6.5307 64
      vertex 4.00925 6.76462 64
    endloop
  endfacet
  facet normal 0 0 1
    outer loop
      vertex 5.63803 4.32698 64
      vertex 3.82207 0.762954 64
      vertex 4.32122 0.532843 64
    endloop
  endfacet
  facet normal 0 0 1
    outer loop
      vertex 0.0215778 6.45079 64
      vertex 4.00925 6.76462 64
      vertex 4 7 64
    endloop
  endfacet
  facet normal 0 0 1
    outer loop
      vertex 4 85 64
      vertex 0 85 64
      vertex 4 7 64
    endloop
  endfacet
  facet normal -0 0 1
    outer loop
      vertex 0.762954 88.1779 64
      vertex 4.32698 86.362 64
      vertex 1.03152 88.6575 64
    endloop
  endfacet
  facet normal 0 0 1
    outer loop
      vertex 0 7 64
      vertex 4 7 64
      vertex 0 85 64
    endloop
  endfacet
  facet normal 0 0 1
    outer loop
      vertex 4.32698 86.362 64
      vertex 0.762954 88.1779 64
      vertex 4.22836 86.148 64
    endloop
  endfacet
  facet normal 0 -0 1
    outer loop
      vertex 0.0215778 6.45079 64
      vertex 4 7 64
      vertex 0 7 64
    endloop
  endfacet
  facet normal -0 0 1
    outer loop
      vertex 0.532843 87.6788 64
      vertex 4.22836 86.148 64
      vertex 0.762954 88.1779 64
    endloop
  endfacet
  facet normal 0 0 1
    outer loop
      vertex 5.4325 4.44208 64
      vertex 3.34251 1.03152 64
      vertex 3.82207 0.762954 64
    endloop
  endfacet
  facet normal 0 0 1
    outer loop
      vertex 4.22836 86.148 64
      vertex 0.532843 87.6788 64
      vertex 4.14683 85.927 64
    endloop
  endfacet
  facet normal 0 0 1
    outer loop
      vertex 5.23664 4.57295 64
      vertex 2.8855 1.33688 64
      vertex 3.34251 1.03152 64
    endloop
  endfacet
  facet normal -0 0 1
    outer loop
      vertex 0.342604 87.1631 64
      vertex 4.14683 85.927 64
      vertex 0.532843 87.6788 64
    endloop
  endfacet
  facet normal 0 0 1
    outer loop
      vertex 5.05166 4.71878 64
      vertex 2.45386 1.67716 64
      vertex 2.8855 1.33688 64
    endloop
  endfacet
  facet normal 0 0 1
    outer loop
      vertex 4.14683 85.927 64
      vertex 0.342604 87.1631 64
      vertex 4.08289 85.7003 64
    endloop
  endfacet
  facet normal 0 0 1
    outer loop
      vertex 4.87868 4.87868 64
      vertex 2.05025 2.05025 64
      vertex 2.45386 1.67716 64
    endloop
  endfacet
  facet normal -0 0 1
    outer loop
      vertex 0.19341 86.6341 64
      vertex 4.08289 85.7003 64
      vertex 0.342604 87.1631 64
    endloop
  endfacet
  facet normal 0 0 1
    outer loop
      vertex 4.71878 5.05166 64
      vertex 1.67716 2.45386 64
      vertex 2.05025 2.05025 64
    endloop
  endfacet
  facet normal 0 0 1
    outer loop
      vertex 4.08289 85.7003 64
      vertex 0.19341 86.6341 64
      vertex 4.03693 85.4693 64
    endloop
  endfacet
  facet normal 0 0 1
    outer loop
      vertex 4.57295 5.23664 64
      vertex 1.33688 2.8855 64
      vertex 1.67716 2.45386 64
    endloop
  endfacet
  facet normal -0 0 1
    outer loop
      vertex 0.0861807 86.095 64
      vertex 4.03693 85.4693 64
      vertex 0.19341 86.6341 64
    endloop
  endfacet
  facet normal 0 0 1
    outer loop
      vertex 4.44208 5.4325 64
      vertex 1.03152 3.34251 64
      vertex 1.33688 2.8855 64
    endloop
  endfacet
  facet normal 0 0 1
    outer loop
      vertex 4.03693 85.4693 64
      vertex 0.0861807 86.095 64
      vertex 4.00925 85.2354 64
    endloop
  endfacet
  facet normal 0 0 1
    outer loop
      vertex 4.32698 5.63803 64
      vertex 0.762954 3.82207 64
      vertex 1.03152 3.34251 64
    endloop
  endfacet
  facet normal -0 0 1
    outer loop
      vertex 0.0215778 85.5492 64
      vertex 4.00925 85.2354 64
      vertex 0.0861807 86.095 64
    endloop
  endfacet
  facet normal 0 0 1
    outer loop
      vertex 4.22836 5.85195 64
      vertex 0.532843 4.32122 64
      vertex 0.762954 3.82207 64
    endloop
  endfacet
  facet normal 0 0 1
    outer loop
      vertex 4.00925 85.2354 64
      vertex 0.0215778 85.5492 64
      vertex 4 85 64
    endloop
  endfacet
  facet normal 0 0 1
    outer loop
      vertex 4.14683 6.07295 64
      vertex 0.342604 4.83688 64
      vertex 0.532843 4.32122 64
    endloop
  endfacet
  facet normal 0 0 1
    outer loop
      vertex 4 85 64
      vertex 0.0215778 85.5492 64
      vertex 0 85 64
    endloop
  endfacet
  facet normal 0 0 1
    outer loop
      vertex 4.08289 6.29966 64
      vertex 0.19341 5.36588 64
      vertex 0.342604 4.83688 64
    endloop
  endfacet
  facet normal 0 0 1
    outer loop
      vertex 4.03693 6.5307 64
      vertex 0.0861807 5.90496 64
      vertex 0.19341 5.36588 64
    endloop
  endfacet
  facet normal 0 0 1
    outer loop
      vertex 4.00925 6.76462 64
      vertex 0.0215778 6.45079 64
      vertex 0.0861807 5.90496 64
    endloop
  endfacet
  facet normal 1 -0 0
    outer loop
      vertex 92 7 64
      vertex 92 85 0
      vertex 92 85 64
    endloop
  endfacet
  facet normal 1 0 0
    outer loop
      vertex 92 85 0
      vertex 92 7 64
      vertex 92 7 0
    endloop
  endfacet
  facet normal -1 0 0
    outer loop
      vertex 0 7 0
      vertex 0 85 64
      vertex 0 85 0
    endloop
  endfacet
  facet normal -1 -0 0
    outer loop
      vertex 0 85 64
      vertex 0 7 0
      vertex 0 7 64
    endloop
  endfacet
  facet normal 0 0 -1
    outer loop
      vertex 29.1143 74.7706 0
      vertex 25.4954 76.8823 0
      vertex 25.5 77 0
    endloop
  endfacet
  facet normal 0 0 -1
    outer loop
      vertex 27.6152 73.3848 0
      vertex 25.4815 76.7654 0
      vertex 25.4954 76.8823 0
    endloop
  endfacet
  facet normal 0 0 -1
    outer loop
      vertex 27.6152 73.3848 0
      vertex 25.4586 76.6498 0
      vertex 25.4815 76.7654 0
    endloop
  endfacet
  facet normal 0 0 -1
    outer loop
      vertex 27.6152 73.3848 0
      vertex 25.4266 76.5365 0
      vertex 25.4586 76.6498 0
    endloop
  endfacet
  facet normal 0 0 -1
    outer loop
      vertex 27.6152 73.3848 0
      vertex 25.3858 76.426 0
      vertex 25.4266 76.5365 0
    endloop
  endfacet
  facet normal 0 0 -1
    outer loop
      vertex 27.6152 73.3848 0
      vertex 25.3365 76.319 0
      vertex 25.3858 76.426 0
    endloop
  endfacet
  facet normal 0 0 -1
    outer loop
      vertex 27.6152 73.3848 0
      vertex 25.279 76.2162 0
      vertex 25.3365 76.319 0
    endloop
  endfacet
  facet normal 0 0 -1
    outer loop
      vertex 27.6152 73.3848 0
      vertex 25.2135 76.1183 0
      vertex 25.279 76.2162 0
    endloop
  endfacet
  facet normal 0 0 -1
    outer loop
      vertex 27.6152 73.3848 0
      vertex 25.1406 76.0258 0
      vertex 25.2135 76.1183 0
    endloop
  endfacet
  facet normal 0 0 -1
    outer loop
      vertex 27.6152 73.3848 0
      vertex 25.0607 75.9393 0
      vertex 25.1406 76.0258 0
    endloop
  endfacet
  facet normal 0 0 -1
    outer loop
      vertex 27.6152 73.3848 0
      vertex 24.9742 75.8594 0
      vertex 25.0607 75.9393 0
    endloop
  endfacet
  facet normal 0 0 -1
    outer loop
      vertex 23.8823 75.5046 0
      vertex 26.2294 71.8857 0
      vertex 24.9656 70.2824 0
    endloop
  endfacet
  facet normal 0 0 -1
    outer loop
      vertex 27.6152 73.3848 0
      vertex 24.8817 75.7865 0
      vertex 24.9742 75.8594 0
    endloop
  endfacet
  facet normal 0 0 -1
    outer loop
      vertex 27.6152 73.3848 0
      vertex 24.7837 75.721 0
      vertex 24.8817 75.7865 0
    endloop
  endfacet
  facet normal 0 0 -1
    outer loop
      vertex 27.6152 73.3848 0
      vertex 24.681 75.6635 0
      vertex 24.7837 75.721 0
    endloop
  endfacet
  facet normal 0 0 -1
    outer loop
      vertex 26.2294 71.8857 0
      vertex 24.574 75.6142 0
      vertex 24.681 75.6635 0
    endloop
  endfacet
  facet normal 0 0 -1
    outer loop
      vertex 26.2294 71.8857 0
      vertex 24.4635 75.5734 0
      vertex 24.574 75.6142 0
    endloop
  endfacet
  facet normal 0 0 -1
    outer loop
      vertex 26.2294 71.8857 0
      vertex 24.3502 75.5414 0
      vertex 24.4635 75.5734 0
    endloop
  endfacet
  facet normal 0 0 -1
    outer loop
      vertex 26.2294 71.8857 0
      vertex 24.2347 75.5185 0
      vertex 24.3502 75.5414 0
    endloop
  endfacet
  facet normal 0 0 -1
    outer loop
      vertex 26.2294 71.8857 0
      vertex 24.1177 75.5046 0
      vertex 24.2347 75.5185 0
    endloop
  endfacet
  facet normal 0 0 -1
    outer loop
      vertex 26.2294 71.8857 0
      vertex 24 75.5 0
      vertex 24.1177 75.5046 0
    endloop
  endfacet
  facet normal 0 0 -1
    outer loop
      vertex 26.2294 71.8857 0
      vertex 23.8823 75.5046 0
      vertex 24 75.5 0
    endloop
  endfacet
  facet normal 0 0 -1
    outer loop
      vertex 23.2163 75.721 0
      vertex 24.9656 70.2824 0
      vertex 23.8314 68.585 0
    endloop
  endfacet
  facet normal 0 0 -1
    outer loop
      vertex 24.9656 70.2824 0
      vertex 23.7653 75.5185 0
      vertex 23.8823 75.5046 0
    endloop
  endfacet
  facet normal 0 0 -1
    outer loop
      vertex 24.9656 70.2824 0
      vertex 23.6498 75.5414 0
      vertex 23.7653 75.5185 0
    endloop
  endfacet
  facet normal 0 0 -1
    outer loop
      vertex 24.9656 70.2824 0
      vertex 23.5365 75.5734 0
      vertex 23.6498 75.5414 0
    endloop
  endfacet
  facet normal 0 0 -1
    outer loop
      vertex 24.9656 70.2824 0
      vertex 23.426 75.6142 0
      vertex 23.5365 75.5734 0
    endloop
  endfacet
  facet normal 0 0 -1
    outer loop
      vertex 24.9656 70.2824 0
      vertex 23.319 75.6635 0
      vertex 23.426 75.6142 0
    endloop
  endfacet
  facet normal 0 0 -1
    outer loop
      vertex 24.9656 70.2824 0
      vertex 23.2163 75.721 0
      vertex 23.319 75.6635 0
    endloop
  endfacet
  facet normal 0 0 -1
    outer loop
      vertex 23.8314 68.585 0
      vertex 23.1183 75.7865 0
      vertex 23.2163 75.721 0
    endloop
  endfacet
  facet normal 0 0 -1
    outer loop
      vertex 23.8314 68.585 0
      vertex 23.0258 75.8594 0
      vertex 23.1183 75.7865 0
    endloop
  endfacet
  facet normal 0 0 -1
    outer loop
      vertex 23.8314 68.585 0
      vertex 22.9393 75.9393 0
      vertex 23.0258 75.8594 0
    endloop
  endfacet
  facet normal 0 0 -1
    outer loop
      vertex 23.8314 68.585 0
      vertex 22.8594 76.0258 0
      vertex 22.9393 75.9393 0
    endloop
  endfacet
  facet normal 0 0 -1
    outer loop
      vertex 22.7865 76.1183 0
      vertex 23.8314 68.585 0
      vertex 22.8338 66.8038 0
    endloop
  endfacet
  facet normal 0 0 -1
    outer loop
      vertex 23.8314 68.585 0
      vertex 22.7865 76.1183 0
      vertex 22.8594 76.0258 0
    endloop
  endfacet
  facet normal 0 0 -1
    outer loop
      vertex 22.8338 66.8038 0
      vertex 22.721 76.2162 0
      vertex 22.7865 76.1183 0
    endloop
  endfacet
  facet normal 0 0 -1
    outer loop
      vertex 22.8338 66.8038 0
      vertex 22.6635 76.319 0
      vertex 22.721 76.2162 0
    endloop
  endfacet
  facet normal 0 0 -1
    outer loop
      vertex 22.8338 66.8038 0
      vertex 22.6142 76.426 0
      vertex 22.6635 76.319 0
    endloop
  endfacet
  facet normal 0 0 -1
    outer loop
      vertex 21.9791 64.9498 0
      vertex 22.6142 76.426 0
      vertex 22.8338 66.8038 0
    endloop
  endfacet
  facet normal -0 0 -1
    outer loop
      vertex 22.6142 76.426 0
      vertex 21.9791 64.9498 0
      vertex 22.5734 76.5365 0
    endloop
  endfacet
  facet normal 0 0 -1
    outer loop
      vertex 0 85 0
      vertex 22.5734 76.5365 0
      vertex 21.9791 64.9498 0
    endloop
  endfacet
  facet normal 0 0 -1
    outer loop
      vertex 22.5734 76.5365 0
      vertex 0 85 0
      vertex 22.5414 76.6498 0
    endloop
  endfacet
  facet normal 0 0 -1
    outer loop
      vertex 22.5414 76.6498 0
      vertex 0 85 0
      vertex 22.5185 76.7654 0
    endloop
  endfacet
  facet normal 0 0 -1
    outer loop
      vertex 22.5185 76.7654 0
      vertex 0 85 0
      vertex 22.5046 76.8823 0
    endloop
  endfacet
  facet normal 0 0 -1
    outer loop
      vertex 57.8038 31.8338 0
      vertex 51.348 19.2839 0
      vertex 55.9498 30.9791 0
    endloop
  endfacet
  facet normal 0 0 -1
    outer loop
      vertex 51.2308 19.6996 0
      vertex 55.9498 30.9791 0
      vertex 51.348 19.2839 0
    endloop
  endfacet
  facet normal 0 0 -1
    outer loop
      vertex 51.0813 20.1048 0
      vertex 55.9498 30.9791 0
      vertex 51.2308 19.6996 0
    endloop
  endfacet
  facet normal 0 0 -1
    outer loop
      vertex 50.9005 20.4969 0
      vertex 55.9498 30.9791 0
      vertex 51.0813 20.1048 0
    endloop
  endfacet
  facet normal 0 0 -1
    outer loop
      vertex 55.9498 30.9791 0
      vertex 50.9005 20.4969 0
      vertex 54.0344 30.2725 0
    endloop
  endfacet
  facet normal 0 0 -1
    outer loop
      vertex 50.6895 20.8737 0
      vertex 54.0344 30.2725 0
      vertex 50.9005 20.4969 0
    endloop
  endfacet
  facet normal 0 0 -1
    outer loop
      vertex 50.4496 21.2328 0
      vertex 54.0344 30.2725 0
      vertex 50.6895 20.8737 0
    endloop
  endfacet
  facet normal 0 0 -1
    outer loop
      vertex 50.1822 21.572 0
      vertex 54.0344 30.2725 0
      vertex 50.4496 21.2328 0
    endloop
  endfacet
  facet normal 0 0 -1
    outer loop
      vertex 54.0344 30.2725 0
      vertex 50.1822 21.572 0
      vertex 52.0696 29.7184 0
    endloop
  endfacet
  facet normal 0 0 -1
    outer loop
      vertex 49.8891 21.8891 0
      vertex 52.0696 29.7184 0
      vertex 50.1822 21.572 0
    endloop
  endfacet
  facet normal 0 0 -1
    outer loop
      vertex 49.572 22.1822 0
      vertex 52.0696 29.7184 0
      vertex 49.8891 21.8891 0
    endloop
  endfacet
  facet normal 0 0 -1
    outer loop
      vertex 49.2328 22.4496 0
      vertex 52.0696 29.7184 0
      vertex 49.572 22.1822 0
    endloop
  endfacet
  facet normal 0 0 -1
    outer loop
      vertex 52.0696 29.7184 0
      vertex 49.2328 22.4496 0
      vertex 50.0673 29.3201 0
    endloop
  endfacet
  facet normal 0 0 -1
    outer loop
      vertex 48.8737 22.6895 0
      vertex 50.0673 29.3201 0
      vertex 49.2328 22.4496 0
    endloop
  endfacet
  facet normal 0 0 -1
    outer loop
      vertex 48.4969 22.9005 0
      vertex 50.0673 29.3201 0
      vertex 48.8737 22.6895 0
    endloop
  endfacet
  facet normal 0 0 -1
    outer loop
      vertex 48.1048 23.0813 0
      vertex 50.0673 29.3201 0
      vertex 48.4969 22.9005 0
    endloop
  endfacet
  facet normal 0 0 -1
    outer loop
      vertex 48.1048 23.0813 0
      vertex 48.0399 29.0801 0
      vertex 50.0673 29.3201 0
    endloop
  endfacet
  facet normal 0 0 -1
    outer loop
      vertex 47.6996 23.2308 0
      vertex 48.0399 29.0801 0
      vertex 48.1048 23.0813 0
    endloop
  endfacet
  facet normal 0 0 -1
    outer loop
      vertex 47.284 23.348 0
      vertex 48.0399 29.0801 0
      vertex 47.6996 23.2308 0
    endloop
  endfacet
  facet normal 0 0 -1
    outer loop
      vertex 46.8604 23.4323 0
      vertex 48.0399 29.0801 0
      vertex 47.284 23.348 0
    endloop
  endfacet
  facet normal 0 0 -1
    outer loop
      vertex 46 29 0
      vertex 46.8604 23.4323 0
      vertex 46.4315 23.483 0
    endloop
  endfacet
  facet normal 0 0 -1
    outer loop
      vertex 46 29 0
      vertex 46.4315 23.483 0
      vertex 46 23.5 0
    endloop
  endfacet
  facet normal 0 0 -1
    outer loop
      vertex 46.8604 23.4323 0
      vertex 46 29 0
      vertex 48.0399 29.0801 0
    endloop
  endfacet
  facet normal 0 0 -1
    outer loop
      vertex 45.5685 23.483 0
      vertex 46 29 0
      vertex 46 23.5 0
    endloop
  endfacet
  facet normal 0 0 -1
    outer loop
      vertex 45.1396 23.4323 0
      vertex 46 29 0
      vertex 45.5685 23.483 0
    endloop
  endfacet
  facet normal 0 0 -1
    outer loop
      vertex 43.9601 29.0801 0
      vertex 45.1396 23.4323 0
      vertex 44.716 23.348 0
    endloop
  endfacet
  facet normal 0 0 -1
    outer loop
      vertex 43.9601 29.0801 0
      vertex 44.716 23.348 0
      vertex 44.3004 23.2308 0
    endloop
  endfacet
  facet normal 0 0 -1
    outer loop
      vertex 45.1396 23.4323 0
      vertex 43.9601 29.0801 0
      vertex 46 29 0
    endloop
  endfacet
  facet normal 0 0 -1
    outer loop
      vertex 43.8952 23.0813 0
      vertex 43.9601 29.0801 0
      vertex 44.3004 23.2308 0
    endloop
  endfacet
  facet normal 0 0 -1
    outer loop
      vertex 41.9327 29.3201 0
      vertex 43.8952 23.0813 0
      vertex 43.5031 22.9005 0
    endloop
  endfacet
  facet normal 0 0 -1
    outer loop
      vertex 41.9327 29.3201 0
      vertex 43.5031 22.9005 0
      vertex 43.1263 22.6895 0
    endloop
  endfacet
  facet normal 0 0 -1
    outer loop
      vertex 41.9327 29.3201 0
      vertex 43.1263 22.6895 0
      vertex 42.7672 22.4496 0
    endloop
  endfacet
  facet normal 0 0 -1
    outer loop
      vertex 39.9304 29.7184 0
      vertex 42.7672 22.4496 0
      vertex 42.428 22.1822 0
    endloop
  endfacet
  facet normal 0 0 -1
    outer loop
      vertex 39.9304 29.7184 0
      vertex 42.428 22.1822 0
      vertex 42.1109 21.8891 0
    endloop
  endfacet
  facet normal 0 0 -1
    outer loop
      vertex 43.8952 23.0813 0
      vertex 41.9327 29.3201 0
      vertex 43.9601 29.0801 0
    endloop
  endfacet
  facet normal 0 0 -1
    outer loop
      vertex 39.9304 29.7184 0
      vertex 42.1109 21.8891 0
      vertex 41.8178 21.572 0
    endloop
  endfacet
  facet normal 0 0 -1
    outer loop
      vertex 37.9656 30.2725 0
      vertex 41.8178 21.572 0
      vertex 41.5504 21.2328 0
    endloop
  endfacet
  facet normal 0 0 -1
    outer loop
      vertex 37.9656 30.2725 0
      vertex 41.5504 21.2328 0
      vertex 41.3105 20.8737 0
    endloop
  endfacet
  facet normal 0 0 -1
    outer loop
      vertex 37.9656 30.2725 0
      vertex 41.3105 20.8737 0
      vertex 41.0995 20.4969 0
    endloop
  endfacet
  facet normal 0 0 -1
    outer loop
      vertex 36.0502 30.9791 0
      vertex 41.0995 20.4969 0
      vertex 40.9187 20.1048 0
    endloop
  endfacet
  facet normal 0 0 -1
    outer loop
      vertex 36.0502 30.9791 0
      vertex 40.9187 20.1048 0
      vertex 40.7692 19.6996 0
    endloop
  endfacet
  facet normal 0 0 -1
    outer loop
      vertex 36.0502 30.9791 0
      vertex 40.7692 19.6996 0
      vertex 40.652 19.2839 0
    endloop
  endfacet
  facet normal 0 0 -1
    outer loop
      vertex 24.681 31.6635 0
      vertex 40.652 19.2839 0
      vertex 40.5677 18.8604 0
    endloop
  endfacet
  facet normal 0 0 -1
    outer loop
      vertex 42.7672 22.4496 0
      vertex 39.9304 29.7184 0
      vertex 41.9327 29.3201 0
    endloop
  endfacet
  facet normal 0 0 -1
    outer loop
      vertex 24.4635 31.5734 0
      vertex 40.5677 18.8604 0
      vertex 40.517 18.4315 0
    endloop
  endfacet
  facet normal 0 0 -1
    outer loop
      vertex 24.3502 31.5414 0
      vertex 40.517 18.4315 0
      vertex 40.5 18 0
    endloop
  endfacet
  facet normal 0 0 -1
    outer loop
      vertex 25.4586 33.3502 0
      vertex 29.1143 35.2294 0
      vertex 25.4815 33.2346 0
    endloop
  endfacet
  facet normal 0 0 -1
    outer loop
      vertex 25.4266 33.4635 0
      vertex 29.1143 35.2294 0
      vertex 25.4586 33.3502 0
    endloop
  endfacet
  facet normal 0 0 -1
    outer loop
      vertex 25.3858 33.574 0
      vertex 29.1143 35.2294 0
      vertex 25.4266 33.4635 0
    endloop
  endfacet
  facet normal 0 0 -1
    outer loop
      vertex 25.3365 33.681 0
      vertex 29.1143 35.2294 0
      vertex 25.3858 33.574 0
    endloop
  endfacet
  facet normal -0 0 -1
    outer loop
      vertex 29.1143 35.2294 0
      vertex 25.3365 33.681 0
      vertex 27.6152 36.6152 0
    endloop
  endfacet
  facet normal 0 0 -1
    outer loop
      vertex 25.279 33.7837 0
      vertex 27.6152 36.6152 0
      vertex 25.3365 33.681 0
    endloop
  endfacet
  facet normal 0 0 -1
    outer loop
      vertex 25.2135 33.8817 0
      vertex 27.6152 36.6152 0
      vertex 25.279 33.7837 0
    endloop
  endfacet
  facet normal 0 0 -1
    outer loop
      vertex 25.1406 33.9742 0
      vertex 27.6152 36.6152 0
      vertex 25.2135 33.8817 0
    endloop
  endfacet
  facet normal 0 0 -1
    outer loop
      vertex 25.0607 34.0607 0
      vertex 27.6152 36.6152 0
      vertex 25.1406 33.9742 0
    endloop
  endfacet
  facet normal 0 0 -1
    outer loop
      vertex 24.9742 34.1406 0
      vertex 27.6152 36.6152 0
      vertex 25.0607 34.0607 0
    endloop
  endfacet
  facet normal 0 0 -1
    outer loop
      vertex 24.8817 34.2135 0
      vertex 27.6152 36.6152 0
      vertex 24.9742 34.1406 0
    endloop
  endfacet
  facet normal 0 0 -1
    outer loop
      vertex 24.7837 34.279 0
      vertex 27.6152 36.6152 0
      vertex 24.8817 34.2135 0
    endloop
  endfacet
  facet normal 0 0 -1
    outer loop
      vertex 24.681 34.3365 0
      vertex 27.6152 36.6152 0
      vertex 24.7837 34.279 0
    endloop
  endfacet
  facet normal -0 0 -1
    outer loop
      vertex 27.6152 36.6152 0
      vertex 24.681 34.3365 0
      vertex 26.2294 38.1143 0
    endloop
  endfacet
  facet normal 0 0 -1
    outer loop
      vertex 24.574 34.3858 0
      vertex 26.2294 38.1143 0
      vertex 24.681 34.3365 0
    endloop
  endfacet
  facet normal 0 0 -1
    outer loop
      vertex 24.4635 34.4266 0
      vertex 26.2294 38.1143 0
      vertex 24.574 34.3858 0
    endloop
  endfacet
  facet normal 0 0 -1
    outer loop
      vertex 24.3502 34.4586 0
      vertex 26.2294 38.1143 0
      vertex 24.4635 34.4266 0
    endloop
  endfacet
  facet normal 0 0 -1
    outer loop
      vertex 24.2347 34.4815 0
      vertex 26.2294 38.1143 0
      vertex 24.3502 34.4586 0
    endloop
  endfacet
  facet normal 0 0 -1
    outer loop
      vertex 24.1177 34.4954 0
      vertex 26.2294 38.1143 0
      vertex 24.2347 34.4815 0
    endloop
  endfacet
  facet normal 0 0 -1
    outer loop
      vertex 24 34.5 0
      vertex 26.2294 38.1143 0
      vertex 24.1177 34.4954 0
    endloop
  endfacet
  facet normal 0 0 -1
    outer loop
      vertex 23.8823 34.4954 0
      vertex 26.2294 38.1143 0
      vertex 24 34.5 0
    endloop
  endfacet
  facet normal -0 0 -1
    outer loop
      vertex 26.2294 38.1143 0
      vertex 23.8823 34.4954 0
      vertex 24.9656 39.7176 0
    endloop
  endfacet
  facet normal 0 0 -1
    outer loop
      vertex 23.7653 34.4815 0
      vertex 24.9656 39.7176 0
      vertex 23.8823 34.4954 0
    endloop
  endfacet
  facet normal 0 0 -1
    outer loop
      vertex 23.6498 34.4586 0
      vertex 24.9656 39.7176 0
      vertex 23.7653 34.4815 0
    endloop
  endfacet
  facet normal 0 0 -1
    outer loop
      vertex 23.5365 34.4266 0
      vertex 24.9656 39.7176 0
      vertex 23.6498 34.4586 0
    endloop
  endfacet
  facet normal 0 0 -1
    outer loop
      vertex 23.426 34.3858 0
      vertex 24.9656 39.7176 0
      vertex 23.5365 34.4266 0
    endloop
  endfacet
  facet normal 0 0 -1
    outer loop
      vertex 23.319 34.3365 0
      vertex 24.9656 39.7176 0
      vertex 23.426 34.3858 0
    endloop
  endfacet
  facet normal 0 0 -1
    outer loop
      vertex 23.2163 34.279 0
      vertex 24.9656 39.7176 0
      vertex 23.319 34.3365 0
    endloop
  endfacet
  facet normal -0 0 -1
    outer loop
      vertex 24.9656 39.7176 0
      vertex 23.2163 34.279 0
      vertex 23.8314 41.415 0
    endloop
  endfacet
  facet normal 0 0 -1
    outer loop
      vertex 23.1183 34.2135 0
      vertex 23.8314 41.415 0
      vertex 23.2163 34.279 0
    endloop
  endfacet
  facet normal 0 0 -1
    outer loop
      vertex 23.0258 34.1406 0
      vertex 23.8314 41.415 0
      vertex 23.1183 34.2135 0
    endloop
  endfacet
  facet normal 0 0 -1
    outer loop
      vertex 22.9393 34.0607 0
      vertex 23.8314 41.415 0
      vertex 23.0258 34.1406 0
    endloop
  endfacet
  facet normal 0 0 -1
    outer loop
      vertex 22.8594 33.9742 0
      vertex 23.8314 41.415 0
      vertex 22.9393 34.0607 0
    endloop
  endfacet
  facet normal 0 0 -1
    outer loop
      vertex 22.7865 33.8817 0
      vertex 23.8314 41.415 0
      vertex 22.8594 33.9742 0
    endloop
  endfacet
  facet normal -0 0 -1
    outer loop
      vertex 23.8314 41.415 0
      vertex 22.7865 33.8817 0
      vertex 22.8338 43.1962 0
    endloop
  endfacet
  facet normal 0 0 -1
    outer loop
      vertex 22.721 33.7837 0
      vertex 22.8338 43.1962 0
      vertex 22.7865 33.8817 0
    endloop
  endfacet
  facet normal 0 0 -1
    outer loop
      vertex 22.6635 33.681 0
      vertex 22.8338 43.1962 0
      vertex 22.721 33.7837 0
    endloop
  endfacet
  facet normal 0 0 -1
    outer loop
      vertex 22.6142 33.574 0
      vertex 22.8338 43.1962 0
      vertex 22.6635 33.681 0
    endloop
  endfacet
  facet normal 0 0 -1
    outer loop
      vertex 21.9791 45.0502 0
      vertex 22.6142 33.574 0
      vertex 22.5734 33.4635 0
    endloop
  endfacet
  facet normal 0 0 -1
    outer loop
      vertex 21.9791 45.0502 0
      vertex 22.5734 33.4635 0
      vertex 22.5414 33.3502 0
    endloop
  endfacet
  facet normal 0 0 -1
    outer loop
      vertex 21.2725 46.9656 0
      vertex 22.5414 33.3502 0
      vertex 22.5185 33.2346 0
    endloop
  endfacet
  facet normal 0 0 -1
    outer loop
      vertex 0 7 0
      vertex 22.5185 33.2346 0
      vertex 22.5046 33.1177 0
    endloop
  endfacet
  facet normal 0 0 -1
    outer loop
      vertex 0 7 0
      vertex 22.5046 33.1177 0
      vertex 22.5 33 0
    endloop
  endfacet
  facet normal 0 0 -1
    outer loop
      vertex 22.6142 33.574 0
      vertex 21.9791 45.0502 0
      vertex 22.8338 43.1962 0
    endloop
  endfacet
  facet normal 0 0 -1
    outer loop
      vertex 92 85 0
      vertex 69.4954 76.8823 0
      vertex 69.5 77 0
    endloop
  endfacet
  facet normal 0 0 -1
    outer loop
      vertex 92 85 0
      vertex 69.4815 76.7654 0
      vertex 69.4954 76.8823 0
    endloop
  endfacet
  facet normal 0 0 -1
    outer loop
      vertex 92 85 0
      vertex 69.4586 76.6498 0
      vertex 69.4815 76.7654 0
    endloop
  endfacet
  facet normal 0 0 -1
    outer loop
      vertex 92 85 0
      vertex 69.4266 76.5365 0
      vertex 69.4586 76.6498 0
    endloop
  endfacet
  facet normal 0 0 -1
    outer loop
      vertex 70.0209 64.9498 0
      vertex 69.3858 76.426 0
      vertex 69.4266 76.5365 0
    endloop
  endfacet
  facet normal 0 0 -1
    outer loop
      vertex 69.1662 66.8038 0
      vertex 69.3858 76.426 0
      vertex 70.0209 64.9498 0
    endloop
  endfacet
  facet normal 0 0 -1
    outer loop
      vertex 69.3858 76.426 0
      vertex 69.1662 66.8038 0
      vertex 69.3365 76.319 0
    endloop
  endfacet
  facet normal 0 0 -1
    outer loop
      vertex 69.3365 76.319 0
      vertex 69.1662 66.8038 0
      vertex 69.279 76.2162 0
    endloop
  endfacet
  facet normal 0 0 -1
    outer loop
      vertex 69.279 76.2162 0
      vertex 69.1662 66.8038 0
      vertex 69.2135 76.1183 0
    endloop
  endfacet
  facet normal 0 0 -1
    outer loop
      vertex 68.1686 68.585 0
      vertex 69.2135 76.1183 0
      vertex 69.1662 66.8038 0
    endloop
  endfacet
  facet normal 0 0 -1
    outer loop
      vertex 69.2135 76.1183 0
      vertex 68.1686 68.585 0
      vertex 69.1406 76.0258 0
    endloop
  endfacet
  facet normal 0 0 -1
    outer loop
      vertex 69.1406 76.0258 0
      vertex 68.1686 68.585 0
      vertex 69.0607 75.9393 0
    endloop
  endfacet
  facet normal 0 0 -1
    outer loop
      vertex 69.0607 75.9393 0
      vertex 68.1686 68.585 0
      vertex 68.9742 75.8594 0
    endloop
  endfacet
  facet normal 0 0 -1
    outer loop
      vertex 68.9742 75.8594 0
      vertex 68.1686 68.585 0
      vertex 68.8817 75.7865 0
    endloop
  endfacet
  facet normal 0 0 -1
    outer loop
      vertex 68.8817 75.7865 0
      vertex 68.1686 68.585 0
      vertex 68.7837 75.721 0
    endloop
  endfacet
  facet normal 0 0 -1
    outer loop
      vertex 67.0344 70.2824 0
      vertex 68.7837 75.721 0
      vertex 68.1686 68.585 0
    endloop
  endfacet
  facet normal 0 0 -1
    outer loop
      vertex 68.7837 75.721 0
      vertex 67.0344 70.2824 0
      vertex 68.681 75.6635 0
    endloop
  endfacet
  facet normal 0 0 -1
    outer loop
      vertex 68.681 75.6635 0
      vertex 67.0344 70.2824 0
      vertex 68.574 75.6142 0
    endloop
  endfacet
  facet normal 0 0 -1
    outer loop
      vertex 68.574 75.6142 0
      vertex 67.0344 70.2824 0
      vertex 68.4635 75.5734 0
    endloop
  endfacet
  facet normal 0 0 -1
    outer loop
      vertex 68.4635 75.5734 0
      vertex 67.0344 70.2824 0
      vertex 68.3502 75.5414 0
    endloop
  endfacet
  facet normal 0 0 -1
    outer loop
      vertex 68.3502 75.5414 0
      vertex 67.0344 70.2824 0
      vertex 68.2346 75.5185 0
    endloop
  endfacet
  facet normal 0 0 -1
    outer loop
      vertex 68.2346 75.5185 0
      vertex 67.0344 70.2824 0
      vertex 68.1177 75.5046 0
    endloop
  endfacet
  facet normal 0 0 -1
    outer loop
      vertex 65.7706 71.8857 0
      vertex 68.1177 75.5046 0
      vertex 67.0344 70.2824 0
    endloop
  endfacet
  facet normal 0 0 -1
    outer loop
      vertex 68.1177 75.5046 0
      vertex 65.7706 71.8857 0
      vertex 68 75.5 0
    endloop
  endfacet
  facet normal -0 0 -1
    outer loop
      vertex 68 75.5 0
      vertex 65.7706 71.8857 0
      vertex 67.8823 75.5046 0
    endloop
  endfacet
  facet normal -0 0 -1
    outer loop
      vertex 67.8823 75.5046 0
      vertex 65.7706 71.8857 0
      vertex 67.7654 75.5185 0
    endloop
  endfacet
  facet normal -0 0 -1
    outer loop
      vertex 67.7654 75.5185 0
      vertex 65.7706 71.8857 0
      vertex 67.6498 75.5414 0
    endloop
  endfacet
  facet normal -0 0 -1
    outer loop
      vertex 67.6498 75.5414 0
      vertex 65.7706 71.8857 0
      vertex 67.5365 75.5734 0
    endloop
  endfacet
  facet normal -0 0 -1
    outer loop
      vertex 67.5365 75.5734 0
      vertex 65.7706 71.8857 0
      vertex 67.426 75.6142 0
    endloop
  endfacet
  facet normal -0 0 -1
    outer loop
      vertex 67.426 75.6142 0
      vertex 65.7706 71.8857 0
      vertex 67.319 75.6635 0
    endloop
  endfacet
  facet normal 0 0 -1
    outer loop
      vertex 64.3848 73.3848 0
      vertex 67.319 75.6635 0
      vertex 65.7706 71.8857 0
    endloop
  endfacet
  facet normal -0 0 -1
    outer loop
      vertex 67.319 75.6635 0
      vertex 64.3848 73.3848 0
      vertex 67.2162 75.721 0
    endloop
  endfacet
  facet normal -0 0 -1
    outer loop
      vertex 67.2162 75.721 0
      vertex 64.3848 73.3848 0
      vertex 67.1183 75.7865 0
    endloop
  endfacet
  facet normal -0 0 -1
    outer loop
      vertex 67.1183 75.7865 0
      vertex 64.3848 73.3848 0
      vertex 67.0258 75.8594 0
    endloop
  endfacet
  facet normal -0 0 -1
    outer loop
      vertex 67.0258 75.8594 0
      vertex 64.3848 73.3848 0
      vertex 66.9393 75.9393 0
    endloop
  endfacet
  facet normal -0 0 -1
    outer loop
      vertex 66.9393 75.9393 0
      vertex 64.3848 73.3848 0
      vertex 66.8594 76.0258 0
    endloop
  endfacet
  facet normal -0 0 -1
    outer loop
      vertex 66.8594 76.0258 0
      vertex 64.3848 73.3848 0
      vertex 66.7865 76.1183 0
    endloop
  endfacet
  facet normal -0 0 -1
    outer loop
      vertex 66.7865 76.1183 0
      vertex 64.3848 73.3848 0
      vertex 66.721 76.2162 0
    endloop
  endfacet
  facet normal -0 0 -1
    outer loop
      vertex 66.721 76.2162 0
      vertex 64.3848 73.3848 0
      vertex 66.6635 76.319 0
    endloop
  endfacet
  facet normal 0 0 -1
    outer loop
      vertex 62.8857 74.7706 0
      vertex 66.6635 76.319 0
      vertex 64.3848 73.3848 0
    endloop
  endfacet
  facet normal -0 0 -1
    outer loop
      vertex 66.6635 76.319 0
      vertex 62.8857 74.7706 0
      vertex 66.6142 76.426 0
    endloop
  endfacet
  facet normal -0 0 -1
    outer loop
      vertex 66.6142 76.426 0
      vertex 62.8857 74.7706 0
      vertex 66.5734 76.5365 0
    endloop
  endfacet
  facet normal -0 0 -1
    outer loop
      vertex 66.5414 76.6498 0
      vertex 62.8857 74.7706 0
      vertex 66.5185 76.7654 0
    endloop
  endfacet
  facet normal -0 0 -1
    outer loop
      vertex 66.5734 76.5365 0
      vertex 62.8857 74.7706 0
      vertex 66.5414 76.6498 0
    endloop
  endfacet
  facet normal 0 0 -1
    outer loop
      vertex 85 0 0
      vertex 92 7 0
      vertex 91.9784 6.45079 0
    endloop
  endfacet
  facet normal 0 0 -1
    outer loop
      vertex 92 7 0
      vertex 71.6799 50.9327 0
      vertex 92 85 0
    endloop
  endfacet
  facet normal 0 0 -1
    outer loop
      vertex 85 0 0
      vertex 91.9784 6.45079 0
      vertex 91.9138 5.90496 0
    endloop
  endfacet
  facet normal 0 -0 -1
    outer loop
      vertex 71.9199 52.9601 0
      vertex 92 85 0
      vertex 71.6799 50.9327 0
    endloop
  endfacet
  facet normal 0 0 -1
    outer loop
      vertex 85 0 0
      vertex 91.9138 5.90496 0
      vertex 91.8066 5.36588 0
    endloop
  endfacet
  facet normal 0 0 -1
    outer loop
      vertex 71.9199 57.0399 0
      vertex 92 85 0
      vertex 72 55 0
    endloop
  endfacet
  facet normal 0 0 -1
    outer loop
      vertex 85 0 0
      vertex 91.8066 5.36588 0
      vertex 91.6574 4.83688 0
    endloop
  endfacet
  facet normal 0 0 -1
    outer loop
      vertex 71.6799 59.0673 0
      vertex 92 85 0
      vertex 71.9199 57.0399 0
    endloop
  endfacet
  facet normal 0 0 -1
    outer loop
      vertex 85 0 0
      vertex 91.6574 4.83688 0
      vertex 91.4672 4.32122 0
    endloop
  endfacet
  facet normal 0 0 -1
    outer loop
      vertex 71.2816 61.0696 0
      vertex 92 85 0
      vertex 71.6799 59.0673 0
    endloop
  endfacet
  facet normal 0 0 -1
    outer loop
      vertex 85 0 0
      vertex 91.4672 4.32122 0
      vertex 91.237 3.82207 0
    endloop
  endfacet
  facet normal 0 0 -1
    outer loop
      vertex 70.7275 63.0344 0
      vertex 92 85 0
      vertex 71.2816 61.0696 0
    endloop
  endfacet
  facet normal 0 0 -1
    outer loop
      vertex 85 0 0
      vertex 91.237 3.82207 0
      vertex 90.9685 3.34251 0
    endloop
  endfacet
  facet normal 0 0 -1
    outer loop
      vertex 70.0209 64.9498 0
      vertex 92 85 0
      vertex 70.7275 63.0344 0
    endloop
  endfacet
  facet normal 0 0 -1
    outer loop
      vertex 85 0 0
      vertex 90.9685 3.34251 0
      vertex 90.6631 2.8855 0
    endloop
  endfacet
  facet normal 0 0 -1
    outer loop
      vertex 69.4266 76.5365 0
      vertex 92 85 0
      vertex 70.0209 64.9498 0
    endloop
  endfacet
  facet normal 0 0 -1
    outer loop
      vertex 85 0 0
      vertex 90.6631 2.8855 0
      vertex 90.3228 2.45386 0
    endloop
  endfacet
  facet normal 0 0 -1
    outer loop
      vertex 69.4954 77.1177 0
      vertex 92 85 0
      vertex 69.5 77 0
    endloop
  endfacet
  facet normal 0 0 -1
    outer loop
      vertex 85 0 0
      vertex 90.3228 2.45386 0
      vertex 89.9497 2.05025 0
    endloop
  endfacet
  facet normal 0 0 -1
    outer loop
      vertex 69.4815 77.2346 0
      vertex 92 85 0
      vertex 69.4954 77.1177 0
    endloop
  endfacet
  facet normal 0 0 -1
    outer loop
      vertex 85 0 0
      vertex 89.9497 2.05025 0
      vertex 89.5461 1.67716 0
    endloop
  endfacet
  facet normal 0 0 -1
    outer loop
      vertex 69.4586 77.3502 0
      vertex 92 85 0
      vertex 69.4815 77.2346 0
    endloop
  endfacet
  facet normal 0 0 -1
    outer loop
      vertex 85 0 0
      vertex 89.5461 1.67716 0
      vertex 89.1145 1.33688 0
    endloop
  endfacet
  facet normal 0 0 -1
    outer loop
      vertex 69.4266 77.4635 0
      vertex 92 85 0
      vertex 69.4586 77.3502 0
    endloop
  endfacet
  facet normal 0 0 -1
    outer loop
      vertex 85 0 0
      vertex 89.1145 1.33688 0
      vertex 88.6575 1.03152 0
    endloop
  endfacet
  facet normal 0 0 -1
    outer loop
      vertex 92 85 0
      vertex 85 92 0
      vertex 91.9784 85.5492 0
    endloop
  endfacet
  facet normal 0 0 -1
    outer loop
      vertex 85 0 0
      vertex 88.6575 1.03152 0
      vertex 88.1779 0.762954 0
    endloop
  endfacet
  facet normal 0 0 -1
    outer loop
      vertex 91.9784 85.5492 0
      vertex 85 92 0
      vertex 91.9138 86.095 0
    endloop
  endfacet
  facet normal 0 0 -1
    outer loop
      vertex 85 0 0
      vertex 88.1779 0.762954 0
      vertex 87.6788 0.532843 0
    endloop
  endfacet
  facet normal 0 0 -1
    outer loop
      vertex 91.9138 86.095 0
      vertex 85 92 0
      vertex 91.8066 86.6341 0
    endloop
  endfacet
  facet normal 0 0 -1
    outer loop
      vertex 85 0 0
      vertex 87.6788 0.532843 0
      vertex 87.1631 0.342604 0
    endloop
  endfacet
  facet normal 0 0 -1
    outer loop
      vertex 91.8066 86.6341 0
      vertex 85 92 0
      vertex 91.6574 87.1631 0
    endloop
  endfacet
  facet normal 0 0 -1
    outer loop
      vertex 85 0 0
      vertex 87.1631 0.342604 0
      vertex 86.6341 0.19341 0
    endloop
  endfacet
  facet normal 0 0 -1
    outer loop
      vertex 91.4672 87.6788 0
      vertex 85 92 0
      vertex 91.237 88.1779 0
    endloop
  endfacet
  facet normal 0 0 -1
    outer loop
      vertex 85 0 0
      vertex 86.6341 0.19341 0
      vertex 86.095 0.0861807 0
    endloop
  endfacet
  facet normal 0 0 -1
    outer loop
      vertex 91.237 88.1779 0
      vertex 85 92 0
      vertex 90.9685 88.6575 0
    endloop
  endfacet
  facet normal 0 0 -1
    outer loop
      vertex 85 0 0
      vertex 86.095 0.0861807 0
      vertex 85.5492 0.0215778 0
    endloop
  endfacet
  facet normal 0 0 -1
    outer loop
      vertex 90.9685 88.6575 0
      vertex 85 92 0
      vertex 90.6631 89.1145 0
    endloop
  endfacet
  facet normal -0 0 -1
    outer loop
      vertex 92 7 0
      vertex 85 0 0
      vertex 68.681 31.6635 0
    endloop
  endfacet
  facet normal 0 0 -1
    outer loop
      vertex 90.6631 89.1145 0
      vertex 85 92 0
      vertex 90.3228 89.5461 0
    endloop
  endfacet
  facet normal 0 0 -1
    outer loop
      vertex 89.9497 89.9497 0
      vertex 85 92 0
      vertex 89.5461 90.3228 0
    endloop
  endfacet
  facet normal 0 0 -1
    outer loop
      vertex 89.5461 90.3228 0
      vertex 85 92 0
      vertex 89.1145 90.6631 0
    endloop
  endfacet
  facet normal 0 -0 -1
    outer loop
      vertex 72 55 0
      vertex 92 85 0
      vertex 71.9199 52.9601 0
    endloop
  endfacet
  facet normal 0 0 -1
    outer loop
      vertex 92 7 0
      vertex 71.2816 48.9304 0
      vertex 71.6799 50.9327 0
    endloop
  endfacet
  facet normal 0 0 -1
    outer loop
      vertex 69.4815 33.2346 0
      vertex 92 7 0
      vertex 69.4954 33.1177 0
    endloop
  endfacet
  facet normal 0 0 -1
    outer loop
      vertex 92 7 0
      vertex 70.7275 46.9656 0
      vertex 71.2816 48.9304 0
    endloop
  endfacet
  facet normal 0 0 -1
    outer loop
      vertex 92 7 0
      vertex 69.5 33 0
      vertex 69.4954 33.1177 0
    endloop
  endfacet
  facet normal 0 0 -1
    outer loop
      vertex 92 7 0
      vertex 69.4954 32.8823 0
      vertex 69.5 33 0
    endloop
  endfacet
  facet normal 0 0 -1
    outer loop
      vertex 92 7 0
      vertex 69.4815 32.7653 0
      vertex 69.4954 32.8823 0
    endloop
  endfacet
  facet normal 0 0 -1
    outer loop
      vertex 92 7 0
      vertex 69.4586 32.6498 0
      vertex 69.4815 32.7653 0
    endloop
  endfacet
  facet normal 0 0 -1
    outer loop
      vertex 92 7 0
      vertex 69.4266 32.5365 0
      vertex 69.4586 32.6498 0
    endloop
  endfacet
  facet normal 0 0 -1
    outer loop
      vertex 92 7 0
      vertex 69.3858 32.426 0
      vertex 69.4266 32.5365 0
    endloop
  endfacet
  facet normal 0 0 -1
    outer loop
      vertex 92 7 0
      vertex 69.3365 32.319 0
      vertex 69.3858 32.426 0
    endloop
  endfacet
  facet normal 0 0 -1
    outer loop
      vertex 92 7 0
      vertex 69.279 32.2163 0
      vertex 69.3365 32.319 0
    endloop
  endfacet
  facet normal 0 0 -1
    outer loop
      vertex 92 7 0
      vertex 69.2135 32.1183 0
      vertex 69.279 32.2163 0
    endloop
  endfacet
  facet normal 0 0 -1
    outer loop
      vertex 92 7 0
      vertex 69.1406 32.0258 0
      vertex 69.2135 32.1183 0
    endloop
  endfacet
  facet normal 0 0 -1
    outer loop
      vertex 92 7 0
      vertex 69.0607 31.9393 0
      vertex 69.1406 32.0258 0
    endloop
  endfacet
  facet normal 0 0 -1
    outer loop
      vertex 92 7 0
      vertex 68.9742 31.8594 0
      vertex 69.0607 31.9393 0
    endloop
  endfacet
  facet normal 0 0 -1
    outer loop
      vertex 92 7 0
      vertex 68.8817 31.7865 0
      vertex 68.9742 31.8594 0
    endloop
  endfacet
  facet normal 0 0 -1
    outer loop
      vertex 92 7 0
      vertex 68.7837 31.721 0
      vertex 68.8817 31.7865 0
    endloop
  endfacet
  facet normal 0 0 -1
    outer loop
      vertex 92 7 0
      vertex 68.681 31.6635 0
      vertex 68.7837 31.721 0
    endloop
  endfacet
  facet normal 0 0 -1
    outer loop
      vertex 85 0 0
      vertex 68.574 31.6142 0
      vertex 68.681 31.6635 0
    endloop
  endfacet
  facet normal 0 0 -1
    outer loop
      vertex 85 0 0
      vertex 68.4635 31.5734 0
      vertex 68.574 31.6142 0
    endloop
  endfacet
  facet normal 0 0 -1
    outer loop
      vertex 85 0 0
      vertex 68.3502 31.5414 0
      vertex 68.4635 31.5734 0
    endloop
  endfacet
  facet normal 0 0 -1
    outer loop
      vertex 85 0 0
      vertex 68.2346 31.5185 0
      vertex 68.3502 31.5414 0
    endloop
  endfacet
  facet normal 0 0 -1
    outer loop
      vertex 85 0 0
      vertex 68.1177 31.5046 0
      vertex 68.2346 31.5185 0
    endloop
  endfacet
  facet normal 0 0 -1
    outer loop
      vertex 51.348 16.716 0
      vertex 68.1177 31.5046 0
      vertex 85 0 0
    endloop
  endfacet
  facet normal 0 -0 -1
    outer loop
      vertex 51.4323 17.1396 0
      vertex 68.1177 31.5046 0
      vertex 51.348 16.716 0
    endloop
  endfacet
  facet normal 0 0 -1
    outer loop
      vertex 68.1177 31.5046 0
      vertex 51.4323 17.1396 0
      vertex 68 31.5 0
    endloop
  endfacet
  facet normal -0 0 -1
    outer loop
      vertex 68 31.5 0
      vertex 51.4323 17.1396 0
      vertex 67.8823 31.5046 0
    endloop
  endfacet
  facet normal 0 -0 -1
    outer loop
      vertex 51.483 17.5685 0
      vertex 67.8823 31.5046 0
      vertex 51.4323 17.1396 0
    endloop
  endfacet
  facet normal -0 0 -1
    outer loop
      vertex 67.8823 31.5046 0
      vertex 51.483 17.5685 0
      vertex 67.7654 31.5185 0
    endloop
  endfacet
  facet normal 0 -0 -1
    outer loop
      vertex 51.5 18 0
      vertex 67.7654 31.5185 0
      vertex 51.483 17.5685 0
    endloop
  endfacet
  facet normal -0 0 -1
    outer loop
      vertex 67.7654 31.5185 0
      vertex 51.5 18 0
      vertex 67.6498 31.5414 0
    endloop
  endfacet
  facet normal 0 0 -1
    outer loop
      vertex 51.483 18.4315 0
      vertex 67.6498 31.5414 0
      vertex 51.5 18 0
    endloop
  endfacet
  facet normal -0 0 -1
    outer loop
      vertex 67.6498 31.5414 0
      vertex 51.483 18.4315 0
      vertex 67.5365 31.5734 0
    endloop
  endfacet
  facet normal 0 0 -1
    outer loop
      vertex 51.4323 18.8604 0
      vertex 67.5365 31.5734 0
      vertex 51.483 18.4315 0
    endloop
  endfacet
  facet normal -0 0 -1
    outer loop
      vertex 67.5365 31.5734 0
      vertex 51.4323 18.8604 0
      vertex 67.426 31.6142 0
    endloop
  endfacet
  facet normal 0 0 -1
    outer loop
      vertex 67.319 31.6635 0
      vertex 57.8038 31.8338 0
      vertex 67.2162 31.721 0
    endloop
  endfacet
  facet normal 0 -0 -1
    outer loop
      vertex 59.585 32.8314 0
      vertex 67.1183 31.7865 0
      vertex 57.8038 31.8338 0
    endloop
  endfacet
  facet normal 0 0 -1
    outer loop
      vertex 62.8857 35.2294 0
      vertex 66.5 33 0
      vertex 66.5046 32.8823 0
    endloop
  endfacet
  facet normal 0 0 -1
    outer loop
      vertex 61.2824 33.9656 0
      vertex 66.5046 32.8823 0
      vertex 66.5185 32.7653 0
    endloop
  endfacet
  facet normal 0 0 -1
    outer loop
      vertex 66.5 33 0
      vertex 64.3848 36.6152 0
      vertex 65.7706 38.1143 0
    endloop
  endfacet
  facet normal 0 0 -1
    outer loop
      vertex 61.2824 33.9656 0
      vertex 66.5185 32.7653 0
      vertex 66.5414 32.6498 0
    endloop
  endfacet
  facet normal 0 0 -1
    outer loop
      vertex 61.2824 33.9656 0
      vertex 66.5414 32.6498 0
      vertex 66.5734 32.5365 0
    endloop
  endfacet
  facet normal 0 0 -1
    outer loop
      vertex 61.2824 33.9656 0
      vertex 66.5734 32.5365 0
      vertex 66.6142 32.426 0
    endloop
  endfacet
  facet normal 0 0 -1
    outer loop
      vertex 61.2824 33.9656 0
      vertex 66.6142 32.426 0
      vertex 66.6635 32.319 0
    endloop
  endfacet
  facet normal 0 0 -1
    outer loop
      vertex 66.5 33 0
      vertex 62.8857 35.2294 0
      vertex 64.3848 36.6152 0
    endloop
  endfacet
  facet normal 0 0 -1
    outer loop
      vertex 61.2824 33.9656 0
      vertex 66.6635 32.319 0
      vertex 66.721 32.2163 0
    endloop
  endfacet
  facet normal 0 0 -1
    outer loop
      vertex 67.1183 31.7865 0
      vertex 59.585 32.8314 0
      vertex 67.0258 31.8594 0
    endloop
  endfacet
  facet normal 0 0 -1
    outer loop
      vertex 66.5046 32.8823 0
      vertex 61.2824 33.9656 0
      vertex 62.8857 35.2294 0
    endloop
  endfacet
  facet normal 0 0 -1
    outer loop
      vertex 66.9393 31.9393 0
      vertex 59.585 32.8314 0
      vertex 66.8594 32.0258 0
    endloop
  endfacet
  facet normal 0 0 -1
    outer loop
      vertex 66.721 32.2163 0
      vertex 59.585 32.8314 0
      vertex 61.2824 33.9656 0
    endloop
  endfacet
  facet normal 0 0 -1
    outer loop
      vertex 66.7865 32.1183 0
      vertex 59.585 32.8314 0
      vertex 66.721 32.2163 0
    endloop
  endfacet
  facet normal -0 0 -1
    outer loop
      vertex 67.426 31.6142 0
      vertex 51.4323 18.8604 0
      vertex 67.319 31.6635 0
    endloop
  endfacet
  facet normal 0 0 -1
    outer loop
      vertex 51.348 19.2839 0
      vertex 67.319 31.6635 0
      vertex 51.4323 18.8604 0
    endloop
  endfacet
  facet normal -0 0 -1
    outer loop
      vertex 67.319 31.6635 0
      vertex 51.348 19.2839 0
      vertex 57.8038 31.8338 0
    endloop
  endfacet
  facet normal 0 0 -1
    outer loop
      vertex 66.8594 32.0258 0
      vertex 59.585 32.8314 0
      vertex 66.7865 32.1183 0
    endloop
  endfacet
  facet normal 0 0 -1
    outer loop
      vertex 67.0258 31.8594 0
      vertex 59.585 32.8314 0
      vertex 66.9393 31.9393 0
    endloop
  endfacet
  facet normal 0 0 -1
    outer loop
      vertex 67.2162 31.721 0
      vertex 57.8038 31.8338 0
      vertex 67.1183 31.7865 0
    endloop
  endfacet
  facet normal 0 0 -1
    outer loop
      vertex 85 0 0
      vertex 51.2308 16.3004 0
      vertex 51.348 16.716 0
    endloop
  endfacet
  facet normal 0 0 -1
    outer loop
      vertex 85 0 0
      vertex 51.0813 15.8952 0
      vertex 51.2308 16.3004 0
    endloop
  endfacet
  facet normal 0 0 -1
    outer loop
      vertex 85 0 0
      vertex 50.9005 15.5031 0
      vertex 51.0813 15.8952 0
    endloop
  endfacet
  facet normal 0 0 -1
    outer loop
      vertex 85 0 0
      vertex 50.6895 15.1263 0
      vertex 50.9005 15.5031 0
    endloop
  endfacet
  facet normal 0 0 -1
    outer loop
      vertex 85 0 0
      vertex 50.4496 14.7672 0
      vertex 50.6895 15.1263 0
    endloop
  endfacet
  facet normal 0 0 -1
    outer loop
      vertex 85 0 0
      vertex 50.1822 14.428 0
      vertex 50.4496 14.7672 0
    endloop
  endfacet
  facet normal 0 0 -1
    outer loop
      vertex 85 0 0
      vertex 49.8891 14.1109 0
      vertex 50.1822 14.428 0
    endloop
  endfacet
  facet normal 0 0 -1
    outer loop
      vertex 85 0 0
      vertex 49.572 13.8178 0
      vertex 49.8891 14.1109 0
    endloop
  endfacet
  facet normal 0 0 -1
    outer loop
      vertex 85 0 0
      vertex 49.2328 13.5504 0
      vertex 49.572 13.8178 0
    endloop
  endfacet
  facet normal 0 0 -1
    outer loop
      vertex 85 0 0
      vertex 48.8737 13.3105 0
      vertex 49.2328 13.5504 0
    endloop
  endfacet
  facet normal 0 0 -1
    outer loop
      vertex 85 0 0
      vertex 48.4969 13.0995 0
      vertex 48.8737 13.3105 0
    endloop
  endfacet
  facet normal 0 0 -1
    outer loop
      vertex 85 0 0
      vertex 48.1048 12.9187 0
      vertex 48.4969 13.0995 0
    endloop
  endfacet
  facet normal 0 0 -1
    outer loop
      vertex 85 0 0
      vertex 47.6996 12.7692 0
      vertex 48.1048 12.9187 0
    endloop
  endfacet
  facet normal 0 0 -1
    outer loop
      vertex 85 0 0
      vertex 47.284 12.652 0
      vertex 47.6996 12.7692 0
    endloop
  endfacet
  facet normal 0 0 -1
    outer loop
      vertex 85 0 0
      vertex 46.8604 12.5677 0
      vertex 47.284 12.652 0
    endloop
  endfacet
  facet normal 0 0 -1
    outer loop
      vertex 85 0 0
      vertex 46.4315 12.517 0
      vertex 46.8604 12.5677 0
    endloop
  endfacet
  facet normal 0 0 -1
    outer loop
      vertex 85 0 0
      vertex 46 12.5 0
      vertex 46.4315 12.517 0
    endloop
  endfacet
  facet normal 0 0 -1
    outer loop
      vertex 7 0 0
      vertex 46 12.5 0
      vertex 85 0 0
    endloop
  endfacet
  facet normal -0 0 -1
    outer loop
      vertex 46 12.5 0
      vertex 7 0 0
      vertex 45.5685 12.517 0
    endloop
  endfacet
  facet normal -0 0 -1
    outer loop
      vertex 45.5685 12.517 0
      vertex 7 0 0
      vertex 45.1396 12.5677 0
    endloop
  endfacet
  facet normal -0 0 -1
    outer loop
      vertex 45.1396 12.5677 0
      vertex 7 0 0
      vertex 44.716 12.652 0
    endloop
  endfacet
  facet normal 0 0 -1
    outer loop
      vertex 24.2347 31.5185 0
      vertex 40.5 18 0
      vertex 40.517 17.5685 0
    endloop
  endfacet
  facet normal 0 0 -1
    outer loop
      vertex 41.8178 21.572 0
      vertex 37.9656 30.2725 0
      vertex 39.9304 29.7184 0
    endloop
  endfacet
  facet normal 0 0 -1
    outer loop
      vertex 24.1177 31.5046 0
      vertex 40.517 17.5685 0
      vertex 40.5677 17.1396 0
    endloop
  endfacet
  facet normal 0 0 -1
    outer loop
      vertex 41.0995 20.4969 0
      vertex 36.0502 30.9791 0
      vertex 37.9656 30.2725 0
    endloop
  endfacet
  facet normal 0 0 -1
    outer loop
      vertex 23.8823 31.5046 0
      vertex 40.5677 17.1396 0
      vertex 40.652 16.716 0
    endloop
  endfacet
  facet normal 0 0 -1
    outer loop
      vertex 7 0 0
      vertex 40.652 16.716 0
      vertex 40.7692 16.3004 0
    endloop
  endfacet
  facet normal 0 0 -1
    outer loop
      vertex 40.652 19.2839 0
      vertex 34.1962 31.8338 0
      vertex 36.0502 30.9791 0
    endloop
  endfacet
  facet normal 0 0 -1
    outer loop
      vertex 7 0 0
      vertex 40.7692 16.3004 0
      vertex 40.9187 15.8952 0
    endloop
  endfacet
  facet normal 0 0 -1
    outer loop
      vertex 40.652 19.2839 0
      vertex 24.681 31.6635 0
      vertex 34.1962 31.8338 0
    endloop
  endfacet
  facet normal 0 0 -1
    outer loop
      vertex 7 0 0
      vertex 40.9187 15.8952 0
      vertex 41.0995 15.5031 0
    endloop
  endfacet
  facet normal 0 -0 -1
    outer loop
      vertex 24.7837 31.721 0
      vertex 34.1962 31.8338 0
      vertex 24.681 31.6635 0
    endloop
  endfacet
  facet normal 0 0 -1
    outer loop
      vertex 7 0 0
      vertex 41.0995 15.5031 0
      vertex 41.3105 15.1263 0
    endloop
  endfacet
  facet normal 0 -0 -1
    outer loop
      vertex 24.9742 31.8594 0
      vertex 32.415 32.8314 0
      vertex 24.8817 31.7865 0
    endloop
  endfacet
  facet normal 0 -0 -1
    outer loop
      vertex 25.279 32.2163 0
      vertex 32.415 32.8314 0
      vertex 25.2135 32.1183 0
    endloop
  endfacet
  facet normal 0 -0 -1
    outer loop
      vertex 25.4815 32.7653 0
      vertex 30.7176 33.9656 0
      vertex 25.4586 32.6498 0
    endloop
  endfacet
  facet normal 0 0 -1
    outer loop
      vertex 25.4815 33.2346 0
      vertex 29.1143 35.2294 0
      vertex 25.4954 33.1177 0
    endloop
  endfacet
  facet normal 0 0 -1
    outer loop
      vertex 7 0 0
      vertex 41.3105 15.1263 0
      vertex 41.5504 14.7672 0
    endloop
  endfacet
  facet normal 0 0 -1
    outer loop
      vertex 7 0 0
      vertex 41.5504 14.7672 0
      vertex 41.8178 14.428 0
    endloop
  endfacet
  facet normal 0 0 -1
    outer loop
      vertex 25.4954 33.1177 0
      vertex 29.1143 35.2294 0
      vertex 25.5 33 0
    endloop
  endfacet
  facet normal 0 -0 -1
    outer loop
      vertex 25.5 33 0
      vertex 29.1143 35.2294 0
      vertex 25.4954 32.8823 0
    endloop
  endfacet
  facet normal -0 0 -1
    outer loop
      vertex 30.7176 33.9656 0
      vertex 25.4954 32.8823 0
      vertex 29.1143 35.2294 0
    endloop
  endfacet
  facet normal 0 -0 -1
    outer loop
      vertex 25.4954 32.8823 0
      vertex 30.7176 33.9656 0
      vertex 25.4815 32.7653 0
    endloop
  endfacet
  facet normal 0 -0 -1
    outer loop
      vertex 25.4586 32.6498 0
      vertex 30.7176 33.9656 0
      vertex 25.4266 32.5365 0
    endloop
  endfacet
  facet normal 0 -0 -1
    outer loop
      vertex 25.4266 32.5365 0
      vertex 30.7176 33.9656 0
      vertex 25.3858 32.426 0
    endloop
  endfacet
  facet normal 0 -0 -1
    outer loop
      vertex 25.3858 32.426 0
      vertex 30.7176 33.9656 0
      vertex 25.3365 32.319 0
    endloop
  endfacet
  facet normal 0 0 -1
    outer loop
      vertex 7 0 0
      vertex 41.8178 14.428 0
      vertex 42.1109 14.1109 0
    endloop
  endfacet
  facet normal 0 -0 -1
    outer loop
      vertex 25.3365 32.319 0
      vertex 30.7176 33.9656 0
      vertex 25.279 32.2163 0
    endloop
  endfacet
  facet normal -0 0 -1
    outer loop
      vertex 32.415 32.8314 0
      vertex 25.279 32.2163 0
      vertex 30.7176 33.9656 0
    endloop
  endfacet
  facet normal 0 -0 -1
    outer loop
      vertex 25.2135 32.1183 0
      vertex 32.415 32.8314 0
      vertex 25.1406 32.0258 0
    endloop
  endfacet
  facet normal 0 -0 -1
    outer loop
      vertex 25.1406 32.0258 0
      vertex 32.415 32.8314 0
      vertex 25.0607 31.9393 0
    endloop
  endfacet
  facet normal 0 -0 -1
    outer loop
      vertex 25.0607 31.9393 0
      vertex 32.415 32.8314 0
      vertex 24.9742 31.8594 0
    endloop
  endfacet
  facet normal -0 0 -1
    outer loop
      vertex 34.1962 31.8338 0
      vertex 24.8817 31.7865 0
      vertex 32.415 32.8314 0
    endloop
  endfacet
  facet normal 0 -0 -1
    outer loop
      vertex 24.8817 31.7865 0
      vertex 34.1962 31.8338 0
      vertex 24.7837 31.721 0
    endloop
  endfacet
  facet normal 0 0 -1
    outer loop
      vertex 40.5677 18.8604 0
      vertex 24.574 31.6142 0
      vertex 24.681 31.6635 0
    endloop
  endfacet
  facet normal 0 0 -1
    outer loop
      vertex 40.5677 18.8604 0
      vertex 24.4635 31.5734 0
      vertex 24.574 31.6142 0
    endloop
  endfacet
  facet normal 0 0 -1
    outer loop
      vertex 40.517 18.4315 0
      vertex 24.3502 31.5414 0
      vertex 24.4635 31.5734 0
    endloop
  endfacet
  facet normal 0 0 -1
    outer loop
      vertex 40.5 18 0
      vertex 24.2347 31.5185 0
      vertex 24.3502 31.5414 0
    endloop
  endfacet
  facet normal 0 0 -1
    outer loop
      vertex 40.517 17.5685 0
      vertex 24.1177 31.5046 0
      vertex 24.2347 31.5185 0
    endloop
  endfacet
  facet normal 0 0 -1
    outer loop
      vertex 40.5677 17.1396 0
      vertex 24 31.5 0
      vertex 24.1177 31.5046 0
    endloop
  endfacet
  facet normal 0 0 -1
    outer loop
      vertex 40.5677 17.1396 0
      vertex 23.8823 31.5046 0
      vertex 24 31.5 0
    endloop
  endfacet
  facet normal -0 0 -1
    outer loop
      vertex 40.652 16.716 0
      vertex 7 0 0
      vertex 23.8823 31.5046 0
    endloop
  endfacet
  facet normal -0 0 -1
    outer loop
      vertex 23.8823 31.5046 0
      vertex 7 0 0
      vertex 23.7653 31.5185 0
    endloop
  endfacet
  facet normal -0 0 -1
    outer loop
      vertex 23.7653 31.5185 0
      vertex 7 0 0
      vertex 23.6498 31.5414 0
    endloop
  endfacet
  facet normal -0 0 -1
    outer loop
      vertex 23.6498 31.5414 0
      vertex 7 0 0
      vertex 23.5365 31.5734 0
    endloop
  endfacet
  facet normal -0 0 -1
    outer loop
      vertex 23.5365 31.5734 0
      vertex 7 0 0
      vertex 23.426 31.6142 0
    endloop
  endfacet
  facet normal -0 0 -1
    outer loop
      vertex 23.426 31.6142 0
      vertex 7 0 0
      vertex 23.319 31.6635 0
    endloop
  endfacet
  facet normal 0 0 -1
    outer loop
      vertex 0 7 0
      vertex 23.319 31.6635 0
      vertex 7 0 0
    endloop
  endfacet
  facet normal -0 0 -1
    outer loop
      vertex 23.319 31.6635 0
      vertex 0 7 0
      vertex 23.2163 31.721 0
    endloop
  endfacet
  facet normal -0 0 -1
    outer loop
      vertex 23.2163 31.721 0
      vertex 0 7 0
      vertex 23.1183 31.7865 0
    endloop
  endfacet
  facet normal 0 0 -1
    outer loop
      vertex 0 7 0
      vertex 22.5 33 0
      vertex 22.5046 32.8823 0
    endloop
  endfacet
  facet normal 0 0 -1
    outer loop
      vertex 22.5414 33.3502 0
      vertex 21.2725 46.9656 0
      vertex 21.9791 45.0502 0
    endloop
  endfacet
  facet normal -0 0 -1
    outer loop
      vertex 22.5185 33.2346 0
      vertex 0 7 0
      vertex 21.2725 46.9656 0
    endloop
  endfacet
  facet normal -0 0 -1
    outer loop
      vertex 21.2725 46.9656 0
      vertex 0 7 0
      vertex 20.7184 48.9304 0
    endloop
  endfacet
  facet normal 0 0 -1
    outer loop
      vertex 0 7 0
      vertex 22.5046 32.8823 0
      vertex 22.5185 32.7653 0
    endloop
  endfacet
  facet normal -0 0 -1
    outer loop
      vertex 20.3201 50.9327 0
      vertex 0 7 0
      vertex 20.0801 52.9601 0
    endloop
  endfacet
  facet normal -0 0 -1
    outer loop
      vertex 20.7184 48.9304 0
      vertex 0 7 0
      vertex 20.3201 50.9327 0
    endloop
  endfacet
  facet normal -0 0 -1
    outer loop
      vertex 22.5414 32.6498 0
      vertex 0 7 0
      vertex 22.5185 32.7653 0
    endloop
  endfacet
  facet normal -0 0 -1
    outer loop
      vertex 22.5734 32.5365 0
      vertex 0 7 0
      vertex 22.5414 32.6498 0
    endloop
  endfacet
  facet normal -0 0 -1
    outer loop
      vertex 22.6142 32.426 0
      vertex 0 7 0
      vertex 22.5734 32.5365 0
    endloop
  endfacet
  facet normal -0 0 -1
    outer loop
      vertex 22.6635 32.319 0
      vertex 0 7 0
      vertex 22.6142 32.426 0
    endloop
  endfacet
  facet normal -0 0 -1
    outer loop
      vertex 22.721 32.2163 0
      vertex 0 7 0
      vertex 22.6635 32.319 0
    endloop
  endfacet
  facet normal -0 0 -1
    outer loop
      vertex 22.7865 32.1183 0
      vertex 0 7 0
      vertex 22.721 32.2163 0
    endloop
  endfacet
  facet normal -0 0 -1
    outer loop
      vertex 22.8594 32.0258 0
      vertex 0 7 0
      vertex 22.7865 32.1183 0
    endloop
  endfacet
  facet normal -0 0 -1
    outer loop
      vertex 22.9393 31.9393 0
      vertex 0 7 0
      vertex 22.8594 32.0258 0
    endloop
  endfacet
  facet normal -0 0 -1
    outer loop
      vertex 23.0258 31.8594 0
      vertex 0 7 0
      vertex 22.9393 31.9393 0
    endloop
  endfacet
  facet normal -0 0 -1
    outer loop
      vertex 23.1183 31.7865 0
      vertex 0 7 0
      vertex 23.0258 31.8594 0
    endloop
  endfacet
  facet normal -0 0 -1
    outer loop
      vertex 42.428 13.8178 0
      vertex 7 0 0
      vertex 42.1109 14.1109 0
    endloop
  endfacet
  facet normal -0 0 -1
    outer loop
      vertex 42.7672 13.5504 0
      vertex 7 0 0
      vertex 42.428 13.8178 0
    endloop
  endfacet
  facet normal -0 0 -1
    outer loop
      vertex 43.1263 13.3105 0
      vertex 7 0 0
      vertex 42.7672 13.5504 0
    endloop
  endfacet
  facet normal -0 0 -1
    outer loop
      vertex 43.5031 13.0995 0
      vertex 7 0 0
      vertex 43.1263 13.3105 0
    endloop
  endfacet
  facet normal -0 0 -1
    outer loop
      vertex 43.8952 12.9187 0
      vertex 7 0 0
      vertex 43.5031 13.0995 0
    endloop
  endfacet
  facet normal -0 0 -1
    outer loop
      vertex 44.3004 12.7692 0
      vertex 7 0 0
      vertex 43.8952 12.9187 0
    endloop
  endfacet
  facet normal -0 0 -1
    outer loop
      vertex 44.716 12.652 0
      vertex 7 0 0
      vertex 44.3004 12.7692 0
    endloop
  endfacet
  facet normal 0 0 -1
    outer loop
      vertex 89.1145 90.6631 0
      vertex 85 92 0
      vertex 88.6575 90.9685 0
    endloop
  endfacet
  facet normal 0 0 -1
    outer loop
      vertex 88.6575 90.9685 0
      vertex 85 92 0
      vertex 88.1779 91.237 0
    endloop
  endfacet
  facet normal 0 0 -1
    outer loop
      vertex 87.6788 91.4672 0
      vertex 85 92 0
      vertex 87.1631 91.6574 0
    endloop
  endfacet
  facet normal 0 0 -1
    outer loop
      vertex 87.1631 91.6574 0
      vertex 85 92 0
      vertex 86.6341 91.8066 0
    endloop
  endfacet
  facet normal 0 0 -1
    outer loop
      vertex 86.6341 91.8066 0
      vertex 85 92 0
      vertex 86.095 91.9138 0
    endloop
  endfacet
  facet normal 0 0 -1
    outer loop
      vertex 86.095 91.9138 0
      vertex 85 92 0
      vertex 85.5492 91.9784 0
    endloop
  endfacet
  facet normal 0 0 -1
    outer loop
      vertex 88.1779 91.237 0
      vertex 85 92 0
      vertex 87.6788 91.4672 0
    endloop
  endfacet
  facet normal 0 0 -1
    outer loop
      vertex 90.3228 89.5461 0
      vertex 85 92 0
      vertex 89.9497 89.9497 0
    endloop
  endfacet
  facet normal 0 0 -1
    outer loop
      vertex 91.6574 87.1631 0
      vertex 85 92 0
      vertex 91.4672 87.6788 0
    endloop
  endfacet
  facet normal -0 0 -1
    outer loop
      vertex 92 85 0
      vertex 69.4266 77.4635 0
      vertex 85 92 0
    endloop
  endfacet
  facet normal 0 0 -1
    outer loop
      vertex 69.3858 77.574 0
      vertex 85 92 0
      vertex 69.4266 77.4635 0
    endloop
  endfacet
  facet normal 0 0 -1
    outer loop
      vertex 69.3365 77.681 0
      vertex 85 92 0
      vertex 69.3858 77.574 0
    endloop
  endfacet
  facet normal 0 0 -1
    outer loop
      vertex 69.279 77.7837 0
      vertex 85 92 0
      vertex 69.3365 77.681 0
    endloop
  endfacet
  facet normal 0 0 -1
    outer loop
      vertex 69.2135 77.8817 0
      vertex 85 92 0
      vertex 69.279 77.7837 0
    endloop
  endfacet
  facet normal 0 0 -1
    outer loop
      vertex 69.1406 77.9742 0
      vertex 85 92 0
      vertex 69.2135 77.8817 0
    endloop
  endfacet
  facet normal 0 0 -1
    outer loop
      vertex 69.0607 78.0607 0
      vertex 85 92 0
      vertex 69.1406 77.9742 0
    endloop
  endfacet
  facet normal 0 0 -1
    outer loop
      vertex 68.9742 78.1406 0
      vertex 85 92 0
      vertex 69.0607 78.0607 0
    endloop
  endfacet
  facet normal 0 0 -1
    outer loop
      vertex 68.8817 78.2135 0
      vertex 85 92 0
      vertex 68.9742 78.1406 0
    endloop
  endfacet
  facet normal 0 0 -1
    outer loop
      vertex 68.7837 78.279 0
      vertex 85 92 0
      vertex 68.8817 78.2135 0
    endloop
  endfacet
  facet normal 0 0 -1
    outer loop
      vertex 68.681 78.3365 0
      vertex 85 92 0
      vertex 68.7837 78.279 0
    endloop
  endfacet
  facet normal 0 0 -1
    outer loop
      vertex 68.574 78.3858 0
      vertex 85 92 0
      vertex 68.681 78.3365 0
    endloop
  endfacet
  facet normal 0 0 -1
    outer loop
      vertex 68.4635 78.4266 0
      vertex 85 92 0
      vertex 68.574 78.3858 0
    endloop
  endfacet
  facet normal 0 0 -1
    outer loop
      vertex 68.3502 78.4586 0
      vertex 85 92 0
      vertex 68.4635 78.4266 0
    endloop
  endfacet
  facet normal 0 0 -1
    outer loop
      vertex 68.2346 78.4815 0
      vertex 85 92 0
      vertex 68.3502 78.4586 0
    endloop
  endfacet
  facet normal 0 0 -1
    outer loop
      vertex 68.1177 78.4954 0
      vertex 85 92 0
      vertex 68.2346 78.4815 0
    endloop
  endfacet
  facet normal 0 0 -1
    outer loop
      vertex 68 78.5 0
      vertex 85 92 0
      vertex 68.1177 78.4954 0
    endloop
  endfacet
  facet normal 0 0 -1
    outer loop
      vertex 67.8823 78.4954 0
      vertex 85 92 0
      vertex 68 78.5 0
    endloop
  endfacet
  facet normal 0 0 -1
    outer loop
      vertex 67.7654 78.4815 0
      vertex 85 92 0
      vertex 67.8823 78.4954 0
    endloop
  endfacet
  facet normal 0 0 -1
    outer loop
      vertex 67.6498 78.4586 0
      vertex 85 92 0
      vertex 67.7654 78.4815 0
    endloop
  endfacet
  facet normal 0 0 -1
    outer loop
      vertex 55.9498 79.0209 0
      vertex 67.6498 78.4586 0
      vertex 67.5365 78.4266 0
    endloop
  endfacet
  facet normal 0 0 -1
    outer loop
      vertex 55.9498 79.0209 0
      vertex 67.5365 78.4266 0
      vertex 67.426 78.3858 0
    endloop
  endfacet
  facet normal 0 0 -1
    outer loop
      vertex 57.8038 78.1662 0
      vertex 67.426 78.3858 0
      vertex 67.319 78.3365 0
    endloop
  endfacet
  facet normal 0 0 -1
    outer loop
      vertex 57.8038 78.1662 0
      vertex 67.319 78.3365 0
      vertex 67.2162 78.279 0
    endloop
  endfacet
  facet normal 0 0 -1
    outer loop
      vertex 57.8038 78.1662 0
      vertex 67.2162 78.279 0
      vertex 67.1183 78.2135 0
    endloop
  endfacet
  facet normal -0 0 -1
    outer loop
      vertex 66.5185 76.7654 0
      vertex 62.8857 74.7706 0
      vertex 66.5046 76.8823 0
    endloop
  endfacet
  facet normal -0 0 -1
    outer loop
      vertex 66.5046 76.8823 0
      vertex 62.8857 74.7706 0
      vertex 66.5 77 0
    endloop
  endfacet
  facet normal -0 0 -1
    outer loop
      vertex 66.5 77 0
      vertex 62.8857 74.7706 0
      vertex 66.5046 77.1177 0
    endloop
  endfacet
  facet normal 0 0 -1
    outer loop
      vertex 61.2824 76.0344 0
      vertex 66.5046 77.1177 0
      vertex 62.8857 74.7706 0
    endloop
  endfacet
  facet normal -0 0 -1
    outer loop
      vertex 66.5046 77.1177 0
      vertex 61.2824 76.0344 0
      vertex 66.5185 77.2346 0
    endloop
  endfacet
  facet normal -0 0 -1
    outer loop
      vertex 66.5185 77.2346 0
      vertex 61.2824 76.0344 0
      vertex 66.5414 77.3502 0
    endloop
  endfacet
  facet normal -0 0 -1
    outer loop
      vertex 66.5414 77.3502 0
      vertex 61.2824 76.0344 0
      vertex 66.5734 77.4635 0
    endloop
  endfacet
  facet normal -0 0 -1
    outer loop
      vertex 66.5734 77.4635 0
      vertex 61.2824 76.0344 0
      vertex 66.6142 77.574 0
    endloop
  endfacet
  facet normal -0 0 -1
    outer loop
      vertex 66.6142 77.574 0
      vertex 61.2824 76.0344 0
      vertex 66.6635 77.681 0
    endloop
  endfacet
  facet normal -0 0 -1
    outer loop
      vertex 66.6635 77.681 0
      vertex 61.2824 76.0344 0
      vertex 66.721 77.7837 0
    endloop
  endfacet
  facet normal 0 0 -1
    outer loop
      vertex 59.585 77.1686 0
      vertex 66.721 77.7837 0
      vertex 61.2824 76.0344 0
    endloop
  endfacet
  facet normal -0 0 -1
    outer loop
      vertex 66.721 77.7837 0
      vertex 59.585 77.1686 0
      vertex 66.7865 77.8817 0
    endloop
  endfacet
  facet normal -0 0 -1
    outer loop
      vertex 66.7865 77.8817 0
      vertex 59.585 77.1686 0
      vertex 66.8594 77.9742 0
    endloop
  endfacet
  facet normal -0 0 -1
    outer loop
      vertex 66.8594 77.9742 0
      vertex 59.585 77.1686 0
      vertex 66.9393 78.0607 0
    endloop
  endfacet
  facet normal -0 0 -1
    outer loop
      vertex 66.9393 78.0607 0
      vertex 59.585 77.1686 0
      vertex 67.0258 78.1406 0
    endloop
  endfacet
  facet normal -0 0 -1
    outer loop
      vertex 67.0258 78.1406 0
      vertex 59.585 77.1686 0
      vertex 67.1183 78.2135 0
    endloop
  endfacet
  facet normal 0 0 -1
    outer loop
      vertex 57.8038 78.1662 0
      vertex 67.1183 78.2135 0
      vertex 59.585 77.1686 0
    endloop
  endfacet
  facet normal -0 0 -1
    outer loop
      vertex 67.426 78.3858 0
      vertex 57.8038 78.1662 0
      vertex 55.9498 79.0209 0
    endloop
  endfacet
  facet normal 0 0 -1
    outer loop
      vertex 67.6498 78.4586 0
      vertex 55.9498 79.0209 0
      vertex 54.0344 79.7275 0
    endloop
  endfacet
  facet normal 0 0 -1
    outer loop
      vertex 67.6498 78.4586 0
      vertex 54.0344 79.7275 0
      vertex 85 92 0
    endloop
  endfacet
  facet normal 0 0 -1
    outer loop
      vertex 52.0696 80.2816 0
      vertex 85 92 0
      vertex 54.0344 79.7275 0
    endloop
  endfacet
  facet normal 0 0 -1
    outer loop
      vertex 50.0673 80.6799 0
      vertex 85 92 0
      vertex 52.0696 80.2816 0
    endloop
  endfacet
  facet normal 0 0 -1
    outer loop
      vertex 48.0399 80.9199 0
      vertex 85 92 0
      vertex 50.0673 80.6799 0
    endloop
  endfacet
  facet normal 0 0 -1
    outer loop
      vertex 46 81 0
      vertex 85 92 0
      vertex 48.0399 80.9199 0
    endloop
  endfacet
  facet normal 0 0 -1
    outer loop
      vertex 7 92 0
      vertex 46 81 0
      vertex 43.9601 80.9199 0
    endloop
  endfacet
  facet normal 0 0 -1
    outer loop
      vertex 7 92 0
      vertex 43.9601 80.9199 0
      vertex 41.9327 80.6799 0
    endloop
  endfacet
  facet normal 0 0 -1
    outer loop
      vertex 7 92 0
      vertex 41.9327 80.6799 0
      vertex 39.9304 80.2816 0
    endloop
  endfacet
  facet normal 0 0 -1
    outer loop
      vertex 24.681 75.6635 0
      vertex 27.6152 73.3848 0
      vertex 26.2294 71.8857 0
    endloop
  endfacet
  facet normal 0 0 -1
    outer loop
      vertex 25.4954 76.8823 0
      vertex 29.1143 74.7706 0
      vertex 27.6152 73.3848 0
    endloop
  endfacet
  facet normal 0 0 -1
    outer loop
      vertex 25.4954 77.1177 0
      vertex 29.1143 74.7706 0
      vertex 25.5 77 0
    endloop
  endfacet
  facet normal 0 0 -1
    outer loop
      vertex 29.1143 74.7706 0
      vertex 25.4954 77.1177 0
      vertex 30.7176 76.0344 0
    endloop
  endfacet
  facet normal 0 0 -1
    outer loop
      vertex 25.4815 77.2346 0
      vertex 30.7176 76.0344 0
      vertex 25.4954 77.1177 0
    endloop
  endfacet
  facet normal 0 0 -1
    outer loop
      vertex 25.4586 77.3502 0
      vertex 30.7176 76.0344 0
      vertex 25.4815 77.2346 0
    endloop
  endfacet
  facet normal 0 0 -1
    outer loop
      vertex 25.4266 77.4635 0
      vertex 30.7176 76.0344 0
      vertex 25.4586 77.3502 0
    endloop
  endfacet
  facet normal 0 0 -1
    outer loop
      vertex 25.3858 77.574 0
      vertex 30.7176 76.0344 0
      vertex 25.4266 77.4635 0
    endloop
  endfacet
  facet normal 0 0 -1
    outer loop
      vertex 25.3365 77.681 0
      vertex 30.7176 76.0344 0
      vertex 25.3858 77.574 0
    endloop
  endfacet
  facet normal 0 0 -1
    outer loop
      vertex 25.279 77.7837 0
      vertex 30.7176 76.0344 0
      vertex 25.3365 77.681 0
    endloop
  endfacet
  facet normal 0 0 -1
    outer loop
      vertex 30.7176 76.0344 0
      vertex 25.279 77.7837 0
      vertex 32.415 77.1686 0
    endloop
  endfacet
  facet normal 0 0 -1
    outer loop
      vertex 25.2135 77.8817 0
      vertex 32.415 77.1686 0
      vertex 25.279 77.7837 0
    endloop
  endfacet
  facet normal 0 0 -1
    outer loop
      vertex 25.1406 77.9742 0
      vertex 32.415 77.1686 0
      vertex 25.2135 77.8817 0
    endloop
  endfacet
  facet normal 0 0 -1
    outer loop
      vertex 25.0607 78.0607 0
      vertex 32.415 77.1686 0
      vertex 25.1406 77.9742 0
    endloop
  endfacet
  facet normal 0 0 -1
    outer loop
      vertex 24.9742 78.1406 0
      vertex 32.415 77.1686 0
      vertex 25.0607 78.0607 0
    endloop
  endfacet
  facet normal 0 0 -1
    outer loop
      vertex 24.8817 78.2135 0
      vertex 32.415 77.1686 0
      vertex 24.9742 78.1406 0
    endloop
  endfacet
  facet normal 0 0 -1
    outer loop
      vertex 32.415 77.1686 0
      vertex 24.8817 78.2135 0
      vertex 34.1962 78.1662 0
    endloop
  endfacet
  facet normal 0 0 -1
    outer loop
      vertex 24.7837 78.279 0
      vertex 34.1962 78.1662 0
      vertex 24.8817 78.2135 0
    endloop
  endfacet
  facet normal 0 0 -1
    outer loop
      vertex 24.681 78.3365 0
      vertex 34.1962 78.1662 0
      vertex 24.7837 78.279 0
    endloop
  endfacet
  facet normal 0 0 -1
    outer loop
      vertex 24.574 78.3858 0
      vertex 34.1962 78.1662 0
      vertex 24.681 78.3365 0
    endloop
  endfacet
  facet normal 0 0 -1
    outer loop
      vertex 34.1962 78.1662 0
      vertex 24.574 78.3858 0
      vertex 36.0502 79.0209 0
    endloop
  endfacet
  facet normal 0 0 -1
    outer loop
      vertex 24.4635 78.4266 0
      vertex 36.0502 79.0209 0
      vertex 24.574 78.3858 0
    endloop
  endfacet
  facet normal 0 0 -1
    outer loop
      vertex 24.3502 78.4586 0
      vertex 36.0502 79.0209 0
      vertex 24.4635 78.4266 0
    endloop
  endfacet
  facet normal -0 0 -1
    outer loop
      vertex 36.0502 79.0209 0
      vertex 24.3502 78.4586 0
      vertex 37.9656 79.7275 0
    endloop
  endfacet
  facet normal 0 0 -1
    outer loop
      vertex 7 92 0
      vertex 37.9656 79.7275 0
      vertex 24.3502 78.4586 0
    endloop
  endfacet
  facet normal 0 0 -1
    outer loop
      vertex 37.9656 79.7275 0
      vertex 7 92 0
      vertex 39.9304 80.2816 0
    endloop
  endfacet
  facet normal 0 0 -1
    outer loop
      vertex 7 92 0
      vertex 24.3502 78.4586 0
      vertex 24.2347 78.4815 0
    endloop
  endfacet
  facet normal 0 0 -1
    outer loop
      vertex 7 92 0
      vertex 24.2347 78.4815 0
      vertex 24.1177 78.4954 0
    endloop
  endfacet
  facet normal 0 0 -1
    outer loop
      vertex 7 92 0
      vertex 24.1177 78.4954 0
      vertex 24 78.5 0
    endloop
  endfacet
  facet normal 0 0 -1
    outer loop
      vertex 7 92 0
      vertex 24 78.5 0
      vertex 23.8823 78.4954 0
    endloop
  endfacet
  facet normal 0 0 -1
    outer loop
      vertex 7 92 0
      vertex 23.8823 78.4954 0
      vertex 23.7653 78.4815 0
    endloop
  endfacet
  facet normal 0 0 -1
    outer loop
      vertex 7 92 0
      vertex 23.7653 78.4815 0
      vertex 23.6498 78.4586 0
    endloop
  endfacet
  facet normal 0 0 -1
    outer loop
      vertex 22.5046 76.8823 0
      vertex 0 85 0
      vertex 22.5 77 0
    endloop
  endfacet
  facet normal 0 0 -1
    outer loop
      vertex 0 85 0
      vertex 21.9791 64.9498 0
      vertex 21.2725 63.0344 0
    endloop
  endfacet
  facet normal 0 0 -1
    outer loop
      vertex 0 85 0
      vertex 21.2725 63.0344 0
      vertex 20.7184 61.0696 0
    endloop
  endfacet
  facet normal 0 0 -1
    outer loop
      vertex 0 85 0
      vertex 20.7184 61.0696 0
      vertex 20.3201 59.0673 0
    endloop
  endfacet
  facet normal 0 0 -1
    outer loop
      vertex 22.5 77 0
      vertex 0 85 0
      vertex 22.5046 77.1177 0
    endloop
  endfacet
  facet normal 0 0 -1
    outer loop
      vertex 0 85 0
      vertex 20.0801 52.9601 0
      vertex 0 7 0
    endloop
  endfacet
  facet normal 0 0 -1
    outer loop
      vertex 20.0801 52.9601 0
      vertex 0 85 0
      vertex 20 55 0
    endloop
  endfacet
  facet normal 0 0 -1
    outer loop
      vertex 20 55 0
      vertex 0 85 0
      vertex 20.0801 57.0399 0
    endloop
  endfacet
  facet normal 0 0 -1
    outer loop
      vertex 20.0801 57.0399 0
      vertex 0 85 0
      vertex 20.3201 59.0673 0
    endloop
  endfacet
  facet normal 0 0 -1
    outer loop
      vertex 46 81 0
      vertex 7 92 0
      vertex 85 92 0
    endloop
  endfacet
  facet normal 0 0 -1
    outer loop
      vertex 23.5365 78.4266 0
      vertex 7 92 0
      vertex 23.6498 78.4586 0
    endloop
  endfacet
  facet normal 0 0 -1
    outer loop
      vertex 23.426 78.3858 0
      vertex 7 92 0
      vertex 23.5365 78.4266 0
    endloop
  endfacet
  facet normal 0 0 -1
    outer loop
      vertex 23.319 78.3365 0
      vertex 7 92 0
      vertex 23.426 78.3858 0
    endloop
  endfacet
  facet normal 0 0 -1
    outer loop
      vertex 23.2163 78.279 0
      vertex 7 92 0
      vertex 23.319 78.3365 0
    endloop
  endfacet
  facet normal 0 0 -1
    outer loop
      vertex 23.1183 78.2135 0
      vertex 7 92 0
      vertex 23.2163 78.279 0
    endloop
  endfacet
  facet normal 0 0 -1
    outer loop
      vertex 23.0258 78.1406 0
      vertex 7 92 0
      vertex 23.1183 78.2135 0
    endloop
  endfacet
  facet normal 0 0 -1
    outer loop
      vertex 22.9393 78.0607 0
      vertex 7 92 0
      vertex 23.0258 78.1406 0
    endloop
  endfacet
  facet normal 0 0 -1
    outer loop
      vertex 22.8594 77.9742 0
      vertex 7 92 0
      vertex 22.9393 78.0607 0
    endloop
  endfacet
  facet normal 0 0 -1
    outer loop
      vertex 22.7865 77.8817 0
      vertex 7 92 0
      vertex 22.8594 77.9742 0
    endloop
  endfacet
  facet normal 0 0 -1
    outer loop
      vertex 22.721 77.7837 0
      vertex 7 92 0
      vertex 22.7865 77.8817 0
    endloop
  endfacet
  facet normal 0 0 -1
    outer loop
      vertex 22.6635 77.681 0
      vertex 7 92 0
      vertex 22.721 77.7837 0
    endloop
  endfacet
  facet normal 0 0 -1
    outer loop
      vertex 22.6142 77.574 0
      vertex 7 92 0
      vertex 22.6635 77.681 0
    endloop
  endfacet
  facet normal 0 0 -1
    outer loop
      vertex 22.5734 77.4635 0
      vertex 7 92 0
      vertex 22.6142 77.574 0
    endloop
  endfacet
  facet normal 0 0 -1
    outer loop
      vertex 0 85 0
      vertex 22.5734 77.4635 0
      vertex 22.5414 77.3502 0
    endloop
  endfacet
  facet normal 0 0 -1
    outer loop
      vertex 22.5046 77.1177 0
      vertex 0 85 0
      vertex 22.5185 77.2346 0
    endloop
  endfacet
  facet normal 0 0 -1
    outer loop
      vertex 0 7 0
      vertex 7 0 0
      vertex 6.45079 0.0215778 0
    endloop
  endfacet
  facet normal 0 0 -1
    outer loop
      vertex 22.5185 77.2346 0
      vertex 0 85 0
      vertex 22.5414 77.3502 0
    endloop
  endfacet
  facet normal 0 0 -1
    outer loop
      vertex 0 7 0
      vertex 6.45079 0.0215778 0
      vertex 5.90496 0.0861807 0
    endloop
  endfacet
  facet normal 0 0 -1
    outer loop
      vertex 22.5734 77.4635 0
      vertex 0 85 0
      vertex 7 92 0
    endloop
  endfacet
  facet normal 0 0 -1
    outer loop
      vertex 0 7 0
      vertex 5.90496 0.0861807 0
      vertex 5.36588 0.19341 0
    endloop
  endfacet
  facet normal 0 0 -1
    outer loop
      vertex 7 92 0
      vertex 0 85 0
      vertex 6.45079 91.9784 0
    endloop
  endfacet
  facet normal 0 0 -1
    outer loop
      vertex 0 7 0
      vertex 5.36588 0.19341 0
      vertex 4.83688 0.342604 0
    endloop
  endfacet
  facet normal 0 0 -1
    outer loop
      vertex 6.45079 91.9784 0
      vertex 0 85 0
      vertex 5.90496 91.9138 0
    endloop
  endfacet
  facet normal 0 0 -1
    outer loop
      vertex 0 7 0
      vertex 4.83688 0.342604 0
      vertex 4.32122 0.532843 0
    endloop
  endfacet
  facet normal 0 0 -1
    outer loop
      vertex 5.90496 91.9138 0
      vertex 0 85 0
      vertex 5.36588 91.8066 0
    endloop
  endfacet
  facet normal 0 0 -1
    outer loop
      vertex 0 7 0
      vertex 4.32122 0.532843 0
      vertex 3.82207 0.762954 0
    endloop
  endfacet
  facet normal 0 0 -1
    outer loop
      vertex 5.36588 91.8066 0
      vertex 0 85 0
      vertex 4.83688 91.6574 0
    endloop
  endfacet
  facet normal 0 0 -1
    outer loop
      vertex 0 7 0
      vertex 3.82207 0.762954 0
      vertex 3.34251 1.03152 0
    endloop
  endfacet
  facet normal 0 0 -1
    outer loop
      vertex 4.83688 91.6574 0
      vertex 0 85 0
      vertex 4.32122 91.4672 0
    endloop
  endfacet
  facet normal 0 0 -1
    outer loop
      vertex 0 7 0
      vertex 3.34251 1.03152 0
      vertex 2.8855 1.33688 0
    endloop
  endfacet
  facet normal 0 0 -1
    outer loop
      vertex 4.32122 91.4672 0
      vertex 0 85 0
      vertex 3.82207 91.237 0
    endloop
  endfacet
  facet normal 0 0 -1
    outer loop
      vertex 0 7 0
      vertex 2.8855 1.33688 0
      vertex 2.45386 1.67716 0
    endloop
  endfacet
  facet normal 0 0 -1
    outer loop
      vertex 3.82207 91.237 0
      vertex 0 85 0
      vertex 3.34251 90.9685 0
    endloop
  endfacet
  facet normal 0 0 -1
    outer loop
      vertex 0 7 0
      vertex 2.45386 1.67716 0
      vertex 2.05025 2.05025 0
    endloop
  endfacet
  facet normal 0 0 -1
    outer loop
      vertex 3.34251 90.9685 0
      vertex 0 85 0
      vertex 2.8855 90.6631 0
    endloop
  endfacet
  facet normal 0 0 -1
    outer loop
      vertex 0 7 0
      vertex 2.05025 2.05025 0
      vertex 1.67716 2.45386 0
    endloop
  endfacet
  facet normal 0 0 -1
    outer loop
      vertex 2.8855 90.6631 0
      vertex 0 85 0
      vertex 2.45386 90.3228 0
    endloop
  endfacet
  facet normal 0 0 -1
    outer loop
      vertex 0 7 0
      vertex 1.67716 2.45386 0
      vertex 1.33688 2.8855 0
    endloop
  endfacet
  facet normal 0 0 -1
    outer loop
      vertex 2.45386 90.3228 0
      vertex 0 85 0
      vertex 2.05025 89.9497 0
    endloop
  endfacet
  facet normal 0 0 -1
    outer loop
      vertex 0 7 0
      vertex 1.33688 2.8855 0
      vertex 1.03152 3.34251 0
    endloop
  endfacet
  facet normal 0 0 -1
    outer loop
      vertex 2.05025 89.9497 0
      vertex 0 85 0
      vertex 1.67716 89.5461 0
    endloop
  endfacet
  facet normal 0 0 -1
    outer loop
      vertex 0 7 0
      vertex 1.03152 3.34251 0
      vertex 0.762954 3.82207 0
    endloop
  endfacet
  facet normal 0 0 -1
    outer loop
      vertex 1.67716 89.5461 0
      vertex 0 85 0
      vertex 1.33688 89.1145 0
    endloop
  endfacet
  facet normal 0 0 -1
    outer loop
      vertex 0 7 0
      vertex 0.762954 3.82207 0
      vertex 0.532843 4.32122 0
    endloop
  endfacet
  facet normal 0 0 -1
    outer loop
      vertex 1.33688 89.1145 0
      vertex 0 85 0
      vertex 1.03152 88.6575 0
    endloop
  endfacet
  facet normal 0 0 -1
    outer loop
      vertex 0 7 0
      vertex 0.532843 4.32122 0
      vertex 0.342604 4.83688 0
    endloop
  endfacet
  facet normal 0 0 -1
    outer loop
      vertex 1.03152 88.6575 0
      vertex 0 85 0
      vertex 0.762954 88.1779 0
    endloop
  endfacet
  facet normal 0 0 -1
    outer loop
      vertex 0 7 0
      vertex 0.342604 4.83688 0
      vertex 0.19341 5.36588 0
    endloop
  endfacet
  facet normal 0 0 -1
    outer loop
      vertex 0.762954 88.1779 0
      vertex 0 85 0
      vertex 0.532843 87.6788 0
    endloop
  endfacet
  facet normal 0 0 -1
    outer loop
      vertex 0 7 0
      vertex 0.19341 5.36588 0
      vertex 0.0861807 5.90496 0
    endloop
  endfacet
  facet normal 0 0 -1
    outer loop
      vertex 0.532843 87.6788 0
      vertex 0 85 0
      vertex 0.342604 87.1631 0
    endloop
  endfacet
  facet normal 0 0 -1
    outer loop
      vertex 0 7 0
      vertex 0.0861807 5.90496 0
      vertex 0.0215778 6.45079 0
    endloop
  endfacet
  facet normal 0 0 -1
    outer loop
      vertex 0.342604 87.1631 0
      vertex 0 85 0
      vertex 0.19341 86.6341 0
    endloop
  endfacet
  facet normal 0 0 -1
    outer loop
      vertex 0.19341 86.6341 0
      vertex 0 85 0
      vertex 0.0861807 86.095 0
    endloop
  endfacet
  facet normal 0 0 -1
    outer loop
      vertex 0.0861807 86.095 0
      vertex 0 85 0
      vertex 0.0215778 85.5492 0
    endloop
  endfacet
  facet normal 0 0 -1
    outer loop
      vertex 92 7 0
      vertex 69.4815 33.2346 0
      vertex 70.7275 46.9656 0
    endloop
  endfacet
  facet normal 0 0 -1
    outer loop
      vertex 69.4586 33.3502 0
      vertex 70.7275 46.9656 0
      vertex 69.4815 33.2346 0
    endloop
  endfacet
  facet normal 0 0 -1
    outer loop
      vertex 70.7275 46.9656 0
      vertex 69.4586 33.3502 0
      vertex 70.0209 45.0502 0
    endloop
  endfacet
  facet normal 0 0 -1
    outer loop
      vertex 69.4266 33.4635 0
      vertex 70.0209 45.0502 0
      vertex 69.4586 33.3502 0
    endloop
  endfacet
  facet normal 0 0 -1
    outer loop
      vertex 69.3858 33.574 0
      vertex 70.0209 45.0502 0
      vertex 69.4266 33.4635 0
    endloop
  endfacet
  facet normal 0 0 -1
    outer loop
      vertex 69.1662 43.1962 0
      vertex 69.3858 33.574 0
      vertex 69.3365 33.681 0
    endloop
  endfacet
  facet normal 0 0 -1
    outer loop
      vertex 69.1662 43.1962 0
      vertex 69.3365 33.681 0
      vertex 69.279 33.7837 0
    endloop
  endfacet
  facet normal 0 0 -1
    outer loop
      vertex 69.1662 43.1962 0
      vertex 69.279 33.7837 0
      vertex 69.2135 33.8817 0
    endloop
  endfacet
  facet normal 0 0 -1
    outer loop
      vertex 69.3858 33.574 0
      vertex 69.1662 43.1962 0
      vertex 70.0209 45.0502 0
    endloop
  endfacet
  facet normal 0 0 -1
    outer loop
      vertex 68.1686 41.415 0
      vertex 69.2135 33.8817 0
      vertex 69.1406 33.9742 0
    endloop
  endfacet
  facet normal 0 0 -1
    outer loop
      vertex 68.1686 41.415 0
      vertex 69.1406 33.9742 0
      vertex 69.0607 34.0607 0
    endloop
  endfacet
  facet normal 0 0 -1
    outer loop
      vertex 68.1686 41.415 0
      vertex 69.0607 34.0607 0
      vertex 68.9742 34.1406 0
    endloop
  endfacet
  facet normal 0 0 -1
    outer loop
      vertex 68.1686 41.415 0
      vertex 68.9742 34.1406 0
      vertex 68.8817 34.2135 0
    endloop
  endfacet
  facet normal 0 0 -1
    outer loop
      vertex 68.1686 41.415 0
      vertex 68.8817 34.2135 0
      vertex 68.7837 34.279 0
    endloop
  endfacet
  facet normal 0 0 -1
    outer loop
      vertex 67.0344 39.7176 0
      vertex 68.7837 34.279 0
      vertex 68.681 34.3365 0
    endloop
  endfacet
  facet normal 0 0 -1
    outer loop
      vertex 67.0344 39.7176 0
      vertex 68.681 34.3365 0
      vertex 68.574 34.3858 0
    endloop
  endfacet
  facet normal 0 0 -1
    outer loop
      vertex 67.0344 39.7176 0
      vertex 68.574 34.3858 0
      vertex 68.4635 34.4266 0
    endloop
  endfacet
  facet normal 0 0 -1
    outer loop
      vertex 67.0344 39.7176 0
      vertex 68.4635 34.4266 0
      vertex 68.3502 34.4586 0
    endloop
  endfacet
  facet normal 0 0 -1
    outer loop
      vertex 67.0344 39.7176 0
      vertex 68.3502 34.4586 0
      vertex 68.2346 34.4815 0
    endloop
  endfacet
  facet normal 0 0 -1
    outer loop
      vertex 69.2135 33.8817 0
      vertex 68.1686 41.415 0
      vertex 69.1662 43.1962 0
    endloop
  endfacet
  facet normal 0 0 -1
    outer loop
      vertex 67.0344 39.7176 0
      vertex 68.2346 34.4815 0
      vertex 68.1177 34.4954 0
    endloop
  endfacet
  facet normal 0 0 -1
    outer loop
      vertex 65.7706 38.1143 0
      vertex 68.1177 34.4954 0
      vertex 68 34.5 0
    endloop
  endfacet
  facet normal 0 0 -1
    outer loop
      vertex 65.7706 38.1143 0
      vertex 68 34.5 0
      vertex 67.8823 34.4954 0
    endloop
  endfacet
  facet normal 0 0 -1
    outer loop
      vertex 65.7706 38.1143 0
      vertex 67.8823 34.4954 0
      vertex 67.7654 34.4815 0
    endloop
  endfacet
  facet normal 0 0 -1
    outer loop
      vertex 65.7706 38.1143 0
      vertex 67.7654 34.4815 0
      vertex 67.6498 34.4586 0
    endloop
  endfacet
  facet normal 0 0 -1
    outer loop
      vertex 65.7706 38.1143 0
      vertex 67.6498 34.4586 0
      vertex 67.5365 34.4266 0
    endloop
  endfacet
  facet normal 0 0 -1
    outer loop
      vertex 65.7706 38.1143 0
      vertex 67.5365 34.4266 0
      vertex 67.426 34.3858 0
    endloop
  endfacet
  facet normal 0 0 -1
    outer loop
      vertex 65.7706 38.1143 0
      vertex 67.426 34.3858 0
      vertex 67.319 34.3365 0
    endloop
  endfacet
  facet normal 0 0 -1
    outer loop
      vertex 65.7706 38.1143 0
      vertex 67.319 34.3365 0
      vertex 67.2162 34.279 0
    endloop
  endfacet
  facet normal 0 0 -1
    outer loop
      vertex 65.7706 38.1143 0
      vertex 67.2162 34.279 0
      vertex 67.1183 34.2135 0
    endloop
  endfacet
  facet normal 0 0 -1
    outer loop
      vertex 68.7837 34.279 0
      vertex 67.0344 39.7176 0
      vertex 68.1686 41.415 0
    endloop
  endfacet
  facet normal 0 0 -1
    outer loop
      vertex 65.7706 38.1143 0
      vertex 67.1183 34.2135 0
      vertex 67.0258 34.1406 0
    endloop
  endfacet
  facet normal 0 0 -1
    outer loop
      vertex 65.7706 38.1143 0
      vertex 67.0258 34.1406 0
      vertex 66.9393 34.0607 0
    endloop
  endfacet
  facet normal 0 0 -1
    outer loop
      vertex 65.7706 38.1143 0
      vertex 66.9393 34.0607 0
      vertex 66.8594 33.9742 0
    endloop
  endfacet
  facet normal 0 0 -1
    outer loop
      vertex 65.7706 38.1143 0
      vertex 66.8594 33.9742 0
      vertex 66.7865 33.8817 0
    endloop
  endfacet
  facet normal 0 0 -1
    outer loop
      vertex 65.7706 38.1143 0
      vertex 66.7865 33.8817 0
      vertex 66.721 33.7837 0
    endloop
  endfacet
  facet normal 0 0 -1
    outer loop
      vertex 65.7706 38.1143 0
      vertex 66.721 33.7837 0
      vertex 66.6635 33.681 0
    endloop
  endfacet
  facet normal 0 0 -1
    outer loop
      vertex 65.7706 38.1143 0
      vertex 66.6635 33.681 0
      vertex 66.6142 33.574 0
    endloop
  endfacet
  facet normal 0 0 -1
    outer loop
      vertex 65.7706 38.1143 0
      vertex 66.6142 33.574 0
      vertex 66.5734 33.4635 0
    endloop
  endfacet
  facet normal 0 0 -1
    outer loop
      vertex 65.7706 38.1143 0
      vertex 66.5734 33.4635 0
      vertex 66.5414 33.3502 0
    endloop
  endfacet
  facet normal 0 0 -1
    outer loop
      vertex 65.7706 38.1143 0
      vertex 66.5414 33.3502 0
      vertex 66.5185 33.2346 0
    endloop
  endfacet
  facet normal 0 0 -1
    outer loop
      vertex 65.7706 38.1143 0
      vertex 66.5185 33.2346 0
      vertex 66.5046 33.1177 0
    endloop
  endfacet
  facet normal 0 0 -1
    outer loop
      vertex 68.1177 34.4954 0
      vertex 65.7706 38.1143 0
      vertex 67.0344 39.7176 0
    endloop
  endfacet
  facet normal 0 0 -1
    outer loop
      vertex 65.7706 38.1143 0
      vertex 66.5046 33.1177 0
      vertex 66.5 33 0
    endloop
  endfacet
  facet normal -0.938199 0.346097 0
    outer loop
      vertex 0.342604 87.1631 0
      vertex 0.532843 87.6788 64
      vertex 0.532843 87.6788 0
    endloop
  endfacet
  facet normal -0.938199 0.346097 0
    outer loop
      vertex 0.532843 87.6788 64
      vertex 0.342604 87.1631 0
      vertex 0.342604 87.1631 64
    endloop
  endfacet
  facet normal -0.117532 0.993069 0
    outer loop
      vertex 6.45079 91.9784 0
      vertex 5.90496 91.9138 64
      vertex 6.45079 91.9784 64
    endloop
  endfacet
  facet normal -0.117532 0.993069 0
    outer loop
      vertex 5.90496 91.9138 64
      vertex 6.45079 91.9784 0
      vertex 5.90496 91.9138 0
    endloop
  endfacet
  facet normal 0.993068 0.117538 0
    outer loop
      vertex 91.9784 85.5492 64
      vertex 91.9138 86.095 0
      vertex 91.9138 86.095 64
    endloop
  endfacet
  facet normal 0.993068 0.117538 0
    outer loop
      vertex 91.9138 86.095 0
      vertex 91.9784 85.5492 64
      vertex 91.9784 85.5492 0
    endloop
  endfacet
  facet normal 0.999227 0.0392996 0
    outer loop
      vertex 92 85 64
      vertex 91.9784 85.5492 0
      vertex 91.9784 85.5492 64
    endloop
  endfacet
  facet normal 0.999227 0.0392996 0
    outer loop
      vertex 91.9784 85.5492 0
      vertex 92 85 64
      vertex 92 85 0
    endloop
  endfacet
  facet normal -0.0392585 -0.999229 0
    outer loop
      vertex 6.45079 0.0215778 0
      vertex 7 0 64
      vertex 6.45079 0.0215778 64
    endloop
  endfacet
  facet normal -0.0392585 -0.999229 -0
    outer loop
      vertex 7 0 64
      vertex 6.45079 0.0215778 0
      vertex 7 0 0
    endloop
  endfacet
  facet normal -0.19509 -0.980785 0
    outer loop
      vertex 5.36588 0.19341 0
      vertex 5.90496 0.0861807 64
      vertex 5.36588 0.19341 64
    endloop
  endfacet
  facet normal -0.19509 -0.980785 -0
    outer loop
      vertex 5.90496 0.0861807 64
      vertex 5.36588 0.19341 0
      vertex 5.90496 0.0861807 0
    endloop
  endfacet
  facet normal -0.962455 -0.271441 0
    outer loop
      vertex 0.342604 4.83688 0
      vertex 0.19341 5.36588 64
      vertex 0.19341 5.36588 0
    endloop
  endfacet
  facet normal -0.962455 -0.271441 0
    outer loop
      vertex 0.19341 5.36588 64
      vertex 0.342604 4.83688 0
      vertex 0.342604 4.83688 64
    endloop
  endfacet
  facet normal -0.831468 0.555573 0
    outer loop
      vertex 1.03152 88.6575 0
      vertex 1.33688 89.1145 64
      vertex 1.33688 89.1145 0
    endloop
  endfacet
  facet normal -0.831468 0.555573 0
    outer loop
      vertex 1.33688 89.1145 64
      vertex 1.03152 88.6575 0
      vertex 1.03152 88.6575 64
    endloop
  endfacet
  facet normal -0.785287 0.619132 0
    outer loop
      vertex 1.33688 89.1145 0
      vertex 1.67716 89.5461 64
      vertex 1.67716 89.5461 0
    endloop
  endfacet
  facet normal -0.785287 0.619132 0
    outer loop
      vertex 1.67716 89.5461 64
      vertex 1.33688 89.1145 0
      vertex 1.33688 89.1145 64
    endloop
  endfacet
  facet normal 0.346034 0.938222 -0
    outer loop
      vertex 87.6788 91.4672 0
      vertex 87.1631 91.6574 64
      vertex 87.6788 91.4672 64
    endloop
  endfacet
  facet normal 0.346034 0.938222 0
    outer loop
      vertex 87.1631 91.6574 64
      vertex 87.6788 91.4672 0
      vertex 87.1631 91.6574 0
    endloop
  endfacet
  facet normal 0.418827 0.908066 -0
    outer loop
      vertex 88.1779 91.237 0
      vertex 87.6788 91.4672 64
      vertex 88.1779 91.237 64
    endloop
  endfacet
  facet normal 0.418827 0.908066 0
    outer loop
      vertex 87.6788 91.4672 64
      vertex 88.1779 91.237 0
      vertex 87.6788 91.4672 0
    endloop
  endfacet
  facet normal 0 1 -0
    outer loop
      vertex 85 92 0
      vertex 7 92 64
      vertex 85 92 64
    endloop
  endfacet
  facet normal 0 1 0
    outer loop
      vertex 7 92 64
      vertex 85 92 0
      vertex 7 92 0
    endloop
  endfacet
  facet normal 0.0392996 0.999227 -0
    outer loop
      vertex 85.5492 91.9784 0
      vertex 85 92 64
      vertex 85.5492 91.9784 64
    endloop
  endfacet
  facet normal 0.0392996 0.999227 0
    outer loop
      vertex 85 92 64
      vertex 85.5492 91.9784 0
      vertex 85 92 0
    endloop
  endfacet
  facet normal 0.938213 -0.346058 0
    outer loop
      vertex 91.4672 4.32122 64
      vertex 91.6574 4.83688 0
      vertex 91.6574 4.83688 64
    endloop
  endfacet
  facet normal 0.938213 -0.346058 0
    outer loop
      vertex 91.6574 4.83688 0
      vertex 91.4672 4.32122 64
      vertex 91.4672 4.32122 0
    endloop
  endfacet
  facet normal -0.271441 -0.962455 0
    outer loop
      vertex 4.83688 0.342604 0
      vertex 5.36588 0.19341 64
      vertex 4.83688 0.342604 64
    endloop
  endfacet
  facet normal -0.271441 -0.962455 -0
    outer loop
      vertex 5.36588 0.19341 64
      vertex 4.83688 0.342604 0
      vertex 5.36588 0.19341 0
    endloop
  endfacet
  facet normal -0.678807 0.734316 0
    outer loop
      vertex 2.45386 90.3228 0
      vertex 2.05025 89.9497 64
      vertex 2.45386 90.3228 64
    endloop
  endfacet
  facet normal -0.678807 0.734316 0
    outer loop
      vertex 2.05025 89.9497 64
      vertex 2.45386 90.3228 0
      vertex 2.05025 89.9497 0
    endloop
  endfacet
  facet normal -0.908127 0.418694 0
    outer loop
      vertex 0.532843 87.6788 0
      vertex 0.762954 88.1779 64
      vertex 0.762954 88.1779 0
    endloop
  endfacet
  facet normal -0.908127 0.418694 0
    outer loop
      vertex 0.762954 88.1779 64
      vertex 0.532843 87.6788 0
      vertex 0.532843 87.6788 64
    endloop
  endfacet
  facet normal -0.872514 0.48859 0
    outer loop
      vertex 0.762954 88.1779 0
      vertex 1.03152 88.6575 64
      vertex 1.03152 88.6575 0
    endloop
  endfacet
  facet normal -0.872514 0.48859 0
    outer loop
      vertex 1.03152 88.6575 64
      vertex 0.762954 88.1779 0
      vertex 0.762954 88.1779 64
    endloop
  endfacet
  facet normal -0.980787 0.195083 0
    outer loop
      vertex 0.0861807 86.095 0
      vertex 0.19341 86.6341 64
      vertex 0.19341 86.6341 0
    endloop
  endfacet
  facet normal -0.980787 0.195083 0
    outer loop
      vertex 0.19341 86.6341 64
      vertex 0.0861807 86.095 0
      vertex 0.0861807 86.095 64
    endloop
  endfacet
  facet normal -0.999229 0.0392592 0
    outer loop
      vertex 0 85 0
      vertex 0.0215778 85.5492 64
      vertex 0.0215778 85.5492 0
    endloop
  endfacet
  facet normal -0.999229 0.0392592 0
    outer loop
      vertex 0.0215778 85.5492 64
      vertex 0 85 0
      vertex 0 85 64
    endloop
  endfacet
  facet normal -0.993068 0.117543 0
    outer loop
      vertex 0.0215778 85.5492 0
      vertex 0.0861807 86.095 64
      vertex 0.0861807 86.095 0
    endloop
  endfacet
  facet normal -0.993068 0.117543 0
    outer loop
      vertex 0.0861807 86.095 64
      vertex 0.0215778 85.5492 0
      vertex 0.0215778 85.5492 64
    endloop
  endfacet
  facet normal 0.980797 0.195031 0
    outer loop
      vertex 91.9138 86.095 64
      vertex 91.8066 86.6341 0
      vertex 91.8066 86.6341 64
    endloop
  endfacet
  facet normal 0.980797 0.195031 0
    outer loop
      vertex 91.8066 86.6341 0
      vertex 91.9138 86.095 64
      vertex 91.9138 86.095 0
    endloop
  endfacet
  facet normal 0.271452 0.962452 -0
    outer loop
      vertex 87.1631 91.6574 0
      vertex 86.6341 91.8066 64
      vertex 87.1631 91.6574 64
    endloop
  endfacet
  facet normal 0.271452 0.962452 0
    outer loop
      vertex 86.6341 91.8066 64
      vertex 87.1631 91.6574 0
      vertex 86.6341 91.8066 0
    endloop
  endfacet
  facet normal 0.619155 0.785269 -0
    outer loop
      vertex 89.5461 90.3228 0
      vertex 89.1145 90.6631 64
      vertex 89.5461 90.3228 64
    endloop
  endfacet
  facet normal 0.619155 0.785269 0
    outer loop
      vertex 89.1145 90.6631 64
      vertex 89.5461 90.3228 0
      vertex 89.1145 90.6631 0
    endloop
  endfacet
  facet normal 0.678816 0.734308 -0
    outer loop
      vertex 89.9497 89.9497 0
      vertex 89.5461 90.3228 64
      vertex 89.9497 89.9497 64
    endloop
  endfacet
  facet normal 0.678816 0.734308 0
    outer loop
      vertex 89.5461 90.3228 64
      vertex 89.9497 89.9497 0
      vertex 89.5461 90.3228 0
    endloop
  endfacet
  facet normal 0.734308 0.678816 0
    outer loop
      vertex 90.3228 89.5461 64
      vertex 89.9497 89.9497 0
      vertex 89.9497 89.9497 64
    endloop
  endfacet
  facet normal 0.734308 0.678816 0
    outer loop
      vertex 89.9497 89.9497 0
      vertex 90.3228 89.5461 64
      vertex 90.3228 89.5461 0
    endloop
  endfacet
  facet normal -0.0392988 0.999228 0
    outer loop
      vertex 7 92 0
      vertex 6.45079 91.9784 64
      vertex 7 92 64
    endloop
  endfacet
  facet normal -0.0392988 0.999228 0
    outer loop
      vertex 6.45079 91.9784 64
      vertex 7 92 0
      vertex 6.45079 91.9784 0
    endloop
  endfacet
  facet normal -0.271452 0.962452 0
    outer loop
      vertex 5.36588 91.8066 0
      vertex 4.83688 91.6574 64
      vertex 5.36588 91.8066 64
    endloop
  endfacet
  facet normal -0.271452 0.962452 0
    outer loop
      vertex 4.83688 91.6574 64
      vertex 5.36588 91.8066 0
      vertex 4.83688 91.6574 0
    endloop
  endfacet
  facet normal -0.619119 0.785297 0
    outer loop
      vertex 2.8855 90.6631 0
      vertex 2.45386 90.3228 64
      vertex 2.8855 90.6631 64
    endloop
  endfacet
  facet normal -0.619119 0.785297 0
    outer loop
      vertex 2.45386 90.3228 64
      vertex 2.8855 90.6631 0
      vertex 2.45386 90.3228 0
    endloop
  endfacet
  facet normal 0.346097 -0.938199 0
    outer loop
      vertex 87.1631 0.342604 0
      vertex 87.6788 0.532843 64
      vertex 87.1631 0.342604 64
    endloop
  endfacet
  facet normal 0.346097 -0.938199 0
    outer loop
      vertex 87.6788 0.532843 64
      vertex 87.1631 0.342604 0
      vertex 87.6788 0.532843 0
    endloop
  endfacet
  facet normal 0.555573 -0.831468 0
    outer loop
      vertex 88.6575 1.03152 0
      vertex 89.1145 1.33688 64
      vertex 88.6575 1.03152 64
    endloop
  endfacet
  facet normal 0.555573 -0.831468 0
    outer loop
      vertex 89.1145 1.33688 64
      vertex 88.6575 1.03152 0
      vertex 89.1145 1.33688 0
    endloop
  endfacet
  facet normal 0.908082 -0.418793 0
    outer loop
      vertex 91.237 3.82207 64
      vertex 91.4672 4.32122 0
      vertex 91.4672 4.32122 64
    endloop
  endfacet
  facet normal 0.908082 -0.418793 0
    outer loop
      vertex 91.4672 4.32122 0
      vertex 91.237 3.82207 64
      vertex 91.237 3.82207 0
    endloop
  endfacet
  facet normal 0.872548 -0.488529 0
    outer loop
      vertex 90.9685 3.34251 64
      vertex 91.237 3.82207 0
      vertex 91.237 3.82207 64
    endloop
  endfacet
  facet normal 0.872548 -0.488529 0
    outer loop
      vertex 91.237 3.82207 0
      vertex 90.9685 3.34251 64
      vertex 90.9685 3.34251 0
    endloop
  endfacet
  facet normal 0 -1 0
    outer loop
      vertex 7 0 0
      vertex 85 0 64
      vertex 7 0 64
    endloop
  endfacet
  facet normal 0 -1 -0
    outer loop
      vertex 85 0 64
      vertex 7 0 0
      vertex 85 0 0
    endloop
  endfacet
  facet normal -0.831473 -0.555565 0
    outer loop
      vertex 1.33688 2.8855 0
      vertex 1.03152 3.34251 64
      vertex 1.03152 3.34251 0
    endloop
  endfacet
  facet normal -0.831473 -0.555565 0
    outer loop
      vertex 1.03152 3.34251 64
      vertex 1.33688 2.8855 0
      vertex 1.33688 2.8855 64
    endloop
  endfacet
  facet normal -0.734317 0.678807 0
    outer loop
      vertex 1.67716 89.5461 0
      vertex 2.05025 89.9497 64
      vertex 2.05025 89.9497 0
    endloop
  endfacet
  facet normal -0.734317 0.678807 0
    outer loop
      vertex 2.05025 89.9497 64
      vertex 1.67716 89.5461 0
      vertex 1.67716 89.5461 64
    endloop
  endfacet
  facet normal -0.962455 0.271441 0
    outer loop
      vertex 0.19341 86.6341 0
      vertex 0.342604 87.1631 64
      vertex 0.342604 87.1631 0
    endloop
  endfacet
  facet normal -0.962455 0.271441 0
    outer loop
      vertex 0.342604 87.1631 64
      vertex 0.19341 86.6341 0
      vertex 0.19341 86.6341 64
    endloop
  endfacet
  facet normal 0.117538 0.993068 -0
    outer loop
      vertex 86.095 91.9138 0
      vertex 85.5492 91.9784 64
      vertex 86.095 91.9138 64
    endloop
  endfacet
  facet normal 0.117538 0.993068 0
    outer loop
      vertex 85.5492 91.9784 64
      vertex 86.095 91.9138 0
      vertex 85.5492 91.9784 0
    endloop
  endfacet
  facet normal 0.195031 0.980797 -0
    outer loop
      vertex 86.6341 91.8066 0
      vertex 86.095 91.9138 64
      vertex 86.6341 91.8066 64
    endloop
  endfacet
  facet normal 0.195031 0.980797 0
    outer loop
      vertex 86.095 91.9138 64
      vertex 86.6341 91.8066 0
      vertex 86.095 91.9138 0
    endloop
  endfacet
  facet normal 0.488498 0.872565 -0
    outer loop
      vertex 88.6575 90.9685 0
      vertex 88.1779 91.237 64
      vertex 88.6575 90.9685 64
    endloop
  endfacet
  facet normal 0.488498 0.872565 0
    outer loop
      vertex 88.1779 91.237 64
      vertex 88.6575 90.9685 0
      vertex 88.1779 91.237 0
    endloop
  endfacet
  facet normal 0.555624 0.831434 -0
    outer loop
      vertex 89.1145 90.6631 0
      vertex 88.6575 90.9685 64
      vertex 89.1145 90.6631 64
    endloop
  endfacet
  facet normal 0.555624 0.831434 0
    outer loop
      vertex 88.6575 90.9685 64
      vertex 89.1145 90.6631 0
      vertex 88.6575 90.9685 0
    endloop
  endfacet
  facet normal 0.962452 0.271452 0
    outer loop
      vertex 91.8066 86.6341 64
      vertex 91.6574 87.1631 0
      vertex 91.6574 87.1631 64
    endloop
  endfacet
  facet normal 0.962452 0.271452 0
    outer loop
      vertex 91.6574 87.1631 0
      vertex 91.8066 86.6341 64
      vertex 91.8066 86.6341 0
    endloop
  endfacet
  facet normal 0.785269 0.619155 0
    outer loop
      vertex 90.6631 89.1145 64
      vertex 90.3228 89.5461 0
      vertex 90.3228 89.5461 64
    endloop
  endfacet
  facet normal 0.785269 0.619155 0
    outer loop
      vertex 90.3228 89.5461 0
      vertex 90.6631 89.1145 64
      vertex 90.6631 89.1145 0
    endloop
  endfacet
  facet normal 0.831434 0.555624 0
    outer loop
      vertex 90.9685 88.6575 64
      vertex 90.6631 89.1145 0
      vertex 90.6631 89.1145 64
    endloop
  endfacet
  facet normal 0.831434 0.555624 0
    outer loop
      vertex 90.6631 89.1145 0
      vertex 90.9685 88.6575 64
      vertex 90.9685 88.6575 0
    endloop
  endfacet
  facet normal 0.938222 0.346034 0
    outer loop
      vertex 91.6574 87.1631 64
      vertex 91.4672 87.6788 0
      vertex 91.4672 87.6788 64
    endloop
  endfacet
  facet normal 0.938222 0.346034 0
    outer loop
      vertex 91.4672 87.6788 0
      vertex 91.6574 87.1631 64
      vertex 91.6574 87.1631 0
    endloop
  endfacet
  facet normal 0.872565 0.488498 0
    outer loop
      vertex 91.237 88.1779 64
      vertex 90.9685 88.6575 0
      vertex 90.9685 88.6575 64
    endloop
  endfacet
  facet normal 0.872565 0.488498 0
    outer loop
      vertex 90.9685 88.6575 0
      vertex 91.237 88.1779 64
      vertex 91.237 88.1779 0
    endloop
  endfacet
  facet normal -0.195038 0.980796 0
    outer loop
      vertex 5.90496 91.9138 0
      vertex 5.36588 91.8066 64
      vertex 5.90496 91.9138 64
    endloop
  endfacet
  facet normal -0.195038 0.980796 0
    outer loop
      vertex 5.36588 91.8066 64
      vertex 5.90496 91.9138 0
      vertex 5.36588 91.8066 0
    endloop
  endfacet
  facet normal -0.555615 0.83144 0
    outer loop
      vertex 3.34251 90.9685 0
      vertex 2.8855 90.6631 64
      vertex 3.34251 90.9685 64
    endloop
  endfacet
  facet normal -0.555615 0.83144 0
    outer loop
      vertex 2.8855 90.6631 64
      vertex 3.34251 90.9685 0
      vertex 2.8855 90.6631 0
    endloop
  endfacet
  facet normal -0.346058 0.938213 0
    outer loop
      vertex 4.83688 91.6574 0
      vertex 4.32122 91.4672 64
      vertex 4.83688 91.6574 64
    endloop
  endfacet
  facet normal -0.346058 0.938213 0
    outer loop
      vertex 4.32122 91.4672 64
      vertex 4.83688 91.6574 0
      vertex 4.32122 91.4672 0
    endloop
  endfacet
  facet normal -0.488529 0.872548 0
    outer loop
      vertex 3.82207 91.237 0
      vertex 3.34251 90.9685 64
      vertex 3.82207 91.237 64
    endloop
  endfacet
  facet normal -0.488529 0.872548 0
    outer loop
      vertex 3.34251 90.9685 64
      vertex 3.82207 91.237 0
      vertex 3.34251 90.9685 0
    endloop
  endfacet
  facet normal 0.678807 -0.734317 0
    outer loop
      vertex 89.5461 1.67716 0
      vertex 89.9497 2.05025 64
      vertex 89.5461 1.67716 64
    endloop
  endfacet
  facet normal 0.678807 -0.734317 0
    outer loop
      vertex 89.9497 2.05025 64
      vertex 89.5461 1.67716 0
      vertex 89.9497 2.05025 0
    endloop
  endfacet
  facet normal 0.999228 -0.0392988 0
    outer loop
      vertex 91.9784 6.45079 64
      vertex 92 7 0
      vertex 92 7 64
    endloop
  endfacet
  facet normal 0.999228 -0.0392988 0
    outer loop
      vertex 92 7 0
      vertex 91.9784 6.45079 64
      vertex 91.9784 6.45079 0
    endloop
  endfacet
  facet normal 0.993069 -0.117532 0
    outer loop
      vertex 91.9138 5.90496 64
      vertex 91.9784 6.45079 0
      vertex 91.9784 6.45079 64
    endloop
  endfacet
  facet normal 0.993069 -0.117532 0
    outer loop
      vertex 91.9784 6.45079 0
      vertex 91.9138 5.90496 64
      vertex 91.9138 5.90496 0
    endloop
  endfacet
  facet normal 0.734316 -0.678807 0
    outer loop
      vertex 89.9497 2.05025 64
      vertex 90.3228 2.45386 0
      vertex 90.3228 2.45386 64
    endloop
  endfacet
  facet normal 0.734316 -0.678807 0
    outer loop
      vertex 90.3228 2.45386 0
      vertex 89.9497 2.05025 64
      vertex 89.9497 2.05025 0
    endloop
  endfacet
  facet normal -0.117537 -0.993069 0
    outer loop
      vertex 5.90496 0.0861807 0
      vertex 6.45079 0.0215778 64
      vertex 5.90496 0.0861807 64
    endloop
  endfacet
  facet normal -0.117537 -0.993069 -0
    outer loop
      vertex 6.45079 0.0215778 64
      vertex 5.90496 0.0861807 0
      vertex 6.45079 0.0215778 0
    endloop
  endfacet
  facet normal -0.34612 -0.93819 0
    outer loop
      vertex 4.32122 0.532843 0
      vertex 4.83688 0.342604 64
      vertex 4.32122 0.532843 64
    endloop
  endfacet
  facet normal -0.34612 -0.93819 -0
    outer loop
      vertex 4.83688 0.342604 64
      vertex 4.32122 0.532843 0
      vertex 4.83688 0.342604 0
    endloop
  endfacet
  facet normal -0.488621 -0.872496 0
    outer loop
      vertex 3.34251 1.03152 0
      vertex 3.82207 0.762954 64
      vertex 3.34251 1.03152 64
    endloop
  endfacet
  facet normal -0.488621 -0.872496 -0
    outer loop
      vertex 3.82207 0.762954 64
      vertex 3.34251 1.03152 0
      vertex 3.82207 0.762954 0
    endloop
  endfacet
  facet normal -0.678798 -0.734325 0
    outer loop
      vertex 2.05025 2.05025 0
      vertex 2.45386 1.67716 64
      vertex 2.05025 2.05025 64
    endloop
  endfacet
  facet normal -0.678798 -0.734325 -0
    outer loop
      vertex 2.45386 1.67716 64
      vertex 2.05025 2.05025 0
      vertex 2.45386 1.67716 0
    endloop
  endfacet
  facet normal 0.908066 0.418827 0
    outer loop
      vertex 91.4672 87.6788 64
      vertex 91.237 88.1779 0
      vertex 91.237 88.1779 64
    endloop
  endfacet
  facet normal 0.908066 0.418827 0
    outer loop
      vertex 91.237 88.1779 0
      vertex 91.4672 87.6788 64
      vertex 91.4672 87.6788 0
    endloop
  endfacet
  facet normal -0.418793 0.908082 0
    outer loop
      vertex 4.32122 91.4672 0
      vertex 3.82207 91.237 64
      vertex 4.32122 91.4672 64
    endloop
  endfacet
  facet normal -0.418793 0.908082 0
    outer loop
      vertex 3.82207 91.237 64
      vertex 4.32122 91.4672 0
      vertex 3.82207 91.237 0
    endloop
  endfacet
  facet normal 0.619132 -0.785287 0
    outer loop
      vertex 89.1145 1.33688 0
      vertex 89.5461 1.67716 64
      vertex 89.1145 1.33688 64
    endloop
  endfacet
  facet normal 0.619132 -0.785287 0
    outer loop
      vertex 89.5461 1.67716 64
      vertex 89.1145 1.33688 0
      vertex 89.5461 1.67716 0
    endloop
  endfacet
  facet normal 0.418694 -0.908127 0
    outer loop
      vertex 87.6788 0.532843 0
      vertex 88.1779 0.762954 64
      vertex 87.6788 0.532843 64
    endloop
  endfacet
  facet normal 0.418694 -0.908127 0
    outer loop
      vertex 88.1779 0.762954 64
      vertex 87.6788 0.532843 0
      vertex 88.1779 0.762954 0
    endloop
  endfacet
  facet normal 0.83144 -0.555615 0
    outer loop
      vertex 90.6631 2.8855 64
      vertex 90.9685 3.34251 0
      vertex 90.9685 3.34251 64
    endloop
  endfacet
  facet normal 0.83144 -0.555615 0
    outer loop
      vertex 90.9685 3.34251 0
      vertex 90.6631 2.8855 64
      vertex 90.6631 2.8855 0
    endloop
  endfacet
  facet normal -0.418659 -0.908143 0
    outer loop
      vertex 3.82207 0.762954 0
      vertex 4.32122 0.532843 64
      vertex 3.82207 0.762954 64
    endloop
  endfacet
  facet normal -0.418659 -0.908143 -0
    outer loop
      vertex 4.32122 0.532843 64
      vertex 3.82207 0.762954 0
      vertex 4.32122 0.532843 0
    endloop
  endfacet
  facet normal -0.785315 -0.619097 0
    outer loop
      vertex 1.67716 2.45386 0
      vertex 1.33688 2.8855 64
      vertex 1.33688 2.8855 0
    endloop
  endfacet
  facet normal -0.785315 -0.619097 0
    outer loop
      vertex 1.33688 2.8855 64
      vertex 1.67716 2.45386 0
      vertex 1.67716 2.45386 64
    endloop
  endfacet
  facet normal -0.555565 -0.831473 0
    outer loop
      vertex 2.8855 1.33688 0
      vertex 3.34251 1.03152 64
      vertex 2.8855 1.33688 64
    endloop
  endfacet
  facet normal -0.555565 -0.831473 -0
    outer loop
      vertex 3.34251 1.03152 64
      vertex 2.8855 1.33688 0
      vertex 3.34251 1.03152 0
    endloop
  endfacet
  facet normal -0.619097 -0.785315 0
    outer loop
      vertex 2.45386 1.67716 0
      vertex 2.8855 1.33688 64
      vertex 2.45386 1.67716 64
    endloop
  endfacet
  facet normal -0.619097 -0.785315 -0
    outer loop
      vertex 2.8855 1.33688 64
      vertex 2.45386 1.67716 0
      vertex 2.8855 1.33688 0
    endloop
  endfacet
  facet normal 0.271441 -0.962455 0
    outer loop
      vertex 86.6341 0.19341 0
      vertex 87.1631 0.342604 64
      vertex 86.6341 0.19341 64
    endloop
  endfacet
  facet normal 0.271441 -0.962455 0
    outer loop
      vertex 87.1631 0.342604 64
      vertex 86.6341 0.19341 0
      vertex 87.1631 0.342604 0
    endloop
  endfacet
  facet normal 0.117543 -0.993068 0
    outer loop
      vertex 85.5492 0.0215778 0
      vertex 86.095 0.0861807 64
      vertex 85.5492 0.0215778 64
    endloop
  endfacet
  facet normal 0.117543 -0.993068 0
    outer loop
      vertex 86.095 0.0861807 64
      vertex 85.5492 0.0215778 0
      vertex 86.095 0.0861807 0
    endloop
  endfacet
  facet normal 0.0392592 -0.999229 0
    outer loop
      vertex 85 0 0
      vertex 85.5492 0.0215778 64
      vertex 85 0 64
    endloop
  endfacet
  facet normal 0.0392592 -0.999229 0
    outer loop
      vertex 85.5492 0.0215778 64
      vertex 85 0 0
      vertex 85.5492 0.0215778 0
    endloop
  endfacet
  facet normal 0.48859 -0.872514 0
    outer loop
      vertex 88.1779 0.762954 0
      vertex 88.6575 1.03152 64
      vertex 88.1779 0.762954 64
    endloop
  endfacet
  facet normal 0.48859 -0.872514 0
    outer loop
      vertex 88.6575 1.03152 64
      vertex 88.1779 0.762954 0
      vertex 88.6575 1.03152 0
    endloop
  endfacet
  facet normal 0.980796 -0.195038 0
    outer loop
      vertex 91.8066 5.36588 64
      vertex 91.9138 5.90496 0
      vertex 91.9138 5.90496 64
    endloop
  endfacet
  facet normal 0.980796 -0.195038 0
    outer loop
      vertex 91.9138 5.90496 0
      vertex 91.8066 5.36588 64
      vertex 91.8066 5.36588 0
    endloop
  endfacet
  facet normal 0.962452 -0.271452 0
    outer loop
      vertex 91.6574 4.83688 64
      vertex 91.8066 5.36588 0
      vertex 91.8066 5.36588 64
    endloop
  endfacet
  facet normal 0.962452 -0.271452 0
    outer loop
      vertex 91.8066 5.36588 0
      vertex 91.6574 4.83688 64
      vertex 91.6574 4.83688 0
    endloop
  endfacet
  facet normal 0.785297 -0.619119 0
    outer loop
      vertex 90.3228 2.45386 64
      vertex 90.6631 2.8855 0
      vertex 90.6631 2.8855 64
    endloop
  endfacet
  facet normal 0.785297 -0.619119 0
    outer loop
      vertex 90.6631 2.8855 0
      vertex 90.3228 2.45386 64
      vertex 90.3228 2.45386 0
    endloop
  endfacet
  facet normal -0.734325 -0.678798 0
    outer loop
      vertex 2.05025 2.05025 0
      vertex 1.67716 2.45386 64
      vertex 1.67716 2.45386 0
    endloop
  endfacet
  facet normal -0.734325 -0.678798 0
    outer loop
      vertex 1.67716 2.45386 64
      vertex 2.05025 2.05025 0
      vertex 2.05025 2.05025 64
    endloop
  endfacet
  facet normal 0.195083 -0.980787 0
    outer loop
      vertex 86.095 0.0861807 0
      vertex 86.6341 0.19341 64
      vertex 86.095 0.0861807 64
    endloop
  endfacet
  facet normal 0.195083 -0.980787 0
    outer loop
      vertex 86.6341 0.19341 64
      vertex 86.095 0.0861807 0
      vertex 86.6341 0.19341 0
    endloop
  endfacet
  facet normal -0.908143 -0.418659 0
    outer loop
      vertex 0.762954 3.82207 0
      vertex 0.532843 4.32122 64
      vertex 0.532843 4.32122 0
    endloop
  endfacet
  facet normal -0.908143 -0.418659 0
    outer loop
      vertex 0.532843 4.32122 64
      vertex 0.762954 3.82207 0
      vertex 0.762954 3.82207 64
    endloop
  endfacet
  facet normal -0.93819 -0.34612 0
    outer loop
      vertex 0.532843 4.32122 0
      vertex 0.342604 4.83688 64
      vertex 0.342604 4.83688 0
    endloop
  endfacet
  facet normal -0.93819 -0.34612 0
    outer loop
      vertex 0.342604 4.83688 64
      vertex 0.532843 4.32122 0
      vertex 0.532843 4.32122 64
    endloop
  endfacet
  facet normal -0.872496 -0.488621 0
    outer loop
      vertex 1.03152 3.34251 0
      vertex 0.762954 3.82207 64
      vertex 0.762954 3.82207 0
    endloop
  endfacet
  facet normal -0.872496 -0.488621 0
    outer loop
      vertex 0.762954 3.82207 64
      vertex 1.03152 3.34251 0
      vertex 1.03152 3.34251 64
    endloop
  endfacet
  facet normal 0.78531 0.619103 0
    outer loop
      vertex 4.71878 5.05166 64
      vertex 4.57295 5.23664 4
      vertex 4.57295 5.23664 64
    endloop
  endfacet
  facet normal 0.78531 0.619103 0
    outer loop
      vertex 4.57295 5.23664 4
      vertex 4.71878 5.05166 64
      vertex 4.71878 5.05166 4
    endloop
  endfacet
  facet normal 0 1 -0
    outer loop
      vertex 85 4 4
      vertex 7 4 64
      vertex 85 4 64
    endloop
  endfacet
  facet normal 0 1 0
    outer loop
      vertex 7 4 64
      vertex 85 4 4
      vertex 7 4 4
    endloop
  endfacet
  facet normal 0.678798 0.734325 -0
    outer loop
      vertex 5.05166 4.71878 4
      vertex 4.87868 4.87868 64
      vertex 5.05166 4.71878 64
    endloop
  endfacet
  facet normal 0.678798 0.734325 0
    outer loop
      vertex 4.87868 4.87868 64
      vertex 5.05166 4.71878 4
      vertex 4.87868 4.87868 4
    endloop
  endfacet
  facet normal 0.734325 0.678798 0
    outer loop
      vertex 4.87868 4.87868 64
      vertex 4.71878 5.05166 4
      vertex 4.71878 5.05166 64
    endloop
  endfacet
  facet normal 0.734325 0.678798 0
    outer loop
      vertex 4.71878 5.05166 4
      vertex 4.87868 4.87868 64
      vertex 4.87868 4.87868 4
    endloop
  endfacet
  facet normal -1 0 0
    outer loop
      vertex 88 7 4
      vertex 88 85 64
      vertex 88 85 4
    endloop
  endfacet
  facet normal -1 -0 0
    outer loop
      vertex 88 85 64
      vertex 88 7 4
      vertex 88 7 64
    endloop
  endfacet
  facet normal 1 -0 0
    outer loop
      vertex 4 7 64
      vertex 4 85 4
      vertex 4 85 64
    endloop
  endfacet
  facet normal 1 0 0
    outer loop
      vertex 4 85 4
      vertex 4 7 64
      vertex 4 7 4
    endloop
  endfacet
  facet normal 0.734364 -0.678756 0
    outer loop
      vertex 4.71878 86.9483 64
      vertex 4.87868 87.1213 4
      vertex 4.87868 87.1213 64
    endloop
  endfacet
  facet normal 0.734364 -0.678756 0
    outer loop
      vertex 4.87868 87.1213 4
      vertex 4.71878 86.9483 64
      vertex 4.71878 86.9483 4
    endloop
  endfacet
  facet normal 0.938193 -0.346113 0
    outer loop
      vertex 4.14683 85.927 64
      vertex 4.22836 86.148 4
      vertex 4.22836 86.148 64
    endloop
  endfacet
  facet normal 0.938193 -0.346113 0
    outer loop
      vertex 4.22836 86.148 4
      vertex 4.14683 85.927 64
      vertex 4.14683 85.927 4
    endloop
  endfacet
  facet normal 0 -1 0
    outer loop
      vertex 7 88 4
      vertex 85 88 64
      vertex 7 88 64
    endloop
  endfacet
  facet normal 0 -1 -0
    outer loop
      vertex 85 88 64
      vertex 7 88 4
      vertex 85 88 4
    endloop
  endfacet
  facet normal 0.418595 -0.908173 0
    outer loop
      vertex 5.63803 87.673 4
      vertex 5.85195 87.7716 64
      vertex 5.63803 87.673 64
    endloop
  endfacet
  facet normal 0.418595 -0.908173 0
    outer loop
      vertex 5.85195 87.7716 64
      vertex 5.63803 87.673 4
      vertex 5.85195 87.7716 4
    endloop
  endfacet
  facet normal -0.938096 0.346374 0
    outer loop
      vertex 87.7716 5.85195 4
      vertex 87.8532 6.07295 64
      vertex 87.8532 6.07295 4
    endloop
  endfacet
  facet normal -0.938096 0.346374 0
    outer loop
      vertex 87.8532 6.07295 64
      vertex 87.7716 5.85195 4
      vertex 87.7716 5.85195 64
    endloop
  endfacet
  facet normal 0.938193 0.346113 0
    outer loop
      vertex 4.22836 5.85195 64
      vertex 4.14683 6.07295 4
      vertex 4.14683 6.07295 64
    endloop
  endfacet
  facet normal 0.938193 0.346113 0
    outer loop
      vertex 4.14683 6.07295 4
      vertex 4.22836 5.85195 64
      vertex 4.22836 5.85195 4
    endloop
  endfacet
  facet normal 0.962454 0.271445 0
    outer loop
      vertex 4.14683 6.07295 64
      vertex 4.08289 6.29966 4
      vertex 4.08289 6.29966 64
    endloop
  endfacet
  facet normal 0.962454 0.271445 0
    outer loop
      vertex 4.08289 6.29966 4
      vertex 4.14683 6.07295 64
      vertex 4.14683 6.07295 4
    endloop
  endfacet
  facet normal 0.87247 -0.488668 0
    outer loop
      vertex 4.32698 86.362 64
      vertex 4.44208 86.5675 4
      vertex 4.44208 86.5675 64
    endloop
  endfacet
  facet normal 0.87247 -0.488668 0
    outer loop
      vertex 4.44208 86.5675 4
      vertex 4.32698 86.362 64
      vertex 4.32698 86.362 4
    endloop
  endfacet
  facet normal 0.9082 -0.418536 0
    outer loop
      vertex 4.22836 86.148 64
      vertex 4.32698 86.362 4
      vertex 4.32698 86.362 64
    endloop
  endfacet
  facet normal 0.9082 -0.418536 0
    outer loop
      vertex 4.32698 86.362 4
      vertex 4.22836 86.148 64
      vertex 4.22836 86.148 4
    endloop
  endfacet
  facet normal 0.271288 -0.962498 0
    outer loop
      vertex 6.07295 87.8532 4
      vertex 6.29966 87.9171 64
      vertex 6.07295 87.8532 64
    endloop
  endfacet
  facet normal 0.271288 -0.962498 0
    outer loop
      vertex 6.29966 87.9171 64
      vertex 6.07295 87.8532 4
      vertex 6.29966 87.9171 4
    endloop
  endfacet
  facet normal -0.99306 -0.117605 0
    outer loop
      vertex 87.9908 85.2354 4
      vertex 87.9631 85.4693 64
      vertex 87.9631 85.4693 4
    endloop
  endfacet
  facet normal -0.99306 -0.117605 0
    outer loop
      vertex 87.9631 85.4693 64
      vertex 87.9908 85.2354 4
      vertex 87.9908 85.2354 64
    endloop
  endfacet
  facet normal -0.418536 0.9082 0
    outer loop
      vertex 86.362 4.32698 4
      vertex 86.148 4.22836 64
      vertex 86.362 4.32698 64
    endloop
  endfacet
  facet normal -0.418536 0.9082 0
    outer loop
      vertex 86.148 4.22836 64
      vertex 86.362 4.32698 4
      vertex 86.148 4.22836 4
    endloop
  endfacet
  facet normal -0.8725 0.488614 0
    outer loop
      vertex 87.5579 5.4325 4
      vertex 87.673 5.63803 64
      vertex 87.673 5.63803 4
    endloop
  endfacet
  facet normal -0.8725 0.488614 0
    outer loop
      vertex 87.673 5.63803 64
      vertex 87.5579 5.4325 4
      vertex 87.5579 5.4325 64
    endloop
  endfacet
  facet normal 0.0392678 0.999229 -0
    outer loop
      vertex 7 4 4
      vertex 6.76462 4.00925 64
      vertex 7 4 64
    endloop
  endfacet
  facet normal 0.0392678 0.999229 0
    outer loop
      vertex 6.76462 4.00925 64
      vertex 7 4 4
      vertex 6.76462 4.00925 4
    endloop
  endfacet
  facet normal 0.619103 0.78531 -0
    outer loop
      vertex 5.23664 4.57295 4
      vertex 5.05166 4.71878 64
      vertex 5.23664 4.57295 64
    endloop
  endfacet
  facet normal 0.619103 0.78531 0
    outer loop
      vertex 5.05166 4.71878 64
      vertex 5.23664 4.57295 4
      vertex 5.05166 4.71878 4
    endloop
  endfacet
  facet normal 0.831469 0.555572 0
    outer loop
      vertex 4.57295 5.23664 64
      vertex 4.44208 5.4325 4
      vertex 4.44208 5.4325 64
    endloop
  endfacet
  facet normal 0.831469 0.555572 0
    outer loop
      vertex 4.44208 5.4325 4
      vertex 4.57295 5.23664 64
      vertex 4.57295 5.23664 4
    endloop
  endfacet
  facet normal 0.980783 0.195104 0
    outer loop
      vertex 4.08289 6.29966 64
      vertex 4.03693 6.5307 4
      vertex 4.03693 6.5307 64
    endloop
  endfacet
  facet normal 0.980783 0.195104 0
    outer loop
      vertex 4.03693 6.5307 4
      vertex 4.08289 6.29966 64
      vertex 4.08289 6.29966 4
    endloop
  endfacet
  facet normal 0.999229 0.0392678 0
    outer loop
      vertex 4.00925 6.76462 64
      vertex 4 7 4
      vertex 4 7 64
    endloop
  endfacet
  facet normal 0.999229 0.0392678 0
    outer loop
      vertex 4 7 4
      vertex 4.00925 6.76462 64
      vertex 4.00925 6.76462 4
    endloop
  endfacet
  facet normal 0.831521 -0.555493 0
    outer loop
      vertex 4.44208 86.5675 64
      vertex 4.57295 86.7634 4
      vertex 4.57295 86.7634 64
    endloop
  endfacet
  facet normal 0.831521 -0.555493 0
    outer loop
      vertex 4.57295 86.7634 4
      vertex 4.44208 86.5675 64
      vertex 4.44208 86.5675 4
    endloop
  endfacet
  facet normal 0.962451 -0.271456 0
    outer loop
      vertex 4.08289 85.7003 64
      vertex 4.14683 85.927 4
      vertex 4.14683 85.927 64
    endloop
  endfacet
  facet normal 0.962451 -0.271456 0
    outer loop
      vertex 4.14683 85.927 4
      vertex 4.08289 85.7003 64
      vertex 4.08289 85.7003 4
    endloop
  endfacet
  facet normal 0.999229 -0.0392645 0
    outer loop
      vertex 4 85 64
      vertex 4.00925 85.2354 4
      vertex 4.00925 85.2354 64
    endloop
  endfacet
  facet normal 0.999229 -0.0392645 0
    outer loop
      vertex 4.00925 85.2354 4
      vertex 4 85 64
      vertex 4 85 4
    endloop
  endfacet
  facet normal -0.1953 -0.980744 0
    outer loop
      vertex 85.4693 87.9631 4
      vertex 85.7003 87.9171 64
      vertex 85.4693 87.9631 64
    endloop
  endfacet
  facet normal -0.1953 -0.980744 -0
    outer loop
      vertex 85.7003 87.9171 64
      vertex 85.4693 87.9631 4
      vertex 85.7003 87.9171 4
    endloop
  endfacet
  facet normal -0.418466 -0.908232 0
    outer loop
      vertex 86.148 87.7716 4
      vertex 86.362 87.673 64
      vertex 86.148 87.7716 64
    endloop
  endfacet
  facet normal -0.418466 -0.908232 -0
    outer loop
      vertex 86.362 87.673 64
      vertex 86.148 87.7716 4
      vertex 86.362 87.673 4
    endloop
  endfacet
  facet normal 0.117595 -0.993062 0
    outer loop
      vertex 6.5307 87.9631 4
      vertex 6.76462 87.9908 64
      vertex 6.5307 87.9631 64
    endloop
  endfacet
  facet normal 0.117595 -0.993062 0
    outer loop
      vertex 6.76462 87.9908 64
      vertex 6.5307 87.9631 4
      vertex 6.76462 87.9908 4
    endloop
  endfacet
  facet normal 0.195267 -0.98075 0
    outer loop
      vertex 6.29966 87.9171 4
      vertex 6.5307 87.9631 64
      vertex 6.29966 87.9171 64
    endloop
  endfacet
  facet normal 0.195267 -0.98075 0
    outer loop
      vertex 6.5307 87.9631 64
      vertex 6.29966 87.9171 4
      vertex 6.5307 87.9631 4
    endloop
  endfacet
  facet normal 0.346374 -0.938096 0
    outer loop
      vertex 5.85195 87.7716 4
      vertex 6.07295 87.8532 64
      vertex 5.85195 87.7716 64
    endloop
  endfacet
  facet normal 0.346374 -0.938096 0
    outer loop
      vertex 6.07295 87.8532 64
      vertex 5.85195 87.7716 4
      vertex 6.07295 87.8532 4
    endloop
  endfacet
  facet normal 0.488614 -0.8725 0
    outer loop
      vertex 5.4325 87.5579 4
      vertex 5.63803 87.673 64
      vertex 5.4325 87.5579 64
    endloop
  endfacet
  facet normal 0.488614 -0.8725 0
    outer loop
      vertex 5.63803 87.673 64
      vertex 5.4325 87.5579 4
      vertex 5.63803 87.673 4
    endloop
  endfacet
  facet normal 0.678798 -0.734325 0
    outer loop
      vertex 4.87868 87.1213 4
      vertex 5.05166 87.2812 64
      vertex 4.87868 87.1213 64
    endloop
  endfacet
  facet normal 0.678798 -0.734325 0
    outer loop
      vertex 5.05166 87.2812 64
      vertex 4.87868 87.1213 4
      vertex 5.05166 87.2812 4
    endloop
  endfacet
  facet normal 0.619025 -0.785372 0
    outer loop
      vertex 5.05166 87.2812 4
      vertex 5.23664 87.427 64
      vertex 5.05166 87.2812 64
    endloop
  endfacet
  facet normal 0.619025 -0.785372 0
    outer loop
      vertex 5.23664 87.427 64
      vertex 5.05166 87.2812 4
      vertex 5.23664 87.427 4
    endloop
  endfacet
  facet normal -0.734364 -0.678756 0
    outer loop
      vertex 87.2812 86.9483 4
      vertex 87.1213 87.1213 64
      vertex 87.1213 87.1213 4
    endloop
  endfacet
  facet normal -0.734364 -0.678756 0
    outer loop
      vertex 87.1213 87.1213 64
      vertex 87.2812 86.9483 4
      vertex 87.2812 86.9483 64
    endloop
  endfacet
  facet normal -0.785241 -0.61919 0
    outer loop
      vertex 87.427 86.7634 4
      vertex 87.2812 86.9483 64
      vertex 87.2812 86.9483 4
    endloop
  endfacet
  facet normal -0.785241 -0.61919 0
    outer loop
      vertex 87.2812 86.9483 64
      vertex 87.427 86.7634 4
      vertex 87.427 86.7634 64
    endloop
  endfacet
  facet normal -0.734325 0.678798 0
    outer loop
      vertex 87.1213 4.87868 4
      vertex 87.2812 5.05166 64
      vertex 87.2812 5.05166 4
    endloop
  endfacet
  facet normal -0.734325 0.678798 0
    outer loop
      vertex 87.2812 5.05166 64
      vertex 87.1213 4.87868 4
      vertex 87.1213 4.87868 64
    endloop
  endfacet
  facet normal 0.488614 0.8725 -0
    outer loop
      vertex 5.63803 4.32698 4
      vertex 5.4325 4.44208 64
      vertex 5.63803 4.32698 64
    endloop
  endfacet
  facet normal 0.488614 0.8725 0
    outer loop
      vertex 5.4325 4.44208 64
      vertex 5.63803 4.32698 4
      vertex 5.4325 4.44208 4
    endloop
  endfacet
  facet normal 0.555572 0.831469 -0
    outer loop
      vertex 5.4325 4.44208 4
      vertex 5.23664 4.57295 64
      vertex 5.4325 4.44208 64
    endloop
  endfacet
  facet normal 0.555572 0.831469 0
    outer loop
      vertex 5.23664 4.57295 64
      vertex 5.4325 4.44208 4
      vertex 5.23664 4.57295 4
    endloop
  endfacet
  facet normal 0.908141 0.418665 0
    outer loop
      vertex 4.32698 5.63803 64
      vertex 4.22836 5.85195 4
      vertex 4.22836 5.85195 64
    endloop
  endfacet
  facet normal 0.908141 0.418665 0
    outer loop
      vertex 4.22836 5.85195 4
      vertex 4.32698 5.63803 64
      vertex 4.32698 5.63803 4
    endloop
  endfacet
  facet normal 0.8725 0.488614 0
    outer loop
      vertex 4.44208 5.4325 64
      vertex 4.32698 5.63803 4
      vertex 4.32698 5.63803 64
    endloop
  endfacet
  facet normal 0.8725 0.488614 0
    outer loop
      vertex 4.32698 5.63803 4
      vertex 4.44208 5.4325 64
      vertex 4.44208 5.4325 4
    endloop
  endfacet
  facet normal 0 0 1
    outer loop
      vertex 22.5734 76.5365 4
      vertex 11.3511 79.7639 4
      vertex 22.6142 76.426 4
    endloop
  endfacet
  facet normal 0 0 1
    outer loop
      vertex 18.7842 52.8581 4
      vertex 12.9877 9.31384 4
      vertex 13 9 4
    endloop
  endfacet
  facet normal -0 0 1
    outer loop
      vertex 11.09 79.5894 4
      vertex 22.6142 76.426 4
      vertex 11.3511 79.7639 4
    endloop
  endfacet
  facet normal 0 0 1
    outer loop
      vertex 18.7842 52.8581 4
      vertex 12.9508 9.62574 4
      vertex 12.9877 9.31384 4
    endloop
  endfacet
  facet normal 0 0 1
    outer loop
      vertex 22.6142 76.426 4
      vertex 11.09 79.5894 4
      vertex 22.6635 76.319 4
    endloop
  endfacet
  facet normal 0 0 1
    outer loop
      vertex 18.7842 52.8581 4
      vertex 12.8895 9.93378 4
      vertex 12.9508 9.62574 4
    endloop
  endfacet
  facet normal 0 0 1
    outer loop
      vertex 22.6635 76.319 4
      vertex 11.09 79.5894 4
      vertex 22.7229 69.2642 4
    endloop
  endfacet
  facet normal 0 0 1
    outer loop
      vertex 18.7842 52.8581 4
      vertex 12.8042 10.2361 4
      vertex 12.8895 9.93378 4
    endloop
  endfacet
  facet normal 0 0 1
    outer loop
      vertex 22.7229 69.2642 4
      vertex 11.09 79.5894 4
      vertex 21.6755 67.3939 4
    endloop
  endfacet
  facet normal 0 0 1
    outer loop
      vertex 18.7842 52.8581 4
      vertex 12.6955 10.5307 4
      vertex 12.8042 10.2361 4
    endloop
  endfacet
  facet normal -0 0 1
    outer loop
      vertex 10.816 79.436 4
      vertex 21.6755 67.3939 4
      vertex 11.09 79.5894 4
    endloop
  endfacet
  facet normal 0 0 1
    outer loop
      vertex 18.7842 52.8581 4
      vertex 12.564 10.816 4
      vertex 12.6955 10.5307 4
    endloop
  endfacet
  facet normal -0 0 1
    outer loop
      vertex 10.5307 79.3045 4
      vertex 21.6755 67.3939 4
      vertex 10.816 79.436 4
    endloop
  endfacet
  facet normal 0 0 1
    outer loop
      vertex 18.7842 52.8581 4
      vertex 12.4106 11.09 4
      vertex 12.564 10.816 4
    endloop
  endfacet
  facet normal -0 0 1
    outer loop
      vertex 10.2361 79.1958 4
      vertex 21.6755 67.3939 4
      vertex 10.5307 79.3045 4
    endloop
  endfacet
  facet normal 0 0 1
    outer loop
      vertex 18.7842 52.8581 4
      vertex 12.2361 11.3511 4
      vertex 12.4106 11.09 4
    endloop
  endfacet
  facet normal 0 0 1
    outer loop
      vertex 21.6755 67.3939 4
      vertex 10.2361 79.1958 4
      vertex 20.7781 65.4473 4
    endloop
  endfacet
  facet normal 0 0 1
    outer loop
      vertex 18.7842 52.8581 4
      vertex 12.0416 11.5978 4
      vertex 12.2361 11.3511 4
    endloop
  endfacet
  facet normal -0 0 1
    outer loop
      vertex 9.93378 79.1105 4
      vertex 20.7781 65.4473 4
      vertex 10.2361 79.1958 4
    endloop
  endfacet
  facet normal 0 0 1
    outer loop
      vertex 18.7842 52.8581 4
      vertex 11.8284 11.8284 4
      vertex 12.0416 11.5978 4
    endloop
  endfacet
  facet normal -0 0 1
    outer loop
      vertex 9.62574 79.0492 4
      vertex 20.7781 65.4473 4
      vertex 9.93378 79.1105 4
    endloop
  endfacet
  facet normal 0 0 1
    outer loop
      vertex 18.7842 52.8581 4
      vertex 11.5978 12.0416 4
      vertex 11.8284 11.8284 4
    endloop
  endfacet
  facet normal -0 0 1
    outer loop
      vertex 9.31384 79.0123 4
      vertex 20.7781 65.4473 4
      vertex 9.62574 79.0492 4
    endloop
  endfacet
  facet normal 0 0 1
    outer loop
      vertex 18.7842 52.8581 4
      vertex 11.3511 12.2361 4
      vertex 11.5978 12.0416 4
    endloop
  endfacet
  facet normal 0 0 1
    outer loop
      vertex 20.7781 65.4473 4
      vertex 9.31384 79.0123 4
      vertex 20.0362 63.4362 4
    endloop
  endfacet
  facet normal 0 0 1
    outer loop
      vertex 18.7842 52.8581 4
      vertex 11.09 12.4106 4
      vertex 11.3511 12.2361 4
    endloop
  endfacet
  facet normal -0 0 1
    outer loop
      vertex 9 79 4
      vertex 20.0362 63.4362 4
      vertex 9.31384 79.0123 4
    endloop
  endfacet
  facet normal 0 0 1
    outer loop
      vertex 18.7842 52.8581 4
      vertex 10.816 12.564 4
      vertex 11.09 12.4106 4
    endloop
  endfacet
  facet normal 0 0 1
    outer loop
      vertex 8.68616 79.0123 4
      vertex 20.0362 63.4362 4
      vertex 9 79 4
    endloop
  endfacet
  facet normal 0 0 1
    outer loop
      vertex 18.7842 52.8581 4
      vertex 10.5307 12.6955 4
      vertex 10.816 12.564 4
    endloop
  endfacet
  facet normal 0 0 1
    outer loop
      vertex 20.0362 63.4362 4
      vertex 8.68616 79.0123 4
      vertex 19.4543 61.3731 4
    endloop
  endfacet
  facet normal 0 0 1
    outer loop
      vertex 18.7842 52.8581 4
      vertex 10.2361 12.8042 4
      vertex 10.5307 12.6955 4
    endloop
  endfacet
  facet normal 0 0 1
    outer loop
      vertex 8.37426 79.0492 4
      vertex 19.4543 61.3731 4
      vertex 8.68616 79.0123 4
    endloop
  endfacet
  facet normal 0 0 1
    outer loop
      vertex 18.7842 52.8581 4
      vertex 9.93378 12.8895 4
      vertex 10.2361 12.8042 4
    endloop
  endfacet
  facet normal 0 0 1
    outer loop
      vertex 8.06622 79.1105 4
      vertex 19.4543 61.3731 4
      vertex 8.37426 79.0492 4
    endloop
  endfacet
  facet normal 0 0 1
    outer loop
      vertex 18.7842 52.8581 4
      vertex 9.62574 12.9508 4
      vertex 9.93378 12.8895 4
    endloop
  endfacet
  facet normal 0 0 1
    outer loop
      vertex 7.76393 79.1958 4
      vertex 19.4543 61.3731 4
      vertex 8.06622 79.1105 4
    endloop
  endfacet
  facet normal 0 0 1
    outer loop
      vertex 18.7842 52.8581 4
      vertex 9.31384 12.9877 4
      vertex 9.62574 12.9508 4
    endloop
  endfacet
  facet normal 0 0 1
    outer loop
      vertex 19.4543 61.3731 4
      vertex 7.76393 79.1958 4
      vertex 19.0361 59.2707 4
    endloop
  endfacet
  facet normal 0 0 1
    outer loop
      vertex 18.7842 52.8581 4
      vertex 9 13 4
      vertex 9.31384 12.9877 4
    endloop
  endfacet
  facet normal 0 0 1
    outer loop
      vertex 7.46927 79.3045 4
      vertex 19.0361 59.2707 4
      vertex 7.76393 79.1958 4
    endloop
  endfacet
  facet normal 0 0 1
    outer loop
      vertex 18.7842 52.8581 4
      vertex 8.68616 12.9877 4
      vertex 9 13 4
    endloop
  endfacet
  facet normal 0 0 1
    outer loop
      vertex 7.18404 79.436 4
      vertex 19.0361 59.2707 4
      vertex 7.46927 79.3045 4
    endloop
  endfacet
  facet normal 0 0 1
    outer loop
      vertex 18.7842 52.8581 4
      vertex 8.37426 12.9508 4
      vertex 8.68616 12.9877 4
    endloop
  endfacet
  facet normal 0 0 1
    outer loop
      vertex 19.0361 59.2707 4
      vertex 7.18404 79.436 4
      vertex 18.7842 57.1419 4
    endloop
  endfacet
  facet normal 0 0 1
    outer loop
      vertex 18.7842 52.8581 4
      vertex 8.06622 12.8895 4
      vertex 8.37426 12.9508 4
    endloop
  endfacet
  facet normal 0 0 1
    outer loop
      vertex 6.91001 79.5894 4
      vertex 18.7842 57.1419 4
      vertex 7.18404 79.436 4
    endloop
  endfacet
  facet normal 0 0 1
    outer loop
      vertex 18.7842 52.8581 4
      vertex 7.76393 12.8042 4
      vertex 8.06622 12.8895 4
    endloop
  endfacet
  facet normal 0 0 1
    outer loop
      vertex 18.7842 57.1419 4
      vertex 6.91001 79.5894 4
      vertex 18.7 55 4
    endloop
  endfacet
  facet normal 0 0 1
    outer loop
      vertex 18.7842 52.8581 4
      vertex 7.46927 12.6955 4
      vertex 7.76393 12.8042 4
    endloop
  endfacet
  facet normal 0 0 1
    outer loop
      vertex 6.64886 79.7639 4
      vertex 18.7 55 4
      vertex 6.91001 79.5894 4
    endloop
  endfacet
  facet normal 0 0 1
    outer loop
      vertex 18.7842 52.8581 4
      vertex 7.18404 12.564 4
      vertex 7.46927 12.6955 4
    endloop
  endfacet
  facet normal 0 0 1
    outer loop
      vertex 6.40221 79.9584 4
      vertex 18.7 55 4
      vertex 6.64886 79.7639 4
    endloop
  endfacet
  facet normal 0 0 1
    outer loop
      vertex 18.7842 52.8581 4
      vertex 6.91001 12.4106 4
      vertex 7.18404 12.564 4
    endloop
  endfacet
  facet normal 0 0 1
    outer loop
      vertex 18.7 55 4
      vertex 6.40221 79.9584 4
      vertex 18.7842 52.8581 4
    endloop
  endfacet
  facet normal 0 0 1
    outer loop
      vertex 18.7842 52.8581 4
      vertex 6.64886 12.2361 4
      vertex 6.91001 12.4106 4
    endloop
  endfacet
  facet normal 0 0 1
    outer loop
      vertex 6.17157 80.1716 4
      vertex 18.7842 52.8581 4
      vertex 6.40221 79.9584 4
    endloop
  endfacet
  facet normal 0 0 1
    outer loop
      vertex 18.7842 52.8581 4
      vertex 6.40221 12.0416 4
      vertex 6.64886 12.2361 4
    endloop
  endfacet
  facet normal 0 0 1
    outer loop
      vertex 5.95838 80.4022 4
      vertex 18.7842 52.8581 4
      vertex 6.17157 80.1716 4
    endloop
  endfacet
  facet normal 0 0 1
    outer loop
      vertex 18.7842 52.8581 4
      vertex 6.17157 11.8284 4
      vertex 6.40221 12.0416 4
    endloop
  endfacet
  facet normal 0 0 1
    outer loop
      vertex 5.95838 11.5978 4
      vertex 18.7842 52.8581 4
      vertex 5.95838 80.4022 4
    endloop
  endfacet
  facet normal 0 0 1
    outer loop
      vertex 18.7842 52.8581 4
      vertex 5.95838 11.5978 4
      vertex 6.17157 11.8284 4
    endloop
  endfacet
  facet normal 0 0 1
    outer loop
      vertex 5.76393 80.6489 4
      vertex 5.95838 11.5978 4
      vertex 5.95838 80.4022 4
    endloop
  endfacet
  facet normal 0 0 1
    outer loop
      vertex 5.76393 80.6489 4
      vertex 5.76393 11.3511 4
      vertex 5.95838 11.5978 4
    endloop
  endfacet
  facet normal 0 0 1
    outer loop
      vertex 5.58944 80.91 4
      vertex 5.76393 11.3511 4
      vertex 5.76393 80.6489 4
    endloop
  endfacet
  facet normal 0 0 1
    outer loop
      vertex 5.58944 80.91 4
      vertex 5.58944 11.09 4
      vertex 5.76393 11.3511 4
    endloop
  endfacet
  facet normal 0 0 1
    outer loop
      vertex 5.43597 81.184 4
      vertex 5.58944 11.09 4
      vertex 5.58944 80.91 4
    endloop
  endfacet
  facet normal 0 0 1
    outer loop
      vertex 5.43597 81.184 4
      vertex 5.43597 10.816 4
      vertex 5.58944 11.09 4
    endloop
  endfacet
  facet normal 0 0 1
    outer loop
      vertex 5.30448 81.4693 4
      vertex 5.43597 10.816 4
      vertex 5.43597 81.184 4
    endloop
  endfacet
  facet normal 0 0 1
    outer loop
      vertex 5.30448 81.4693 4
      vertex 5.30448 10.5307 4
      vertex 5.43597 10.816 4
    endloop
  endfacet
  facet normal 0 0 1
    outer loop
      vertex 5.19577 81.7639 4
      vertex 5.30448 10.5307 4
      vertex 5.30448 81.4693 4
    endloop
  endfacet
  facet normal 0 0 1
    outer loop
      vertex 5.19577 81.7639 4
      vertex 5.19577 10.2361 4
      vertex 5.30448 10.5307 4
    endloop
  endfacet
  facet normal 0 0 1
    outer loop
      vertex 4 85 4
      vertex 5.19577 81.7639 4
      vertex 5.11052 82.0662 4
    endloop
  endfacet
  facet normal 0 0 1
    outer loop
      vertex 5.19577 81.7639 4
      vertex 4 85 4
      vertex 5.19577 10.2361 4
    endloop
  endfacet
  facet normal 0 0 1
    outer loop
      vertex 4 85 4
      vertex 5.11052 82.0662 4
      vertex 5.04925 82.3743 4
    endloop
  endfacet
  facet normal 0 0 1
    outer loop
      vertex 4 7 4
      vertex 5.19577 10.2361 4
      vertex 4 85 4
    endloop
  endfacet
  facet normal 0 0 1
    outer loop
      vertex 4 85 4
      vertex 5.04925 82.3743 4
      vertex 5.01233 82.6862 4
    endloop
  endfacet
  facet normal 0 0 1
    outer loop
      vertex 5.19577 10.2361 4
      vertex 4 7 4
      vertex 5.11052 9.93378 4
    endloop
  endfacet
  facet normal 0 0 1
    outer loop
      vertex 4 85 4
      vertex 5.01233 82.6862 4
      vertex 5 83 4
    endloop
  endfacet
  facet normal 0 0 1
    outer loop
      vertex 5.11052 9.93378 4
      vertex 4 7 4
      vertex 5.04925 9.62574 4
    endloop
  endfacet
  facet normal 0 0 1
    outer loop
      vertex 28.2701 34.2409 4
      vertex 25.4954 33.1177 4
      vertex 25.5 33 4
    endloop
  endfacet
  facet normal 0 0 1
    outer loop
      vertex 28.2701 34.2409 4
      vertex 25.4815 33.2346 4
      vertex 25.4954 33.1177 4
    endloop
  endfacet
  facet normal 0 0 1
    outer loop
      vertex 28.2701 34.2409 4
      vertex 25.4586 33.3502 4
      vertex 25.4815 33.2346 4
    endloop
  endfacet
  facet normal 0 0 1
    outer loop
      vertex 28.2701 34.2409 4
      vertex 25.4266 33.4635 4
      vertex 25.4586 33.3502 4
    endloop
  endfacet
  facet normal 0 0 1
    outer loop
      vertex 28.2701 34.2409 4
      vertex 25.3858 33.574 4
      vertex 25.4266 33.4635 4
    endloop
  endfacet
  facet normal 0 0 1
    outer loop
      vertex 26.696 35.696 4
      vertex 25.3365 33.681 4
      vertex 25.3858 33.574 4
    endloop
  endfacet
  facet normal 0 0 1
    outer loop
      vertex 26.696 35.696 4
      vertex 25.279 33.7837 4
      vertex 25.3365 33.681 4
    endloop
  endfacet
  facet normal 0 0 1
    outer loop
      vertex 24.574 34.3858 4
      vertex 26.696 35.696 4
      vertex 25.2409 37.2701 4
    endloop
  endfacet
  facet normal 0 0 1
    outer loop
      vertex 26.696 35.696 4
      vertex 25.2135 33.8817 4
      vertex 25.279 33.7837 4
    endloop
  endfacet
  facet normal 0 0 1
    outer loop
      vertex 26.696 35.696 4
      vertex 25.1406 33.9742 4
      vertex 25.2135 33.8817 4
    endloop
  endfacet
  facet normal 0 0 1
    outer loop
      vertex 26.696 35.696 4
      vertex 25.0607 34.0607 4
      vertex 25.1406 33.9742 4
    endloop
  endfacet
  facet normal 0 0 1
    outer loop
      vertex 26.696 35.696 4
      vertex 24.9742 34.1406 4
      vertex 25.0607 34.0607 4
    endloop
  endfacet
  facet normal 0 0 1
    outer loop
      vertex 26.696 35.696 4
      vertex 24.8817 34.2135 4
      vertex 24.9742 34.1406 4
    endloop
  endfacet
  facet normal 0 0 1
    outer loop
      vertex 26.696 35.696 4
      vertex 24.7837 34.279 4
      vertex 24.8817 34.2135 4
    endloop
  endfacet
  facet normal 0 0 1
    outer loop
      vertex 26.696 35.696 4
      vertex 24.681 34.3365 4
      vertex 24.7837 34.279 4
    endloop
  endfacet
  facet normal 0 0 1
    outer loop
      vertex 26.696 35.696 4
      vertex 24.574 34.3858 4
      vertex 24.681 34.3365 4
    endloop
  endfacet
  facet normal 0 0 1
    outer loop
      vertex 25.2409 37.2701 4
      vertex 24.4635 34.4266 4
      vertex 24.574 34.3858 4
    endloop
  endfacet
  facet normal 0 0 1
    outer loop
      vertex 25.2409 37.2701 4
      vertex 24.3502 34.4586 4
      vertex 24.4635 34.4266 4
    endloop
  endfacet
  facet normal 0 0 1
    outer loop
      vertex 25.2409 37.2701 4
      vertex 24.2347 34.4815 4
      vertex 24.3502 34.4586 4
    endloop
  endfacet
  facet normal 0 0 1
    outer loop
      vertex 25.2409 37.2701 4
      vertex 24.1177 34.4954 4
      vertex 24.2347 34.4815 4
    endloop
  endfacet
  facet normal 0 0 1
    outer loop
      vertex 25.2409 37.2701 4
      vertex 24 34.5 4
      vertex 24.1177 34.4954 4
    endloop
  endfacet
  facet normal 0 0 1
    outer loop
      vertex 23.5365 34.4266 4
      vertex 25.2409 37.2701 4
      vertex 23.9138 38.9535 4
    endloop
  endfacet
  facet normal 0 0 1
    outer loop
      vertex 25.2409 37.2701 4
      vertex 23.8823 34.4954 4
      vertex 24 34.5 4
    endloop
  endfacet
  facet normal 0 0 1
    outer loop
      vertex 25.2409 37.2701 4
      vertex 23.7653 34.4815 4
      vertex 23.8823 34.4954 4
    endloop
  endfacet
  facet normal 0 0 1
    outer loop
      vertex 25.2409 37.2701 4
      vertex 23.6498 34.4586 4
      vertex 23.7653 34.4815 4
    endloop
  endfacet
  facet normal 0 0 1
    outer loop
      vertex 25.2409 37.2701 4
      vertex 23.5365 34.4266 4
      vertex 23.6498 34.4586 4
    endloop
  endfacet
  facet normal 0 0 1
    outer loop
      vertex 23.9138 38.9535 4
      vertex 23.426 34.3858 4
      vertex 23.5365 34.4266 4
    endloop
  endfacet
  facet normal 0 0 1
    outer loop
      vertex 23.9138 38.9535 4
      vertex 23.319 34.3365 4
      vertex 23.426 34.3858 4
    endloop
  endfacet
  facet normal 0 0 1
    outer loop
      vertex 23.9138 38.9535 4
      vertex 23.2163 34.279 4
      vertex 23.319 34.3365 4
    endloop
  endfacet
  facet normal 0 0 1
    outer loop
      vertex 23.9138 38.9535 4
      vertex 23.1183 34.2135 4
      vertex 23.2163 34.279 4
    endloop
  endfacet
  facet normal 0 0 1
    outer loop
      vertex 23.9138 38.9535 4
      vertex 23.0258 34.1406 4
      vertex 23.1183 34.2135 4
    endloop
  endfacet
  facet normal 0 0 1
    outer loop
      vertex 23.9138 38.9535 4
      vertex 22.9393 34.0607 4
      vertex 23.0258 34.1406 4
    endloop
  endfacet
  facet normal 0 0 1
    outer loop
      vertex 22.7229 40.7358 4
      vertex 22.9393 34.0607 4
      vertex 23.9138 38.9535 4
    endloop
  endfacet
  facet normal 0 0 1
    outer loop
      vertex 22.9393 34.0607 4
      vertex 22.7229 40.7358 4
      vertex 22.8594 33.9742 4
    endloop
  endfacet
  facet normal 0 0 1
    outer loop
      vertex 22.8594 33.9742 4
      vertex 22.7229 40.7358 4
      vertex 22.7865 33.8817 4
    endloop
  endfacet
  facet normal 0 0 1
    outer loop
      vertex 22.7229 40.7358 4
      vertex 22.721 33.7837 4
      vertex 22.7865 33.8817 4
    endloop
  endfacet
  facet normal 0 0 1
    outer loop
      vertex 22.7229 40.7358 4
      vertex 22.6635 33.681 4
      vertex 22.721 33.7837 4
    endloop
  endfacet
  facet normal 0 0 1
    outer loop
      vertex 22.7229 40.7358 4
      vertex 22.6142 33.574 4
      vertex 22.6635 33.681 4
    endloop
  endfacet
  facet normal 0 0 1
    outer loop
      vertex 21.6755 42.6061 4
      vertex 22.6142 33.574 4
      vertex 22.7229 40.7358 4
    endloop
  endfacet
  facet normal 0 0 1
    outer loop
      vertex 22.6142 33.574 4
      vertex 21.6755 42.6061 4
      vertex 22.5734 33.4635 4
    endloop
  endfacet
  facet normal 0 0 1
    outer loop
      vertex 22.5734 33.4635 4
      vertex 21.6755 42.6061 4
      vertex 22.5414 33.3502 4
    endloop
  endfacet
  facet normal 0 0 1
    outer loop
      vertex 22.5414 33.3502 4
      vertex 21.6755 42.6061 4
      vertex 22.5185 33.2346 4
    endloop
  endfacet
  facet normal 0 0 1
    outer loop
      vertex 20.7781 44.5527 4
      vertex 22.5185 33.2346 4
      vertex 21.6755 42.6061 4
    endloop
  endfacet
  facet normal 0 0 1
    outer loop
      vertex 22.5185 33.2346 4
      vertex 20.7781 44.5527 4
      vertex 22.5046 33.1177 4
    endloop
  endfacet
  facet normal -0 0 1
    outer loop
      vertex 25.4815 76.7654 4
      vertex 28.2701 75.7591 4
      vertex 25.4954 76.8823 4
    endloop
  endfacet
  facet normal -0 0 1
    outer loop
      vertex 25.4586 76.6498 4
      vertex 28.2701 75.7591 4
      vertex 25.4815 76.7654 4
    endloop
  endfacet
  facet normal -0 0 1
    outer loop
      vertex 25.4266 76.5365 4
      vertex 28.2701 75.7591 4
      vertex 25.4586 76.6498 4
    endloop
  endfacet
  facet normal -0 0 1
    outer loop
      vertex 25.3858 76.426 4
      vertex 28.2701 75.7591 4
      vertex 25.4266 76.5365 4
    endloop
  endfacet
  facet normal 0 0 1
    outer loop
      vertex 28.2701 75.7591 4
      vertex 25.3858 76.426 4
      vertex 26.696 74.304 4
    endloop
  endfacet
  facet normal -0 0 1
    outer loop
      vertex 25.3365 76.319 4
      vertex 26.696 74.304 4
      vertex 25.3858 76.426 4
    endloop
  endfacet
  facet normal -0 0 1
    outer loop
      vertex 25.279 76.2162 4
      vertex 26.696 74.304 4
      vertex 25.3365 76.319 4
    endloop
  endfacet
  facet normal -0 0 1
    outer loop
      vertex 25.2135 76.1183 4
      vertex 26.696 74.304 4
      vertex 25.279 76.2162 4
    endloop
  endfacet
  facet normal -0 0 1
    outer loop
      vertex 25.1406 76.0258 4
      vertex 26.696 74.304 4
      vertex 25.2135 76.1183 4
    endloop
  endfacet
  facet normal -0 0 1
    outer loop
      vertex 25.0607 75.9393 4
      vertex 26.696 74.304 4
      vertex 25.1406 76.0258 4
    endloop
  endfacet
  facet normal -0 0 1
    outer loop
      vertex 24.9742 75.8594 4
      vertex 26.696 74.304 4
      vertex 25.0607 75.9393 4
    endloop
  endfacet
  facet normal -0 0 1
    outer loop
      vertex 24.8817 75.7865 4
      vertex 26.696 74.304 4
      vertex 24.9742 75.8594 4
    endloop
  endfacet
  facet normal -0 0 1
    outer loop
      vertex 24.7837 75.721 4
      vertex 26.696 74.304 4
      vertex 24.8817 75.7865 4
    endloop
  endfacet
  facet normal -0 0 1
    outer loop
      vertex 24.681 75.6635 4
      vertex 26.696 74.304 4
      vertex 24.7837 75.721 4
    endloop
  endfacet
  facet normal -0 0 1
    outer loop
      vertex 24.574 75.6142 4
      vertex 26.696 74.304 4
      vertex 24.681 75.6635 4
    endloop
  endfacet
  facet normal 0 0 1
    outer loop
      vertex 26.696 74.304 4
      vertex 24.574 75.6142 4
      vertex 25.2409 72.7299 4
    endloop
  endfacet
  facet normal -0 0 1
    outer loop
      vertex 24.4635 75.5734 4
      vertex 25.2409 72.7299 4
      vertex 24.574 75.6142 4
    endloop
  endfacet
  facet normal -0 0 1
    outer loop
      vertex 24.3502 75.5414 4
      vertex 25.2409 72.7299 4
      vertex 24.4635 75.5734 4
    endloop
  endfacet
  facet normal -0 0 1
    outer loop
      vertex 24.2347 75.5185 4
      vertex 25.2409 72.7299 4
      vertex 24.3502 75.5414 4
    endloop
  endfacet
  facet normal -0 0 1
    outer loop
      vertex 24.1177 75.5046 4
      vertex 25.2409 72.7299 4
      vertex 24.2347 75.5185 4
    endloop
  endfacet
  facet normal -0 0 1
    outer loop
      vertex 24 75.5 4
      vertex 25.2409 72.7299 4
      vertex 24.1177 75.5046 4
    endloop
  endfacet
  facet normal 0 0 1
    outer loop
      vertex 23.8823 75.5046 4
      vertex 25.2409 72.7299 4
      vertex 24 75.5 4
    endloop
  endfacet
  facet normal 0 0 1
    outer loop
      vertex 23.7653 75.5185 4
      vertex 25.2409 72.7299 4
      vertex 23.8823 75.5046 4
    endloop
  endfacet
  facet normal 0 0 1
    outer loop
      vertex 23.6498 75.5414 4
      vertex 25.2409 72.7299 4
      vertex 23.7653 75.5185 4
    endloop
  endfacet
  facet normal 0 0 1
    outer loop
      vertex 23.5365 75.5734 4
      vertex 25.2409 72.7299 4
      vertex 23.6498 75.5414 4
    endloop
  endfacet
  facet normal 0 0 1
    outer loop
      vertex 25.2409 72.7299 4
      vertex 23.5365 75.5734 4
      vertex 23.9138 71.0465 4
    endloop
  endfacet
  facet normal 0 0 1
    outer loop
      vertex 23.426 75.6142 4
      vertex 23.9138 71.0465 4
      vertex 23.5365 75.5734 4
    endloop
  endfacet
  facet normal 0 0 1
    outer loop
      vertex 23.319 75.6635 4
      vertex 23.9138 71.0465 4
      vertex 23.426 75.6142 4
    endloop
  endfacet
  facet normal 0 0 1
    outer loop
      vertex 23.2163 75.721 4
      vertex 23.9138 71.0465 4
      vertex 23.319 75.6635 4
    endloop
  endfacet
  facet normal 0 0 1
    outer loop
      vertex 23.1183 75.7865 4
      vertex 23.9138 71.0465 4
      vertex 23.2163 75.721 4
    endloop
  endfacet
  facet normal 0 0 1
    outer loop
      vertex 23.0258 75.8594 4
      vertex 23.9138 71.0465 4
      vertex 23.1183 75.7865 4
    endloop
  endfacet
  facet normal 0 0 1
    outer loop
      vertex 22.9393 75.9393 4
      vertex 23.9138 71.0465 4
      vertex 23.0258 75.8594 4
    endloop
  endfacet
  facet normal 0 0 1
    outer loop
      vertex 22.7229 69.2642 4
      vertex 22.9393 75.9393 4
      vertex 22.8594 76.0258 4
    endloop
  endfacet
  facet normal 0 0 1
    outer loop
      vertex 22.7229 69.2642 4
      vertex 22.8594 76.0258 4
      vertex 22.7865 76.1183 4
    endloop
  endfacet
  facet normal 0 0 1
    outer loop
      vertex 22.9393 75.9393 4
      vertex 22.7229 69.2642 4
      vertex 23.9138 71.0465 4
    endloop
  endfacet
  facet normal 0 0 1
    outer loop
      vertex 22.721 76.2162 4
      vertex 22.7229 69.2642 4
      vertex 22.7865 76.1183 4
    endloop
  endfacet
  facet normal 0 0 1
    outer loop
      vertex 22.6635 76.319 4
      vertex 22.7229 69.2642 4
      vertex 22.721 76.2162 4
    endloop
  endfacet
  facet normal -0 0 1
    outer loop
      vertex 11.5978 79.9584 4
      vertex 22.5414 76.6498 4
      vertex 11.8284 80.1716 4
    endloop
  endfacet
  facet normal -0 0 1
    outer loop
      vertex 12.4106 80.91 4
      vertex 22.5185 77.2346 4
      vertex 12.564 81.184 4
    endloop
  endfacet
  facet normal 0 0 1
    outer loop
      vertex 22.5414 77.3502 4
      vertex 12.564 81.184 4
      vertex 22.5185 77.2346 4
    endloop
  endfacet
  facet normal 0 0 1
    outer loop
      vertex 22.5734 77.4635 4
      vertex 12.564 81.184 4
      vertex 22.5414 77.3502 4
    endloop
  endfacet
  facet normal -0 0 1
    outer loop
      vertex 12.564 81.184 4
      vertex 22.5734 77.4635 4
      vertex 12.6955 81.4693 4
    endloop
  endfacet
  facet normal 0 0 1
    outer loop
      vertex 22.6142 77.574 4
      vertex 12.6955 81.4693 4
      vertex 22.5734 77.4635 4
    endloop
  endfacet
  facet normal -0 0 1
    outer loop
      vertex 11.8284 80.1716 4
      vertex 22.5185 76.7654 4
      vertex 12.0416 80.4022 4
    endloop
  endfacet
  facet normal 0 0 1
    outer loop
      vertex 67.7654 31.5185 4
      vertex 53.2775 18.5728 4
      vertex 53.3 18 4
    endloop
  endfacet
  facet normal 0 0 1
    outer loop
      vertex 56.4473 29.7781 4
      vertex 53.2101 19.142 4
      vertex 53.2775 18.5728 4
    endloop
  endfacet
  facet normal 0 0 1
    outer loop
      vertex 56.4473 29.7781 4
      vertex 53.0983 19.7042 4
      vertex 53.2101 19.142 4
    endloop
  endfacet
  facet normal 0 0 1
    outer loop
      vertex 56.4473 29.7781 4
      vertex 52.9427 20.2558 4
      vertex 53.0983 19.7042 4
    endloop
  endfacet
  facet normal 0 0 1
    outer loop
      vertex 56.4473 29.7781 4
      vertex 52.7443 20.7936 4
      vertex 52.9427 20.2558 4
    endloop
  endfacet
  facet normal 0 0 1
    outer loop
      vertex 56.4473 29.7781 4
      vertex 52.5043 21.3141 4
      vertex 52.7443 20.7936 4
    endloop
  endfacet
  facet normal 0 0 1
    outer loop
      vertex 51.551 22.741 4
      vertex 54.4362 29.0362 4
      vertex 52.3731 28.4543 4
    endloop
  endfacet
  facet normal 0 0 1
    outer loop
      vertex 54.4362 29.0362 4
      vertex 52.2243 21.8142 4
      vertex 52.5043 21.3141 4
    endloop
  endfacet
  facet normal 0 0 1
    outer loop
      vertex 54.4362 29.0362 4
      vertex 51.9058 22.2908 4
      vertex 52.2243 21.8142 4
    endloop
  endfacet
  facet normal 0 0 1
    outer loop
      vertex 54.4362 29.0362 4
      vertex 51.551 22.741 4
      vertex 51.9058 22.2908 4
    endloop
  endfacet
  facet normal 0 0 1
    outer loop
      vertex 52.3731 28.4543 4
      vertex 51.1619 23.1619 4
      vertex 51.551 22.741 4
    endloop
  endfacet
  facet normal 0 0 1
    outer loop
      vertex 52.3731 28.4543 4
      vertex 50.741 23.551 4
      vertex 51.1619 23.1619 4
    endloop
  endfacet
  facet normal 0 0 1
    outer loop
      vertex 52.3731 28.4543 4
      vertex 50.2908 23.9058 4
      vertex 50.741 23.551 4
    endloop
  endfacet
  facet normal -0 0 1
    outer loop
      vertex 50.2707 28.0361 4
      vertex 50.2908 23.9058 4
      vertex 52.3731 28.4543 4
    endloop
  endfacet
  facet normal 0 0 1
    outer loop
      vertex 50.2707 28.0361 4
      vertex 49.8142 24.2243 4
      vertex 50.2908 23.9058 4
    endloop
  endfacet
  facet normal 0 0 1
    outer loop
      vertex 50.2707 28.0361 4
      vertex 49.3141 24.5043 4
      vertex 49.8142 24.2243 4
    endloop
  endfacet
  facet normal 0 0 1
    outer loop
      vertex 50.2707 28.0361 4
      vertex 48.7936 24.7443 4
      vertex 49.3141 24.5043 4
    endloop
  endfacet
  facet normal -0 0 1
    outer loop
      vertex 48.1419 27.7842 4
      vertex 48.7936 24.7443 4
      vertex 50.2707 28.0361 4
    endloop
  endfacet
  facet normal 0 0 1
    outer loop
      vertex 48.7936 24.7443 4
      vertex 48.1419 27.7842 4
      vertex 48.2558 24.9427 4
    endloop
  endfacet
  facet normal 0 0 1
    outer loop
      vertex 48.1419 27.7842 4
      vertex 47.7042 25.0983 4
      vertex 48.2558 24.9427 4
    endloop
  endfacet
  facet normal 0 0 1
    outer loop
      vertex 48.1419 27.7842 4
      vertex 47.142 25.2101 4
      vertex 47.7042 25.0983 4
    endloop
  endfacet
  facet normal -0 0 1
    outer loop
      vertex 46 27.7 4
      vertex 47.142 25.2101 4
      vertex 48.1419 27.7842 4
    endloop
  endfacet
  facet normal 0 0 1
    outer loop
      vertex 47.142 25.2101 4
      vertex 46 27.7 4
      vertex 46.5728 25.2775 4
    endloop
  endfacet
  facet normal 0 0 1
    outer loop
      vertex 46 27.7 4
      vertex 46 25.3 4
      vertex 46.5728 25.2775 4
    endloop
  endfacet
  facet normal 0 0 1
    outer loop
      vertex 46 27.7 4
      vertex 45.4272 25.2775 4
      vertex 46 25.3 4
    endloop
  endfacet
  facet normal 0 0 1
    outer loop
      vertex 46 27.7 4
      vertex 44.858 25.2101 4
      vertex 45.4272 25.2775 4
    endloop
  endfacet
  facet normal 0 0 1
    outer loop
      vertex 43.8581 27.7842 4
      vertex 44.858 25.2101 4
      vertex 46 27.7 4
    endloop
  endfacet
  facet normal 0 0 1
    outer loop
      vertex 44.858 25.2101 4
      vertex 43.8581 27.7842 4
      vertex 44.2958 25.0983 4
    endloop
  endfacet
  facet normal 0 0 1
    outer loop
      vertex 43.8581 27.7842 4
      vertex 43.7442 24.9427 4
      vertex 44.2958 25.0983 4
    endloop
  endfacet
  facet normal 0 0 1
    outer loop
      vertex 43.8581 27.7842 4
      vertex 43.2064 24.7443 4
      vertex 43.7442 24.9427 4
    endloop
  endfacet
  facet normal 0 0 1
    outer loop
      vertex 41.7293 28.0361 4
      vertex 43.2064 24.7443 4
      vertex 43.8581 27.7842 4
    endloop
  endfacet
  facet normal 0 0 1
    outer loop
      vertex 43.2064 24.7443 4
      vertex 41.7293 28.0361 4
      vertex 42.6859 24.5043 4
    endloop
  endfacet
  facet normal 0 0 1
    outer loop
      vertex 42.6859 24.5043 4
      vertex 41.7293 28.0361 4
      vertex 42.1858 24.2243 4
    endloop
  endfacet
  facet normal 0 0 1
    outer loop
      vertex 41.7293 28.0361 4
      vertex 41.7092 23.9058 4
      vertex 42.1858 24.2243 4
    endloop
  endfacet
  facet normal 0 0 1
    outer loop
      vertex 39.6269 28.4543 4
      vertex 41.7092 23.9058 4
      vertex 41.7293 28.0361 4
    endloop
  endfacet
  facet normal 0 0 1
    outer loop
      vertex 41.7092 23.9058 4
      vertex 39.6269 28.4543 4
      vertex 41.259 23.551 4
    endloop
  endfacet
  facet normal 0 0 1
    outer loop
      vertex 41.259 23.551 4
      vertex 39.6269 28.4543 4
      vertex 40.8381 23.1619 4
    endloop
  endfacet
  facet normal 0 0 1
    outer loop
      vertex 40.8381 23.1619 4
      vertex 39.6269 28.4543 4
      vertex 40.449 22.741 4
    endloop
  endfacet
  facet normal 0 0 1
    outer loop
      vertex 37.5638 29.0362 4
      vertex 40.449 22.741 4
      vertex 39.6269 28.4543 4
    endloop
  endfacet
  facet normal 0 0 1
    outer loop
      vertex 40.449 22.741 4
      vertex 37.5638 29.0362 4
      vertex 40.0942 22.2908 4
    endloop
  endfacet
  facet normal 0 0 1
    outer loop
      vertex 40.0942 22.2908 4
      vertex 37.5638 29.0362 4
      vertex 39.7757 21.8142 4
    endloop
  endfacet
  facet normal 0 0 1
    outer loop
      vertex 39.7757 21.8142 4
      vertex 37.5638 29.0362 4
      vertex 39.4957 21.3141 4
    endloop
  endfacet
  facet normal 0 0 1
    outer loop
      vertex 35.5527 29.7781 4
      vertex 39.4957 21.3141 4
      vertex 37.5638 29.0362 4
    endloop
  endfacet
  facet normal 0 0 1
    outer loop
      vertex 39.4957 21.3141 4
      vertex 35.5527 29.7781 4
      vertex 39.2557 20.7936 4
    endloop
  endfacet
  facet normal 0 0 1
    outer loop
      vertex 39.2557 20.7936 4
      vertex 35.5527 29.7781 4
      vertex 39.0573 20.2558 4
    endloop
  endfacet
  facet normal 0 0 1
    outer loop
      vertex 33.6061 30.6755 4
      vertex 39.0573 20.2558 4
      vertex 35.5527 29.7781 4
    endloop
  endfacet
  facet normal 0 0 1
    outer loop
      vertex 38.9017 19.7042 4
      vertex 33.6061 30.6755 4
      vertex 38.7899 19.142 4
    endloop
  endfacet
  facet normal 0 0 1
    outer loop
      vertex 39.0573 20.2558 4
      vertex 33.6061 30.6755 4
      vertex 38.9017 19.7042 4
    endloop
  endfacet
  facet normal 0 0 1
    outer loop
      vertex 84.5307 12.6955 4
      vertex 69.4954 33.1177 4
      vertex 69.5 33 4
    endloop
  endfacet
  facet normal 0 0 1
    outer loop
      vertex 71.2219 44.5527 4
      vertex 69.4815 33.2346 4
      vertex 69.4954 33.1177 4
    endloop
  endfacet
  facet normal 0 0 1
    outer loop
      vertex 70.3245 42.6061 4
      vertex 69.4586 33.3502 4
      vertex 69.4815 33.2346 4
    endloop
  endfacet
  facet normal 0 0 1
    outer loop
      vertex 70.3245 42.6061 4
      vertex 69.4266 33.4635 4
      vertex 69.4586 33.3502 4
    endloop
  endfacet
  facet normal 0 0 1
    outer loop
      vertex 70.3245 42.6061 4
      vertex 69.3858 33.574 4
      vertex 69.4266 33.4635 4
    endloop
  endfacet
  facet normal -0 0 1
    outer loop
      vertex 69.2771 40.7358 4
      vertex 69.3858 33.574 4
      vertex 70.3245 42.6061 4
    endloop
  endfacet
  facet normal 0 0 1
    outer loop
      vertex 69.3858 33.574 4
      vertex 69.2771 40.7358 4
      vertex 69.3365 33.681 4
    endloop
  endfacet
  facet normal 0 0 1
    outer loop
      vertex 69.3365 33.681 4
      vertex 69.2771 40.7358 4
      vertex 69.279 33.7837 4
    endloop
  endfacet
  facet normal 0 0 1
    outer loop
      vertex 69.2771 40.7358 4
      vertex 69.2135 33.8817 4
      vertex 69.279 33.7837 4
    endloop
  endfacet
  facet normal 0 0 1
    outer loop
      vertex 69.2771 40.7358 4
      vertex 69.1406 33.9742 4
      vertex 69.2135 33.8817 4
    endloop
  endfacet
  facet normal 0 0 1
    outer loop
      vertex 69.2771 40.7358 4
      vertex 69.0607 34.0607 4
      vertex 69.1406 33.9742 4
    endloop
  endfacet
  facet normal -0 0 1
    outer loop
      vertex 68.0862 38.9535 4
      vertex 69.0607 34.0607 4
      vertex 69.2771 40.7358 4
    endloop
  endfacet
  facet normal 0 0 1
    outer loop
      vertex 69.0607 34.0607 4
      vertex 68.0862 38.9535 4
      vertex 68.9742 34.1406 4
    endloop
  endfacet
  facet normal 0 0 1
    outer loop
      vertex 68.9742 34.1406 4
      vertex 68.0862 38.9535 4
      vertex 68.8817 34.2135 4
    endloop
  endfacet
  facet normal 0 0 1
    outer loop
      vertex 68.8817 34.2135 4
      vertex 68.0862 38.9535 4
      vertex 68.7837 34.279 4
    endloop
  endfacet
  facet normal 0 0 1
    outer loop
      vertex 68.7837 34.279 4
      vertex 68.0862 38.9535 4
      vertex 68.681 34.3365 4
    endloop
  endfacet
  facet normal 0 0 1
    outer loop
      vertex 68.681 34.3365 4
      vertex 68.0862 38.9535 4
      vertex 68.574 34.3858 4
    endloop
  endfacet
  facet normal 0 0 1
    outer loop
      vertex 68.574 34.3858 4
      vertex 68.0862 38.9535 4
      vertex 68.4635 34.4266 4
    endloop
  endfacet
  facet normal -0 0 1
    outer loop
      vertex 66.7591 37.2701 4
      vertex 68.4635 34.4266 4
      vertex 68.0862 38.9535 4
    endloop
  endfacet
  facet normal 0 0 1
    outer loop
      vertex 68.4635 34.4266 4
      vertex 66.7591 37.2701 4
      vertex 68.3502 34.4586 4
    endloop
  endfacet
  facet normal 0 0 1
    outer loop
      vertex 68.3502 34.4586 4
      vertex 66.7591 37.2701 4
      vertex 68.2346 34.4815 4
    endloop
  endfacet
  facet normal 0 0 1
    outer loop
      vertex 68.2346 34.4815 4
      vertex 66.7591 37.2701 4
      vertex 68.1177 34.4954 4
    endloop
  endfacet
  facet normal 0 0 1
    outer loop
      vertex 68.1177 34.4954 4
      vertex 66.7591 37.2701 4
      vertex 68 34.5 4
    endloop
  endfacet
  facet normal 0 0 1
    outer loop
      vertex 68 34.5 4
      vertex 66.7591 37.2701 4
      vertex 67.8823 34.4954 4
    endloop
  endfacet
  facet normal 0 0 1
    outer loop
      vertex 67.8823 34.4954 4
      vertex 66.7591 37.2701 4
      vertex 67.7654 34.4815 4
    endloop
  endfacet
  facet normal 0 0 1
    outer loop
      vertex 67.7654 34.4815 4
      vertex 66.7591 37.2701 4
      vertex 67.6498 34.4586 4
    endloop
  endfacet
  facet normal 0 0 1
    outer loop
      vertex 67.6498 34.4586 4
      vertex 66.7591 37.2701 4
      vertex 67.5365 34.4266 4
    endloop
  endfacet
  facet normal 0 0 1
    outer loop
      vertex 67.5365 34.4266 4
      vertex 66.7591 37.2701 4
      vertex 67.426 34.3858 4
    endloop
  endfacet
  facet normal -0 0 1
    outer loop
      vertex 65.304 35.696 4
      vertex 67.426 34.3858 4
      vertex 66.7591 37.2701 4
    endloop
  endfacet
  facet normal 0 0 1
    outer loop
      vertex 67.426 34.3858 4
      vertex 65.304 35.696 4
      vertex 67.319 34.3365 4
    endloop
  endfacet
  facet normal 0 0 1
    outer loop
      vertex 67.319 34.3365 4
      vertex 65.304 35.696 4
      vertex 67.2162 34.279 4
    endloop
  endfacet
  facet normal 0 0 1
    outer loop
      vertex 67.2162 34.279 4
      vertex 65.304 35.696 4
      vertex 67.1183 34.2135 4
    endloop
  endfacet
  facet normal 0 0 1
    outer loop
      vertex 67.1183 34.2135 4
      vertex 65.304 35.696 4
      vertex 67.0258 34.1406 4
    endloop
  endfacet
  facet normal 0 0 1
    outer loop
      vertex 67.0258 34.1406 4
      vertex 65.304 35.696 4
      vertex 66.9393 34.0607 4
    endloop
  endfacet
  facet normal 0 0 1
    outer loop
      vertex 66.9393 34.0607 4
      vertex 65.304 35.696 4
      vertex 66.8594 33.9742 4
    endloop
  endfacet
  facet normal 0 0 1
    outer loop
      vertex 66.8594 33.9742 4
      vertex 65.304 35.696 4
      vertex 66.7865 33.8817 4
    endloop
  endfacet
  facet normal 0 0 1
    outer loop
      vertex 66.7865 33.8817 4
      vertex 65.304 35.696 4
      vertex 66.721 33.7837 4
    endloop
  endfacet
  facet normal 0 0 1
    outer loop
      vertex 66.721 33.7837 4
      vertex 65.304 35.696 4
      vertex 66.6635 33.681 4
    endloop
  endfacet
  facet normal 0 0 1
    outer loop
      vertex 66.6635 33.681 4
      vertex 65.304 35.696 4
      vertex 66.6142 33.574 4
    endloop
  endfacet
  facet normal -0 0 1
    outer loop
      vertex 63.7299 34.2409 4
      vertex 66.6142 33.574 4
      vertex 65.304 35.696 4
    endloop
  endfacet
  facet normal 0 0 1
    outer loop
      vertex 66.6142 33.574 4
      vertex 63.7299 34.2409 4
      vertex 66.5734 33.4635 4
    endloop
  endfacet
  facet normal 0 0 1
    outer loop
      vertex 66.5734 33.4635 4
      vertex 63.7299 34.2409 4
      vertex 66.5414 33.3502 4
    endloop
  endfacet
  facet normal 0 0 1
    outer loop
      vertex 66.5185 33.2346 4
      vertex 63.7299 34.2409 4
      vertex 66.5046 33.1177 4
    endloop
  endfacet
  facet normal 0 0 1
    outer loop
      vertex 66.5414 33.3502 4
      vertex 63.7299 34.2409 4
      vertex 66.5185 33.2346 4
    endloop
  endfacet
  facet normal 0 0 1
    outer loop
      vertex 86.8895 82.0662 4
      vertex 88 85 4
      vertex 86.9508 82.3743 4
    endloop
  endfacet
  facet normal 0 0 1
    outer loop
      vertex 88 7 4
      vertex 86.9877 9.31384 4
      vertex 87 9 4
    endloop
  endfacet
  facet normal 0 0 1
    outer loop
      vertex 86.8042 81.7639 4
      vertex 88 85 4
      vertex 86.8895 82.0662 4
    endloop
  endfacet
  facet normal 0 0 1
    outer loop
      vertex 88 7 4
      vertex 86.9508 9.62574 4
      vertex 86.9877 9.31384 4
    endloop
  endfacet
  facet normal 0 0 1
    outer loop
      vertex 88 85 4
      vertex 86.8042 81.7639 4
      vertex 88 7 4
    endloop
  endfacet
  facet normal 0 0 1
    outer loop
      vertex 88 7 4
      vertex 86.8895 9.93378 4
      vertex 86.9508 9.62574 4
    endloop
  endfacet
  facet normal -0 0 1
    outer loop
      vertex 86.8042 10.2361 4
      vertex 88 7 4
      vertex 86.8042 81.7639 4
    endloop
  endfacet
  facet normal 0 0 1
    outer loop
      vertex 88 7 4
      vertex 86.8042 10.2361 4
      vertex 86.8895 9.93378 4
    endloop
  endfacet
  facet normal -0 0 1
    outer loop
      vertex 86.6955 81.4693 4
      vertex 86.8042 10.2361 4
      vertex 86.8042 81.7639 4
    endloop
  endfacet
  facet normal 0 0 1
    outer loop
      vertex 86.6955 81.4693 4
      vertex 86.6955 10.5307 4
      vertex 86.8042 10.2361 4
    endloop
  endfacet
  facet normal -0 0 1
    outer loop
      vertex 86.564 81.184 4
      vertex 86.6955 10.5307 4
      vertex 86.6955 81.4693 4
    endloop
  endfacet
  facet normal 0 0 1
    outer loop
      vertex 86.564 81.184 4
      vertex 86.564 10.816 4
      vertex 86.6955 10.5307 4
    endloop
  endfacet
  facet normal -0 0 1
    outer loop
      vertex 86.4106 80.91 4
      vertex 86.564 10.816 4
      vertex 86.564 81.184 4
    endloop
  endfacet
  facet normal 0 0 1
    outer loop
      vertex 86.4106 80.91 4
      vertex 86.4106 11.09 4
      vertex 86.564 10.816 4
    endloop
  endfacet
  facet normal -0 0 1
    outer loop
      vertex 86.2361 80.6489 4
      vertex 86.4106 11.09 4
      vertex 86.4106 80.91 4
    endloop
  endfacet
  facet normal 0 0 1
    outer loop
      vertex 86.2361 80.6489 4
      vertex 86.2361 11.3511 4
      vertex 86.4106 11.09 4
    endloop
  endfacet
  facet normal -0 0 1
    outer loop
      vertex 86.0416 80.4022 4
      vertex 86.2361 11.3511 4
      vertex 86.2361 80.6489 4
    endloop
  endfacet
  facet normal 0 0 1
    outer loop
      vertex 86.0416 80.4022 4
      vertex 86.0416 11.5978 4
      vertex 86.2361 11.3511 4
    endloop
  endfacet
  facet normal 0 0 1
    outer loop
      vertex 73.2158 52.8581 4
      vertex 86.0416 80.4022 4
      vertex 85.8284 80.1716 4
    endloop
  endfacet
  facet normal 0 0 1
    outer loop
      vertex 86.0416 80.4022 4
      vertex 73.2158 52.8581 4
      vertex 86.0416 11.5978 4
    endloop
  endfacet
  facet normal 0 0 1
    outer loop
      vertex 73.2158 52.8581 4
      vertex 85.8284 80.1716 4
      vertex 85.5978 79.9584 4
    endloop
  endfacet
  facet normal 0 0 1
    outer loop
      vertex 86.0416 11.5978 4
      vertex 73.2158 52.8581 4
      vertex 85.8284 11.8284 4
    endloop
  endfacet
  facet normal 0 0 1
    outer loop
      vertex 73.3 55 4
      vertex 85.5978 79.9584 4
      vertex 85.3511 79.7639 4
    endloop
  endfacet
  facet normal -0 0 1
    outer loop
      vertex 72.9639 50.7293 4
      vertex 85.8284 11.8284 4
      vertex 73.2158 52.8581 4
    endloop
  endfacet
  facet normal 0 0 1
    outer loop
      vertex 73.3 55 4
      vertex 85.3511 79.7639 4
      vertex 85.09 79.5894 4
    endloop
  endfacet
  facet normal 0 0 1
    outer loop
      vertex 85.8284 11.8284 4
      vertex 72.9639 50.7293 4
      vertex 85.5978 12.0416 4
    endloop
  endfacet
  facet normal 0 0 1
    outer loop
      vertex 73.2158 57.1419 4
      vertex 85.09 79.5894 4
      vertex 84.816 79.436 4
    endloop
  endfacet
  facet normal -0 0 1
    outer loop
      vertex 72.5457 48.6269 4
      vertex 85.5978 12.0416 4
      vertex 72.9639 50.7293 4
    endloop
  endfacet
  facet normal 0 0 1
    outer loop
      vertex 72.9639 59.2707 4
      vertex 84.816 79.436 4
      vertex 84.5307 79.3045 4
    endloop
  endfacet
  facet normal 0 0 1
    outer loop
      vertex 85.5978 12.0416 4
      vertex 72.5457 48.6269 4
      vertex 85.3511 12.2361 4
    endloop
  endfacet
  facet normal 0 0 1
    outer loop
      vertex 72.9639 59.2707 4
      vertex 84.5307 79.3045 4
      vertex 84.2361 79.1958 4
    endloop
  endfacet
  facet normal 0 0 1
    outer loop
      vertex 85.3511 12.2361 4
      vertex 72.5457 48.6269 4
      vertex 85.09 12.4106 4
    endloop
  endfacet
  facet normal 0 0 1
    outer loop
      vertex 72.5457 61.3731 4
      vertex 84.2361 79.1958 4
      vertex 83.9338 79.1105 4
    endloop
  endfacet
  facet normal -0 0 1
    outer loop
      vertex 71.9638 46.5638 4
      vertex 85.09 12.4106 4
      vertex 72.5457 48.6269 4
    endloop
  endfacet
  facet normal 0 0 1
    outer loop
      vertex 72.5457 61.3731 4
      vertex 83.9338 79.1105 4
      vertex 83.6257 79.0492 4
    endloop
  endfacet
  facet normal 0 0 1
    outer loop
      vertex 85.09 12.4106 4
      vertex 71.9638 46.5638 4
      vertex 84.816 12.564 4
    endloop
  endfacet
  facet normal 0 0 1
    outer loop
      vertex 72.5457 61.3731 4
      vertex 83.6257 79.0492 4
      vertex 83.3138 79.0123 4
    endloop
  endfacet
  facet normal -0 0 1
    outer loop
      vertex 71.2219 44.5527 4
      vertex 84.816 12.564 4
      vertex 71.9638 46.5638 4
    endloop
  endfacet
  facet normal 0 0 1
    outer loop
      vertex 71.9638 63.4362 4
      vertex 83.3138 79.0123 4
      vertex 83 79 4
    endloop
  endfacet
  facet normal 0 0 1
    outer loop
      vertex 84.816 12.564 4
      vertex 71.2219 44.5527 4
      vertex 84.5307 12.6955 4
    endloop
  endfacet
  facet normal 0 0 1
    outer loop
      vertex 71.9638 63.4362 4
      vertex 83 79 4
      vertex 82.6862 79.0123 4
    endloop
  endfacet
  facet normal -0 0 1
    outer loop
      vertex 69.4954 33.1177 4
      vertex 84.5307 12.6955 4
      vertex 71.2219 44.5527 4
    endloop
  endfacet
  facet normal 0 0 1
    outer loop
      vertex 71.2219 65.4473 4
      vertex 82.6862 79.0123 4
      vertex 82.3743 79.0492 4
    endloop
  endfacet
  facet normal 0 0 1
    outer loop
      vertex 84.5307 12.6955 4
      vertex 69.5 33 4
      vertex 84.2361 12.8042 4
    endloop
  endfacet
  facet normal 0 0 1
    outer loop
      vertex 71.2219 65.4473 4
      vertex 82.3743 79.0492 4
      vertex 82.0662 79.1105 4
    endloop
  endfacet
  facet normal 0 0 1
    outer loop
      vertex 84.2361 12.8042 4
      vertex 69.5 33 4
      vertex 83.9338 12.8895 4
    endloop
  endfacet
  facet normal 0 0 1
    outer loop
      vertex 71.2219 65.4473 4
      vertex 82.0662 79.1105 4
      vertex 81.7639 79.1958 4
    endloop
  endfacet
  facet normal -0 0 1
    outer loop
      vertex 69.4954 32.8823 4
      vertex 83.9338 12.8895 4
      vertex 69.5 33 4
    endloop
  endfacet
  facet normal 0 0 1
    outer loop
      vertex 70.3245 67.3939 4
      vertex 81.7639 79.1958 4
      vertex 81.4693 79.3045 4
    endloop
  endfacet
  facet normal -0 0 1
    outer loop
      vertex 69.4815 32.7653 4
      vertex 83.9338 12.8895 4
      vertex 69.4954 32.8823 4
    endloop
  endfacet
  facet normal 0 0 1
    outer loop
      vertex 70.3245 67.3939 4
      vertex 81.4693 79.3045 4
      vertex 81.184 79.436 4
    endloop
  endfacet
  facet normal 0 0 1
    outer loop
      vertex 83.9338 12.8895 4
      vertex 69.4815 32.7653 4
      vertex 83.6257 12.9508 4
    endloop
  endfacet
  facet normal 0 0 1
    outer loop
      vertex 70.3245 67.3939 4
      vertex 81.184 79.436 4
      vertex 80.91 79.5894 4
    endloop
  endfacet
  facet normal -0 0 1
    outer loop
      vertex 69.4586 32.6498 4
      vertex 83.6257 12.9508 4
      vertex 69.4815 32.7653 4
    endloop
  endfacet
  facet normal 0 0 1
    outer loop
      vertex 69.3858 76.426 4
      vertex 80.91 79.5894 4
      vertex 80.6489 79.7639 4
    endloop
  endfacet
  facet normal 0 0 1
    outer loop
      vertex 83.6257 12.9508 4
      vertex 69.4586 32.6498 4
      vertex 83.3138 12.9877 4
    endloop
  endfacet
  facet normal 0 0 1
    outer loop
      vertex 69.4266 76.5365 4
      vertex 80.6489 79.7639 4
      vertex 80.4022 79.9584 4
    endloop
  endfacet
  facet normal -0 0 1
    outer loop
      vertex 69.4266 32.5365 4
      vertex 83.3138 12.9877 4
      vertex 69.4586 32.6498 4
    endloop
  endfacet
  facet normal 0 0 1
    outer loop
      vertex 69.4586 76.6498 4
      vertex 80.4022 79.9584 4
      vertex 80.1716 80.1716 4
    endloop
  endfacet
  facet normal 0 0 1
    outer loop
      vertex 83.3138 12.9877 4
      vertex 69.4266 32.5365 4
      vertex 83 13 4
    endloop
  endfacet
  facet normal 0 0 1
    outer loop
      vertex 69.4815 76.7654 4
      vertex 80.1716 80.1716 4
      vertex 79.9584 80.4022 4
    endloop
  endfacet
  facet normal -0 0 1
    outer loop
      vertex 69.3858 32.426 4
      vertex 83 13 4
      vertex 69.4266 32.5365 4
    endloop
  endfacet
  facet normal 0 0 1
    outer loop
      vertex 69.5 77 4
      vertex 79.9584 80.4022 4
      vertex 79.7639 80.6489 4
    endloop
  endfacet
  facet normal 0 0 1
    outer loop
      vertex 83 13 4
      vertex 69.3858 32.426 4
      vertex 82.6862 12.9877 4
    endloop
  endfacet
  facet normal 0 0 1
    outer loop
      vertex 69.4954 77.1177 4
      vertex 79.7639 80.6489 4
      vertex 79.5894 80.91 4
    endloop
  endfacet
  facet normal -0 0 1
    outer loop
      vertex 69.3365 32.319 4
      vertex 82.6862 12.9877 4
      vertex 69.3858 32.426 4
    endloop
  endfacet
  facet normal 0 0 1
    outer loop
      vertex 69.4815 77.2346 4
      vertex 79.5894 80.91 4
      vertex 79.436 81.184 4
    endloop
  endfacet
  facet normal 0 0 1
    outer loop
      vertex 82.6862 12.9877 4
      vertex 69.3365 32.319 4
      vertex 82.3743 12.9508 4
    endloop
  endfacet
  facet normal 0 0 1
    outer loop
      vertex 69.4266 77.4635 4
      vertex 79.436 81.184 4
      vertex 79.3045 81.4693 4
    endloop
  endfacet
  facet normal -0 0 1
    outer loop
      vertex 69.279 32.2163 4
      vertex 82.3743 12.9508 4
      vertex 69.3365 32.319 4
    endloop
  endfacet
  facet normal 0 0 1
    outer loop
      vertex 69.3858 77.574 4
      vertex 79.3045 81.4693 4
      vertex 79.1958 81.7639 4
    endloop
  endfacet
  facet normal 0 0 1
    outer loop
      vertex 82.3743 12.9508 4
      vertex 69.279 32.2163 4
      vertex 82.0662 12.8895 4
    endloop
  endfacet
  facet normal 0 0 1
    outer loop
      vertex 69.279 77.7837 4
      vertex 79.1958 81.7639 4
      vertex 79.1105 82.0662 4
    endloop
  endfacet
  facet normal -0 0 1
    outer loop
      vertex 69.2135 32.1183 4
      vertex 82.0662 12.8895 4
      vertex 69.279 32.2163 4
    endloop
  endfacet
  facet normal 0 0 1
    outer loop
      vertex 69.2135 77.8817 4
      vertex 79.1105 82.0662 4
      vertex 79.0492 82.3743 4
    endloop
  endfacet
  facet normal 0 0 1
    outer loop
      vertex 82.0662 12.8895 4
      vertex 69.2135 32.1183 4
      vertex 81.7639 12.8042 4
    endloop
  endfacet
  facet normal 0 0 1
    outer loop
      vertex 69.1406 77.9742 4
      vertex 79.0492 82.3743 4
      vertex 79.0123 82.6862 4
    endloop
  endfacet
  facet normal -0 0 1
    outer loop
      vertex 69.0607 31.9393 4
      vertex 81.7639 12.8042 4
      vertex 69.1406 32.0258 4
    endloop
  endfacet
  facet normal 0 0 1
    outer loop
      vertex 68.9742 78.1406 4
      vertex 79.0123 82.6862 4
      vertex 79 83 4
    endloop
  endfacet
  facet normal 0 0 1
    outer loop
      vertex 81.7639 12.8042 4
      vertex 69.0607 31.9393 4
      vertex 81.4693 12.6955 4
    endloop
  endfacet
  facet normal 0 0 1
    outer loop
      vertex 86.564 84.816 4
      vertex 88 85 4
      vertex 87.9908 85.2354 4
    endloop
  endfacet
  facet normal 0 0 1
    outer loop
      vertex 86.9877 82.6862 4
      vertex 88 85 4
      vertex 87 83 4
    endloop
  endfacet
  facet normal 0 0 1
    outer loop
      vertex 86.564 84.816 4
      vertex 87.9908 85.2354 4
      vertex 87.9631 85.4693 4
    endloop
  endfacet
  facet normal 0 0 1
    outer loop
      vertex 86.9508 82.3743 4
      vertex 88 85 4
      vertex 86.9877 82.6862 4
    endloop
  endfacet
  facet normal 0 0 1
    outer loop
      vertex 86.4106 85.09 4
      vertex 87.9631 85.4693 4
      vertex 87.9171 85.7003 4
    endloop
  endfacet
  facet normal -0 0 1
    outer loop
      vertex 86.9877 8.68616 4
      vertex 88 7 4
      vertex 87 9 4
    endloop
  endfacet
  facet normal 0 0 1
    outer loop
      vertex 86.4106 85.09 4
      vertex 87.9171 85.7003 4
      vertex 87.8532 85.927 4
    endloop
  endfacet
  facet normal -0 0 1
    outer loop
      vertex 86.9508 8.37426 4
      vertex 88 7 4
      vertex 86.9877 8.68616 4
    endloop
  endfacet
  facet normal 0 0 1
    outer loop
      vertex 86.2361 85.3511 4
      vertex 87.8532 85.927 4
      vertex 87.7716 86.148 4
    endloop
  endfacet
  facet normal -0 0 1
    outer loop
      vertex 86.8895 8.06622 4
      vertex 88 7 4
      vertex 86.9508 8.37426 4
    endloop
  endfacet
  facet normal 0 0 1
    outer loop
      vertex 86.2361 85.3511 4
      vertex 87.7716 86.148 4
      vertex 87.673 86.362 4
    endloop
  endfacet
  facet normal -0 0 1
    outer loop
      vertex 86.8042 7.76393 4
      vertex 88 7 4
      vertex 86.8895 8.06622 4
    endloop
  endfacet
  facet normal 0 0 1
    outer loop
      vertex 86.2361 85.3511 4
      vertex 87.673 86.362 4
      vertex 87.5579 86.5675 4
    endloop
  endfacet
  facet normal -0 0 1
    outer loop
      vertex 86.6955 7.46927 4
      vertex 88 7 4
      vertex 86.8042 7.76393 4
    endloop
  endfacet
  facet normal 0 0 1
    outer loop
      vertex 86.0416 85.5978 4
      vertex 87.5579 86.5675 4
      vertex 87.427 86.7634 4
    endloop
  endfacet
  facet normal -0 0 1
    outer loop
      vertex 86.564 7.18404 4
      vertex 88 7 4
      vertex 86.6955 7.46927 4
    endloop
  endfacet
  facet normal 0 0 1
    outer loop
      vertex 86.0416 85.5978 4
      vertex 87.427 86.7634 4
      vertex 87.2812 86.9483 4
    endloop
  endfacet
  facet normal 0 0 1
    outer loop
      vertex 88 7 4
      vertex 86.564 7.18404 4
      vertex 87.9908 6.76462 4
    endloop
  endfacet
  facet normal 0 0 1
    outer loop
      vertex 85.8284 85.8284 4
      vertex 87.2812 86.9483 4
      vertex 87.1213 87.1213 4
    endloop
  endfacet
  facet normal 0 0 1
    outer loop
      vertex 87.9908 6.76462 4
      vertex 86.564 7.18404 4
      vertex 87.9631 6.5307 4
    endloop
  endfacet
  facet normal -0 0 1
    outer loop
      vertex 86.4106 6.91001 4
      vertex 87.9631 6.5307 4
      vertex 86.564 7.18404 4
    endloop
  endfacet
  facet normal 0 0 1
    outer loop
      vertex 88 85 4
      vertex 86.9877 83.3138 4
      vertex 87 83 4
    endloop
  endfacet
  facet normal 0 0 1
    outer loop
      vertex 88 85 4
      vertex 86.9508 83.6257 4
      vertex 86.9877 83.3138 4
    endloop
  endfacet
  facet normal 0 0 1
    outer loop
      vertex 85.8284 85.8284 4
      vertex 87.1213 87.1213 4
      vertex 86.9483 87.2812 4
    endloop
  endfacet
  facet normal 0 0 1
    outer loop
      vertex 88 85 4
      vertex 86.8895 83.9338 4
      vertex 86.9508 83.6257 4
    endloop
  endfacet
  facet normal 0 0 1
    outer loop
      vertex 88 85 4
      vertex 86.8042 84.2361 4
      vertex 86.8895 83.9338 4
    endloop
  endfacet
  facet normal 0 0 1
    outer loop
      vertex 85.5978 86.0416 4
      vertex 86.9483 87.2812 4
      vertex 86.7634 87.427 4
    endloop
  endfacet
  facet normal 0 0 1
    outer loop
      vertex 88 85 4
      vertex 86.6955 84.5307 4
      vertex 86.8042 84.2361 4
    endloop
  endfacet
  facet normal 0 0 1
    outer loop
      vertex 85.5978 86.0416 4
      vertex 86.7634 87.427 4
      vertex 86.5675 87.5579 4
    endloop
  endfacet
  facet normal 0 0 1
    outer loop
      vertex 88 85 4
      vertex 86.564 84.816 4
      vertex 86.6955 84.5307 4
    endloop
  endfacet
  facet normal 0 0 1
    outer loop
      vertex 87.9631 85.4693 4
      vertex 86.4106 85.09 4
      vertex 86.564 84.816 4
    endloop
  endfacet
  facet normal 0 0 1
    outer loop
      vertex 85.5978 86.0416 4
      vertex 86.5675 87.5579 4
      vertex 86.362 87.673 4
    endloop
  endfacet
  facet normal 0 0 1
    outer loop
      vertex 87.8532 85.927 4
      vertex 86.2361 85.3511 4
      vertex 86.4106 85.09 4
    endloop
  endfacet
  facet normal 0 0 1
    outer loop
      vertex 85.3511 86.2361 4
      vertex 86.362 87.673 4
      vertex 86.148 87.7716 4
    endloop
  endfacet
  facet normal 0 0 1
    outer loop
      vertex 87.5579 86.5675 4
      vertex 86.0416 85.5978 4
      vertex 86.2361 85.3511 4
    endloop
  endfacet
  facet normal 0 0 1
    outer loop
      vertex 85.3511 86.2361 4
      vertex 86.148 87.7716 4
      vertex 85.927 87.8532 4
    endloop
  endfacet
  facet normal 0 0 1
    outer loop
      vertex 87.2812 86.9483 4
      vertex 85.8284 85.8284 4
      vertex 86.0416 85.5978 4
    endloop
  endfacet
  facet normal 0 0 1
    outer loop
      vertex 85.09 86.4106 4
      vertex 85.927 87.8532 4
      vertex 85.7003 87.9171 4
    endloop
  endfacet
  facet normal 0 0 1
    outer loop
      vertex 86.9483 87.2812 4
      vertex 85.5978 86.0416 4
      vertex 85.8284 85.8284 4
    endloop
  endfacet
  facet normal 0 0 1
    outer loop
      vertex 85.09 86.4106 4
      vertex 85.7003 87.9171 4
      vertex 85.4693 87.9631 4
    endloop
  endfacet
  facet normal 0 0 1
    outer loop
      vertex 86.362 87.673 4
      vertex 85.3511 86.2361 4
      vertex 85.5978 86.0416 4
    endloop
  endfacet
  facet normal 0 0 1
    outer loop
      vertex 84.816 86.564 4
      vertex 85.4693 87.9631 4
      vertex 85.2354 87.9908 4
    endloop
  endfacet
  facet normal 0 0 1
    outer loop
      vertex 85.927 87.8532 4
      vertex 85.09 86.4106 4
      vertex 85.3511 86.2361 4
    endloop
  endfacet
  facet normal 0 0 1
    outer loop
      vertex 84.816 86.564 4
      vertex 85.2354 87.9908 4
      vertex 85 88 4
    endloop
  endfacet
  facet normal 0 0 1
    outer loop
      vertex 85.4693 87.9631 4
      vertex 84.816 86.564 4
      vertex 85.09 86.4106 4
    endloop
  endfacet
  facet normal 0 0 1
    outer loop
      vertex 85 88 4
      vertex 84.5307 86.6955 4
      vertex 84.816 86.564 4
    endloop
  endfacet
  facet normal 0 0 1
    outer loop
      vertex 85 88 4
      vertex 84.2361 86.8042 4
      vertex 84.5307 86.6955 4
    endloop
  endfacet
  facet normal 0 0 1
    outer loop
      vertex 85 88 4
      vertex 83.9338 86.8895 4
      vertex 84.2361 86.8042 4
    endloop
  endfacet
  facet normal 0 0 1
    outer loop
      vertex 85 88 4
      vertex 83.6257 86.9508 4
      vertex 83.9338 86.8895 4
    endloop
  endfacet
  facet normal 0 0 1
    outer loop
      vertex 85 88 4
      vertex 83.3138 86.9877 4
      vertex 83.6257 86.9508 4
    endloop
  endfacet
  facet normal 0 0 1
    outer loop
      vertex 85 88 4
      vertex 83 87 4
      vertex 83.3138 86.9877 4
    endloop
  endfacet
  facet normal 0 0 1
    outer loop
      vertex 85 88 4
      vertex 82.6862 86.9877 4
      vertex 83 87 4
    endloop
  endfacet
  facet normal 0 0 1
    outer loop
      vertex 85 88 4
      vertex 82.3743 86.9508 4
      vertex 82.6862 86.9877 4
    endloop
  endfacet
  facet normal 0 0 1
    outer loop
      vertex 85 88 4
      vertex 82.0662 86.8895 4
      vertex 82.3743 86.9508 4
    endloop
  endfacet
  facet normal 0 0 1
    outer loop
      vertex 85 88 4
      vertex 81.7639 86.8042 4
      vertex 82.0662 86.8895 4
    endloop
  endfacet
  facet normal 0 0 1
    outer loop
      vertex 48.1419 82.2158 4
      vertex 81.7639 86.8042 4
      vertex 85 88 4
    endloop
  endfacet
  facet normal 0 0 1
    outer loop
      vertex 85.5978 79.9584 4
      vertex 73.3 55 4
      vertex 73.2158 52.8581 4
    endloop
  endfacet
  facet normal 0 0 1
    outer loop
      vertex 68.8817 78.2135 4
      vertex 79 83 4
      vertex 79.0123 83.3138 4
    endloop
  endfacet
  facet normal 0 0 1
    outer loop
      vertex 68.7837 78.279 4
      vertex 79.0123 83.3138 4
      vertex 79.0492 83.6257 4
    endloop
  endfacet
  facet normal 0 0 1
    outer loop
      vertex 68.574 78.3858 4
      vertex 79.0492 83.6257 4
      vertex 79.1105 83.9338 4
    endloop
  endfacet
  facet normal 0 0 1
    outer loop
      vertex 85.09 79.5894 4
      vertex 73.2158 57.1419 4
      vertex 73.3 55 4
    endloop
  endfacet
  facet normal 0 0 1
    outer loop
      vertex 84.816 79.436 4
      vertex 72.9639 59.2707 4
      vertex 73.2158 57.1419 4
    endloop
  endfacet
  facet normal 0 0 1
    outer loop
      vertex 84.2361 79.1958 4
      vertex 72.5457 61.3731 4
      vertex 72.9639 59.2707 4
    endloop
  endfacet
  facet normal 0 0 1
    outer loop
      vertex 68.4635 78.4266 4
      vertex 79.1105 83.9338 4
      vertex 79.1958 84.2361 4
    endloop
  endfacet
  facet normal 0 0 1
    outer loop
      vertex 83.3138 79.0123 4
      vertex 71.9638 63.4362 4
      vertex 72.5457 61.3731 4
    endloop
  endfacet
  facet normal 0 0 1
    outer loop
      vertex 82.6862 79.0123 4
      vertex 71.2219 65.4473 4
      vertex 71.9638 63.4362 4
    endloop
  endfacet
  facet normal 0 0 1
    outer loop
      vertex 68.3502 78.4586 4
      vertex 79.1958 84.2361 4
      vertex 79.3045 84.5307 4
    endloop
  endfacet
  facet normal 0 0 1
    outer loop
      vertex 81.7639 79.1958 4
      vertex 70.3245 67.3939 4
      vertex 71.2219 65.4473 4
    endloop
  endfacet
  facet normal 0 0 1
    outer loop
      vertex 68.2346 78.4815 4
      vertex 79.3045 84.5307 4
      vertex 79.436 84.816 4
    endloop
  endfacet
  facet normal 0 0 1
    outer loop
      vertex 79.9584 80.4022 4
      vertex 69.5 77 4
      vertex 69.4954 76.8823 4
    endloop
  endfacet
  facet normal 0 0 1
    outer loop
      vertex 68.1177 78.4954 4
      vertex 79.436 84.816 4
      vertex 79.5894 85.09 4
    endloop
  endfacet
  facet normal 0 0 1
    outer loop
      vertex 67.8823 78.4954 4
      vertex 79.5894 85.09 4
      vertex 79.7639 85.3511 4
    endloop
  endfacet
  facet normal 0 0 1
    outer loop
      vertex 67.7654 78.4815 4
      vertex 79.7639 85.3511 4
      vertex 79.9584 85.5978 4
    endloop
  endfacet
  facet normal 0 0 1
    outer loop
      vertex 56.4473 80.2219 4
      vertex 79.9584 85.5978 4
      vertex 80.1716 85.8284 4
    endloop
  endfacet
  facet normal 0 0 1
    outer loop
      vertex 54.4362 80.9638 4
      vertex 80.1716 85.8284 4
      vertex 80.4022 86.0416 4
    endloop
  endfacet
  facet normal 0 0 1
    outer loop
      vertex 79.7639 80.6489 4
      vertex 69.4954 77.1177 4
      vertex 69.5 77 4
    endloop
  endfacet
  facet normal 0 0 1
    outer loop
      vertex 79.5894 80.91 4
      vertex 69.4815 77.2346 4
      vertex 69.4954 77.1177 4
    endloop
  endfacet
  facet normal 0 0 1
    outer loop
      vertex 79.436 81.184 4
      vertex 69.4586 77.3502 4
      vertex 69.4815 77.2346 4
    endloop
  endfacet
  facet normal 0 0 1
    outer loop
      vertex 79.436 81.184 4
      vertex 69.4266 77.4635 4
      vertex 69.4586 77.3502 4
    endloop
  endfacet
  facet normal 0 0 1
    outer loop
      vertex 54.4362 80.9638 4
      vertex 80.4022 86.0416 4
      vertex 80.6489 86.2361 4
    endloop
  endfacet
  facet normal 0 0 1
    outer loop
      vertex 79.3045 81.4693 4
      vertex 69.3858 77.574 4
      vertex 69.4266 77.4635 4
    endloop
  endfacet
  facet normal 0 0 1
    outer loop
      vertex 79.1958 81.7639 4
      vertex 69.3365 77.681 4
      vertex 69.3858 77.574 4
    endloop
  endfacet
  facet normal 0 0 1
    outer loop
      vertex 79.1958 81.7639 4
      vertex 69.279 77.7837 4
      vertex 69.3365 77.681 4
    endloop
  endfacet
  facet normal 0 0 1
    outer loop
      vertex 79.1105 82.0662 4
      vertex 69.2135 77.8817 4
      vertex 69.279 77.7837 4
    endloop
  endfacet
  facet normal 0 0 1
    outer loop
      vertex 79.0492 82.3743 4
      vertex 69.1406 77.9742 4
      vertex 69.2135 77.8817 4
    endloop
  endfacet
  facet normal 0 0 1
    outer loop
      vertex 79.0123 82.6862 4
      vertex 69.0607 78.0607 4
      vertex 69.1406 77.9742 4
    endloop
  endfacet
  facet normal 0 0 1
    outer loop
      vertex 79.0123 82.6862 4
      vertex 68.9742 78.1406 4
      vertex 69.0607 78.0607 4
    endloop
  endfacet
  facet normal 0 0 1
    outer loop
      vertex 79 83 4
      vertex 68.8817 78.2135 4
      vertex 68.9742 78.1406 4
    endloop
  endfacet
  facet normal 0 0 1
    outer loop
      vertex 79.0123 83.3138 4
      vertex 68.7837 78.279 4
      vertex 68.8817 78.2135 4
    endloop
  endfacet
  facet normal 0 0 1
    outer loop
      vertex 79.0492 83.6257 4
      vertex 68.681 78.3365 4
      vertex 68.7837 78.279 4
    endloop
  endfacet
  facet normal 0 0 1
    outer loop
      vertex 52.3731 81.5457 4
      vertex 80.6489 86.2361 4
      vertex 80.91 86.4106 4
    endloop
  endfacet
  facet normal 0 0 1
    outer loop
      vertex 79.0492 83.6257 4
      vertex 68.574 78.3858 4
      vertex 68.681 78.3365 4
    endloop
  endfacet
  facet normal 0 0 1
    outer loop
      vertex 79.1105 83.9338 4
      vertex 68.4635 78.4266 4
      vertex 68.574 78.3858 4
    endloop
  endfacet
  facet normal 0 0 1
    outer loop
      vertex 79.1958 84.2361 4
      vertex 68.3502 78.4586 4
      vertex 68.4635 78.4266 4
    endloop
  endfacet
  facet normal 0 0 1
    outer loop
      vertex 79.3045 84.5307 4
      vertex 68.2346 78.4815 4
      vertex 68.3502 78.4586 4
    endloop
  endfacet
  facet normal 0 0 1
    outer loop
      vertex 79.436 84.816 4
      vertex 68.1177 78.4954 4
      vertex 68.2346 78.4815 4
    endloop
  endfacet
  facet normal 0 0 1
    outer loop
      vertex 79.5894 85.09 4
      vertex 68 78.5 4
      vertex 68.1177 78.4954 4
    endloop
  endfacet
  facet normal 0 0 1
    outer loop
      vertex 79.5894 85.09 4
      vertex 67.8823 78.4954 4
      vertex 68 78.5 4
    endloop
  endfacet
  facet normal 0 0 1
    outer loop
      vertex 79.7639 85.3511 4
      vertex 67.7654 78.4815 4
      vertex 67.8823 78.4954 4
    endloop
  endfacet
  facet normal 0 0 1
    outer loop
      vertex 79.9584 85.5978 4
      vertex 56.4473 80.2219 4
      vertex 67.7654 78.4815 4
    endloop
  endfacet
  facet normal -0 -0 1
    outer loop
      vertex 58.3939 79.3245 4
      vertex 67.7654 78.4815 4
      vertex 56.4473 80.2219 4
    endloop
  endfacet
  facet normal 0 0 1
    outer loop
      vertex 67.7654 78.4815 4
      vertex 58.3939 79.3245 4
      vertex 67.6498 78.4586 4
    endloop
  endfacet
  facet normal 0 0 1
    outer loop
      vertex 67.6498 78.4586 4
      vertex 58.3939 79.3245 4
      vertex 67.5365 78.4266 4
    endloop
  endfacet
  facet normal 0 0 1
    outer loop
      vertex 67.5365 78.4266 4
      vertex 58.3939 79.3245 4
      vertex 67.426 78.3858 4
    endloop
  endfacet
  facet normal 0 0 1
    outer loop
      vertex 63.7299 75.7591 4
      vertex 66.5 77 4
      vertex 66.5046 77.1177 4
    endloop
  endfacet
  facet normal 0 0 1
    outer loop
      vertex 63.7299 75.7591 4
      vertex 66.5046 77.1177 4
      vertex 66.5185 77.2346 4
    endloop
  endfacet
  facet normal 0 0 1
    outer loop
      vertex 63.7299 75.7591 4
      vertex 66.5185 77.2346 4
      vertex 66.5414 77.3502 4
    endloop
  endfacet
  facet normal 0 0 1
    outer loop
      vertex 63.7299 75.7591 4
      vertex 66.5414 77.3502 4
      vertex 66.5734 77.4635 4
    endloop
  endfacet
  facet normal 0 0 1
    outer loop
      vertex 62.0465 77.0862 4
      vertex 66.5734 77.4635 4
      vertex 66.6142 77.574 4
    endloop
  endfacet
  facet normal 0 0 1
    outer loop
      vertex 66.5 77 4
      vertex 63.7299 75.7591 4
      vertex 65.304 74.304 4
    endloop
  endfacet
  facet normal 0 0 1
    outer loop
      vertex 62.0465 77.0862 4
      vertex 66.6142 77.574 4
      vertex 66.6635 77.681 4
    endloop
  endfacet
  facet normal 0 0 1
    outer loop
      vertex 62.0465 77.0862 4
      vertex 66.6635 77.681 4
      vertex 66.721 77.7837 4
    endloop
  endfacet
  facet normal 0 0 1
    outer loop
      vertex 62.0465 77.0862 4
      vertex 66.721 77.7837 4
      vertex 66.7865 77.8817 4
    endloop
  endfacet
  facet normal 0 0 1
    outer loop
      vertex 62.0465 77.0862 4
      vertex 66.7865 77.8817 4
      vertex 66.8594 77.9742 4
    endloop
  endfacet
  facet normal 0 0 1
    outer loop
      vertex 62.0465 77.0862 4
      vertex 66.8594 77.9742 4
      vertex 66.9393 78.0607 4
    endloop
  endfacet
  facet normal 0 0 1
    outer loop
      vertex 60.2642 78.2771 4
      vertex 66.9393 78.0607 4
      vertex 67.0258 78.1406 4
    endloop
  endfacet
  facet normal 0 0 1
    outer loop
      vertex 60.2642 78.2771 4
      vertex 67.0258 78.1406 4
      vertex 67.1183 78.2135 4
    endloop
  endfacet
  facet normal 0 0 1
    outer loop
      vertex 66.5734 77.4635 4
      vertex 62.0465 77.0862 4
      vertex 63.7299 75.7591 4
    endloop
  endfacet
  facet normal -0 0 1
    outer loop
      vertex 60.2642 78.2771 4
      vertex 67.1183 78.2135 4
      vertex 67.2162 78.279 4
    endloop
  endfacet
  facet normal 0 -0 1
    outer loop
      vertex 60.2642 78.2771 4
      vertex 67.426 78.3858 4
      vertex 58.3939 79.3245 4
    endloop
  endfacet
  facet normal 0 0 1
    outer loop
      vertex 52.3731 81.5457 4
      vertex 80.91 86.4106 4
      vertex 81.184 86.564 4
    endloop
  endfacet
  facet normal 0 0 1
    outer loop
      vertex 66.9393 78.0607 4
      vertex 60.2642 78.2771 4
      vertex 62.0465 77.0862 4
    endloop
  endfacet
  facet normal 0 0 1
    outer loop
      vertex 50.2707 81.9639 4
      vertex 81.184 86.564 4
      vertex 81.4693 86.6955 4
    endloop
  endfacet
  facet normal 0 0 1
    outer loop
      vertex 67.319 78.3365 4
      vertex 60.2642 78.2771 4
      vertex 67.2162 78.279 4
    endloop
  endfacet
  facet normal 0 0 1
    outer loop
      vertex 81.7639 86.8042 4
      vertex 48.1419 82.2158 4
      vertex 81.4693 86.6955 4
    endloop
  endfacet
  facet normal 0 0 1
    outer loop
      vertex 67.426 78.3858 4
      vertex 60.2642 78.2771 4
      vertex 67.319 78.3365 4
    endloop
  endfacet
  facet normal 0 0 1
    outer loop
      vertex 80.1716 85.8284 4
      vertex 54.4362 80.9638 4
      vertex 56.4473 80.2219 4
    endloop
  endfacet
  facet normal 0 0 1
    outer loop
      vertex 80.6489 86.2361 4
      vertex 52.3731 81.5457 4
      vertex 54.4362 80.9638 4
    endloop
  endfacet
  facet normal 0 0 1
    outer loop
      vertex 81.184 86.564 4
      vertex 50.2707 81.9639 4
      vertex 52.3731 81.5457 4
    endloop
  endfacet
  facet normal 0 0 1
    outer loop
      vertex 81.4693 86.6955 4
      vertex 48.1419 82.2158 4
      vertex 50.2707 81.9639 4
    endloop
  endfacet
  facet normal 0 0 1
    outer loop
      vertex 85 88 4
      vertex 46 82.3 4
      vertex 48.1419 82.2158 4
    endloop
  endfacet
  facet normal -0 0 1
    outer loop
      vertex 7 88 4
      vertex 46 82.3 4
      vertex 85 88 4
    endloop
  endfacet
  facet normal 0 0 1
    outer loop
      vertex 46 82.3 4
      vertex 7 88 4
      vertex 43.8581 82.2158 4
    endloop
  endfacet
  facet normal -0 0 1
    outer loop
      vertex 25.4954 76.8823 4
      vertex 28.2701 75.7591 4
      vertex 25.5 77 4
    endloop
  endfacet
  facet normal 0 0 1
    outer loop
      vertex 25.4266 77.4635 4
      vertex 28.2701 75.7591 4
      vertex 29.9535 77.0862 4
    endloop
  endfacet
  facet normal -0 0 1
    outer loop
      vertex 25.0607 78.0607 4
      vertex 29.9535 77.0862 4
      vertex 31.7358 78.2771 4
    endloop
  endfacet
  facet normal -0 0 1
    outer loop
      vertex 24.574 78.3858 4
      vertex 31.7358 78.2771 4
      vertex 33.6061 79.3245 4
    endloop
  endfacet
  facet normal 0 0 1
    outer loop
      vertex 24.2347 78.4815 4
      vertex 33.6061 79.3245 4
      vertex 35.5527 80.2219 4
    endloop
  endfacet
  facet normal 0 0 1
    outer loop
      vertex 11.8284 85.8284 4
      vertex 35.5527 80.2219 4
      vertex 37.5638 80.9638 4
    endloop
  endfacet
  facet normal 0 0 1
    outer loop
      vertex 28.2701 75.7591 4
      vertex 25.4954 77.1177 4
      vertex 25.5 77 4
    endloop
  endfacet
  facet normal 0 0 1
    outer loop
      vertex 28.2701 75.7591 4
      vertex 25.4815 77.2346 4
      vertex 25.4954 77.1177 4
    endloop
  endfacet
  facet normal 0 0 1
    outer loop
      vertex 28.2701 75.7591 4
      vertex 25.4586 77.3502 4
      vertex 25.4815 77.2346 4
    endloop
  endfacet
  facet normal 0 0 1
    outer loop
      vertex 28.2701 75.7591 4
      vertex 25.4266 77.4635 4
      vertex 25.4586 77.3502 4
    endloop
  endfacet
  facet normal 0 0 1
    outer loop
      vertex 29.9535 77.0862 4
      vertex 25.3858 77.574 4
      vertex 25.4266 77.4635 4
    endloop
  endfacet
  facet normal 0 0 1
    outer loop
      vertex 11.3511 86.2361 4
      vertex 37.5638 80.9638 4
      vertex 39.6269 81.5457 4
    endloop
  endfacet
  facet normal 0 0 1
    outer loop
      vertex 29.9535 77.0862 4
      vertex 25.3365 77.681 4
      vertex 25.3858 77.574 4
    endloop
  endfacet
  facet normal 0 0 1
    outer loop
      vertex 29.9535 77.0862 4
      vertex 25.279 77.7837 4
      vertex 25.3365 77.681 4
    endloop
  endfacet
  facet normal 0 0 1
    outer loop
      vertex 29.9535 77.0862 4
      vertex 25.2135 77.8817 4
      vertex 25.279 77.7837 4
    endloop
  endfacet
  facet normal 0 0 1
    outer loop
      vertex 29.9535 77.0862 4
      vertex 25.1406 77.9742 4
      vertex 25.2135 77.8817 4
    endloop
  endfacet
  facet normal 0 0 1
    outer loop
      vertex 29.9535 77.0862 4
      vertex 25.0607 78.0607 4
      vertex 25.1406 77.9742 4
    endloop
  endfacet
  facet normal 0 0 1
    outer loop
      vertex 31.7358 78.2771 4
      vertex 24.9742 78.1406 4
      vertex 25.0607 78.0607 4
    endloop
  endfacet
  facet normal 0 0 1
    outer loop
      vertex 31.7358 78.2771 4
      vertex 24.8817 78.2135 4
      vertex 24.9742 78.1406 4
    endloop
  endfacet
  facet normal 0 0 1
    outer loop
      vertex 31.7358 78.2771 4
      vertex 24.7837 78.279 4
      vertex 24.8817 78.2135 4
    endloop
  endfacet
  facet normal 0 0 1
    outer loop
      vertex 31.7358 78.2771 4
      vertex 24.681 78.3365 4
      vertex 24.7837 78.279 4
    endloop
  endfacet
  facet normal 0 0 1
    outer loop
      vertex 31.7358 78.2771 4
      vertex 24.574 78.3858 4
      vertex 24.681 78.3365 4
    endloop
  endfacet
  facet normal 0 0 1
    outer loop
      vertex 33.6061 79.3245 4
      vertex 24.4635 78.4266 4
      vertex 24.574 78.3858 4
    endloop
  endfacet
  facet normal 0 0 1
    outer loop
      vertex 33.6061 79.3245 4
      vertex 24.3502 78.4586 4
      vertex 24.4635 78.4266 4
    endloop
  endfacet
  facet normal 0 0 1
    outer loop
      vertex 33.6061 79.3245 4
      vertex 24.2347 78.4815 4
      vertex 24.3502 78.4586 4
    endloop
  endfacet
  facet normal 0 0 1
    outer loop
      vertex 35.5527 80.2219 4
      vertex 12.0416 85.5978 4
      vertex 24.2347 78.4815 4
    endloop
  endfacet
  facet normal 0 0 1
    outer loop
      vertex 11.09 86.4106 4
      vertex 39.6269 81.5457 4
      vertex 41.7293 81.9639 4
    endloop
  endfacet
  facet normal -0 -0 1
    outer loop
      vertex 12.2361 85.3511 4
      vertex 24.2347 78.4815 4
      vertex 12.0416 85.5978 4
    endloop
  endfacet
  facet normal 0 0 1
    outer loop
      vertex 24.2347 78.4815 4
      vertex 12.2361 85.3511 4
      vertex 24.1177 78.4954 4
    endloop
  endfacet
  facet normal -0 -0 1
    outer loop
      vertex 12.4106 85.09 4
      vertex 24.1177 78.4954 4
      vertex 12.2361 85.3511 4
    endloop
  endfacet
  facet normal -0 0 1
    outer loop
      vertex 12.6955 81.4693 4
      vertex 22.6142 77.574 4
      vertex 12.8042 81.7639 4
    endloop
  endfacet
  facet normal 0 0 1
    outer loop
      vertex 22.5185 77.2346 4
      vertex 12.4106 80.91 4
      vertex 22.5046 77.1177 4
    endloop
  endfacet
  facet normal 0 0 1
    outer loop
      vertex 22.6635 77.681 4
      vertex 12.8042 81.7639 4
      vertex 22.6142 77.574 4
    endloop
  endfacet
  facet normal -0 0 1
    outer loop
      vertex 12.2361 80.6489 4
      vertex 22.5046 77.1177 4
      vertex 12.4106 80.91 4
    endloop
  endfacet
  facet normal 0 0 1
    outer loop
      vertex 22.5046 77.1177 4
      vertex 12.2361 80.6489 4
      vertex 22.5 77 4
    endloop
  endfacet
  facet normal -0 0 1
    outer loop
      vertex 12.0416 80.4022 4
      vertex 22.5 77 4
      vertex 12.2361 80.6489 4
    endloop
  endfacet
  facet normal 0 0 1
    outer loop
      vertex 22.5185 76.7654 4
      vertex 11.8284 80.1716 4
      vertex 22.5414 76.6498 4
    endloop
  endfacet
  facet normal 0 0 1
    outer loop
      vertex 22.5046 76.8823 4
      vertex 12.0416 80.4022 4
      vertex 22.5185 76.7654 4
    endloop
  endfacet
  facet normal 0 0 1
    outer loop
      vertex 22.5 77 4
      vertex 12.0416 80.4022 4
      vertex 22.5046 76.8823 4
    endloop
  endfacet
  facet normal 0 0 1
    outer loop
      vertex 22.721 77.7837 4
      vertex 12.8042 81.7639 4
      vertex 22.6635 77.681 4
    endloop
  endfacet
  facet normal -0 0 1
    outer loop
      vertex 12.8042 81.7639 4
      vertex 22.721 77.7837 4
      vertex 12.8895 82.0662 4
    endloop
  endfacet
  facet normal 0 0 1
    outer loop
      vertex 22.7865 77.8817 4
      vertex 12.8895 82.0662 4
      vertex 22.721 77.7837 4
    endloop
  endfacet
  facet normal -0 0 1
    outer loop
      vertex 12.8895 82.0662 4
      vertex 22.7865 77.8817 4
      vertex 12.9508 82.3743 4
    endloop
  endfacet
  facet normal 0 0 1
    outer loop
      vertex 22.8594 77.9742 4
      vertex 12.9508 82.3743 4
      vertex 22.7865 77.8817 4
    endloop
  endfacet
  facet normal -0 0 1
    outer loop
      vertex 12.9508 82.3743 4
      vertex 22.8594 77.9742 4
      vertex 12.9877 82.6862 4
    endloop
  endfacet
  facet normal 0 0 1
    outer loop
      vertex 22.9393 78.0607 4
      vertex 12.9877 82.6862 4
      vertex 22.8594 77.9742 4
    endloop
  endfacet
  facet normal 0 0 1
    outer loop
      vertex 23.0258 78.1406 4
      vertex 12.9877 82.6862 4
      vertex 22.9393 78.0607 4
    endloop
  endfacet
  facet normal -0 0 1
    outer loop
      vertex 12.9877 82.6862 4
      vertex 23.0258 78.1406 4
      vertex 13 83 4
    endloop
  endfacet
  facet normal 0 0 1
    outer loop
      vertex 23.1183 78.2135 4
      vertex 13 83 4
      vertex 23.0258 78.1406 4
    endloop
  endfacet
  facet normal 0 0 1
    outer loop
      vertex 12.9877 83.3138 4
      vertex 23.1183 78.2135 4
      vertex 23.2163 78.279 4
    endloop
  endfacet
  facet normal 0 0 1
    outer loop
      vertex 12.9508 83.6257 4
      vertex 23.2163 78.279 4
      vertex 23.319 78.3365 4
    endloop
  endfacet
  facet normal 0 0 1
    outer loop
      vertex 12.9508 83.6257 4
      vertex 23.319 78.3365 4
      vertex 23.426 78.3858 4
    endloop
  endfacet
  facet normal 0 0 1
    outer loop
      vertex 12.8895 83.9338 4
      vertex 23.426 78.3858 4
      vertex 23.5365 78.4266 4
    endloop
  endfacet
  facet normal 0 0 1
    outer loop
      vertex 12.8042 84.2361 4
      vertex 23.5365 78.4266 4
      vertex 23.6498 78.4586 4
    endloop
  endfacet
  facet normal 0 0 1
    outer loop
      vertex 12.6955 84.5307 4
      vertex 23.6498 78.4586 4
      vertex 23.7653 78.4815 4
    endloop
  endfacet
  facet normal 0 0 1
    outer loop
      vertex 24.1177 78.4954 4
      vertex 12.4106 85.09 4
      vertex 24 78.5 4
    endloop
  endfacet
  facet normal -0 -0 1
    outer loop
      vertex 10.2361 86.8042 4
      vertex 43.8581 82.2158 4
      vertex 7 88 4
    endloop
  endfacet
  facet normal 0 0 1
    outer loop
      vertex 23.1183 78.2135 4
      vertex 12.9877 83.3138 4
      vertex 13 83 4
    endloop
  endfacet
  facet normal 0 0 1
    outer loop
      vertex 23.2163 78.279 4
      vertex 12.9508 83.6257 4
      vertex 12.9877 83.3138 4
    endloop
  endfacet
  facet normal 0 0 1
    outer loop
      vertex 23.426 78.3858 4
      vertex 12.8895 83.9338 4
      vertex 12.9508 83.6257 4
    endloop
  endfacet
  facet normal 0 0 1
    outer loop
      vertex 23.5365 78.4266 4
      vertex 12.8042 84.2361 4
      vertex 12.8895 83.9338 4
    endloop
  endfacet
  facet normal 0 0 1
    outer loop
      vertex 23.6498 78.4586 4
      vertex 12.6955 84.5307 4
      vertex 12.8042 84.2361 4
    endloop
  endfacet
  facet normal 0 0 1
    outer loop
      vertex 23.7653 78.4815 4
      vertex 12.564 84.816 4
      vertex 12.6955 84.5307 4
    endloop
  endfacet
  facet normal 0 0 1
    outer loop
      vertex 23.8823 78.4954 4
      vertex 12.564 84.816 4
      vertex 23.7653 78.4815 4
    endloop
  endfacet
  facet normal -0 -0 1
    outer loop
      vertex 12.564 84.816 4
      vertex 23.8823 78.4954 4
      vertex 12.4106 85.09 4
    endloop
  endfacet
  facet normal 0 0 1
    outer loop
      vertex 24 78.5 4
      vertex 12.4106 85.09 4
      vertex 23.8823 78.4954 4
    endloop
  endfacet
  facet normal 0 0 1
    outer loop
      vertex 35.5527 80.2219 4
      vertex 11.8284 85.8284 4
      vertex 12.0416 85.5978 4
    endloop
  endfacet
  facet normal 0 0 1
    outer loop
      vertex 37.5638 80.9638 4
      vertex 11.5978 86.0416 4
      vertex 11.8284 85.8284 4
    endloop
  endfacet
  facet normal 0 0 1
    outer loop
      vertex 37.5638 80.9638 4
      vertex 11.3511 86.2361 4
      vertex 11.5978 86.0416 4
    endloop
  endfacet
  facet normal 0 0 1
    outer loop
      vertex 39.6269 81.5457 4
      vertex 11.09 86.4106 4
      vertex 11.3511 86.2361 4
    endloop
  endfacet
  facet normal 0 0 1
    outer loop
      vertex 41.7293 81.9639 4
      vertex 10.816 86.564 4
      vertex 11.09 86.4106 4
    endloop
  endfacet
  facet normal 0 0 1
    outer loop
      vertex 41.7293 81.9639 4
      vertex 10.5307 86.6955 4
      vertex 10.816 86.564 4
    endloop
  endfacet
  facet normal 0 0 1
    outer loop
      vertex 43.8581 82.2158 4
      vertex 10.5307 86.6955 4
      vertex 41.7293 81.9639 4
    endloop
  endfacet
  facet normal -0 -0 1
    outer loop
      vertex 10.5307 86.6955 4
      vertex 43.8581 82.2158 4
      vertex 10.2361 86.8042 4
    endloop
  endfacet
  facet normal 0 0 1
    outer loop
      vertex 10.2361 86.8042 4
      vertex 7 88 4
      vertex 9.93378 86.8895 4
    endloop
  endfacet
  facet normal 0 0 1
    outer loop
      vertex 9.93378 86.8895 4
      vertex 7 88 4
      vertex 9.62574 86.9508 4
    endloop
  endfacet
  facet normal 0 0 1
    outer loop
      vertex 9.62574 86.9508 4
      vertex 7 88 4
      vertex 9.31384 86.9877 4
    endloop
  endfacet
  facet normal 0 0 1
    outer loop
      vertex 9.31384 86.9877 4
      vertex 7 88 4
      vertex 9 87 4
    endloop
  endfacet
  facet normal 0 0 1
    outer loop
      vertex 7 88 4
      vertex 8.68616 86.9877 4
      vertex 9 87 4
    endloop
  endfacet
  facet normal 0 0 1
    outer loop
      vertex 7 88 4
      vertex 8.37426 86.9508 4
      vertex 8.68616 86.9877 4
    endloop
  endfacet
  facet normal 0 0 1
    outer loop
      vertex 7 88 4
      vertex 8.06622 86.8895 4
      vertex 8.37426 86.9508 4
    endloop
  endfacet
  facet normal 0 0 1
    outer loop
      vertex 7 88 4
      vertex 7.76393 86.8042 4
      vertex 8.06622 86.8895 4
    endloop
  endfacet
  facet normal 0 0 1
    outer loop
      vertex 7 88 4
      vertex 7.46927 86.6955 4
      vertex 7.76393 86.8042 4
    endloop
  endfacet
  facet normal 0 0 1
    outer loop
      vertex 7 88 4
      vertex 7.18404 86.564 4
      vertex 7.46927 86.6955 4
    endloop
  endfacet
  facet normal -0 0 1
    outer loop
      vertex 6.76462 87.9908 4
      vertex 7.18404 86.564 4
      vertex 7 88 4
    endloop
  endfacet
  facet normal -0 0 1
    outer loop
      vertex 6.5307 87.9631 4
      vertex 7.18404 86.564 4
      vertex 6.76462 87.9908 4
    endloop
  endfacet
  facet normal 0 0 1
    outer loop
      vertex 7.18404 86.564 4
      vertex 6.5307 87.9631 4
      vertex 6.91001 86.4106 4
    endloop
  endfacet
  facet normal -0 0 1
    outer loop
      vertex 6.29966 87.9171 4
      vertex 6.91001 86.4106 4
      vertex 6.5307 87.9631 4
    endloop
  endfacet
  facet normal -0 0 1
    outer loop
      vertex 6.07295 87.8532 4
      vertex 6.91001 86.4106 4
      vertex 6.29966 87.9171 4
    endloop
  endfacet
  facet normal 0 0 1
    outer loop
      vertex 6.91001 86.4106 4
      vertex 6.07295 87.8532 4
      vertex 6.64886 86.2361 4
    endloop
  endfacet
  facet normal -0 0 1
    outer loop
      vertex 5.85195 87.7716 4
      vertex 6.64886 86.2361 4
      vertex 6.07295 87.8532 4
    endloop
  endfacet
  facet normal -0 0 1
    outer loop
      vertex 5.63803 87.673 4
      vertex 6.64886 86.2361 4
      vertex 5.85195 87.7716 4
    endloop
  endfacet
  facet normal 0 0 1
    outer loop
      vertex 6.64886 86.2361 4
      vertex 5.63803 87.673 4
      vertex 6.40221 86.0416 4
    endloop
  endfacet
  facet normal -0 0 1
    outer loop
      vertex 5.4325 87.5579 4
      vertex 6.40221 86.0416 4
      vertex 5.63803 87.673 4
    endloop
  endfacet
  facet normal -0 0 1
    outer loop
      vertex 5.23664 87.427 4
      vertex 6.40221 86.0416 4
      vertex 5.4325 87.5579 4
    endloop
  endfacet
  facet normal -0 0 1
    outer loop
      vertex 5.05166 87.2812 4
      vertex 6.40221 86.0416 4
      vertex 5.23664 87.427 4
    endloop
  endfacet
  facet normal 0 0 1
    outer loop
      vertex 6.40221 86.0416 4
      vertex 5.05166 87.2812 4
      vertex 6.17157 85.8284 4
    endloop
  endfacet
  facet normal -0 0 1
    outer loop
      vertex 4.87868 87.1213 4
      vertex 6.17157 85.8284 4
      vertex 5.05166 87.2812 4
    endloop
  endfacet
  facet normal -0 0 1
    outer loop
      vertex 4.71878 86.9483 4
      vertex 6.17157 85.8284 4
      vertex 4.87868 87.1213 4
    endloop
  endfacet
  facet normal 0 0 1
    outer loop
      vertex 6.17157 85.8284 4
      vertex 4.71878 86.9483 4
      vertex 5.95838 85.5978 4
    endloop
  endfacet
  facet normal -0 0 1
    outer loop
      vertex 4.57295 86.7634 4
      vertex 5.95838 85.5978 4
      vertex 4.71878 86.9483 4
    endloop
  endfacet
  facet normal -0 0 1
    outer loop
      vertex 4.44208 86.5675 4
      vertex 5.95838 85.5978 4
      vertex 4.57295 86.7634 4
    endloop
  endfacet
  facet normal 0 0 1
    outer loop
      vertex 5.95838 85.5978 4
      vertex 4.44208 86.5675 4
      vertex 5.76393 85.3511 4
    endloop
  endfacet
  facet normal -0 0 1
    outer loop
      vertex 4.32698 86.362 4
      vertex 5.76393 85.3511 4
      vertex 4.44208 86.5675 4
    endloop
  endfacet
  facet normal -0 0 1
    outer loop
      vertex 4.22836 86.148 4
      vertex 5.76393 85.3511 4
      vertex 4.32698 86.362 4
    endloop
  endfacet
  facet normal -0 0 1
    outer loop
      vertex 4.14683 85.927 4
      vertex 5.76393 85.3511 4
      vertex 4.22836 86.148 4
    endloop
  endfacet
  facet normal 0 0 1
    outer loop
      vertex 5.76393 85.3511 4
      vertex 4.14683 85.927 4
      vertex 5.58944 85.09 4
    endloop
  endfacet
  facet normal -0 0 1
    outer loop
      vertex 4.03693 85.4693 4
      vertex 5.58944 85.09 4
      vertex 4.08289 85.7003 4
    endloop
  endfacet
  facet normal -0 0 1
    outer loop
      vertex 4.08289 85.7003 4
      vertex 5.58944 85.09 4
      vertex 4.14683 85.927 4
    endloop
  endfacet
  facet normal 0 0 1
    outer loop
      vertex 87.9631 6.5307 4
      vertex 86.4106 6.91001 4
      vertex 87.9171 6.29966 4
    endloop
  endfacet
  facet normal 0 0 1
    outer loop
      vertex 87.9171 6.29966 4
      vertex 86.4106 6.91001 4
      vertex 87.8532 6.07295 4
    endloop
  endfacet
  facet normal -0 0 1
    outer loop
      vertex 86.2361 6.64886 4
      vertex 87.8532 6.07295 4
      vertex 86.4106 6.91001 4
    endloop
  endfacet
  facet normal 0 0 1
    outer loop
      vertex 87.8532 6.07295 4
      vertex 86.2361 6.64886 4
      vertex 87.7716 5.85195 4
    endloop
  endfacet
  facet normal 0 0 1
    outer loop
      vertex 87.7716 5.85195 4
      vertex 86.2361 6.64886 4
      vertex 87.673 5.63803 4
    endloop
  endfacet
  facet normal 0 0 1
    outer loop
      vertex 87.673 5.63803 4
      vertex 86.2361 6.64886 4
      vertex 87.5579 5.4325 4
    endloop
  endfacet
  facet normal -0 0 1
    outer loop
      vertex 86.0416 6.40221 4
      vertex 87.5579 5.4325 4
      vertex 86.2361 6.64886 4
    endloop
  endfacet
  facet normal 0 0 1
    outer loop
      vertex 87.5579 5.4325 4
      vertex 86.0416 6.40221 4
      vertex 87.427 5.23664 4
    endloop
  endfacet
  facet normal 0 0 1
    outer loop
      vertex 87.427 5.23664 4
      vertex 86.0416 6.40221 4
      vertex 87.2812 5.05166 4
    endloop
  endfacet
  facet normal -0 0 1
    outer loop
      vertex 85.8284 6.17157 4
      vertex 87.2812 5.05166 4
      vertex 86.0416 6.40221 4
    endloop
  endfacet
  facet normal 0 0 1
    outer loop
      vertex 87.2812 5.05166 4
      vertex 85.8284 6.17157 4
      vertex 87.1213 4.87868 4
    endloop
  endfacet
  facet normal 0 0 1
    outer loop
      vertex 87.1213 4.87868 4
      vertex 85.8284 6.17157 4
      vertex 86.9483 4.71878 4
    endloop
  endfacet
  facet normal -0 0 1
    outer loop
      vertex 85.5978 5.95838 4
      vertex 86.9483 4.71878 4
      vertex 85.8284 6.17157 4
    endloop
  endfacet
  facet normal 0 0 1
    outer loop
      vertex 86.9483 4.71878 4
      vertex 85.5978 5.95838 4
      vertex 86.7634 4.57295 4
    endloop
  endfacet
  facet normal 0 0 1
    outer loop
      vertex 86.7634 4.57295 4
      vertex 85.5978 5.95838 4
      vertex 86.5675 4.44208 4
    endloop
  endfacet
  facet normal 0 0 1
    outer loop
      vertex 86.5675 4.44208 4
      vertex 85.5978 5.95838 4
      vertex 86.362 4.32698 4
    endloop
  endfacet
  facet normal -0 0 1
    outer loop
      vertex 85.3511 5.76393 4
      vertex 86.362 4.32698 4
      vertex 85.5978 5.95838 4
    endloop
  endfacet
  facet normal 0 0 1
    outer loop
      vertex 86.362 4.32698 4
      vertex 85.3511 5.76393 4
      vertex 86.148 4.22836 4
    endloop
  endfacet
  facet normal 0 0 1
    outer loop
      vertex 86.148 4.22836 4
      vertex 85.3511 5.76393 4
      vertex 85.927 4.14683 4
    endloop
  endfacet
  facet normal -0 0 1
    outer loop
      vertex 85.09 5.58944 4
      vertex 85.927 4.14683 4
      vertex 85.3511 5.76393 4
    endloop
  endfacet
  facet normal 0 0 1
    outer loop
      vertex 85.927 4.14683 4
      vertex 85.09 5.58944 4
      vertex 85.7003 4.08289 4
    endloop
  endfacet
  facet normal 0 0 1
    outer loop
      vertex 85.7003 4.08289 4
      vertex 85.09 5.58944 4
      vertex 85.4693 4.03693 4
    endloop
  endfacet
  facet normal -0 0 1
    outer loop
      vertex 84.816 5.43597 4
      vertex 85.4693 4.03693 4
      vertex 85.09 5.58944 4
    endloop
  endfacet
  facet normal 0 0 1
    outer loop
      vertex 85.4693 4.03693 4
      vertex 84.816 5.43597 4
      vertex 85.2354 4.00925 4
    endloop
  endfacet
  facet normal 0 0 1
    outer loop
      vertex 85.2354 4.00925 4
      vertex 84.816 5.43597 4
      vertex 85 4 4
    endloop
  endfacet
  facet normal -0 0 1
    outer loop
      vertex 84.5307 5.30448 4
      vertex 85 4 4
      vertex 84.816 5.43597 4
    endloop
  endfacet
  facet normal -0 0 1
    outer loop
      vertex 84.2361 5.19577 4
      vertex 85 4 4
      vertex 84.5307 5.30448 4
    endloop
  endfacet
  facet normal -0 0 1
    outer loop
      vertex 83.9338 5.11052 4
      vertex 85 4 4
      vertex 84.2361 5.19577 4
    endloop
  endfacet
  facet normal -0 0 1
    outer loop
      vertex 83.6257 5.04925 4
      vertex 85 4 4
      vertex 83.9338 5.11052 4
    endloop
  endfacet
  facet normal -0 0 1
    outer loop
      vertex 83.3138 5.01233 4
      vertex 85 4 4
      vertex 83.6257 5.04925 4
    endloop
  endfacet
  facet normal -0 0 1
    outer loop
      vertex 83 5 4
      vertex 85 4 4
      vertex 83.3138 5.01233 4
    endloop
  endfacet
  facet normal 0 0 1
    outer loop
      vertex 82.6862 5.01233 4
      vertex 85 4 4
      vertex 83 5 4
    endloop
  endfacet
  facet normal 0 0 1
    outer loop
      vertex 82.3743 5.04925 4
      vertex 85 4 4
      vertex 82.6862 5.01233 4
    endloop
  endfacet
  facet normal 0 0 1
    outer loop
      vertex 82.0662 5.11052 4
      vertex 85 4 4
      vertex 82.3743 5.04925 4
    endloop
  endfacet
  facet normal 0 0 1
    outer loop
      vertex 81.7639 5.19577 4
      vertex 85 4 4
      vertex 82.0662 5.11052 4
    endloop
  endfacet
  facet normal 0 0 1
    outer loop
      vertex 46.5728 10.7225 4
      vertex 81.7639 5.19577 4
      vertex 81.4693 5.30448 4
    endloop
  endfacet
  facet normal -0 0 1
    outer loop
      vertex 68.9742 31.8594 4
      vertex 81.4693 12.6955 4
      vertex 69.0607 31.9393 4
    endloop
  endfacet
  facet normal 0 0 1
    outer loop
      vertex 81.4693 12.6955 4
      vertex 68.9742 31.8594 4
      vertex 81.184 12.564 4
    endloop
  endfacet
  facet normal -0 0 1
    outer loop
      vertex 68.8817 31.7865 4
      vertex 81.184 12.564 4
      vertex 68.9742 31.8594 4
    endloop
  endfacet
  facet normal 0 0 1
    outer loop
      vertex 81.184 12.564 4
      vertex 68.8817 31.7865 4
      vertex 80.91 12.4106 4
    endloop
  endfacet
  facet normal -0 0 1
    outer loop
      vertex 68.7837 31.721 4
      vertex 80.91 12.4106 4
      vertex 68.8817 31.7865 4
    endloop
  endfacet
  facet normal 0 0 1
    outer loop
      vertex 80.91 12.4106 4
      vertex 68.7837 31.721 4
      vertex 80.6489 12.2361 4
    endloop
  endfacet
  facet normal -0 0 1
    outer loop
      vertex 69.1406 32.0258 4
      vertex 81.7639 12.8042 4
      vertex 69.2135 32.1183 4
    endloop
  endfacet
  facet normal -0 0 1
    outer loop
      vertex 68.681 31.6635 4
      vertex 80.6489 12.2361 4
      vertex 68.7837 31.721 4
    endloop
  endfacet
  facet normal 0 0 1
    outer loop
      vertex 69.4815 33.2346 4
      vertex 71.2219 44.5527 4
      vertex 70.3245 42.6061 4
    endloop
  endfacet
  facet normal 0 0 1
    outer loop
      vertex 80.6489 12.2361 4
      vertex 68.681 31.6635 4
      vertex 80.4022 12.0416 4
    endloop
  endfacet
  facet normal -0 0 1
    outer loop
      vertex 68.574 31.6142 4
      vertex 80.4022 12.0416 4
      vertex 68.681 31.6635 4
    endloop
  endfacet
  facet normal -0 0 1
    outer loop
      vertex 68.4635 31.5734 4
      vertex 80.4022 12.0416 4
      vertex 68.574 31.6142 4
    endloop
  endfacet
  facet normal 0 0 1
    outer loop
      vertex 80.4022 12.0416 4
      vertex 68.4635 31.5734 4
      vertex 80.1716 11.8284 4
    endloop
  endfacet
  facet normal -0 0 1
    outer loop
      vertex 68.3502 31.5414 4
      vertex 80.1716 11.8284 4
      vertex 68.4635 31.5734 4
    endloop
  endfacet
  facet normal 0 0 1
    outer loop
      vertex 80.1716 11.8284 4
      vertex 68.3502 31.5414 4
      vertex 79.9584 11.5978 4
    endloop
  endfacet
  facet normal -0 0 1
    outer loop
      vertex 68.2346 31.5185 4
      vertex 79.9584 11.5978 4
      vertex 68.3502 31.5414 4
    endloop
  endfacet
  facet normal 0 0 1
    outer loop
      vertex 79.9584 11.5978 4
      vertex 68.2346 31.5185 4
      vertex 79.7639 11.3511 4
    endloop
  endfacet
  facet normal -0 0 1
    outer loop
      vertex 68.1177 31.5046 4
      vertex 79.7639 11.3511 4
      vertex 68.2346 31.5185 4
    endloop
  endfacet
  facet normal 0 0 1
    outer loop
      vertex 79.7639 11.3511 4
      vertex 68.1177 31.5046 4
      vertex 79.5894 11.09 4
    endloop
  endfacet
  facet normal -0 0 1
    outer loop
      vertex 68 31.5 4
      vertex 79.5894 11.09 4
      vertex 68.1177 31.5046 4
    endloop
  endfacet
  facet normal 0 0 1
    outer loop
      vertex 79.5894 11.09 4
      vertex 68 31.5 4
      vertex 79.436 10.816 4
    endloop
  endfacet
  facet normal 0 0 1
    outer loop
      vertex 67.8823 31.5046 4
      vertex 79.436 10.816 4
      vertex 68 31.5 4
    endloop
  endfacet
  facet normal -0 0 1
    outer loop
      vertex 53.3 18 4
      vertex 79.436 10.816 4
      vertex 67.8823 31.5046 4
    endloop
  endfacet
  facet normal 0 0 1
    outer loop
      vertex 79.436 10.816 4
      vertex 53.2775 17.4272 4
      vertex 79.3045 10.5307 4
    endloop
  endfacet
  facet normal -0 0 1
    outer loop
      vertex 53.2101 16.858 4
      vertex 79.3045 10.5307 4
      vertex 53.2775 17.4272 4
    endloop
  endfacet
  facet normal 0 0 1
    outer loop
      vertex 79.3045 10.5307 4
      vertex 53.2101 16.858 4
      vertex 79.1958 10.2361 4
    endloop
  endfacet
  facet normal -0 0 1
    outer loop
      vertex 53.0983 16.2958 4
      vertex 79.1958 10.2361 4
      vertex 53.2101 16.858 4
    endloop
  endfacet
  facet normal 0 0 1
    outer loop
      vertex 79.1958 10.2361 4
      vertex 53.0983 16.2958 4
      vertex 79.1105 9.93378 4
    endloop
  endfacet
  facet normal -0 0 1
    outer loop
      vertex 52.9427 15.7442 4
      vertex 79.0492 9.62574 4
      vertex 53.0983 16.2958 4
    endloop
  endfacet
  facet normal 0 0 1
    outer loop
      vertex 79.0492 9.62574 4
      vertex 52.9427 15.7442 4
      vertex 79.0123 9.31384 4
    endloop
  endfacet
  facet normal -0 0 1
    outer loop
      vertex 52.7443 15.2064 4
      vertex 79.0123 9.31384 4
      vertex 52.9427 15.7442 4
    endloop
  endfacet
  facet normal 0 0 1
    outer loop
      vertex 79.0123 9.31384 4
      vertex 52.7443 15.2064 4
      vertex 79 9 4
    endloop
  endfacet
  facet normal -0 0 1
    outer loop
      vertex 52.5043 14.6859 4
      vertex 79 9 4
      vertex 52.7443 15.2064 4
    endloop
  endfacet
  facet normal -0 0 1
    outer loop
      vertex 53.2775 17.4272 4
      vertex 79.436 10.816 4
      vertex 53.3 18 4
    endloop
  endfacet
  facet normal 0 0 1
    outer loop
      vertex 53.3 18 4
      vertex 67.8823 31.5046 4
      vertex 67.7654 31.5185 4
    endloop
  endfacet
  facet normal 0 0 1
    outer loop
      vertex 53.2775 18.5728 4
      vertex 67.7654 31.5185 4
      vertex 67.6498 31.5414 4
    endloop
  endfacet
  facet normal 0 0 1
    outer loop
      vertex 53.2775 18.5728 4
      vertex 67.6498 31.5414 4
      vertex 67.5365 31.5734 4
    endloop
  endfacet
  facet normal 0 0 1
    outer loop
      vertex 58.3939 30.6755 4
      vertex 67.5365 31.5734 4
      vertex 67.426 31.6142 4
    endloop
  endfacet
  facet normal 0 0 1
    outer loop
      vertex 60.2642 31.7229 4
      vertex 67.426 31.6142 4
      vertex 67.319 31.6635 4
    endloop
  endfacet
  facet normal 0 0 1
    outer loop
      vertex 60.2642 31.7229 4
      vertex 67.319 31.6635 4
      vertex 67.2162 31.721 4
    endloop
  endfacet
  facet normal -0 0 1
    outer loop
      vertex 60.2642 31.7229 4
      vertex 67.2162 31.721 4
      vertex 67.1183 31.7865 4
    endloop
  endfacet
  facet normal 0 0 1
    outer loop
      vertex 60.2642 31.7229 4
      vertex 67.1183 31.7865 4
      vertex 67.0258 31.8594 4
    endloop
  endfacet
  facet normal 0 0 1
    outer loop
      vertex 60.2642 31.7229 4
      vertex 67.0258 31.8594 4
      vertex 66.9393 31.9393 4
    endloop
  endfacet
  facet normal 0 0 1
    outer loop
      vertex 62.0465 32.9138 4
      vertex 66.9393 31.9393 4
      vertex 66.8594 32.0258 4
    endloop
  endfacet
  facet normal 0 0 1
    outer loop
      vertex 62.0465 32.9138 4
      vertex 66.8594 32.0258 4
      vertex 66.7865 32.1183 4
    endloop
  endfacet
  facet normal 0 0 1
    outer loop
      vertex 62.0465 32.9138 4
      vertex 66.7865 32.1183 4
      vertex 66.721 32.2163 4
    endloop
  endfacet
  facet normal 0 0 1
    outer loop
      vertex 62.0465 32.9138 4
      vertex 66.721 32.2163 4
      vertex 66.6635 32.319 4
    endloop
  endfacet
  facet normal 0 0 1
    outer loop
      vertex 66.5046 33.1177 4
      vertex 63.7299 34.2409 4
      vertex 66.5 33 4
    endloop
  endfacet
  facet normal 0 0 1
    outer loop
      vertex 66.5 33 4
      vertex 63.7299 34.2409 4
      vertex 66.5046 32.8823 4
    endloop
  endfacet
  facet normal 0 0 1
    outer loop
      vertex 66.5046 32.8823 4
      vertex 63.7299 34.2409 4
      vertex 66.5185 32.7653 4
    endloop
  endfacet
  facet normal 0 0 1
    outer loop
      vertex 66.5185 32.7653 4
      vertex 63.7299 34.2409 4
      vertex 66.5414 32.6498 4
    endloop
  endfacet
  facet normal 0 0 1
    outer loop
      vertex 66.5414 32.6498 4
      vertex 63.7299 34.2409 4
      vertex 66.5734 32.5365 4
    endloop
  endfacet
  facet normal -0 0 1
    outer loop
      vertex 62.0465 32.9138 4
      vertex 66.5734 32.5365 4
      vertex 63.7299 34.2409 4
    endloop
  endfacet
  facet normal 0 0 1
    outer loop
      vertex 66.5734 32.5365 4
      vertex 62.0465 32.9138 4
      vertex 66.6142 32.426 4
    endloop
  endfacet
  facet normal 0 0 1
    outer loop
      vertex 66.6142 32.426 4
      vertex 62.0465 32.9138 4
      vertex 66.6635 32.319 4
    endloop
  endfacet
  facet normal 0 0 1
    outer loop
      vertex 66.9393 31.9393 4
      vertex 62.0465 32.9138 4
      vertex 60.2642 31.7229 4
    endloop
  endfacet
  facet normal 0 0 1
    outer loop
      vertex 67.426 31.6142 4
      vertex 60.2642 31.7229 4
      vertex 58.3939 30.6755 4
    endloop
  endfacet
  facet normal 0 0 1
    outer loop
      vertex 79.1105 9.93378 4
      vertex 53.0983 16.2958 4
      vertex 79.0492 9.62574 4
    endloop
  endfacet
  facet normal 0 0 1
    outer loop
      vertex 79 9 4
      vertex 52.5043 14.6859 4
      vertex 79.0123 8.68616 4
    endloop
  endfacet
  facet normal 0 0 1
    outer loop
      vertex 53.2775 18.5728 4
      vertex 67.5365 31.5734 4
      vertex 58.3939 30.6755 4
    endloop
  endfacet
  facet normal -0 0 1
    outer loop
      vertex 52.2243 14.1858 4
      vertex 79.0123 8.68616 4
      vertex 52.5043 14.6859 4
    endloop
  endfacet
  facet normal 0 0 1
    outer loop
      vertex 53.2775 18.5728 4
      vertex 58.3939 30.6755 4
      vertex 56.4473 29.7781 4
    endloop
  endfacet
  facet normal 0 0 1
    outer loop
      vertex 79.0123 8.68616 4
      vertex 52.2243 14.1858 4
      vertex 79.0492 8.37426 4
    endloop
  endfacet
  facet normal 0 0 1
    outer loop
      vertex 52.5043 21.3141 4
      vertex 56.4473 29.7781 4
      vertex 54.4362 29.0362 4
    endloop
  endfacet
  facet normal -0 0 1
    outer loop
      vertex 51.9058 13.7092 4
      vertex 79.0492 8.37426 4
      vertex 52.2243 14.1858 4
    endloop
  endfacet
  facet normal 0 0 1
    outer loop
      vertex 79.0492 8.37426 4
      vertex 51.9058 13.7092 4
      vertex 79.1105 8.06622 4
    endloop
  endfacet
  facet normal 0 0 1
    outer loop
      vertex 79.1105 8.06622 4
      vertex 51.9058 13.7092 4
      vertex 79.1958 7.76393 4
    endloop
  endfacet
  facet normal -0 0 1
    outer loop
      vertex 51.551 13.259 4
      vertex 79.1958 7.76393 4
      vertex 51.9058 13.7092 4
    endloop
  endfacet
  facet normal 0 0 1
    outer loop
      vertex 79.1958 7.76393 4
      vertex 51.551 13.259 4
      vertex 79.3045 7.46927 4
    endloop
  endfacet
  facet normal -0 0 1
    outer loop
      vertex 51.1619 12.8381 4
      vertex 79.3045 7.46927 4
      vertex 51.551 13.259 4
    endloop
  endfacet
  facet normal 0 0 1
    outer loop
      vertex 79.3045 7.46927 4
      vertex 51.1619 12.8381 4
      vertex 79.436 7.18404 4
    endloop
  endfacet
  facet normal -0 0 1
    outer loop
      vertex 50.741 12.449 4
      vertex 79.436 7.18404 4
      vertex 51.1619 12.8381 4
    endloop
  endfacet
  facet normal 0 0 1
    outer loop
      vertex 79.436 7.18404 4
      vertex 50.741 12.449 4
      vertex 79.5894 6.91001 4
    endloop
  endfacet
  facet normal -0 0 1
    outer loop
      vertex 50.2908 12.0942 4
      vertex 79.5894 6.91001 4
      vertex 50.741 12.449 4
    endloop
  endfacet
  facet normal 0 0 1
    outer loop
      vertex 79.5894 6.91001 4
      vertex 50.2908 12.0942 4
      vertex 79.7639 6.64886 4
    endloop
  endfacet
  facet normal -0 0 1
    outer loop
      vertex 49.8142 11.7757 4
      vertex 79.7639 6.64886 4
      vertex 50.2908 12.0942 4
    endloop
  endfacet
  facet normal 0 0 1
    outer loop
      vertex 79.7639 6.64886 4
      vertex 49.8142 11.7757 4
      vertex 79.9584 6.40221 4
    endloop
  endfacet
  facet normal -0 0 1
    outer loop
      vertex 49.3141 11.4957 4
      vertex 79.9584 6.40221 4
      vertex 49.8142 11.7757 4
    endloop
  endfacet
  facet normal 0 0 1
    outer loop
      vertex 79.9584 6.40221 4
      vertex 49.3141 11.4957 4
      vertex 80.1716 6.17157 4
    endloop
  endfacet
  facet normal -0 0 1
    outer loop
      vertex 48.7936 11.2557 4
      vertex 80.1716 6.17157 4
      vertex 49.3141 11.4957 4
    endloop
  endfacet
  facet normal 0 0 1
    outer loop
      vertex 80.1716 6.17157 4
      vertex 48.7936 11.2557 4
      vertex 80.4022 5.95838 4
    endloop
  endfacet
  facet normal -0 0 1
    outer loop
      vertex 48.2558 11.0573 4
      vertex 80.4022 5.95838 4
      vertex 48.7936 11.2557 4
    endloop
  endfacet
  facet normal 0 0 1
    outer loop
      vertex 80.4022 5.95838 4
      vertex 48.2558 11.0573 4
      vertex 80.6489 5.76393 4
    endloop
  endfacet
  facet normal 0 0 1
    outer loop
      vertex 80.6489 5.76393 4
      vertex 48.2558 11.0573 4
      vertex 80.91 5.58944 4
    endloop
  endfacet
  facet normal -0 0 1
    outer loop
      vertex 47.7042 10.9017 4
      vertex 80.91 5.58944 4
      vertex 48.2558 11.0573 4
    endloop
  endfacet
  facet normal 0 0 1
    outer loop
      vertex 80.91 5.58944 4
      vertex 47.7042 10.9017 4
      vertex 81.184 5.43597 4
    endloop
  endfacet
  facet normal -0 0 1
    outer loop
      vertex 47.142 10.7899 4
      vertex 81.184 5.43597 4
      vertex 47.7042 10.9017 4
    endloop
  endfacet
  facet normal 0 0 1
    outer loop
      vertex 81.184 5.43597 4
      vertex 47.142 10.7899 4
      vertex 81.4693 5.30448 4
    endloop
  endfacet
  facet normal -0 0 1
    outer loop
      vertex 46.5728 10.7225 4
      vertex 81.4693 5.30448 4
      vertex 47.142 10.7899 4
    endloop
  endfacet
  facet normal -0 0 1
    outer loop
      vertex 46 10.7 4
      vertex 81.7639 5.19577 4
      vertex 46.5728 10.7225 4
    endloop
  endfacet
  facet normal 0 0 1
    outer loop
      vertex 81.7639 5.19577 4
      vertex 46 10.7 4
      vertex 85 4 4
    endloop
  endfacet
  facet normal 0 0 1
    outer loop
      vertex 10.2361 5.19577 4
      vertex 46 10.7 4
      vertex 45.4272 10.7225 4
    endloop
  endfacet
  facet normal 0 0 1
    outer loop
      vertex 10.5307 5.30448 4
      vertex 45.4272 10.7225 4
      vertex 44.858 10.7899 4
    endloop
  endfacet
  facet normal 0 0 1
    outer loop
      vertex 24.4635 31.5734 4
      vertex 38.7899 19.142 4
      vertex 33.6061 30.6755 4
    endloop
  endfacet
  facet normal -0 0 1
    outer loop
      vertex 24.3502 31.5414 4
      vertex 38.7899 19.142 4
      vertex 24.4635 31.5734 4
    endloop
  endfacet
  facet normal 0 0 1
    outer loop
      vertex 38.7899 19.142 4
      vertex 24.3502 31.5414 4
      vertex 38.7225 18.5728 4
    endloop
  endfacet
  facet normal -0 0 1
    outer loop
      vertex 24.2347 31.5185 4
      vertex 38.7225 18.5728 4
      vertex 24.3502 31.5414 4
    endloop
  endfacet
  facet normal 0 0 1
    outer loop
      vertex 38.7225 18.5728 4
      vertex 24.2347 31.5185 4
      vertex 38.7 18 4
    endloop
  endfacet
  facet normal -0 0 1
    outer loop
      vertex 24.1177 31.5046 4
      vertex 38.7 18 4
      vertex 24.2347 31.5185 4
    endloop
  endfacet
  facet normal -0 0 1
    outer loop
      vertex 24.574 31.6142 4
      vertex 33.6061 30.6755 4
      vertex 31.7358 31.7229 4
    endloop
  endfacet
  facet normal 0 0 1
    outer loop
      vertex 13 9 4
      vertex 38.7 18 4
      vertex 24.1177 31.5046 4
    endloop
  endfacet
  facet normal -0 0 1
    outer loop
      vertex 25.0607 31.9393 4
      vertex 31.7358 31.7229 4
      vertex 29.9535 32.9138 4
    endloop
  endfacet
  facet normal 0 0 1
    outer loop
      vertex 24.574 31.6142 4
      vertex 31.7358 31.7229 4
      vertex 24.681 31.6635 4
    endloop
  endfacet
  facet normal 0 0 1
    outer loop
      vertex 25.4266 32.5365 4
      vertex 29.9535 32.9138 4
      vertex 28.2701 34.2409 4
    endloop
  endfacet
  facet normal 0 0 1
    outer loop
      vertex 31.7358 31.7229 4
      vertex 25.0607 31.9393 4
      vertex 24.9742 31.8594 4
    endloop
  endfacet
  facet normal 0 0 1
    outer loop
      vertex 25.3858 33.574 4
      vertex 28.2701 34.2409 4
      vertex 26.696 35.696 4
    endloop
  endfacet
  facet normal 0 0 1
    outer loop
      vertex 28.2701 34.2409 4
      vertex 25.5 33 4
      vertex 25.4954 32.8823 4
    endloop
  endfacet
  facet normal 0 0 1
    outer loop
      vertex 28.2701 34.2409 4
      vertex 25.4954 32.8823 4
      vertex 25.4815 32.7653 4
    endloop
  endfacet
  facet normal 0 0 1
    outer loop
      vertex 28.2701 34.2409 4
      vertex 25.4815 32.7653 4
      vertex 25.4586 32.6498 4
    endloop
  endfacet
  facet normal 0 0 1
    outer loop
      vertex 25.4266 32.5365 4
      vertex 28.2701 34.2409 4
      vertex 25.4586 32.6498 4
    endloop
  endfacet
  facet normal 0 0 1
    outer loop
      vertex 29.9535 32.9138 4
      vertex 25.4266 32.5365 4
      vertex 25.3858 32.426 4
    endloop
  endfacet
  facet normal 0 0 1
    outer loop
      vertex 29.9535 32.9138 4
      vertex 25.3858 32.426 4
      vertex 25.3365 32.319 4
    endloop
  endfacet
  facet normal 0 0 1
    outer loop
      vertex 29.9535 32.9138 4
      vertex 25.3365 32.319 4
      vertex 25.279 32.2163 4
    endloop
  endfacet
  facet normal 0 0 1
    outer loop
      vertex 29.9535 32.9138 4
      vertex 25.279 32.2163 4
      vertex 25.2135 32.1183 4
    endloop
  endfacet
  facet normal 0 0 1
    outer loop
      vertex 29.9535 32.9138 4
      vertex 25.2135 32.1183 4
      vertex 25.1406 32.0258 4
    endloop
  endfacet
  facet normal 0 0 1
    outer loop
      vertex 29.9535 32.9138 4
      vertex 25.1406 32.0258 4
      vertex 25.0607 31.9393 4
    endloop
  endfacet
  facet normal 0 0 1
    outer loop
      vertex 31.7358 31.7229 4
      vertex 24.9742 31.8594 4
      vertex 24.8817 31.7865 4
    endloop
  endfacet
  facet normal 0 0 1
    outer loop
      vertex 31.7358 31.7229 4
      vertex 24.8817 31.7865 4
      vertex 24.7837 31.721 4
    endloop
  endfacet
  facet normal 0 0 1
    outer loop
      vertex 31.7358 31.7229 4
      vertex 24.7837 31.721 4
      vertex 24.681 31.6635 4
    endloop
  endfacet
  facet normal 0 0 1
    outer loop
      vertex 33.6061 30.6755 4
      vertex 24.574 31.6142 4
      vertex 24.4635 31.5734 4
    endloop
  endfacet
  facet normal 0 0 1
    outer loop
      vertex 38.7 18 4
      vertex 13 9 4
      vertex 38.7225 17.4272 4
    endloop
  endfacet
  facet normal 0 0 1
    outer loop
      vertex 38.7225 17.4272 4
      vertex 13 9 4
      vertex 38.7899 16.858 4
    endloop
  endfacet
  facet normal 0 0 1
    outer loop
      vertex 38.7899 16.858 4
      vertex 13 9 4
      vertex 38.9017 16.2958 4
    endloop
  endfacet
  facet normal 0 0 1
    outer loop
      vertex 38.9017 16.2958 4
      vertex 13 9 4
      vertex 39.0573 15.7442 4
    endloop
  endfacet
  facet normal 0 0 1
    outer loop
      vertex 39.0573 15.7442 4
      vertex 13 9 4
      vertex 39.2557 15.2064 4
    endloop
  endfacet
  facet normal 0 0 1
    outer loop
      vertex 39.2557 15.2064 4
      vertex 13 9 4
      vertex 39.4957 14.6859 4
    endloop
  endfacet
  facet normal 0 0 1
    outer loop
      vertex 12.9877 8.68616 4
      vertex 39.4957 14.6859 4
      vertex 13 9 4
    endloop
  endfacet
  facet normal 0 0 1
    outer loop
      vertex 39.4957 14.6859 4
      vertex 12.9877 8.68616 4
      vertex 39.7757 14.1858 4
    endloop
  endfacet
  facet normal 0 0 1
    outer loop
      vertex 13 9 4
      vertex 24.1177 31.5046 4
      vertex 24 31.5 4
    endloop
  endfacet
  facet normal 0 0 1
    outer loop
      vertex 13 9 4
      vertex 24 31.5 4
      vertex 23.8823 31.5046 4
    endloop
  endfacet
  facet normal 0 0 1
    outer loop
      vertex 13 9 4
      vertex 23.8823 31.5046 4
      vertex 23.7653 31.5185 4
    endloop
  endfacet
  facet normal 0 0 1
    outer loop
      vertex 13 9 4
      vertex 23.7653 31.5185 4
      vertex 23.6498 31.5414 4
    endloop
  endfacet
  facet normal 0 0 1
    outer loop
      vertex 13 9 4
      vertex 23.6498 31.5414 4
      vertex 23.5365 31.5734 4
    endloop
  endfacet
  facet normal 0 0 1
    outer loop
      vertex 13 9 4
      vertex 23.5365 31.5734 4
      vertex 23.426 31.6142 4
    endloop
  endfacet
  facet normal 0 0 1
    outer loop
      vertex 12.9508 8.37426 4
      vertex 39.7757 14.1858 4
      vertex 12.9877 8.68616 4
    endloop
  endfacet
  facet normal 0 0 1
    outer loop
      vertex 13 9 4
      vertex 23.426 31.6142 4
      vertex 23.319 31.6635 4
    endloop
  endfacet
  facet normal 0 0 1
    outer loop
      vertex 13 9 4
      vertex 23.319 31.6635 4
      vertex 23.2163 31.721 4
    endloop
  endfacet
  facet normal 0 0 1
    outer loop
      vertex 13 9 4
      vertex 23.2163 31.721 4
      vertex 23.1183 31.7865 4
    endloop
  endfacet
  facet normal 0 0 1
    outer loop
      vertex 13 9 4
      vertex 23.1183 31.7865 4
      vertex 23.0258 31.8594 4
    endloop
  endfacet
  facet normal 0 0 1
    outer loop
      vertex 13 9 4
      vertex 23.0258 31.8594 4
      vertex 22.9393 31.9393 4
    endloop
  endfacet
  facet normal 0 0 1
    outer loop
      vertex 22.5046 33.1177 4
      vertex 20.7781 44.5527 4
      vertex 22.5 33 4
    endloop
  endfacet
  facet normal 0 0 1
    outer loop
      vertex 20.0362 46.5638 4
      vertex 22.5 33 4
      vertex 20.7781 44.5527 4
    endloop
  endfacet
  facet normal 0 0 1
    outer loop
      vertex 13 9 4
      vertex 22.5 33 4
      vertex 20.0362 46.5638 4
    endloop
  endfacet
  facet normal 0 0 1
    outer loop
      vertex 22.5 33 4
      vertex 13 9 4
      vertex 22.5046 32.8823 4
    endloop
  endfacet
  facet normal 0 0 1
    outer loop
      vertex 13 9 4
      vertex 20.0362 46.5638 4
      vertex 19.4543 48.6269 4
    endloop
  endfacet
  facet normal 0 0 1
    outer loop
      vertex 13 9 4
      vertex 19.4543 48.6269 4
      vertex 19.0361 50.7293 4
    endloop
  endfacet
  facet normal 0 0 1
    outer loop
      vertex 22.5414 76.6498 4
      vertex 11.5978 79.9584 4
      vertex 22.5734 76.5365 4
    endloop
  endfacet
  facet normal -0 0 1
    outer loop
      vertex 11.3511 79.7639 4
      vertex 22.5734 76.5365 4
      vertex 11.5978 79.9584 4
    endloop
  endfacet
  facet normal 0 0 1
    outer loop
      vertex 18.7842 52.8581 4
      vertex 13 9 4
      vertex 19.0361 50.7293 4
    endloop
  endfacet
  facet normal 0 0 1
    outer loop
      vertex 22.5046 32.8823 4
      vertex 13 9 4
      vertex 22.5185 32.7653 4
    endloop
  endfacet
  facet normal 0 0 1
    outer loop
      vertex 13 9 4
      vertex 22.5414 32.6498 4
      vertex 22.5185 32.7653 4
    endloop
  endfacet
  facet normal 0 0 1
    outer loop
      vertex 13 9 4
      vertex 22.5734 32.5365 4
      vertex 22.5414 32.6498 4
    endloop
  endfacet
  facet normal 0 0 1
    outer loop
      vertex 13 9 4
      vertex 22.6142 32.426 4
      vertex 22.5734 32.5365 4
    endloop
  endfacet
  facet normal 0 0 1
    outer loop
      vertex 13 9 4
      vertex 22.6635 32.319 4
      vertex 22.6142 32.426 4
    endloop
  endfacet
  facet normal 0 0 1
    outer loop
      vertex 13 9 4
      vertex 22.721 32.2163 4
      vertex 22.6635 32.319 4
    endloop
  endfacet
  facet normal 0 0 1
    outer loop
      vertex 13 9 4
      vertex 22.7865 32.1183 4
      vertex 22.721 32.2163 4
    endloop
  endfacet
  facet normal 0 0 1
    outer loop
      vertex 13 9 4
      vertex 22.8594 32.0258 4
      vertex 22.7865 32.1183 4
    endloop
  endfacet
  facet normal 0 0 1
    outer loop
      vertex 13 9 4
      vertex 22.9393 31.9393 4
      vertex 22.8594 32.0258 4
    endloop
  endfacet
  facet normal 0 0 1
    outer loop
      vertex 39.7757 14.1858 4
      vertex 12.9508 8.37426 4
      vertex 40.0942 13.7092 4
    endloop
  endfacet
  facet normal 0 0 1
    outer loop
      vertex 12.8895 8.06622 4
      vertex 40.0942 13.7092 4
      vertex 12.9508 8.37426 4
    endloop
  endfacet
  facet normal 0 0 1
    outer loop
      vertex 40.0942 13.7092 4
      vertex 12.8895 8.06622 4
      vertex 40.449 13.259 4
    endloop
  endfacet
  facet normal 0 0 1
    outer loop
      vertex 12.8042 7.76393 4
      vertex 40.449 13.259 4
      vertex 12.8895 8.06622 4
    endloop
  endfacet
  facet normal 0 0 1
    outer loop
      vertex 40.449 13.259 4
      vertex 12.8042 7.76393 4
      vertex 40.8381 12.8381 4
    endloop
  endfacet
  facet normal 0 0 1
    outer loop
      vertex 12.6955 7.46927 4
      vertex 40.8381 12.8381 4
      vertex 12.8042 7.76393 4
    endloop
  endfacet
  facet normal 0 0 1
    outer loop
      vertex 12.564 7.18404 4
      vertex 40.8381 12.8381 4
      vertex 12.6955 7.46927 4
    endloop
  endfacet
  facet normal 0 0 1
    outer loop
      vertex 40.8381 12.8381 4
      vertex 12.564 7.18404 4
      vertex 41.259 12.449 4
    endloop
  endfacet
  facet normal 0 0 1
    outer loop
      vertex 12.4106 6.91001 4
      vertex 41.259 12.449 4
      vertex 12.564 7.18404 4
    endloop
  endfacet
  facet normal 0 0 1
    outer loop
      vertex 41.259 12.449 4
      vertex 12.4106 6.91001 4
      vertex 41.7092 12.0942 4
    endloop
  endfacet
  facet normal 0 0 1
    outer loop
      vertex 12.2361 6.64886 4
      vertex 41.7092 12.0942 4
      vertex 12.4106 6.91001 4
    endloop
  endfacet
  facet normal 0 0 1
    outer loop
      vertex 41.7092 12.0942 4
      vertex 12.2361 6.64886 4
      vertex 42.1858 11.7757 4
    endloop
  endfacet
  facet normal 0 0 1
    outer loop
      vertex 12.0416 6.40221 4
      vertex 42.1858 11.7757 4
      vertex 12.2361 6.64886 4
    endloop
  endfacet
  facet normal 0 0 1
    outer loop
      vertex 42.1858 11.7757 4
      vertex 12.0416 6.40221 4
      vertex 42.6859 11.4957 4
    endloop
  endfacet
  facet normal 0 0 1
    outer loop
      vertex 11.8284 6.17157 4
      vertex 42.6859 11.4957 4
      vertex 12.0416 6.40221 4
    endloop
  endfacet
  facet normal 0 0 1
    outer loop
      vertex 42.6859 11.4957 4
      vertex 11.8284 6.17157 4
      vertex 43.2064 11.2557 4
    endloop
  endfacet
  facet normal 0 0 1
    outer loop
      vertex 11.5978 5.95838 4
      vertex 43.2064 11.2557 4
      vertex 11.8284 6.17157 4
    endloop
  endfacet
  facet normal 0 0 1
    outer loop
      vertex 43.2064 11.2557 4
      vertex 11.5978 5.95838 4
      vertex 43.7442 11.0573 4
    endloop
  endfacet
  facet normal 0 0 1
    outer loop
      vertex 11.3511 5.76393 4
      vertex 43.7442 11.0573 4
      vertex 11.5978 5.95838 4
    endloop
  endfacet
  facet normal 0 0 1
    outer loop
      vertex 43.7442 11.0573 4
      vertex 11.3511 5.76393 4
      vertex 44.2958 10.9017 4
    endloop
  endfacet
  facet normal 0 0 1
    outer loop
      vertex 11.09 5.58944 4
      vertex 44.2958 10.9017 4
      vertex 11.3511 5.76393 4
    endloop
  endfacet
  facet normal 0 0 1
    outer loop
      vertex 44.2958 10.9017 4
      vertex 11.09 5.58944 4
      vertex 44.858 10.7899 4
    endloop
  endfacet
  facet normal 0 0 1
    outer loop
      vertex 10.816 5.43597 4
      vertex 44.858 10.7899 4
      vertex 11.09 5.58944 4
    endloop
  endfacet
  facet normal 0 0 1
    outer loop
      vertex 10.5307 5.30448 4
      vertex 44.858 10.7899 4
      vertex 10.816 5.43597 4
    endloop
  endfacet
  facet normal 0 0 1
    outer loop
      vertex 45.4272 10.7225 4
      vertex 10.5307 5.30448 4
      vertex 10.2361 5.19577 4
    endloop
  endfacet
  facet normal 0 0 1
    outer loop
      vertex 46 10.7 4
      vertex 10.2361 5.19577 4
      vertex 7 4 4
    endloop
  endfacet
  facet normal 0 0 1
    outer loop
      vertex 7 4 4
      vertex 10.2361 5.19577 4
      vertex 9.93378 5.11052 4
    endloop
  endfacet
  facet normal 0 0 1
    outer loop
      vertex 7 4 4
      vertex 9.93378 5.11052 4
      vertex 9.62574 5.04925 4
    endloop
  endfacet
  facet normal 0 0 1
    outer loop
      vertex 7 4 4
      vertex 9.62574 5.04925 4
      vertex 9.31384 5.01233 4
    endloop
  endfacet
  facet normal 0 0 1
    outer loop
      vertex 7 4 4
      vertex 9.31384 5.01233 4
      vertex 9 5 4
    endloop
  endfacet
  facet normal 0 0 1
    outer loop
      vertex 46 10.7 4
      vertex 7 4 4
      vertex 85 4 4
    endloop
  endfacet
  facet normal 0 0 1
    outer loop
      vertex 8.68616 5.01233 4
      vertex 7 4 4
      vertex 9 5 4
    endloop
  endfacet
  facet normal 0 0 1
    outer loop
      vertex 8.37426 5.04925 4
      vertex 7 4 4
      vertex 8.68616 5.01233 4
    endloop
  endfacet
  facet normal 0 0 1
    outer loop
      vertex 8.06622 5.11052 4
      vertex 7 4 4
      vertex 8.37426 5.04925 4
    endloop
  endfacet
  facet normal 0 0 1
    outer loop
      vertex 7.76393 5.19577 4
      vertex 7 4 4
      vertex 8.06622 5.11052 4
    endloop
  endfacet
  facet normal 0 0 1
    outer loop
      vertex 7.46927 5.30448 4
      vertex 7 4 4
      vertex 7.76393 5.19577 4
    endloop
  endfacet
  facet normal 0 0 1
    outer loop
      vertex 7.18404 5.43597 4
      vertex 7 4 4
      vertex 7.46927 5.30448 4
    endloop
  endfacet
  facet normal 0 0 1
    outer loop
      vertex 6.5307 4.03693 4
      vertex 7.18404 5.43597 4
      vertex 6.91001 5.58944 4
    endloop
  endfacet
  facet normal 0 0 1
    outer loop
      vertex 7.18404 5.43597 4
      vertex 6.76462 4.00925 4
      vertex 7 4 4
    endloop
  endfacet
  facet normal 0 0 1
    outer loop
      vertex 6.07295 4.14683 4
      vertex 6.91001 5.58944 4
      vertex 6.64886 5.76393 4
    endloop
  endfacet
  facet normal 0 0 1
    outer loop
      vertex 7.18404 5.43597 4
      vertex 6.5307 4.03693 4
      vertex 6.76462 4.00925 4
    endloop
  endfacet
  facet normal 0 0 1
    outer loop
      vertex 5.63803 4.32698 4
      vertex 6.64886 5.76393 4
      vertex 6.40221 5.95838 4
    endloop
  endfacet
  facet normal 0 0 1
    outer loop
      vertex 6.91001 5.58944 4
      vertex 6.29966 4.08289 4
      vertex 6.5307 4.03693 4
    endloop
  endfacet
  facet normal 0 0 1
    outer loop
      vertex 5.05166 4.71878 4
      vertex 6.40221 5.95838 4
      vertex 6.17157 6.17157 4
    endloop
  endfacet
  facet normal 0 0 1
    outer loop
      vertex 6.91001 5.58944 4
      vertex 6.07295 4.14683 4
      vertex 6.29966 4.08289 4
    endloop
  endfacet
  facet normal 0 0 1
    outer loop
      vertex 4.71878 5.05166 4
      vertex 6.17157 6.17157 4
      vertex 5.95838 6.40221 4
    endloop
  endfacet
  facet normal 0 0 1
    outer loop
      vertex 6.64886 5.76393 4
      vertex 5.85195 4.22836 4
      vertex 6.07295 4.14683 4
    endloop
  endfacet
  facet normal 0 0 1
    outer loop
      vertex 4.44208 5.4325 4
      vertex 5.95838 6.40221 4
      vertex 5.76393 6.64886 4
    endloop
  endfacet
  facet normal 0 0 1
    outer loop
      vertex 6.64886 5.76393 4
      vertex 5.63803 4.32698 4
      vertex 5.85195 4.22836 4
    endloop
  endfacet
  facet normal 0 0 1
    outer loop
      vertex 4.14683 6.07295 4
      vertex 5.76393 6.64886 4
      vertex 5.58944 6.91001 4
    endloop
  endfacet
  facet normal 0 0 1
    outer loop
      vertex 4.03693 6.5307 4
      vertex 5.58944 6.91001 4
      vertex 5.43597 7.18404 4
    endloop
  endfacet
  facet normal 0 0 1
    outer loop
      vertex 6.40221 5.95838 4
      vertex 5.4325 4.44208 4
      vertex 5.63803 4.32698 4
    endloop
  endfacet
  facet normal 0 0 1
    outer loop
      vertex 4 7 4
      vertex 5.43597 7.18404 4
      vertex 5.30448 7.46927 4
    endloop
  endfacet
  facet normal 0 0 1
    outer loop
      vertex 6.40221 5.95838 4
      vertex 5.23664 4.57295 4
      vertex 5.4325 4.44208 4
    endloop
  endfacet
  facet normal 0 0 1
    outer loop
      vertex 4 7 4
      vertex 5.30448 7.46927 4
      vertex 5.19577 7.76393 4
    endloop
  endfacet
  facet normal 0 0 1
    outer loop
      vertex 4 7 4
      vertex 5.19577 7.76393 4
      vertex 5.11052 8.06622 4
    endloop
  endfacet
  facet normal 0 0 1
    outer loop
      vertex 6.40221 5.95838 4
      vertex 5.05166 4.71878 4
      vertex 5.23664 4.57295 4
    endloop
  endfacet
  facet normal 0 0 1
    outer loop
      vertex 4 7 4
      vertex 5.11052 8.06622 4
      vertex 5.04925 8.37426 4
    endloop
  endfacet
  facet normal 0 0 1
    outer loop
      vertex 4 7 4
      vertex 5.04925 8.37426 4
      vertex 5.01233 8.68616 4
    endloop
  endfacet
  facet normal 0 0 1
    outer loop
      vertex 4 7 4
      vertex 5.01233 8.68616 4
      vertex 5 9 4
    endloop
  endfacet
  facet normal 0 0 1
    outer loop
      vertex 6.17157 6.17157 4
      vertex 4.87868 4.87868 4
      vertex 5.05166 4.71878 4
    endloop
  endfacet
  facet normal 0 0 1
    outer loop
      vertex 5.04925 9.62574 4
      vertex 4 7 4
      vertex 5.01233 9.31384 4
    endloop
  endfacet
  facet normal 0 0 1
    outer loop
      vertex 5.58944 85.09 4
      vertex 4.03693 85.4693 4
      vertex 5.43597 84.816 4
    endloop
  endfacet
  facet normal 0 0 1
    outer loop
      vertex 5.01233 9.31384 4
      vertex 4 7 4
      vertex 5 9 4
    endloop
  endfacet
  facet normal -0 0 1
    outer loop
      vertex 4.00925 85.2354 4
      vertex 5.43597 84.816 4
      vertex 4.03693 85.4693 4
    endloop
  endfacet
  facet normal 0 0 1
    outer loop
      vertex 5.43597 7.18404 4
      vertex 4 7 4
      vertex 4.00925 6.76462 4
    endloop
  endfacet
  facet normal -0 0 1
    outer loop
      vertex 4 85 4
      vertex 5.43597 84.816 4
      vertex 4.00925 85.2354 4
    endloop
  endfacet
  facet normal 0 0 1
    outer loop
      vertex 6.17157 6.17157 4
      vertex 4.71878 5.05166 4
      vertex 4.87868 4.87868 4
    endloop
  endfacet
  facet normal 0 0 1
    outer loop
      vertex 5.43597 84.816 4
      vertex 4 85 4
      vertex 5.30448 84.5307 4
    endloop
  endfacet
  facet normal 0 0 1
    outer loop
      vertex 5.95838 6.40221 4
      vertex 4.57295 5.23664 4
      vertex 4.71878 5.05166 4
    endloop
  endfacet
  facet normal 0 0 1
    outer loop
      vertex 5.30448 84.5307 4
      vertex 4 85 4
      vertex 5.19577 84.2361 4
    endloop
  endfacet
  facet normal 0 0 1
    outer loop
      vertex 5.95838 6.40221 4
      vertex 4.44208 5.4325 4
      vertex 4.57295 5.23664 4
    endloop
  endfacet
  facet normal 0 0 1
    outer loop
      vertex 5.19577 84.2361 4
      vertex 4 85 4
      vertex 5.11052 83.9338 4
    endloop
  endfacet
  facet normal 0 0 1
    outer loop
      vertex 5.76393 6.64886 4
      vertex 4.32698 5.63803 4
      vertex 4.44208 5.4325 4
    endloop
  endfacet
  facet normal 0 0 1
    outer loop
      vertex 5.11052 83.9338 4
      vertex 4 85 4
      vertex 5.04925 83.6257 4
    endloop
  endfacet
  facet normal 0 0 1
    outer loop
      vertex 5.76393 6.64886 4
      vertex 4.22836 5.85195 4
      vertex 4.32698 5.63803 4
    endloop
  endfacet
  facet normal 0 0 1
    outer loop
      vertex 5.04925 83.6257 4
      vertex 4 85 4
      vertex 5.01233 83.3138 4
    endloop
  endfacet
  facet normal 0 0 1
    outer loop
      vertex 5.76393 6.64886 4
      vertex 4.14683 6.07295 4
      vertex 4.22836 5.85195 4
    endloop
  endfacet
  facet normal 0 0 1
    outer loop
      vertex 5.01233 83.3138 4
      vertex 4 85 4
      vertex 5 83 4
    endloop
  endfacet
  facet normal 0 0 1
    outer loop
      vertex 5.58944 6.91001 4
      vertex 4.08289 6.29966 4
      vertex 4.14683 6.07295 4
    endloop
  endfacet
  facet normal 0 0 1
    outer loop
      vertex 5.58944 6.91001 4
      vertex 4.03693 6.5307 4
      vertex 4.08289 6.29966 4
    endloop
  endfacet
  facet normal 0 0 1
    outer loop
      vertex 5.43597 7.18404 4
      vertex 4.00925 6.76462 4
      vertex 4.03693 6.5307 4
    endloop
  endfacet
  facet normal 0 0 1
    outer loop
      vertex 79.9584 80.4022 4
      vertex 69.4954 76.8823 4
      vertex 69.4815 76.7654 4
    endloop
  endfacet
  facet normal 0 0 1
    outer loop
      vertex 80.1716 80.1716 4
      vertex 69.4815 76.7654 4
      vertex 69.4586 76.6498 4
    endloop
  endfacet
  facet normal 0 0 1
    outer loop
      vertex 80.4022 79.9584 4
      vertex 69.4586 76.6498 4
      vertex 69.4266 76.5365 4
    endloop
  endfacet
  facet normal 0 0 1
    outer loop
      vertex 80.6489 79.7639 4
      vertex 69.4266 76.5365 4
      vertex 69.3858 76.426 4
    endloop
  endfacet
  facet normal 0 0 1
    outer loop
      vertex 80.91 79.5894 4
      vertex 69.3858 76.426 4
      vertex 69.3365 76.319 4
    endloop
  endfacet
  facet normal 0 0 1
    outer loop
      vertex 80.91 79.5894 4
      vertex 69.3365 76.319 4
      vertex 69.2771 69.2642 4
    endloop
  endfacet
  facet normal 0 0 1
    outer loop
      vertex 69.2771 69.2642 4
      vertex 69.3365 76.319 4
      vertex 69.279 76.2162 4
    endloop
  endfacet
  facet normal 0 0 1
    outer loop
      vertex 80.91 79.5894 4
      vertex 69.2771 69.2642 4
      vertex 70.3245 67.3939 4
    endloop
  endfacet
  facet normal -0 0 1
    outer loop
      vertex 69.2135 76.1183 4
      vertex 69.2771 69.2642 4
      vertex 69.279 76.2162 4
    endloop
  endfacet
  facet normal -0 0 1
    outer loop
      vertex 69.1406 76.0258 4
      vertex 69.2771 69.2642 4
      vertex 69.2135 76.1183 4
    endloop
  endfacet
  facet normal -0 0 1
    outer loop
      vertex 69.0607 75.9393 4
      vertex 69.2771 69.2642 4
      vertex 69.1406 76.0258 4
    endloop
  endfacet
  facet normal 0 0 1
    outer loop
      vertex 68.0862 71.0465 4
      vertex 69.0607 75.9393 4
      vertex 68.9742 75.8594 4
    endloop
  endfacet
  facet normal 0 0 1
    outer loop
      vertex 68.0862 71.0465 4
      vertex 68.9742 75.8594 4
      vertex 68.8817 75.7865 4
    endloop
  endfacet
  facet normal 0 0 1
    outer loop
      vertex 68.0862 71.0465 4
      vertex 68.8817 75.7865 4
      vertex 68.7837 75.721 4
    endloop
  endfacet
  facet normal 0 0 1
    outer loop
      vertex 68.0862 71.0465 4
      vertex 68.7837 75.721 4
      vertex 68.681 75.6635 4
    endloop
  endfacet
  facet normal 0 0 1
    outer loop
      vertex 68.0862 71.0465 4
      vertex 68.681 75.6635 4
      vertex 68.574 75.6142 4
    endloop
  endfacet
  facet normal 0 0 1
    outer loop
      vertex 68.0862 71.0465 4
      vertex 68.574 75.6142 4
      vertex 68.4635 75.5734 4
    endloop
  endfacet
  facet normal 0 0 1
    outer loop
      vertex 66.7591 72.7299 4
      vertex 68.4635 75.5734 4
      vertex 68.3502 75.5414 4
    endloop
  endfacet
  facet normal 0 0 1
    outer loop
      vertex 66.7591 72.7299 4
      vertex 68.3502 75.5414 4
      vertex 68.2346 75.5185 4
    endloop
  endfacet
  facet normal 0 0 1
    outer loop
      vertex 66.7591 72.7299 4
      vertex 68.2346 75.5185 4
      vertex 68.1177 75.5046 4
    endloop
  endfacet
  facet normal 0 0 1
    outer loop
      vertex 69.0607 75.9393 4
      vertex 68.0862 71.0465 4
      vertex 69.2771 69.2642 4
    endloop
  endfacet
  facet normal 0 0 1
    outer loop
      vertex 66.7591 72.7299 4
      vertex 68.1177 75.5046 4
      vertex 68 75.5 4
    endloop
  endfacet
  facet normal 0 0 1
    outer loop
      vertex 66.7591 72.7299 4
      vertex 68 75.5 4
      vertex 67.8823 75.5046 4
    endloop
  endfacet
  facet normal 0 0 1
    outer loop
      vertex 66.7591 72.7299 4
      vertex 67.8823 75.5046 4
      vertex 67.7654 75.5185 4
    endloop
  endfacet
  facet normal 0 0 1
    outer loop
      vertex 66.7591 72.7299 4
      vertex 67.7654 75.5185 4
      vertex 67.6498 75.5414 4
    endloop
  endfacet
  facet normal 0 0 1
    outer loop
      vertex 66.7591 72.7299 4
      vertex 67.6498 75.5414 4
      vertex 67.5365 75.5734 4
    endloop
  endfacet
  facet normal 0 0 1
    outer loop
      vertex 66.7591 72.7299 4
      vertex 67.5365 75.5734 4
      vertex 67.426 75.6142 4
    endloop
  endfacet
  facet normal 0 0 1
    outer loop
      vertex 65.304 74.304 4
      vertex 67.426 75.6142 4
      vertex 67.319 75.6635 4
    endloop
  endfacet
  facet normal 0 0 1
    outer loop
      vertex 65.304 74.304 4
      vertex 67.319 75.6635 4
      vertex 67.2162 75.721 4
    endloop
  endfacet
  facet normal 0 0 1
    outer loop
      vertex 65.304 74.304 4
      vertex 67.2162 75.721 4
      vertex 67.1183 75.7865 4
    endloop
  endfacet
  facet normal 0 0 1
    outer loop
      vertex 65.304 74.304 4
      vertex 67.1183 75.7865 4
      vertex 67.0258 75.8594 4
    endloop
  endfacet
  facet normal 0 0 1
    outer loop
      vertex 65.304 74.304 4
      vertex 67.0258 75.8594 4
      vertex 66.9393 75.9393 4
    endloop
  endfacet
  facet normal 0 0 1
    outer loop
      vertex 65.304 74.304 4
      vertex 66.9393 75.9393 4
      vertex 66.8594 76.0258 4
    endloop
  endfacet
  facet normal 0 0 1
    outer loop
      vertex 65.304 74.304 4
      vertex 66.8594 76.0258 4
      vertex 66.7865 76.1183 4
    endloop
  endfacet
  facet normal 0 0 1
    outer loop
      vertex 68.4635 75.5734 4
      vertex 66.7591 72.7299 4
      vertex 68.0862 71.0465 4
    endloop
  endfacet
  facet normal 0 0 1
    outer loop
      vertex 65.304 74.304 4
      vertex 66.7865 76.1183 4
      vertex 66.721 76.2162 4
    endloop
  endfacet
  facet normal 0 0 1
    outer loop
      vertex 65.304 74.304 4
      vertex 66.721 76.2162 4
      vertex 66.6635 76.319 4
    endloop
  endfacet
  facet normal 0 0 1
    outer loop
      vertex 65.304 74.304 4
      vertex 66.6635 76.319 4
      vertex 66.6142 76.426 4
    endloop
  endfacet
  facet normal 0 0 1
    outer loop
      vertex 65.304 74.304 4
      vertex 66.6142 76.426 4
      vertex 66.5734 76.5365 4
    endloop
  endfacet
  facet normal 0 0 1
    outer loop
      vertex 65.304 74.304 4
      vertex 66.5734 76.5365 4
      vertex 66.5414 76.6498 4
    endloop
  endfacet
  facet normal 0 0 1
    outer loop
      vertex 65.304 74.304 4
      vertex 66.5414 76.6498 4
      vertex 66.5185 76.7654 4
    endloop
  endfacet
  facet normal 0 0 1
    outer loop
      vertex 65.304 74.304 4
      vertex 66.5185 76.7654 4
      vertex 66.5046 76.8823 4
    endloop
  endfacet
  facet normal 0 0 1
    outer loop
      vertex 67.426 75.6142 4
      vertex 65.304 74.304 4
      vertex 66.7591 72.7299 4
    endloop
  endfacet
  facet normal 0 0 1
    outer loop
      vertex 65.304 74.304 4
      vertex 66.5046 76.8823 4
      vertex 66.5 77 4
    endloop
  endfacet
  facet normal 0 0 1
    outer loop
      vertex 10.4954 9.11769 4
      vertex 10.4954 8.88231 4
      vertex 10.5 9 4
    endloop
  endfacet
  facet normal 0 0 1
    outer loop
      vertex 10.4815 9.23465 4
      vertex 10.4954 8.88231 4
      vertex 10.4954 9.11769 4
    endloop
  endfacet
  facet normal 0 0 1
    outer loop
      vertex 10.4815 9.23465 4
      vertex 10.4815 8.76535 4
      vertex 10.4954 8.88231 4
    endloop
  endfacet
  facet normal 0 0 1
    outer loop
      vertex 10.4586 9.35017 4
      vertex 10.4815 8.76535 4
      vertex 10.4815 9.23465 4
    endloop
  endfacet
  facet normal 0 0 1
    outer loop
      vertex 10.4586 9.35017 4
      vertex 10.4586 8.64983 4
      vertex 10.4815 8.76535 4
    endloop
  endfacet
  facet normal 0 0 1
    outer loop
      vertex 10.4266 9.46352 4
      vertex 10.4586 8.64983 4
      vertex 10.4586 9.35017 4
    endloop
  endfacet
  facet normal 0 0 1
    outer loop
      vertex 10.4266 9.46352 4
      vertex 10.4266 8.53648 4
      vertex 10.4586 8.64983 4
    endloop
  endfacet
  facet normal 0 0 1
    outer loop
      vertex 10.3858 9.57402 4
      vertex 10.4266 8.53648 4
      vertex 10.4266 9.46352 4
    endloop
  endfacet
  facet normal 0 0 1
    outer loop
      vertex 10.3858 9.57402 4
      vertex 10.3858 8.42598 4
      vertex 10.4266 8.53648 4
    endloop
  endfacet
  facet normal 0 0 1
    outer loop
      vertex 10.3365 9.68099 4
      vertex 10.3858 8.42598 4
      vertex 10.3858 9.57402 4
    endloop
  endfacet
  facet normal 0 0 1
    outer loop
      vertex 10.3365 9.68099 4
      vertex 10.3365 8.31901 4
      vertex 10.3858 8.42598 4
    endloop
  endfacet
  facet normal 0 0 1
    outer loop
      vertex 10.279 9.78375 4
      vertex 10.3365 8.31901 4
      vertex 10.3365 9.68099 4
    endloop
  endfacet
  facet normal 0 0 1
    outer loop
      vertex 10.279 9.78375 4
      vertex 10.279 8.21625 4
      vertex 10.3365 8.31901 4
    endloop
  endfacet
  facet normal 0 0 1
    outer loop
      vertex 10.2135 9.88168 4
      vertex 10.279 8.21625 4
      vertex 10.279 9.78375 4
    endloop
  endfacet
  facet normal 0 0 1
    outer loop
      vertex 10.2135 9.88168 4
      vertex 10.2135 8.11832 4
      vertex 10.279 8.21625 4
    endloop
  endfacet
  facet normal 0 0 1
    outer loop
      vertex 10.1406 9.97417 4
      vertex 10.2135 8.11832 4
      vertex 10.2135 9.88168 4
    endloop
  endfacet
  facet normal 0 0 1
    outer loop
      vertex 10.1406 9.97417 4
      vertex 10.1406 8.02583 4
      vertex 10.2135 8.11832 4
    endloop
  endfacet
  facet normal 0 0 1
    outer loop
      vertex 10.0607 10.0607 4
      vertex 10.1406 8.02583 4
      vertex 10.1406 9.97417 4
    endloop
  endfacet
  facet normal 0 0 1
    outer loop
      vertex 10.0607 10.0607 4
      vertex 10.0607 7.93934 4
      vertex 10.1406 8.02583 4
    endloop
  endfacet
  facet normal 0 0 1
    outer loop
      vertex 9.97417 10.1406 4
      vertex 10.0607 7.93934 4
      vertex 10.0607 10.0607 4
    endloop
  endfacet
  facet normal 0 0 1
    outer loop
      vertex 9.97417 10.1406 4
      vertex 9.97417 7.85939 4
      vertex 10.0607 7.93934 4
    endloop
  endfacet
  facet normal 0 0 1
    outer loop
      vertex 9.88168 10.2135 4
      vertex 9.97417 7.85939 4
      vertex 9.97417 10.1406 4
    endloop
  endfacet
  facet normal 0 0 1
    outer loop
      vertex 9.88168 10.2135 4
      vertex 9.88168 7.78648 4
      vertex 9.97417 7.85939 4
    endloop
  endfacet
  facet normal 0 0 1
    outer loop
      vertex 9.78375 10.279 4
      vertex 9.88168 7.78648 4
      vertex 9.88168 10.2135 4
    endloop
  endfacet
  facet normal 0 0 1
    outer loop
      vertex 9.78375 10.279 4
      vertex 9.78375 7.72104 4
      vertex 9.88168 7.78648 4
    endloop
  endfacet
  facet normal 0 0 1
    outer loop
      vertex 9.68099 10.3365 4
      vertex 9.78375 7.72104 4
      vertex 9.78375 10.279 4
    endloop
  endfacet
  facet normal 0 0 1
    outer loop
      vertex 9.68099 10.3365 4
      vertex 9.68099 7.66349 4
      vertex 9.78375 7.72104 4
    endloop
  endfacet
  facet normal 0 0 1
    outer loop
      vertex 9.57402 10.3858 4
      vertex 9.68099 7.66349 4
      vertex 9.68099 10.3365 4
    endloop
  endfacet
  facet normal 0 0 1
    outer loop
      vertex 9.57402 10.3858 4
      vertex 9.57402 7.61418 4
      vertex 9.68099 7.66349 4
    endloop
  endfacet
  facet normal 0 0 1
    outer loop
      vertex 9.46352 10.4266 4
      vertex 9.57402 7.61418 4
      vertex 9.57402 10.3858 4
    endloop
  endfacet
  facet normal 0 0 1
    outer loop
      vertex 9.46352 10.4266 4
      vertex 9.46352 7.57342 4
      vertex 9.57402 7.61418 4
    endloop
  endfacet
  facet normal 0 0 1
    outer loop
      vertex 9.35017 10.4586 4
      vertex 9.46352 7.57342 4
      vertex 9.46352 10.4266 4
    endloop
  endfacet
  facet normal 0 0 1
    outer loop
      vertex 9.35017 10.4586 4
      vertex 9.35017 7.54145 4
      vertex 9.46352 7.57342 4
    endloop
  endfacet
  facet normal 0 0 1
    outer loop
      vertex 9.23465 10.4815 4
      vertex 9.35017 7.54145 4
      vertex 9.35017 10.4586 4
    endloop
  endfacet
  facet normal 0 0 1
    outer loop
      vertex 9.23465 10.4815 4
      vertex 9.23465 7.51847 4
      vertex 9.35017 7.54145 4
    endloop
  endfacet
  facet normal 0 0 1
    outer loop
      vertex 9.11769 10.4954 4
      vertex 9.23465 7.51847 4
      vertex 9.23465 10.4815 4
    endloop
  endfacet
  facet normal 0 0 1
    outer loop
      vertex 9.11769 10.4954 4
      vertex 9.11769 7.50462 4
      vertex 9.23465 7.51847 4
    endloop
  endfacet
  facet normal 0 0 1
    outer loop
      vertex 9 10.5 4
      vertex 9.11769 7.50462 4
      vertex 9.11769 10.4954 4
    endloop
  endfacet
  facet normal 0 0 1
    outer loop
      vertex 9 10.5 4
      vertex 9 7.5 4
      vertex 9.11769 7.50462 4
    endloop
  endfacet
  facet normal -0 0 1
    outer loop
      vertex 8.88231 10.4954 4
      vertex 9 7.5 4
      vertex 9 10.5 4
    endloop
  endfacet
  facet normal 0 0 1
    outer loop
      vertex 8.88231 10.4954 4
      vertex 8.88231 7.50462 4
      vertex 9 7.5 4
    endloop
  endfacet
  facet normal -0 0 1
    outer loop
      vertex 8.76535 10.4815 4
      vertex 8.88231 7.50462 4
      vertex 8.88231 10.4954 4
    endloop
  endfacet
  facet normal 0 0 1
    outer loop
      vertex 8.76535 10.4815 4
      vertex 8.76535 7.51847 4
      vertex 8.88231 7.50462 4
    endloop
  endfacet
  facet normal -0 0 1
    outer loop
      vertex 8.64983 10.4586 4
      vertex 8.76535 7.51847 4
      vertex 8.76535 10.4815 4
    endloop
  endfacet
  facet normal 0 0 1
    outer loop
      vertex 8.64983 10.4586 4
      vertex 8.64983 7.54145 4
      vertex 8.76535 7.51847 4
    endloop
  endfacet
  facet normal -0 0 1
    outer loop
      vertex 8.53648 10.4266 4
      vertex 8.64983 7.54145 4
      vertex 8.64983 10.4586 4
    endloop
  endfacet
  facet normal 0 0 1
    outer loop
      vertex 8.53648 10.4266 4
      vertex 8.53648 7.57342 4
      vertex 8.64983 7.54145 4
    endloop
  endfacet
  facet normal -0 0 1
    outer loop
      vertex 8.42598 10.3858 4
      vertex 8.53648 7.57342 4
      vertex 8.53648 10.4266 4
    endloop
  endfacet
  facet normal 0 0 1
    outer loop
      vertex 8.42598 10.3858 4
      vertex 8.42598 7.61418 4
      vertex 8.53648 7.57342 4
    endloop
  endfacet
  facet normal -0 0 1
    outer loop
      vertex 8.31901 10.3365 4
      vertex 8.42598 7.61418 4
      vertex 8.42598 10.3858 4
    endloop
  endfacet
  facet normal 0 0 1
    outer loop
      vertex 8.31901 10.3365 4
      vertex 8.31901 7.66349 4
      vertex 8.42598 7.61418 4
    endloop
  endfacet
  facet normal -0 0 1
    outer loop
      vertex 8.21625 10.279 4
      vertex 8.31901 7.66349 4
      vertex 8.31901 10.3365 4
    endloop
  endfacet
  facet normal 0 0 1
    outer loop
      vertex 8.21625 10.279 4
      vertex 8.21625 7.72104 4
      vertex 8.31901 7.66349 4
    endloop
  endfacet
  facet normal -0 0 1
    outer loop
      vertex 8.11832 10.2135 4
      vertex 8.21625 7.72104 4
      vertex 8.21625 10.279 4
    endloop
  endfacet
  facet normal 0 0 1
    outer loop
      vertex 8.11832 10.2135 4
      vertex 8.11832 7.78648 4
      vertex 8.21625 7.72104 4
    endloop
  endfacet
  facet normal -0 0 1
    outer loop
      vertex 8.02583 10.1406 4
      vertex 8.11832 7.78648 4
      vertex 8.11832 10.2135 4
    endloop
  endfacet
  facet normal 0 0 1
    outer loop
      vertex 8.02583 10.1406 4
      vertex 8.02583 7.85939 4
      vertex 8.11832 7.78648 4
    endloop
  endfacet
  facet normal -0 0 1
    outer loop
      vertex 7.93934 10.0607 4
      vertex 8.02583 7.85939 4
      vertex 8.02583 10.1406 4
    endloop
  endfacet
  facet normal 0 0 1
    outer loop
      vertex 7.93934 10.0607 4
      vertex 7.93934 7.93934 4
      vertex 8.02583 7.85939 4
    endloop
  endfacet
  facet normal -0 0 1
    outer loop
      vertex 7.85939 9.97417 4
      vertex 7.93934 7.93934 4
      vertex 7.93934 10.0607 4
    endloop
  endfacet
  facet normal 0 0 1
    outer loop
      vertex 7.85939 9.97417 4
      vertex 7.85939 8.02583 4
      vertex 7.93934 7.93934 4
    endloop
  endfacet
  facet normal -0 0 1
    outer loop
      vertex 7.78648 9.88168 4
      vertex 7.85939 8.02583 4
      vertex 7.85939 9.97417 4
    endloop
  endfacet
  facet normal 0 0 1
    outer loop
      vertex 7.78648 9.88168 4
      vertex 7.78648 8.11832 4
      vertex 7.85939 8.02583 4
    endloop
  endfacet
  facet normal -0 0 1
    outer loop
      vertex 7.72104 9.78375 4
      vertex 7.78648 8.11832 4
      vertex 7.78648 9.88168 4
    endloop
  endfacet
  facet normal 0 0 1
    outer loop
      vertex 7.72104 9.78375 4
      vertex 7.72104 8.21625 4
      vertex 7.78648 8.11832 4
    endloop
  endfacet
  facet normal -0 0 1
    outer loop
      vertex 7.66349 9.68099 4
      vertex 7.72104 8.21625 4
      vertex 7.72104 9.78375 4
    endloop
  endfacet
  facet normal 0 0 1
    outer loop
      vertex 7.66349 9.68099 4
      vertex 7.66349 8.31901 4
      vertex 7.72104 8.21625 4
    endloop
  endfacet
  facet normal -0 0 1
    outer loop
      vertex 7.61418 9.57402 4
      vertex 7.66349 8.31901 4
      vertex 7.66349 9.68099 4
    endloop
  endfacet
  facet normal 0 0 1
    outer loop
      vertex 7.61418 9.57402 4
      vertex 7.61418 8.42598 4
      vertex 7.66349 8.31901 4
    endloop
  endfacet
  facet normal -0 0 1
    outer loop
      vertex 7.57342 9.46352 4
      vertex 7.61418 8.42598 4
      vertex 7.61418 9.57402 4
    endloop
  endfacet
  facet normal 0 0 1
    outer loop
      vertex 7.57342 9.46352 4
      vertex 7.57342 8.53648 4
      vertex 7.61418 8.42598 4
    endloop
  endfacet
  facet normal -0 0 1
    outer loop
      vertex 7.54145 9.35017 4
      vertex 7.57342 8.53648 4
      vertex 7.57342 9.46352 4
    endloop
  endfacet
  facet normal 0 0 1
    outer loop
      vertex 7.54145 9.35017 4
      vertex 7.54145 8.64983 4
      vertex 7.57342 8.53648 4
    endloop
  endfacet
  facet normal -0 0 1
    outer loop
      vertex 7.51847 9.23465 4
      vertex 7.54145 8.64983 4
      vertex 7.54145 9.35017 4
    endloop
  endfacet
  facet normal 0 0 1
    outer loop
      vertex 7.51847 9.23465 4
      vertex 7.51847 8.76535 4
      vertex 7.54145 8.64983 4
    endloop
  endfacet
  facet normal -0 0 1
    outer loop
      vertex 7.50462 9.11769 4
      vertex 7.51847 8.76535 4
      vertex 7.51847 9.23465 4
    endloop
  endfacet
  facet normal 0 0 1
    outer loop
      vertex 7.50462 9.11769 4
      vertex 7.50462 8.88231 4
      vertex 7.51847 8.76535 4
    endloop
  endfacet
  facet normal 0 -0 1
    outer loop
      vertex 7.50462 8.88231 4
      vertex 7.50462 9.11769 4
      vertex 7.5 9 4
    endloop
  endfacet
  facet normal 0 0 1
    outer loop
      vertex 10.4954 83.1177 4
      vertex 10.4954 82.8823 4
      vertex 10.5 83 4
    endloop
  endfacet
  facet normal 0 0 1
    outer loop
      vertex 10.4815 83.2346 4
      vertex 10.4954 82.8823 4
      vertex 10.4954 83.1177 4
    endloop
  endfacet
  facet normal 0 0 1
    outer loop
      vertex 10.4815 83.2346 4
      vertex 10.4815 82.7654 4
      vertex 10.4954 82.8823 4
    endloop
  endfacet
  facet normal 0 0 1
    outer loop
      vertex 10.4586 83.3502 4
      vertex 10.4815 82.7654 4
      vertex 10.4815 83.2346 4
    endloop
  endfacet
  facet normal 0 0 1
    outer loop
      vertex 10.4586 83.3502 4
      vertex 10.4586 82.6498 4
      vertex 10.4815 82.7654 4
    endloop
  endfacet
  facet normal 0 0 1
    outer loop
      vertex 10.4266 83.4635 4
      vertex 10.4586 82.6498 4
      vertex 10.4586 83.3502 4
    endloop
  endfacet
  facet normal 0 0 1
    outer loop
      vertex 10.4266 83.4635 4
      vertex 10.4266 82.5365 4
      vertex 10.4586 82.6498 4
    endloop
  endfacet
  facet normal 0 0 1
    outer loop
      vertex 10.3858 83.574 4
      vertex 10.4266 82.5365 4
      vertex 10.4266 83.4635 4
    endloop
  endfacet
  facet normal 0 0 1
    outer loop
      vertex 10.3858 83.574 4
      vertex 10.3858 82.426 4
      vertex 10.4266 82.5365 4
    endloop
  endfacet
  facet normal 0 0 1
    outer loop
      vertex 10.3365 83.681 4
      vertex 10.3858 82.426 4
      vertex 10.3858 83.574 4
    endloop
  endfacet
  facet normal 0 0 1
    outer loop
      vertex 10.3365 83.681 4
      vertex 10.3365 82.319 4
      vertex 10.3858 82.426 4
    endloop
  endfacet
  facet normal 0 0 1
    outer loop
      vertex 10.279 83.7837 4
      vertex 10.3365 82.319 4
      vertex 10.3365 83.681 4
    endloop
  endfacet
  facet normal 0 0 1
    outer loop
      vertex 10.279 83.7837 4
      vertex 10.279 82.2163 4
      vertex 10.3365 82.319 4
    endloop
  endfacet
  facet normal 0 0 1
    outer loop
      vertex 10.2135 83.8817 4
      vertex 10.279 82.2163 4
      vertex 10.279 83.7837 4
    endloop
  endfacet
  facet normal 0 0 1
    outer loop
      vertex 10.2135 83.8817 4
      vertex 10.2135 82.1183 4
      vertex 10.279 82.2163 4
    endloop
  endfacet
  facet normal 0 0 1
    outer loop
      vertex 10.1406 83.9742 4
      vertex 10.2135 82.1183 4
      vertex 10.2135 83.8817 4
    endloop
  endfacet
  facet normal 0 0 1
    outer loop
      vertex 10.1406 83.9742 4
      vertex 10.1406 82.0258 4
      vertex 10.2135 82.1183 4
    endloop
  endfacet
  facet normal 0 0 1
    outer loop
      vertex 10.0607 84.0607 4
      vertex 10.1406 82.0258 4
      vertex 10.1406 83.9742 4
    endloop
  endfacet
  facet normal 0 0 1
    outer loop
      vertex 10.0607 84.0607 4
      vertex 10.0607 81.9393 4
      vertex 10.1406 82.0258 4
    endloop
  endfacet
  facet normal 0 0 1
    outer loop
      vertex 9.97417 84.1406 4
      vertex 10.0607 81.9393 4
      vertex 10.0607 84.0607 4
    endloop
  endfacet
  facet normal 0 0 1
    outer loop
      vertex 9.97417 84.1406 4
      vertex 9.97417 81.8594 4
      vertex 10.0607 81.9393 4
    endloop
  endfacet
  facet normal 0 0 1
    outer loop
      vertex 9.88168 84.2135 4
      vertex 9.97417 81.8594 4
      vertex 9.97417 84.1406 4
    endloop
  endfacet
  facet normal 0 0 1
    outer loop
      vertex 9.88168 84.2135 4
      vertex 9.88168 81.7865 4
      vertex 9.97417 81.8594 4
    endloop
  endfacet
  facet normal 0 0 1
    outer loop
      vertex 9.78375 84.279 4
      vertex 9.88168 81.7865 4
      vertex 9.88168 84.2135 4
    endloop
  endfacet
  facet normal 0 0 1
    outer loop
      vertex 9.78375 84.279 4
      vertex 9.78375 81.721 4
      vertex 9.88168 81.7865 4
    endloop
  endfacet
  facet normal 0 0 1
    outer loop
      vertex 9.68099 84.3365 4
      vertex 9.78375 81.721 4
      vertex 9.78375 84.279 4
    endloop
  endfacet
  facet normal 0 0 1
    outer loop
      vertex 9.68099 84.3365 4
      vertex 9.68099 81.6635 4
      vertex 9.78375 81.721 4
    endloop
  endfacet
  facet normal 0 0 1
    outer loop
      vertex 9.57402 84.3858 4
      vertex 9.68099 81.6635 4
      vertex 9.68099 84.3365 4
    endloop
  endfacet
  facet normal 0 0 1
    outer loop
      vertex 9.57402 84.3858 4
      vertex 9.57402 81.6142 4
      vertex 9.68099 81.6635 4
    endloop
  endfacet
  facet normal 0 0 1
    outer loop
      vertex 9.46352 84.4266 4
      vertex 9.57402 81.6142 4
      vertex 9.57402 84.3858 4
    endloop
  endfacet
  facet normal 0 0 1
    outer loop
      vertex 9.46352 84.4266 4
      vertex 9.46352 81.5734 4
      vertex 9.57402 81.6142 4
    endloop
  endfacet
  facet normal 0 0 1
    outer loop
      vertex 9.35017 84.4586 4
      vertex 9.46352 81.5734 4
      vertex 9.46352 84.4266 4
    endloop
  endfacet
  facet normal 0 0 1
    outer loop
      vertex 9.35017 84.4586 4
      vertex 9.35017 81.5414 4
      vertex 9.46352 81.5734 4
    endloop
  endfacet
  facet normal 0 0 1
    outer loop
      vertex 9.23465 84.4815 4
      vertex 9.35017 81.5414 4
      vertex 9.35017 84.4586 4
    endloop
  endfacet
  facet normal 0 0 1
    outer loop
      vertex 9.23465 84.4815 4
      vertex 9.23465 81.5185 4
      vertex 9.35017 81.5414 4
    endloop
  endfacet
  facet normal 0 0 1
    outer loop
      vertex 9.11769 84.4954 4
      vertex 9.23465 81.5185 4
      vertex 9.23465 84.4815 4
    endloop
  endfacet
  facet normal 0 0 1
    outer loop
      vertex 9.11769 84.4954 4
      vertex 9.11769 81.5046 4
      vertex 9.23465 81.5185 4
    endloop
  endfacet
  facet normal 0 0 1
    outer loop
      vertex 9 84.5 4
      vertex 9.11769 81.5046 4
      vertex 9.11769 84.4954 4
    endloop
  endfacet
  facet normal 0 0 1
    outer loop
      vertex 9 84.5 4
      vertex 9 81.5 4
      vertex 9.11769 81.5046 4
    endloop
  endfacet
  facet normal -0 0 1
    outer loop
      vertex 8.88231 84.4954 4
      vertex 9 81.5 4
      vertex 9 84.5 4
    endloop
  endfacet
  facet normal 0 0 1
    outer loop
      vertex 8.88231 84.4954 4
      vertex 8.88231 81.5046 4
      vertex 9 81.5 4
    endloop
  endfacet
  facet normal -0 0 1
    outer loop
      vertex 8.76535 84.4815 4
      vertex 8.88231 81.5046 4
      vertex 8.88231 84.4954 4
    endloop
  endfacet
  facet normal 0 0 1
    outer loop
      vertex 8.76535 84.4815 4
      vertex 8.76535 81.5185 4
      vertex 8.88231 81.5046 4
    endloop
  endfacet
  facet normal -0 0 1
    outer loop
      vertex 8.64983 84.4586 4
      vertex 8.76535 81.5185 4
      vertex 8.76535 84.4815 4
    endloop
  endfacet
  facet normal 0 0 1
    outer loop
      vertex 8.64983 84.4586 4
      vertex 8.64983 81.5414 4
      vertex 8.76535 81.5185 4
    endloop
  endfacet
  facet normal -0 0 1
    outer loop
      vertex 8.53648 84.4266 4
      vertex 8.64983 81.5414 4
      vertex 8.64983 84.4586 4
    endloop
  endfacet
  facet normal 0 0 1
    outer loop
      vertex 8.53648 84.4266 4
      vertex 8.53648 81.5734 4
      vertex 8.64983 81.5414 4
    endloop
  endfacet
  facet normal -0 0 1
    outer loop
      vertex 8.42598 84.3858 4
      vertex 8.53648 81.5734 4
      vertex 8.53648 84.4266 4
    endloop
  endfacet
  facet normal 0 0 1
    outer loop
      vertex 8.42598 84.3858 4
      vertex 8.42598 81.6142 4
      vertex 8.53648 81.5734 4
    endloop
  endfacet
  facet normal -0 0 1
    outer loop
      vertex 8.31901 84.3365 4
      vertex 8.42598 81.6142 4
      vertex 8.42598 84.3858 4
    endloop
  endfacet
  facet normal 0 0 1
    outer loop
      vertex 8.31901 84.3365 4
      vertex 8.31901 81.6635 4
      vertex 8.42598 81.6142 4
    endloop
  endfacet
  facet normal -0 0 1
    outer loop
      vertex 8.21625 84.279 4
      vertex 8.31901 81.6635 4
      vertex 8.31901 84.3365 4
    endloop
  endfacet
  facet normal 0 0 1
    outer loop
      vertex 8.21625 84.279 4
      vertex 8.21625 81.721 4
      vertex 8.31901 81.6635 4
    endloop
  endfacet
  facet normal -0 0 1
    outer loop
      vertex 8.11832 84.2135 4
      vertex 8.21625 81.721 4
      vertex 8.21625 84.279 4
    endloop
  endfacet
  facet normal 0 0 1
    outer loop
      vertex 8.11832 84.2135 4
      vertex 8.11832 81.7865 4
      vertex 8.21625 81.721 4
    endloop
  endfacet
  facet normal -0 0 1
    outer loop
      vertex 8.02583 84.1406 4
      vertex 8.11832 81.7865 4
      vertex 8.11832 84.2135 4
    endloop
  endfacet
  facet normal 0 0 1
    outer loop
      vertex 8.02583 84.1406 4
      vertex 8.02583 81.8594 4
      vertex 8.11832 81.7865 4
    endloop
  endfacet
  facet normal -0 0 1
    outer loop
      vertex 7.93934 84.0607 4
      vertex 8.02583 81.8594 4
      vertex 8.02583 84.1406 4
    endloop
  endfacet
  facet normal 0 0 1
    outer loop
      vertex 7.93934 84.0607 4
      vertex 7.93934 81.9393 4
      vertex 8.02583 81.8594 4
    endloop
  endfacet
  facet normal -0 0 1
    outer loop
      vertex 7.85939 83.9742 4
      vertex 7.93934 81.9393 4
      vertex 7.93934 84.0607 4
    endloop
  endfacet
  facet normal 0 0 1
    outer loop
      vertex 7.85939 83.9742 4
      vertex 7.85939 82.0258 4
      vertex 7.93934 81.9393 4
    endloop
  endfacet
  facet normal -0 0 1
    outer loop
      vertex 7.78648 83.8817 4
      vertex 7.85939 82.0258 4
      vertex 7.85939 83.9742 4
    endloop
  endfacet
  facet normal 0 0 1
    outer loop
      vertex 7.78648 83.8817 4
      vertex 7.78648 82.1183 4
      vertex 7.85939 82.0258 4
    endloop
  endfacet
  facet normal -0 0 1
    outer loop
      vertex 7.72104 83.7837 4
      vertex 7.78648 82.1183 4
      vertex 7.78648 83.8817 4
    endloop
  endfacet
  facet normal 0 0 1
    outer loop
      vertex 7.72104 83.7837 4
      vertex 7.72104 82.2163 4
      vertex 7.78648 82.1183 4
    endloop
  endfacet
  facet normal -0 0 1
    outer loop
      vertex 7.66349 83.681 4
      vertex 7.72104 82.2163 4
      vertex 7.72104 83.7837 4
    endloop
  endfacet
  facet normal 0 0 1
    outer loop
      vertex 7.66349 83.681 4
      vertex 7.66349 82.319 4
      vertex 7.72104 82.2163 4
    endloop
  endfacet
  facet normal -0 0 1
    outer loop
      vertex 7.61418 83.574 4
      vertex 7.66349 82.319 4
      vertex 7.66349 83.681 4
    endloop
  endfacet
  facet normal 0 0 1
    outer loop
      vertex 7.61418 83.574 4
      vertex 7.61418 82.426 4
      vertex 7.66349 82.319 4
    endloop
  endfacet
  facet normal -0 0 1
    outer loop
      vertex 7.57342 83.4635 4
      vertex 7.61418 82.426 4
      vertex 7.61418 83.574 4
    endloop
  endfacet
  facet normal 0 0 1
    outer loop
      vertex 7.57342 83.4635 4
      vertex 7.57342 82.5365 4
      vertex 7.61418 82.426 4
    endloop
  endfacet
  facet normal -0 0 1
    outer loop
      vertex 7.54145 83.3502 4
      vertex 7.57342 82.5365 4
      vertex 7.57342 83.4635 4
    endloop
  endfacet
  facet normal 0 0 1
    outer loop
      vertex 7.54145 83.3502 4
      vertex 7.54145 82.6498 4
      vertex 7.57342 82.5365 4
    endloop
  endfacet
  facet normal -0 0 1
    outer loop
      vertex 7.51847 83.2346 4
      vertex 7.54145 82.6498 4
      vertex 7.54145 83.3502 4
    endloop
  endfacet
  facet normal 0 0 1
    outer loop
      vertex 7.51847 83.2346 4
      vertex 7.51847 82.7654 4
      vertex 7.54145 82.6498 4
    endloop
  endfacet
  facet normal -0 0 1
    outer loop
      vertex 7.50462 83.1177 4
      vertex 7.51847 82.7654 4
      vertex 7.51847 83.2346 4
    endloop
  endfacet
  facet normal 0 0 1
    outer loop
      vertex 7.50462 83.1177 4
      vertex 7.50462 82.8823 4
      vertex 7.51847 82.7654 4
    endloop
  endfacet
  facet normal 0 -0 1
    outer loop
      vertex 7.50462 82.8823 4
      vertex 7.50462 83.1177 4
      vertex 7.5 83 4
    endloop
  endfacet
  facet normal 0 0 1
    outer loop
      vertex 84.4954 9.11769 4
      vertex 84.4954 8.88231 4
      vertex 84.5 9 4
    endloop
  endfacet
  facet normal 0 0 1
    outer loop
      vertex 84.4815 9.23465 4
      vertex 84.4954 8.88231 4
      vertex 84.4954 9.11769 4
    endloop
  endfacet
  facet normal 0 0 1
    outer loop
      vertex 84.4815 9.23465 4
      vertex 84.4815 8.76535 4
      vertex 84.4954 8.88231 4
    endloop
  endfacet
  facet normal 0 0 1
    outer loop
      vertex 84.4586 9.35017 4
      vertex 84.4815 8.76535 4
      vertex 84.4815 9.23465 4
    endloop
  endfacet
  facet normal 0 0 1
    outer loop
      vertex 84.4586 9.35017 4
      vertex 84.4586 8.64983 4
      vertex 84.4815 8.76535 4
    endloop
  endfacet
  facet normal 0 0 1
    outer loop
      vertex 84.4266 9.46352 4
      vertex 84.4586 8.64983 4
      vertex 84.4586 9.35017 4
    endloop
  endfacet
  facet normal 0 0 1
    outer loop
      vertex 84.4266 9.46352 4
      vertex 84.4266 8.53648 4
      vertex 84.4586 8.64983 4
    endloop
  endfacet
  facet normal 0 0 1
    outer loop
      vertex 84.3858 9.57402 4
      vertex 84.4266 8.53648 4
      vertex 84.4266 9.46352 4
    endloop
  endfacet
  facet normal 0 0 1
    outer loop
      vertex 84.3858 9.57402 4
      vertex 84.3858 8.42598 4
      vertex 84.4266 8.53648 4
    endloop
  endfacet
  facet normal 0 0 1
    outer loop
      vertex 84.3365 9.68099 4
      vertex 84.3858 8.42598 4
      vertex 84.3858 9.57402 4
    endloop
  endfacet
  facet normal 0 0 1
    outer loop
      vertex 84.3365 9.68099 4
      vertex 84.3365 8.31901 4
      vertex 84.3858 8.42598 4
    endloop
  endfacet
  facet normal 0 0 1
    outer loop
      vertex 84.279 9.78375 4
      vertex 84.3365 8.31901 4
      vertex 84.3365 9.68099 4
    endloop
  endfacet
  facet normal 0 0 1
    outer loop
      vertex 84.279 9.78375 4
      vertex 84.279 8.21625 4
      vertex 84.3365 8.31901 4
    endloop
  endfacet
  facet normal 0 0 1
    outer loop
      vertex 84.2135 9.88168 4
      vertex 84.279 8.21625 4
      vertex 84.279 9.78375 4
    endloop
  endfacet
  facet normal 0 0 1
    outer loop
      vertex 84.2135 9.88168 4
      vertex 84.2135 8.11832 4
      vertex 84.279 8.21625 4
    endloop
  endfacet
  facet normal 0 0 1
    outer loop
      vertex 84.1406 9.97417 4
      vertex 84.2135 8.11832 4
      vertex 84.2135 9.88168 4
    endloop
  endfacet
  facet normal 0 0 1
    outer loop
      vertex 84.1406 9.97417 4
      vertex 84.1406 8.02583 4
      vertex 84.2135 8.11832 4
    endloop
  endfacet
  facet normal 0 0 1
    outer loop
      vertex 84.0607 10.0607 4
      vertex 84.1406 8.02583 4
      vertex 84.1406 9.97417 4
    endloop
  endfacet
  facet normal 0 0 1
    outer loop
      vertex 84.0607 10.0607 4
      vertex 84.0607 7.93934 4
      vertex 84.1406 8.02583 4
    endloop
  endfacet
  facet normal 0 0 1
    outer loop
      vertex 83.9742 10.1406 4
      vertex 84.0607 7.93934 4
      vertex 84.0607 10.0607 4
    endloop
  endfacet
  facet normal 0 0 1
    outer loop
      vertex 83.9742 10.1406 4
      vertex 83.9742 7.85939 4
      vertex 84.0607 7.93934 4
    endloop
  endfacet
  facet normal 0 0 1
    outer loop
      vertex 83.8817 10.2135 4
      vertex 83.9742 7.85939 4
      vertex 83.9742 10.1406 4
    endloop
  endfacet
  facet normal 0 0 1
    outer loop
      vertex 83.8817 10.2135 4
      vertex 83.8817 7.78648 4
      vertex 83.9742 7.85939 4
    endloop
  endfacet
  facet normal 0 0 1
    outer loop
      vertex 83.7837 10.279 4
      vertex 83.8817 7.78648 4
      vertex 83.8817 10.2135 4
    endloop
  endfacet
  facet normal 0 0 1
    outer loop
      vertex 83.7837 10.279 4
      vertex 83.7837 7.72104 4
      vertex 83.8817 7.78648 4
    endloop
  endfacet
  facet normal 0 0 1
    outer loop
      vertex 83.681 10.3365 4
      vertex 83.7837 7.72104 4
      vertex 83.7837 10.279 4
    endloop
  endfacet
  facet normal 0 0 1
    outer loop
      vertex 83.681 10.3365 4
      vertex 83.681 7.66349 4
      vertex 83.7837 7.72104 4
    endloop
  endfacet
  facet normal 0 0 1
    outer loop
      vertex 83.574 10.3858 4
      vertex 83.681 7.66349 4
      vertex 83.681 10.3365 4
    endloop
  endfacet
  facet normal 0 0 1
    outer loop
      vertex 83.574 10.3858 4
      vertex 83.574 7.61418 4
      vertex 83.681 7.66349 4
    endloop
  endfacet
  facet normal 0 0 1
    outer loop
      vertex 83.4635 10.4266 4
      vertex 83.574 7.61418 4
      vertex 83.574 10.3858 4
    endloop
  endfacet
  facet normal 0 0 1
    outer loop
      vertex 83.4635 10.4266 4
      vertex 83.4635 7.57342 4
      vertex 83.574 7.61418 4
    endloop
  endfacet
  facet normal 0 0 1
    outer loop
      vertex 83.3502 10.4586 4
      vertex 83.4635 7.57342 4
      vertex 83.4635 10.4266 4
    endloop
  endfacet
  facet normal 0 0 1
    outer loop
      vertex 83.3502 10.4586 4
      vertex 83.3502 7.54145 4
      vertex 83.4635 7.57342 4
    endloop
  endfacet
  facet normal 0 0 1
    outer loop
      vertex 83.2346 10.4815 4
      vertex 83.3502 7.54145 4
      vertex 83.3502 10.4586 4
    endloop
  endfacet
  facet normal 0 0 1
    outer loop
      vertex 83.2346 10.4815 4
      vertex 83.2346 7.51847 4
      vertex 83.3502 7.54145 4
    endloop
  endfacet
  facet normal 0 0 1
    outer loop
      vertex 83.1177 10.4954 4
      vertex 83.2346 7.51847 4
      vertex 83.2346 10.4815 4
    endloop
  endfacet
  facet normal 0 0 1
    outer loop
      vertex 83.1177 10.4954 4
      vertex 83.1177 7.50462 4
      vertex 83.2346 7.51847 4
    endloop
  endfacet
  facet normal 0 0 1
    outer loop
      vertex 83 10.5 4
      vertex 83.1177 7.50462 4
      vertex 83.1177 10.4954 4
    endloop
  endfacet
  facet normal 0 0 1
    outer loop
      vertex 83 10.5 4
      vertex 83 7.5 4
      vertex 83.1177 7.50462 4
    endloop
  endfacet
  facet normal -0 0 1
    outer loop
      vertex 82.8823 10.4954 4
      vertex 83 7.5 4
      vertex 83 10.5 4
    endloop
  endfacet
  facet normal 0 0 1
    outer loop
      vertex 82.8823 10.4954 4
      vertex 82.8823 7.50462 4
      vertex 83 7.5 4
    endloop
  endfacet
  facet normal -0 0 1
    outer loop
      vertex 82.7654 10.4815 4
      vertex 82.8823 7.50462 4
      vertex 82.8823 10.4954 4
    endloop
  endfacet
  facet normal 0 0 1
    outer loop
      vertex 82.7654 10.4815 4
      vertex 82.7654 7.51847 4
      vertex 82.8823 7.50462 4
    endloop
  endfacet
  facet normal -0 0 1
    outer loop
      vertex 82.6498 10.4586 4
      vertex 82.7654 7.51847 4
      vertex 82.7654 10.4815 4
    endloop
  endfacet
  facet normal 0 0 1
    outer loop
      vertex 82.6498 10.4586 4
      vertex 82.6498 7.54145 4
      vertex 82.7654 7.51847 4
    endloop
  endfacet
  facet normal -0 0 1
    outer loop
      vertex 82.5365 10.4266 4
      vertex 82.6498 7.54145 4
      vertex 82.6498 10.4586 4
    endloop
  endfacet
  facet normal 0 0 1
    outer loop
      vertex 82.5365 10.4266 4
      vertex 82.5365 7.57342 4
      vertex 82.6498 7.54145 4
    endloop
  endfacet
  facet normal -0 0 1
    outer loop
      vertex 82.426 10.3858 4
      vertex 82.5365 7.57342 4
      vertex 82.5365 10.4266 4
    endloop
  endfacet
  facet normal 0 0 1
    outer loop
      vertex 82.426 10.3858 4
      vertex 82.426 7.61418 4
      vertex 82.5365 7.57342 4
    endloop
  endfacet
  facet normal -0 0 1
    outer loop
      vertex 82.319 10.3365 4
      vertex 82.426 7.61418 4
      vertex 82.426 10.3858 4
    endloop
  endfacet
  facet normal 0 0 1
    outer loop
      vertex 82.319 10.3365 4
      vertex 82.319 7.66349 4
      vertex 82.426 7.61418 4
    endloop
  endfacet
  facet normal -0 0 1
    outer loop
      vertex 82.2163 10.279 4
      vertex 82.319 7.66349 4
      vertex 82.319 10.3365 4
    endloop
  endfacet
  facet normal 0 0 1
    outer loop
      vertex 82.2163 10.279 4
      vertex 82.2163 7.72104 4
      vertex 82.319 7.66349 4
    endloop
  endfacet
  facet normal -0 0 1
    outer loop
      vertex 82.1183 10.2135 4
      vertex 82.2163 7.72104 4
      vertex 82.2163 10.279 4
    endloop
  endfacet
  facet normal 0 0 1
    outer loop
      vertex 82.1183 10.2135 4
      vertex 82.1183 7.78648 4
      vertex 82.2163 7.72104 4
    endloop
  endfacet
  facet normal -0 0 1
    outer loop
      vertex 82.0258 10.1406 4
      vertex 82.1183 7.78648 4
      vertex 82.1183 10.2135 4
    endloop
  endfacet
  facet normal 0 0 1
    outer loop
      vertex 82.0258 10.1406 4
      vertex 82.0258 7.85939 4
      vertex 82.1183 7.78648 4
    endloop
  endfacet
  facet normal -0 0 1
    outer loop
      vertex 81.9393 10.0607 4
      vertex 82.0258 7.85939 4
      vertex 82.0258 10.1406 4
    endloop
  endfacet
  facet normal 0 0 1
    outer loop
      vertex 81.9393 10.0607 4
      vertex 81.9393 7.93934 4
      vertex 82.0258 7.85939 4
    endloop
  endfacet
  facet normal -0 0 1
    outer loop
      vertex 81.8594 9.97417 4
      vertex 81.9393 7.93934 4
      vertex 81.9393 10.0607 4
    endloop
  endfacet
  facet normal 0 0 1
    outer loop
      vertex 81.8594 9.97417 4
      vertex 81.8594 8.02583 4
      vertex 81.9393 7.93934 4
    endloop
  endfacet
  facet normal -0 0 1
    outer loop
      vertex 81.7865 9.88168 4
      vertex 81.8594 8.02583 4
      vertex 81.8594 9.97417 4
    endloop
  endfacet
  facet normal 0 0 1
    outer loop
      vertex 81.7865 9.88168 4
      vertex 81.7865 8.11832 4
      vertex 81.8594 8.02583 4
    endloop
  endfacet
  facet normal -0 0 1
    outer loop
      vertex 81.721 9.78375 4
      vertex 81.7865 8.11832 4
      vertex 81.7865 9.88168 4
    endloop
  endfacet
  facet normal 0 0 1
    outer loop
      vertex 81.721 9.78375 4
      vertex 81.721 8.21625 4
      vertex 81.7865 8.11832 4
    endloop
  endfacet
  facet normal -0 0 1
    outer loop
      vertex 81.6635 9.68099 4
      vertex 81.721 8.21625 4
      vertex 81.721 9.78375 4
    endloop
  endfacet
  facet normal 0 0 1
    outer loop
      vertex 81.6635 9.68099 4
      vertex 81.6635 8.31901 4
      vertex 81.721 8.21625 4
    endloop
  endfacet
  facet normal -0 0 1
    outer loop
      vertex 81.6142 9.57402 4
      vertex 81.6635 8.31901 4
      vertex 81.6635 9.68099 4
    endloop
  endfacet
  facet normal 0 0 1
    outer loop
      vertex 81.6142 9.57402 4
      vertex 81.6142 8.42598 4
      vertex 81.6635 8.31901 4
    endloop
  endfacet
  facet normal -0 0 1
    outer loop
      vertex 81.5734 9.46352 4
      vertex 81.6142 8.42598 4
      vertex 81.6142 9.57402 4
    endloop
  endfacet
  facet normal 0 0 1
    outer loop
      vertex 81.5734 9.46352 4
      vertex 81.5734 8.53648 4
      vertex 81.6142 8.42598 4
    endloop
  endfacet
  facet normal -0 0 1
    outer loop
      vertex 81.5414 9.35017 4
      vertex 81.5734 8.53648 4
      vertex 81.5734 9.46352 4
    endloop
  endfacet
  facet normal 0 0 1
    outer loop
      vertex 81.5414 9.35017 4
      vertex 81.5414 8.64983 4
      vertex 81.5734 8.53648 4
    endloop
  endfacet
  facet normal -0 0 1
    outer loop
      vertex 81.5185 9.23465 4
      vertex 81.5414 8.64983 4
      vertex 81.5414 9.35017 4
    endloop
  endfacet
  facet normal 0 0 1
    outer loop
      vertex 81.5185 9.23465 4
      vertex 81.5185 8.76535 4
      vertex 81.5414 8.64983 4
    endloop
  endfacet
  facet normal -0 0 1
    outer loop
      vertex 81.5046 9.11769 4
      vertex 81.5185 8.76535 4
      vertex 81.5185 9.23465 4
    endloop
  endfacet
  facet normal 0 0 1
    outer loop
      vertex 81.5046 9.11769 4
      vertex 81.5046 8.88231 4
      vertex 81.5185 8.76535 4
    endloop
  endfacet
  facet normal 0 -0 1
    outer loop
      vertex 81.5046 8.88231 4
      vertex 81.5046 9.11769 4
      vertex 81.5 9 4
    endloop
  endfacet
  facet normal 0 0 1
    outer loop
      vertex 84.4954 83.1177 4
      vertex 84.4954 82.8823 4
      vertex 84.5 83 4
    endloop
  endfacet
  facet normal 0 0 1
    outer loop
      vertex 84.4815 83.2346 4
      vertex 84.4954 82.8823 4
      vertex 84.4954 83.1177 4
    endloop
  endfacet
  facet normal 0 0 1
    outer loop
      vertex 84.4815 83.2346 4
      vertex 84.4815 82.7654 4
      vertex 84.4954 82.8823 4
    endloop
  endfacet
  facet normal 0 0 1
    outer loop
      vertex 84.4586 83.3502 4
      vertex 84.4815 82.7654 4
      vertex 84.4815 83.2346 4
    endloop
  endfacet
  facet normal 0 0 1
    outer loop
      vertex 84.4586 83.3502 4
      vertex 84.4586 82.6498 4
      vertex 84.4815 82.7654 4
    endloop
  endfacet
  facet normal 0 0 1
    outer loop
      vertex 84.4266 83.4635 4
      vertex 84.4586 82.6498 4
      vertex 84.4586 83.3502 4
    endloop
  endfacet
  facet normal 0 0 1
    outer loop
      vertex 84.4266 83.4635 4
      vertex 84.4266 82.5365 4
      vertex 84.4586 82.6498 4
    endloop
  endfacet
  facet normal 0 0 1
    outer loop
      vertex 84.3858 83.574 4
      vertex 84.4266 82.5365 4
      vertex 84.4266 83.4635 4
    endloop
  endfacet
  facet normal 0 0 1
    outer loop
      vertex 84.3858 83.574 4
      vertex 84.3858 82.426 4
      vertex 84.4266 82.5365 4
    endloop
  endfacet
  facet normal 0 0 1
    outer loop
      vertex 84.3365 83.681 4
      vertex 84.3858 82.426 4
      vertex 84.3858 83.574 4
    endloop
  endfacet
  facet normal 0 0 1
    outer loop
      vertex 84.3365 83.681 4
      vertex 84.3365 82.319 4
      vertex 84.3858 82.426 4
    endloop
  endfacet
  facet normal 0 0 1
    outer loop
      vertex 84.279 83.7837 4
      vertex 84.3365 82.319 4
      vertex 84.3365 83.681 4
    endloop
  endfacet
  facet normal 0 0 1
    outer loop
      vertex 84.279 83.7837 4
      vertex 84.279 82.2163 4
      vertex 84.3365 82.319 4
    endloop
  endfacet
  facet normal 0 0 1
    outer loop
      vertex 84.2135 83.8817 4
      vertex 84.279 82.2163 4
      vertex 84.279 83.7837 4
    endloop
  endfacet
  facet normal 0 0 1
    outer loop
      vertex 84.2135 83.8817 4
      vertex 84.2135 82.1183 4
      vertex 84.279 82.2163 4
    endloop
  endfacet
  facet normal 0 0 1
    outer loop
      vertex 84.1406 83.9742 4
      vertex 84.2135 82.1183 4
      vertex 84.2135 83.8817 4
    endloop
  endfacet
  facet normal 0 0 1
    outer loop
      vertex 84.1406 83.9742 4
      vertex 84.1406 82.0258 4
      vertex 84.2135 82.1183 4
    endloop
  endfacet
  facet normal 0 0 1
    outer loop
      vertex 84.0607 84.0607 4
      vertex 84.1406 82.0258 4
      vertex 84.1406 83.9742 4
    endloop
  endfacet
  facet normal 0 0 1
    outer loop
      vertex 84.0607 84.0607 4
      vertex 84.0607 81.9393 4
      vertex 84.1406 82.0258 4
    endloop
  endfacet
  facet normal 0 0 1
    outer loop
      vertex 83.9742 84.1406 4
      vertex 84.0607 81.9393 4
      vertex 84.0607 84.0607 4
    endloop
  endfacet
  facet normal 0 0 1
    outer loop
      vertex 83.9742 84.1406 4
      vertex 83.9742 81.8594 4
      vertex 84.0607 81.9393 4
    endloop
  endfacet
  facet normal 0 0 1
    outer loop
      vertex 83.8817 84.2135 4
      vertex 83.9742 81.8594 4
      vertex 83.9742 84.1406 4
    endloop
  endfacet
  facet normal 0 0 1
    outer loop
      vertex 83.8817 84.2135 4
      vertex 83.8817 81.7865 4
      vertex 83.9742 81.8594 4
    endloop
  endfacet
  facet normal 0 0 1
    outer loop
      vertex 83.7837 84.279 4
      vertex 83.8817 81.7865 4
      vertex 83.8817 84.2135 4
    endloop
  endfacet
  facet normal 0 0 1
    outer loop
      vertex 83.7837 84.279 4
      vertex 83.7837 81.721 4
      vertex 83.8817 81.7865 4
    endloop
  endfacet
  facet normal 0 0 1
    outer loop
      vertex 83.681 84.3365 4
      vertex 83.7837 81.721 4
      vertex 83.7837 84.279 4
    endloop
  endfacet
  facet normal 0 0 1
    outer loop
      vertex 83.681 84.3365 4
      vertex 83.681 81.6635 4
      vertex 83.7837 81.721 4
    endloop
  endfacet
  facet normal 0 0 1
    outer loop
      vertex 83.574 84.3858 4
      vertex 83.681 81.6635 4
      vertex 83.681 84.3365 4
    endloop
  endfacet
  facet normal 0 0 1
    outer loop
      vertex 83.574 84.3858 4
      vertex 83.574 81.6142 4
      vertex 83.681 81.6635 4
    endloop
  endfacet
  facet normal 0 0 1
    outer loop
      vertex 83.4635 84.4266 4
      vertex 83.574 81.6142 4
      vertex 83.574 84.3858 4
    endloop
  endfacet
  facet normal 0 0 1
    outer loop
      vertex 83.4635 84.4266 4
      vertex 83.4635 81.5734 4
      vertex 83.574 81.6142 4
    endloop
  endfacet
  facet normal 0 0 1
    outer loop
      vertex 83.3502 84.4586 4
      vertex 83.4635 81.5734 4
      vertex 83.4635 84.4266 4
    endloop
  endfacet
  facet normal 0 0 1
    outer loop
      vertex 83.3502 84.4586 4
      vertex 83.3502 81.5414 4
      vertex 83.4635 81.5734 4
    endloop
  endfacet
  facet normal 0 0 1
    outer loop
      vertex 83.2346 84.4815 4
      vertex 83.3502 81.5414 4
      vertex 83.3502 84.4586 4
    endloop
  endfacet
  facet normal 0 0 1
    outer loop
      vertex 83.2346 84.4815 4
      vertex 83.2346 81.5185 4
      vertex 83.3502 81.5414 4
    endloop
  endfacet
  facet normal 0 0 1
    outer loop
      vertex 83.1177 84.4954 4
      vertex 83.2346 81.5185 4
      vertex 83.2346 84.4815 4
    endloop
  endfacet
  facet normal 0 0 1
    outer loop
      vertex 83.1177 84.4954 4
      vertex 83.1177 81.5046 4
      vertex 83.2346 81.5185 4
    endloop
  endfacet
  facet normal 0 0 1
    outer loop
      vertex 83 84.5 4
      vertex 83.1177 81.5046 4
      vertex 83.1177 84.4954 4
    endloop
  endfacet
  facet normal 0 0 1
    outer loop
      vertex 83 84.5 4
      vertex 83 81.5 4
      vertex 83.1177 81.5046 4
    endloop
  endfacet
  facet normal -0 0 1
    outer loop
      vertex 82.8823 84.4954 4
      vertex 83 81.5 4
      vertex 83 84.5 4
    endloop
  endfacet
  facet normal 0 0 1
    outer loop
      vertex 82.8823 84.4954 4
      vertex 82.8823 81.5046 4
      vertex 83 81.5 4
    endloop
  endfacet
  facet normal -0 0 1
    outer loop
      vertex 82.7654 84.4815 4
      vertex 82.8823 81.5046 4
      vertex 82.8823 84.4954 4
    endloop
  endfacet
  facet normal 0 0 1
    outer loop
      vertex 82.7654 84.4815 4
      vertex 82.7654 81.5185 4
      vertex 82.8823 81.5046 4
    endloop
  endfacet
  facet normal -0 0 1
    outer loop
      vertex 82.6498 84.4586 4
      vertex 82.7654 81.5185 4
      vertex 82.7654 84.4815 4
    endloop
  endfacet
  facet normal 0 0 1
    outer loop
      vertex 82.6498 84.4586 4
      vertex 82.6498 81.5414 4
      vertex 82.7654 81.5185 4
    endloop
  endfacet
  facet normal -0 0 1
    outer loop
      vertex 82.5365 84.4266 4
      vertex 82.6498 81.5414 4
      vertex 82.6498 84.4586 4
    endloop
  endfacet
  facet normal 0 0 1
    outer loop
      vertex 82.5365 84.4266 4
      vertex 82.5365 81.5734 4
      vertex 82.6498 81.5414 4
    endloop
  endfacet
  facet normal -0 0 1
    outer loop
      vertex 82.426 84.3858 4
      vertex 82.5365 81.5734 4
      vertex 82.5365 84.4266 4
    endloop
  endfacet
  facet normal 0 0 1
    outer loop
      vertex 82.426 84.3858 4
      vertex 82.426 81.6142 4
      vertex 82.5365 81.5734 4
    endloop
  endfacet
  facet normal -0 0 1
    outer loop
      vertex 82.319 84.3365 4
      vertex 82.426 81.6142 4
      vertex 82.426 84.3858 4
    endloop
  endfacet
  facet normal 0 0 1
    outer loop
      vertex 82.319 84.3365 4
      vertex 82.319 81.6635 4
      vertex 82.426 81.6142 4
    endloop
  endfacet
  facet normal -0 0 1
    outer loop
      vertex 82.2163 84.279 4
      vertex 82.319 81.6635 4
      vertex 82.319 84.3365 4
    endloop
  endfacet
  facet normal 0 0 1
    outer loop
      vertex 82.2163 84.279 4
      vertex 82.2163 81.721 4
      vertex 82.319 81.6635 4
    endloop
  endfacet
  facet normal -0 0 1
    outer loop
      vertex 82.1183 84.2135 4
      vertex 82.2163 81.721 4
      vertex 82.2163 84.279 4
    endloop
  endfacet
  facet normal 0 0 1
    outer loop
      vertex 82.1183 84.2135 4
      vertex 82.1183 81.7865 4
      vertex 82.2163 81.721 4
    endloop
  endfacet
  facet normal -0 0 1
    outer loop
      vertex 82.0258 84.1406 4
      vertex 82.1183 81.7865 4
      vertex 82.1183 84.2135 4
    endloop
  endfacet
  facet normal 0 0 1
    outer loop
      vertex 82.0258 84.1406 4
      vertex 82.0258 81.8594 4
      vertex 82.1183 81.7865 4
    endloop
  endfacet
  facet normal -0 0 1
    outer loop
      vertex 81.9393 84.0607 4
      vertex 82.0258 81.8594 4
      vertex 82.0258 84.1406 4
    endloop
  endfacet
  facet normal 0 0 1
    outer loop
      vertex 81.9393 84.0607 4
      vertex 81.9393 81.9393 4
      vertex 82.0258 81.8594 4
    endloop
  endfacet
  facet normal -0 0 1
    outer loop
      vertex 81.8594 83.9742 4
      vertex 81.9393 81.9393 4
      vertex 81.9393 84.0607 4
    endloop
  endfacet
  facet normal 0 0 1
    outer loop
      vertex 81.8594 83.9742 4
      vertex 81.8594 82.0258 4
      vertex 81.9393 81.9393 4
    endloop
  endfacet
  facet normal -0 0 1
    outer loop
      vertex 81.7865 83.8817 4
      vertex 81.8594 82.0258 4
      vertex 81.8594 83.9742 4
    endloop
  endfacet
  facet normal 0 0 1
    outer loop
      vertex 81.7865 83.8817 4
      vertex 81.7865 82.1183 4
      vertex 81.8594 82.0258 4
    endloop
  endfacet
  facet normal -0 0 1
    outer loop
      vertex 81.721 83.7837 4
      vertex 81.7865 82.1183 4
      vertex 81.7865 83.8817 4
    endloop
  endfacet
  facet normal 0 0 1
    outer loop
      vertex 81.721 83.7837 4
      vertex 81.721 82.2163 4
      vertex 81.7865 82.1183 4
    endloop
  endfacet
  facet normal -0 0 1
    outer loop
      vertex 81.6635 83.681 4
      vertex 81.721 82.2163 4
      vertex 81.721 83.7837 4
    endloop
  endfacet
  facet normal 0 0 1
    outer loop
      vertex 81.6635 83.681 4
      vertex 81.6635 82.319 4
      vertex 81.721 82.2163 4
    endloop
  endfacet
  facet normal -0 0 1
    outer loop
      vertex 81.6142 83.574 4
      vertex 81.6635 82.319 4
      vertex 81.6635 83.681 4
    endloop
  endfacet
  facet normal 0 0 1
    outer loop
      vertex 81.6142 83.574 4
      vertex 81.6142 82.426 4
      vertex 81.6635 82.319 4
    endloop
  endfacet
  facet normal -0 0 1
    outer loop
      vertex 81.5734 83.4635 4
      vertex 81.6142 82.426 4
      vertex 81.6142 83.574 4
    endloop
  endfacet
  facet normal 0 0 1
    outer loop
      vertex 81.5734 83.4635 4
      vertex 81.5734 82.5365 4
      vertex 81.6142 82.426 4
    endloop
  endfacet
  facet normal -0 0 1
    outer loop
      vertex 81.5414 83.3502 4
      vertex 81.5734 82.5365 4
      vertex 81.5734 83.4635 4
    endloop
  endfacet
  facet normal 0 0 1
    outer loop
      vertex 81.5414 83.3502 4
      vertex 81.5414 82.6498 4
      vertex 81.5734 82.5365 4
    endloop
  endfacet
  facet normal -0 0 1
    outer loop
      vertex 81.5185 83.2346 4
      vertex 81.5414 82.6498 4
      vertex 81.5414 83.3502 4
    endloop
  endfacet
  facet normal 0 0 1
    outer loop
      vertex 81.5185 83.2346 4
      vertex 81.5185 82.7654 4
      vertex 81.5414 82.6498 4
    endloop
  endfacet
  facet normal -0 0 1
    outer loop
      vertex 81.5046 83.1177 4
      vertex 81.5185 82.7654 4
      vertex 81.5185 83.2346 4
    endloop
  endfacet
  facet normal 0 0 1
    outer loop
      vertex 81.5046 83.1177 4
      vertex 81.5046 82.8823 4
      vertex 81.5185 82.7654 4
    endloop
  endfacet
  facet normal 0 -0 1
    outer loop
      vertex 81.5046 82.8823 4
      vertex 81.5046 83.1177 4
      vertex 81.5 83 4
    endloop
  endfacet
  facet normal 0.993072 0.117511 0
    outer loop
      vertex 4.03693 6.5307 64
      vertex 4.00925 6.76462 4
      vertex 4.00925 6.76462 64
    endloop
  endfacet
  facet normal 0.993072 0.117511 0
    outer loop
      vertex 4.00925 6.76462 4
      vertex 4.03693 6.5307 64
      vertex 4.03693 6.5307 4
    endloop
  endfacet
  facet normal 0.785179 -0.619268 0
    outer loop
      vertex 4.57295 86.7634 64
      vertex 4.71878 86.9483 4
      vertex 4.71878 86.9483 64
    endloop
  endfacet
  facet normal 0.785179 -0.619268 0
    outer loop
      vertex 4.71878 86.9483 4
      vertex 4.57295 86.7634 64
      vertex 4.57295 86.7634 4
    endloop
  endfacet
  facet normal 0.99307 -0.117521 0
    outer loop
      vertex 4.00925 85.2354 64
      vertex 4.03693 85.4693 4
      vertex 4.03693 85.4693 64
    endloop
  endfacet
  facet normal 0.99307 -0.117521 0
    outer loop
      vertex 4.03693 85.4693 4
      vertex 4.00925 85.2354 64
      vertex 4.00925 85.2354 4
    endloop
  endfacet
  facet normal 0.980776 -0.195136 0
    outer loop
      vertex 4.03693 85.4693 64
      vertex 4.08289 85.7003 4
      vertex 4.08289 85.7003 64
    endloop
  endfacet
  facet normal 0.980776 -0.195136 0
    outer loop
      vertex 4.08289 85.7003 4
      vertex 4.03693 85.4693 64
      vertex 4.03693 85.4693 4
    endloop
  endfacet
  facet normal -0.0390526 -0.999237 0
    outer loop
      vertex 85 88 4
      vertex 85.2354 87.9908 64
      vertex 85 88 64
    endloop
  endfacet
  facet normal -0.0390526 -0.999237 -0
    outer loop
      vertex 85.2354 87.9908 64
      vertex 85 88 4
      vertex 85.2354 87.9908 4
    endloop
  endfacet
  facet normal -0.678756 -0.734364 0
    outer loop
      vertex 86.9483 87.2812 4
      vertex 87.1213 87.1213 64
      vertex 86.9483 87.2812 64
    endloop
  endfacet
  facet normal -0.678756 -0.734364 -0
    outer loop
      vertex 87.1213 87.1213 64
      vertex 86.9483 87.2812 4
      vertex 87.1213 87.1213 4
    endloop
  endfacet
  facet normal -0.61919 -0.785241 0
    outer loop
      vertex 86.7634 87.427 4
      vertex 86.9483 87.2812 64
      vertex 86.7634 87.427 64
    endloop
  endfacet
  facet normal -0.61919 -0.785241 -0
    outer loop
      vertex 86.9483 87.2812 64
      vertex 86.7634 87.427 4
      vertex 86.9483 87.2812 4
    endloop
  endfacet
  facet normal -0.117605 -0.99306 0
    outer loop
      vertex 85.2354 87.9908 4
      vertex 85.4693 87.9631 64
      vertex 85.2354 87.9908 64
    endloop
  endfacet
  facet normal -0.117605 -0.99306 -0
    outer loop
      vertex 85.4693 87.9631 64
      vertex 85.2354 87.9908 4
      vertex 85.4693 87.9631 4
    endloop
  endfacet
  facet normal -0.271299 -0.962495 0
    outer loop
      vertex 85.7003 87.9171 4
      vertex 85.927 87.8532 64
      vertex 85.7003 87.9171 64
    endloop
  endfacet
  facet normal -0.271299 -0.962495 -0
    outer loop
      vertex 85.927 87.8532 64
      vertex 85.7003 87.9171 4
      vertex 85.927 87.8532 4
    endloop
  endfacet
  facet normal -0.346374 -0.938096 0
    outer loop
      vertex 85.927 87.8532 4
      vertex 86.148 87.7716 64
      vertex 85.927 87.8532 64
    endloop
  endfacet
  facet normal -0.346374 -0.938096 -0
    outer loop
      vertex 86.148 87.7716 64
      vertex 85.927 87.8532 4
      vertex 86.148 87.7716 4
    endloop
  endfacet
  facet normal -0.488668 -0.87247 0
    outer loop
      vertex 86.362 87.673 4
      vertex 86.5675 87.5579 64
      vertex 86.362 87.673 64
    endloop
  endfacet
  facet normal -0.488668 -0.87247 -0
    outer loop
      vertex 86.5675 87.5579 64
      vertex 86.362 87.673 4
      vertex 86.5675 87.5579 4
    endloop
  endfacet
  facet normal 0.0390559 -0.999237 0
    outer loop
      vertex 6.76462 87.9908 4
      vertex 7 88 64
      vertex 6.76462 87.9908 64
    endloop
  endfacet
  facet normal 0.0390559 -0.999237 0
    outer loop
      vertex 7 88 64
      vertex 6.76462 87.9908 4
      vertex 7 88 4
    endloop
  endfacet
  facet normal 0.55566 -0.83141 0
    outer loop
      vertex 5.23664 87.427 4
      vertex 5.4325 87.5579 64
      vertex 5.23664 87.427 64
    endloop
  endfacet
  facet normal 0.55566 -0.83141 0
    outer loop
      vertex 5.4325 87.5579 64
      vertex 5.23664 87.427 4
      vertex 5.4325 87.5579 4
    endloop
  endfacet
  facet normal -0.938096 -0.346374 0
    outer loop
      vertex 87.8532 85.927 4
      vertex 87.7716 86.148 64
      vertex 87.7716 86.148 4
    endloop
  endfacet
  facet normal -0.938096 -0.346374 0
    outer loop
      vertex 87.7716 86.148 64
      vertex 87.8532 85.927 4
      vertex 87.8532 85.927 64
    endloop
  endfacet
  facet normal -0.908232 -0.418466 0
    outer loop
      vertex 87.7716 86.148 4
      vertex 87.673 86.362 64
      vertex 87.673 86.362 4
    endloop
  endfacet
  facet normal -0.908232 -0.418466 0
    outer loop
      vertex 87.673 86.362 64
      vertex 87.7716 86.148 4
      vertex 87.7716 86.148 64
    endloop
  endfacet
  facet normal -0.87247 -0.488668 0
    outer loop
      vertex 87.673 86.362 4
      vertex 87.5579 86.5675 64
      vertex 87.5579 86.5675 4
    endloop
  endfacet
  facet normal -0.87247 -0.488668 0
    outer loop
      vertex 87.5579 86.5675 64
      vertex 87.673 86.362 4
      vertex 87.673 86.362 64
    endloop
  endfacet
  facet normal -0.831462 -0.555581 0
    outer loop
      vertex 87.5579 86.5675 4
      vertex 87.427 86.7634 64
      vertex 87.427 86.7634 4
    endloop
  endfacet
  facet normal -0.831462 -0.555581 0
    outer loop
      vertex 87.427 86.7634 64
      vertex 87.5579 86.5675 4
      vertex 87.5579 86.5675 64
    endloop
  endfacet
  facet normal -0.999237 -0.0390526 0
    outer loop
      vertex 88 85 4
      vertex 87.9908 85.2354 64
      vertex 87.9908 85.2354 4
    endloop
  endfacet
  facet normal -0.999237 -0.0390526 0
    outer loop
      vertex 87.9908 85.2354 64
      vertex 88 85 4
      vertex 88 85 64
    endloop
  endfacet
  facet normal -0.980744 -0.1953 0
    outer loop
      vertex 87.9631 85.4693 4
      vertex 87.9171 85.7003 64
      vertex 87.9171 85.7003 4
    endloop
  endfacet
  facet normal -0.980744 -0.1953 0
    outer loop
      vertex 87.9171 85.7003 64
      vertex 87.9631 85.4693 4
      vertex 87.9631 85.4693 64
    endloop
  endfacet
  facet normal -0.962495 -0.271299 0
    outer loop
      vertex 87.9171 85.7003 4
      vertex 87.8532 85.927 64
      vertex 87.8532 85.927 4
    endloop
  endfacet
  facet normal -0.962495 -0.271299 0
    outer loop
      vertex 87.8532 85.927 64
      vertex 87.9171 85.7003 4
      vertex 87.9171 85.7003 64
    endloop
  endfacet
  facet normal -0.271456 0.962451 0
    outer loop
      vertex 85.927 4.14683 4
      vertex 85.7003 4.08289 64
      vertex 85.927 4.14683 64
    endloop
  endfacet
  facet normal -0.271456 0.962451 0
    outer loop
      vertex 85.7003 4.08289 64
      vertex 85.927 4.14683 4
      vertex 85.7003 4.08289 4
    endloop
  endfacet
  facet normal -0.0392645 0.999229 0
    outer loop
      vertex 85.2354 4.00925 4
      vertex 85 4 64
      vertex 85.2354 4.00925 64
    endloop
  endfacet
  facet normal -0.0392645 0.999229 0
    outer loop
      vertex 85 4 64
      vertex 85.2354 4.00925 4
      vertex 85 4 4
    endloop
  endfacet
  facet normal -0.678756 0.734364 0
    outer loop
      vertex 87.1213 4.87868 4
      vertex 86.9483 4.71878 64
      vertex 87.1213 4.87868 64
    endloop
  endfacet
  facet normal -0.678756 0.734364 0
    outer loop
      vertex 86.9483 4.71878 64
      vertex 87.1213 4.87868 4
      vertex 86.9483 4.71878 4
    endloop
  endfacet
  facet normal -0.993062 0.117595 0
    outer loop
      vertex 87.9631 6.5307 4
      vertex 87.9908 6.76462 64
      vertex 87.9908 6.76462 4
    endloop
  endfacet
  facet normal -0.993062 0.117595 0
    outer loop
      vertex 87.9908 6.76462 64
      vertex 87.9631 6.5307 4
      vertex 87.9631 6.5307 64
    endloop
  endfacet
  facet normal -0.83141 0.55566 0
    outer loop
      vertex 87.427 5.23664 4
      vertex 87.5579 5.4325 64
      vertex 87.5579 5.4325 4
    endloop
  endfacet
  facet normal -0.83141 0.55566 0
    outer loop
      vertex 87.5579 5.4325 64
      vertex 87.427 5.23664 4
      vertex 87.427 5.23664 64
    endloop
  endfacet
  facet normal -0.785372 0.619025 0
    outer loop
      vertex 87.2812 5.05166 4
      vertex 87.427 5.23664 64
      vertex 87.427 5.23664 4
    endloop
  endfacet
  facet normal -0.785372 0.619025 0
    outer loop
      vertex 87.427 5.23664 64
      vertex 87.2812 5.05166 4
      vertex 87.2812 5.05166 64
    endloop
  endfacet
  facet normal -0.908173 0.418595 0
    outer loop
      vertex 87.673 5.63803 4
      vertex 87.7716 5.85195 64
      vertex 87.7716 5.85195 4
    endloop
  endfacet
  facet normal -0.908173 0.418595 0
    outer loop
      vertex 87.7716 5.85195 64
      vertex 87.673 5.63803 4
      vertex 87.673 5.63803 64
    endloop
  endfacet
  facet normal 0.346113 0.938193 -0
    outer loop
      vertex 6.07295 4.14683 4
      vertex 5.85195 4.22836 64
      vertex 6.07295 4.14683 64
    endloop
  endfacet
  facet normal 0.346113 0.938193 0
    outer loop
      vertex 5.85195 4.22836 64
      vertex 6.07295 4.14683 4
      vertex 5.85195 4.22836 4
    endloop
  endfacet
  facet normal 0.195104 0.980783 -0
    outer loop
      vertex 6.5307 4.03693 4
      vertex 6.29966 4.08289 64
      vertex 6.5307 4.03693 64
    endloop
  endfacet
  facet normal 0.195104 0.980783 0
    outer loop
      vertex 6.29966 4.08289 64
      vertex 6.5307 4.03693 4
      vertex 6.29966 4.08289 4
    endloop
  endfacet
  facet normal -0.555581 -0.831462 0
    outer loop
      vertex 86.5675 87.5579 4
      vertex 86.7634 87.427 64
      vertex 86.5675 87.5579 64
    endloop
  endfacet
  facet normal -0.555581 -0.831462 -0
    outer loop
      vertex 86.7634 87.427 64
      vertex 86.5675 87.5579 4
      vertex 86.7634 87.427 4
    endloop
  endfacet
  facet normal -0.117521 0.99307 0
    outer loop
      vertex 85.4693 4.03693 4
      vertex 85.2354 4.00925 64
      vertex 85.4693 4.03693 64
    endloop
  endfacet
  facet normal -0.117521 0.99307 0
    outer loop
      vertex 85.2354 4.00925 64
      vertex 85.4693 4.03693 4
      vertex 85.2354 4.00925 4
    endloop
  endfacet
  facet normal -0.346113 0.938193 0
    outer loop
      vertex 86.148 4.22836 4
      vertex 85.927 4.14683 64
      vertex 86.148 4.22836 64
    endloop
  endfacet
  facet normal -0.346113 0.938193 0
    outer loop
      vertex 85.927 4.14683 64
      vertex 86.148 4.22836 4
      vertex 85.927 4.14683 4
    endloop
  endfacet
  facet normal -0.488668 0.87247 0
    outer loop
      vertex 86.5675 4.44208 4
      vertex 86.362 4.32698 64
      vertex 86.5675 4.44208 64
    endloop
  endfacet
  facet normal -0.488668 0.87247 0
    outer loop
      vertex 86.362 4.32698 64
      vertex 86.5675 4.44208 4
      vertex 86.362 4.32698 4
    endloop
  endfacet
  facet normal -0.555493 0.831521 0
    outer loop
      vertex 86.7634 4.57295 4
      vertex 86.5675 4.44208 64
      vertex 86.7634 4.57295 64
    endloop
  endfacet
  facet normal -0.555493 0.831521 0
    outer loop
      vertex 86.5675 4.44208 64
      vertex 86.7634 4.57295 4
      vertex 86.5675 4.44208 4
    endloop
  endfacet
  facet normal -0.98075 0.195267 0
    outer loop
      vertex 87.9171 6.29966 4
      vertex 87.9631 6.5307 64
      vertex 87.9631 6.5307 4
    endloop
  endfacet
  facet normal -0.98075 0.195267 0
    outer loop
      vertex 87.9631 6.5307 64
      vertex 87.9171 6.29966 4
      vertex 87.9171 6.29966 64
    endloop
  endfacet
  facet normal -0.962498 0.271288 0
    outer loop
      vertex 87.8532 6.07295 4
      vertex 87.9171 6.29966 64
      vertex 87.9171 6.29966 4
    endloop
  endfacet
  facet normal -0.962498 0.271288 0
    outer loop
      vertex 87.9171 6.29966 64
      vertex 87.8532 6.07295 4
      vertex 87.8532 6.07295 64
    endloop
  endfacet
  facet normal -0.999237 0.0390559 0
    outer loop
      vertex 87.9908 6.76462 4
      vertex 88 7 64
      vertex 88 7 4
    endloop
  endfacet
  facet normal -0.999237 0.0390559 0
    outer loop
      vertex 88 7 64
      vertex 87.9908 6.76462 4
      vertex 87.9908 6.76462 64
    endloop
  endfacet
  facet normal 0.117511 0.993072 -0
    outer loop
      vertex 6.76462 4.00925 4
      vertex 6.5307 4.03693 64
      vertex 6.76462 4.00925 64
    endloop
  endfacet
  facet normal 0.117511 0.993072 0
    outer loop
      vertex 6.5307 4.03693 64
      vertex 6.76462 4.00925 4
      vertex 6.5307 4.03693 4
    endloop
  endfacet
  facet normal 0.271445 0.962454 -0
    outer loop
      vertex 6.29966 4.08289 4
      vertex 6.07295 4.14683 64
      vertex 6.29966 4.08289 64
    endloop
  endfacet
  facet normal 0.271445 0.962454 0
    outer loop
      vertex 6.07295 4.14683 64
      vertex 6.29966 4.08289 4
      vertex 6.07295 4.14683 4
    endloop
  endfacet
  facet normal 0.418665 0.908141 -0
    outer loop
      vertex 5.85195 4.22836 4
      vertex 5.63803 4.32698 64
      vertex 5.85195 4.22836 64
    endloop
  endfacet
  facet normal 0.418665 0.908141 0
    outer loop
      vertex 5.63803 4.32698 64
      vertex 5.85195 4.22836 4
      vertex 5.63803 4.32698 4
    endloop
  endfacet
  facet normal -0.195136 0.980776 0
    outer loop
      vertex 85.7003 4.08289 4
      vertex 85.4693 4.03693 64
      vertex 85.7003 4.08289 64
    endloop
  endfacet
  facet normal -0.195136 0.980776 0
    outer loop
      vertex 85.4693 4.03693 64
      vertex 85.7003 4.08289 4
      vertex 85.4693 4.03693 4
    endloop
  endfacet
  facet normal -0.619268 0.785179 0
    outer loop
      vertex 86.9483 4.71878 4
      vertex 86.7634 4.57295 64
      vertex 86.9483 4.71878 64
    endloop
  endfacet
  facet normal -0.619268 0.785179 0
    outer loop
      vertex 86.7634 4.57295 64
      vertex 86.9483 4.71878 4
      vertex 86.7634 4.57295 4
    endloop
  endfacet
  facet normal 0.999229 0.0392505 0
    outer loop
      vertex 53.3 18 38
      vertex 53.2775 18.5728 4
      vertex 53.2775 18.5728 38
    endloop
  endfacet
  facet normal 0.999229 0.0392505 0
    outer loop
      vertex 53.2775 18.5728 4
      vertex 53.3 18 38
      vertex 53.3 18 4
    endloop
  endfacet
  facet normal -0.999229 0.0392505 0
    outer loop
      vertex 38.7 18 4
      vertex 38.7225 18.5728 38
      vertex 38.7225 18.5728 4
    endloop
  endfacet
  facet normal -0.999229 0.0392505 0
    outer loop
      vertex 38.7225 18.5728 38
      vertex 38.7 18 4
      vertex 38.7 18 38
    endloop
  endfacet
  facet normal -0.0392505 0.999229 0
    outer loop
      vertex 46 25.3 4
      vertex 45.4272 25.2775 38
      vertex 46 25.3 38
    endloop
  endfacet
  facet normal -0.0392505 0.999229 0
    outer loop
      vertex 45.4272 25.2775 38
      vertex 46 25.3 4
      vertex 45.4272 25.2775 4
    endloop
  endfacet
  facet normal 0.678823 0.734302 -0
    outer loop
      vertex 51.1619 23.1619 4
      vertex 50.741 23.551 38
      vertex 51.1619 23.1619 38
    endloop
  endfacet
  facet normal 0.678823 0.734302 0
    outer loop
      vertex 50.741 23.551 38
      vertex 51.1619 23.1619 4
      vertex 50.741 23.551 4
    endloop
  endfacet
  facet normal -0.734302 0.678823 0
    outer loop
      vertex 40.449 22.741 4
      vertex 40.8381 23.1619 38
      vertex 40.8381 23.1619 4
    endloop
  endfacet
  facet normal -0.734302 0.678823 0
    outer loop
      vertex 40.8381 23.1619 38
      vertex 40.449 22.741 4
      vertex 40.449 22.741 38
    endloop
  endfacet
  facet normal -0.418726 0.908113 0
    outer loop
      vertex 43.2064 24.7443 4
      vertex 42.6859 24.5043 38
      vertex 43.2064 24.7443 38
    endloop
  endfacet
  facet normal -0.418726 0.908113 0
    outer loop
      vertex 42.6859 24.5043 38
      vertex 43.2064 24.7443 4
      vertex 42.6859 24.5043 4
    endloop
  endfacet
  facet normal 0.678823 -0.734302 0
    outer loop
      vertex 50.741 12.449 4
      vertex 51.1619 12.8381 38
      vertex 50.741 12.449 38
    endloop
  endfacet
  facet normal 0.678823 -0.734302 0
    outer loop
      vertex 51.1619 12.8381 38
      vertex 50.741 12.449 4
      vertex 51.1619 12.8381 4
    endloop
  endfacet
  facet normal 0.908113 0.418726 0
    outer loop
      vertex 52.7443 20.7936 38
      vertex 52.5043 21.3141 4
      vertex 52.5043 21.3141 38
    endloop
  endfacet
  facet normal 0.908113 0.418726 0
    outer loop
      vertex 52.5043 21.3141 4
      vertex 52.7443 20.7936 38
      vertex 52.7443 20.7936 4
    endloop
  endfacet
  facet normal 0.34611 0.938194 -0
    outer loop
      vertex 48.7936 24.7443 4
      vertex 48.2558 24.9427 38
      vertex 48.7936 24.7443 38
    endloop
  endfacet
  facet normal 0.34611 0.938194 0
    outer loop
      vertex 48.2558 24.9427 38
      vertex 48.7936 24.7443 4
      vertex 48.2558 24.9427 4
    endloop
  endfacet
  facet normal -0.872548 0.488529 0
    outer loop
      vertex 39.4957 21.3141 4
      vertex 39.7757 21.8142 38
      vertex 39.7757 21.8142 4
    endloop
  endfacet
  facet normal -0.872548 0.488529 0
    outer loop
      vertex 39.7757 21.8142 38
      vertex 39.4957 21.3141 4
      vertex 39.4957 21.3141 38
    endloop
  endfacet
  facet normal -0.831432 0.555626 0
    outer loop
      vertex 39.7757 21.8142 4
      vertex 40.0942 22.2908 38
      vertex 40.0942 22.2908 4
    endloop
  endfacet
  facet normal -0.831432 0.555626 0
    outer loop
      vertex 40.0942 22.2908 38
      vertex 39.7757 21.8142 4
      vertex 39.7757 21.8142 38
    endloop
  endfacet
  facet normal 0.11759 -0.993062 0
    outer loop
      vertex 46.5728 10.7225 4
      vertex 47.142 10.7899 38
      vertex 46.5728 10.7225 38
    endloop
  endfacet
  facet normal 0.11759 -0.993062 0
    outer loop
      vertex 47.142 10.7899 38
      vertex 46.5728 10.7225 4
      vertex 47.142 10.7899 4
    endloop
  endfacet
  facet normal 0.980795 0.195042 0
    outer loop
      vertex 53.2101 19.142 38
      vertex 53.0983 19.7042 4
      vertex 53.0983 19.7042 38
    endloop
  endfacet
  facet normal 0.980795 0.195042 0
    outer loop
      vertex 53.0983 19.7042 4
      vertex 53.2101 19.142 38
      vertex 53.2101 19.142 4
    endloop
  endfacet
  facet normal 0.993062 0.11759 0
    outer loop
      vertex 53.2775 18.5728 38
      vertex 53.2101 19.142 4
      vertex 53.2101 19.142 38
    endloop
  endfacet
  facet normal 0.993062 0.11759 0
    outer loop
      vertex 53.2101 19.142 4
      vertex 53.2775 18.5728 38
      vertex 53.2775 18.5728 4
    endloop
  endfacet
  facet normal 0.734302 0.678823 0
    outer loop
      vertex 51.551 22.741 38
      vertex 51.1619 23.1619 4
      vertex 51.1619 23.1619 38
    endloop
  endfacet
  facet normal 0.734302 0.678823 0
    outer loop
      vertex 51.1619 23.1619 4
      vertex 51.551 22.741 38
      vertex 51.551 22.741 4
    endloop
  endfacet
  facet normal 0.831432 0.555626 0
    outer loop
      vertex 52.2243 21.8142 38
      vertex 51.9058 22.2908 4
      vertex 51.9058 22.2908 38
    endloop
  endfacet
  facet normal 0.831432 0.555626 0
    outer loop
      vertex 51.9058 22.2908 4
      vertex 52.2243 21.8142 38
      vertex 52.2243 21.8142 4
    endloop
  endfacet
  facet normal 0.872548 0.488529 0
    outer loop
      vertex 52.5043 21.3141 38
      vertex 52.2243 21.8142 4
      vertex 52.2243 21.8142 38
    endloop
  endfacet
  facet normal 0.872548 0.488529 0
    outer loop
      vertex 52.2243 21.8142 4
      vertex 52.5043 21.3141 38
      vertex 52.5043 21.3141 4
    endloop
  endfacet
  facet normal 0.11759 0.993062 -0
    outer loop
      vertex 47.142 25.2101 4
      vertex 46.5728 25.2775 38
      vertex 47.142 25.2101 38
    endloop
  endfacet
  facet normal 0.11759 0.993062 0
    outer loop
      vertex 46.5728 25.2775 38
      vertex 47.142 25.2101 4
      vertex 46.5728 25.2775 4
    endloop
  endfacet
  facet normal 0.271493 0.96244 -0
    outer loop
      vertex 48.2558 24.9427 4
      vertex 47.7042 25.0983 38
      vertex 48.2558 24.9427 38
    endloop
  endfacet
  facet normal 0.271493 0.96244 0
    outer loop
      vertex 47.7042 25.0983 38
      vertex 48.2558 24.9427 4
      vertex 47.7042 25.0983 4
    endloop
  endfacet
  facet normal 0.618977 0.785409 -0
    outer loop
      vertex 50.741 23.551 4
      vertex 50.2908 23.9058 38
      vertex 50.741 23.551 38
    endloop
  endfacet
  facet normal 0.618977 0.785409 0
    outer loop
      vertex 50.2908 23.9058 38
      vertex 50.741 23.551 4
      vertex 50.2908 23.9058 4
    endloop
  endfacet
  facet normal 0.418726 0.908113 -0
    outer loop
      vertex 49.3141 24.5043 4
      vertex 48.7936 24.7443 38
      vertex 49.3141 24.5043 38
    endloop
  endfacet
  facet normal 0.418726 0.908113 0
    outer loop
      vertex 48.7936 24.7443 38
      vertex 49.3141 24.5043 4
      vertex 48.7936 24.7443 4
    endloop
  endfacet
  facet normal 0.555626 0.831432 -0
    outer loop
      vertex 50.2908 23.9058 4
      vertex 49.8142 24.2243 38
      vertex 50.2908 23.9058 38
    endloop
  endfacet
  facet normal 0.555626 0.831432 0
    outer loop
      vertex 49.8142 24.2243 38
      vertex 50.2908 23.9058 4
      vertex 49.8142 24.2243 4
    endloop
  endfacet
  facet normal -0.908113 0.418726 0
    outer loop
      vertex 39.2557 20.7936 4
      vertex 39.4957 21.3141 38
      vertex 39.4957 21.3141 4
    endloop
  endfacet
  facet normal -0.908113 0.418726 0
    outer loop
      vertex 39.4957 21.3141 38
      vertex 39.2557 20.7936 4
      vertex 39.2557 20.7936 38
    endloop
  endfacet
  facet normal -0.96244 0.271493 0
    outer loop
      vertex 38.9017 19.7042 4
      vertex 39.0573 20.2558 38
      vertex 39.0573 20.2558 4
    endloop
  endfacet
  facet normal -0.96244 0.271493 0
    outer loop
      vertex 39.0573 20.2558 38
      vertex 38.9017 19.7042 4
      vertex 38.9017 19.7042 38
    endloop
  endfacet
  facet normal -0.993062 0.11759 0
    outer loop
      vertex 38.7225 18.5728 4
      vertex 38.7899 19.142 38
      vertex 38.7899 19.142 4
    endloop
  endfacet
  facet normal -0.993062 0.11759 0
    outer loop
      vertex 38.7899 19.142 38
      vertex 38.7225 18.5728 4
      vertex 38.7225 18.5728 38
    endloop
  endfacet
  facet normal -0.618977 0.785409 0
    outer loop
      vertex 41.7092 23.9058 4
      vertex 41.259 23.551 38
      vertex 41.7092 23.9058 38
    endloop
  endfacet
  facet normal -0.618977 0.785409 0
    outer loop
      vertex 41.259 23.551 38
      vertex 41.7092 23.9058 4
      vertex 41.259 23.551 4
    endloop
  endfacet
  facet normal -0.488529 0.872548 0
    outer loop
      vertex 42.6859 24.5043 4
      vertex 42.1858 24.2243 38
      vertex 42.6859 24.5043 38
    endloop
  endfacet
  facet normal -0.488529 0.872548 0
    outer loop
      vertex 42.1858 24.2243 38
      vertex 42.6859 24.5043 4
      vertex 42.1858 24.2243 4
    endloop
  endfacet
  facet normal -0.11759 0.993062 0
    outer loop
      vertex 45.4272 25.2775 4
      vertex 44.858 25.2101 38
      vertex 45.4272 25.2775 38
    endloop
  endfacet
  facet normal -0.11759 0.993062 0
    outer loop
      vertex 44.858 25.2101 38
      vertex 45.4272 25.2775 4
      vertex 44.858 25.2101 4
    endloop
  endfacet
  facet normal -0.34611 0.938194 0
    outer loop
      vertex 43.7442 24.9427 4
      vertex 43.2064 24.7443 38
      vertex 43.7442 24.9427 38
    endloop
  endfacet
  facet normal -0.34611 0.938194 0
    outer loop
      vertex 43.2064 24.7443 38
      vertex 43.7442 24.9427 4
      vertex 43.2064 24.7443 4
    endloop
  endfacet
  facet normal -0.195042 0.980795 0
    outer loop
      vertex 44.858 25.2101 4
      vertex 44.2958 25.0983 38
      vertex 44.858 25.2101 38
    endloop
  endfacet
  facet normal -0.195042 0.980795 0
    outer loop
      vertex 44.2958 25.0983 38
      vertex 44.858 25.2101 4
      vertex 44.2958 25.0983 4
    endloop
  endfacet
  facet normal 0.938194 -0.34611 0
    outer loop
      vertex 52.7443 15.2064 38
      vertex 52.9427 15.7442 4
      vertex 52.9427 15.7442 38
    endloop
  endfacet
  facet normal 0.938194 -0.34611 0
    outer loop
      vertex 52.9427 15.7442 4
      vertex 52.7443 15.2064 38
      vertex 52.7443 15.2064 4
    endloop
  endfacet
  facet normal -0.938194 -0.34611 0
    outer loop
      vertex 39.2557 15.2064 4
      vertex 39.0573 15.7442 38
      vertex 39.0573 15.7442 4
    endloop
  endfacet
  facet normal -0.938194 -0.34611 0
    outer loop
      vertex 39.0573 15.7442 38
      vertex 39.2557 15.2064 4
      vertex 39.2557 15.2064 38
    endloop
  endfacet
  facet normal 0.418726 -0.908113 0
    outer loop
      vertex 48.7936 11.2557 4
      vertex 49.3141 11.4957 38
      vertex 48.7936 11.2557 38
    endloop
  endfacet
  facet normal 0.418726 -0.908113 0
    outer loop
      vertex 49.3141 11.4957 38
      vertex 48.7936 11.2557 4
      vertex 49.3141 11.4957 4
    endloop
  endfacet
  facet normal 0.96244 0.271493 0
    outer loop
      vertex 53.0983 19.7042 38
      vertex 52.9427 20.2558 4
      vertex 52.9427 20.2558 38
    endloop
  endfacet
  facet normal 0.96244 0.271493 0
    outer loop
      vertex 52.9427 20.2558 4
      vertex 53.0983 19.7042 38
      vertex 53.0983 19.7042 4
    endloop
  endfacet
  facet normal 0.938194 0.34611 0
    outer loop
      vertex 52.9427 20.2558 38
      vertex 52.7443 20.7936 4
      vertex 52.7443 20.7936 38
    endloop
  endfacet
  facet normal 0.938194 0.34611 0
    outer loop
      vertex 52.7443 20.7936 4
      vertex 52.9427 20.2558 38
      vertex 52.9427 20.2558 4
    endloop
  endfacet
  facet normal 0.785409 0.618977 0
    outer loop
      vertex 51.9058 22.2908 38
      vertex 51.551 22.741 4
      vertex 51.551 22.741 38
    endloop
  endfacet
  facet normal 0.785409 0.618977 0
    outer loop
      vertex 51.551 22.741 4
      vertex 51.9058 22.2908 38
      vertex 51.9058 22.2908 4
    endloop
  endfacet
  facet normal 0.0392505 0.999229 -0
    outer loop
      vertex 46.5728 25.2775 4
      vertex 46 25.3 38
      vertex 46.5728 25.2775 38
    endloop
  endfacet
  facet normal 0.0392505 0.999229 0
    outer loop
      vertex 46 25.3 38
      vertex 46.5728 25.2775 4
      vertex 46 25.3 4
    endloop
  endfacet
  facet normal 0.195042 0.980795 -0
    outer loop
      vertex 47.7042 25.0983 4
      vertex 47.142 25.2101 38
      vertex 47.7042 25.0983 38
    endloop
  endfacet
  facet normal 0.195042 0.980795 0
    outer loop
      vertex 47.142 25.2101 38
      vertex 47.7042 25.0983 4
      vertex 47.142 25.2101 4
    endloop
  endfacet
  facet normal 0.488529 0.872548 -0
    outer loop
      vertex 49.8142 24.2243 4
      vertex 49.3141 24.5043 38
      vertex 49.8142 24.2243 38
    endloop
  endfacet
  facet normal 0.488529 0.872548 0
    outer loop
      vertex 49.3141 24.5043 38
      vertex 49.8142 24.2243 4
      vertex 49.3141 24.5043 4
    endloop
  endfacet
  facet normal -0.785409 0.618977 0
    outer loop
      vertex 40.0942 22.2908 4
      vertex 40.449 22.741 38
      vertex 40.449 22.741 4
    endloop
  endfacet
  facet normal -0.785409 0.618977 0
    outer loop
      vertex 40.449 22.741 38
      vertex 40.0942 22.2908 4
      vertex 40.0942 22.2908 38
    endloop
  endfacet
  facet normal 0 0 1
    outer loop
      vertex 51.5 18 38
      vertex 53.3 18 38
      vertex 53.2775 18.5728 38
    endloop
  endfacet
  facet normal 0 0 1
    outer loop
      vertex 51.483 18.4315 38
      vertex 53.2775 18.5728 38
      vertex 53.2101 19.142 38
    endloop
  endfacet
  facet normal 0 0 1
    outer loop
      vertex 53.3 18 38
      vertex 51.5 18 38
      vertex 53.2775 17.4272 38
    endloop
  endfacet
  facet normal 0 0 1
    outer loop
      vertex 51.4323 18.8604 38
      vertex 53.2101 19.142 38
      vertex 53.0983 19.7042 38
    endloop
  endfacet
  facet normal -0 0 1
    outer loop
      vertex 51.483 17.5685 38
      vertex 53.2775 17.4272 38
      vertex 51.5 18 38
    endloop
  endfacet
  facet normal 0 0 1
    outer loop
      vertex 51.348 19.2839 38
      vertex 53.0983 19.7042 38
      vertex 52.9427 20.2558 38
    endloop
  endfacet
  facet normal 0 0 1
    outer loop
      vertex 53.2775 17.4272 38
      vertex 51.483 17.5685 38
      vertex 53.2101 16.858 38
    endloop
  endfacet
  facet normal 0 0 1
    outer loop
      vertex 51.2308 19.6996 38
      vertex 52.9427 20.2558 38
      vertex 52.7443 20.7936 38
    endloop
  endfacet
  facet normal -0 0 1
    outer loop
      vertex 51.4323 17.1396 38
      vertex 53.2101 16.858 38
      vertex 51.483 17.5685 38
    endloop
  endfacet
  facet normal 0 0 1
    outer loop
      vertex 51.0813 20.1048 38
      vertex 52.7443 20.7936 38
      vertex 52.5043 21.3141 38
    endloop
  endfacet
  facet normal 0 0 1
    outer loop
      vertex 53.2101 16.858 38
      vertex 51.4323 17.1396 38
      vertex 53.0983 16.2958 38
    endloop
  endfacet
  facet normal 0 0 1
    outer loop
      vertex 50.9005 20.4969 38
      vertex 52.5043 21.3141 38
      vertex 52.2243 21.8142 38
    endloop
  endfacet
  facet normal -0 0 1
    outer loop
      vertex 51.348 16.7161 38
      vertex 53.0983 16.2958 38
      vertex 51.4323 17.1396 38
    endloop
  endfacet
  facet normal 0 0 1
    outer loop
      vertex 50.6895 20.8737 38
      vertex 52.2243 21.8142 38
      vertex 51.9058 22.2908 38
    endloop
  endfacet
  facet normal 0 0 1
    outer loop
      vertex 53.0983 16.2958 38
      vertex 51.348 16.7161 38
      vertex 52.9427 15.7442 38
    endloop
  endfacet
  facet normal 0 0 1
    outer loop
      vertex 50.4496 21.2328 38
      vertex 51.9058 22.2908 38
      vertex 51.551 22.741 38
    endloop
  endfacet
  facet normal -0 0 1
    outer loop
      vertex 51.2308 16.3004 38
      vertex 52.9427 15.7442 38
      vertex 51.348 16.7161 38
    endloop
  endfacet
  facet normal 0 0 1
    outer loop
      vertex 52.9427 15.7442 38
      vertex 51.2308 16.3004 38
      vertex 52.7443 15.2064 38
    endloop
  endfacet
  facet normal 0 0 1
    outer loop
      vertex 53.2775 18.5728 38
      vertex 51.483 18.4315 38
      vertex 51.5 18 38
    endloop
  endfacet
  facet normal 0 0 1
    outer loop
      vertex 53.2101 19.142 38
      vertex 51.4323 18.8604 38
      vertex 51.483 18.4315 38
    endloop
  endfacet
  facet normal 0 0 1
    outer loop
      vertex 53.0983 19.7042 38
      vertex 51.348 19.2839 38
      vertex 51.4323 18.8604 38
    endloop
  endfacet
  facet normal 0 0 1
    outer loop
      vertex 52.9427 20.2558 38
      vertex 51.2308 19.6996 38
      vertex 51.348 19.2839 38
    endloop
  endfacet
  facet normal 0 0 1
    outer loop
      vertex 50.1822 21.572 38
      vertex 51.551 22.741 38
      vertex 51.1619 23.1619 38
    endloop
  endfacet
  facet normal 0 0 1
    outer loop
      vertex 52.7443 20.7936 38
      vertex 51.0813 20.1048 38
      vertex 51.2308 19.6996 38
    endloop
  endfacet
  facet normal 0 0 1
    outer loop
      vertex 52.5043 21.3141 38
      vertex 50.9005 20.4969 38
      vertex 51.0813 20.1048 38
    endloop
  endfacet
  facet normal 0 0 1
    outer loop
      vertex 49.8891 21.8891 38
      vertex 51.1619 23.1619 38
      vertex 50.741 23.551 38
    endloop
  endfacet
  facet normal 0 0 1
    outer loop
      vertex 52.2243 21.8142 38
      vertex 50.6895 20.8737 38
      vertex 50.9005 20.4969 38
    endloop
  endfacet
  facet normal 0 0 1
    outer loop
      vertex 51.9058 22.2908 38
      vertex 50.4496 21.2328 38
      vertex 50.6895 20.8737 38
    endloop
  endfacet
  facet normal 0 0 1
    outer loop
      vertex 49.572 22.1822 38
      vertex 50.741 23.551 38
      vertex 50.2908 23.9058 38
    endloop
  endfacet
  facet normal 0 0 1
    outer loop
      vertex 51.551 22.741 38
      vertex 50.1822 21.572 38
      vertex 50.4496 21.2328 38
    endloop
  endfacet
  facet normal 0 0 1
    outer loop
      vertex 51.1619 23.1619 38
      vertex 49.8891 21.8891 38
      vertex 50.1822 21.572 38
    endloop
  endfacet
  facet normal 0 0 1
    outer loop
      vertex 49.2328 22.4496 38
      vertex 50.2908 23.9058 38
      vertex 49.8142 24.2243 38
    endloop
  endfacet
  facet normal 0 0 1
    outer loop
      vertex 50.741 23.551 38
      vertex 49.572 22.1822 38
      vertex 49.8891 21.8891 38
    endloop
  endfacet
  facet normal 0 0 1
    outer loop
      vertex 48.8737 22.6895 38
      vertex 49.8142 24.2243 38
      vertex 49.3141 24.5043 38
    endloop
  endfacet
  facet normal 0 0 1
    outer loop
      vertex 50.2908 23.9058 38
      vertex 49.2328 22.4496 38
      vertex 49.572 22.1822 38
    endloop
  endfacet
  facet normal 0 0 1
    outer loop
      vertex 49.8142 24.2243 38
      vertex 48.8737 22.6895 38
      vertex 49.2328 22.4496 38
    endloop
  endfacet
  facet normal 0 0 1
    outer loop
      vertex 48.4969 22.9005 38
      vertex 49.3141 24.5043 38
      vertex 48.7936 24.7443 38
    endloop
  endfacet
  facet normal 0 0 1
    outer loop
      vertex 49.3141 24.5043 38
      vertex 48.4969 22.9005 38
      vertex 48.8737 22.6895 38
    endloop
  endfacet
  facet normal 0 0 1
    outer loop
      vertex 48.1048 23.0813 38
      vertex 48.7936 24.7443 38
      vertex 48.2558 24.9427 38
    endloop
  endfacet
  facet normal 0 0 1
    outer loop
      vertex 48.7936 24.7443 38
      vertex 48.1048 23.0813 38
      vertex 48.4969 22.9005 38
    endloop
  endfacet
  facet normal 0 0 1
    outer loop
      vertex 47.6996 23.2308 38
      vertex 48.2558 24.9427 38
      vertex 47.7042 25.0983 38
    endloop
  endfacet
  facet normal 0 0 1
    outer loop
      vertex 48.2558 24.9427 38
      vertex 47.6996 23.2308 38
      vertex 48.1048 23.0813 38
    endloop
  endfacet
  facet normal 0 0 1
    outer loop
      vertex 47.7042 25.0983 38
      vertex 47.284 23.348 38
      vertex 47.6996 23.2308 38
    endloop
  endfacet
  facet normal 0 0 1
    outer loop
      vertex 47.142 25.2101 38
      vertex 47.284 23.348 38
      vertex 47.7042 25.0983 38
    endloop
  endfacet
  facet normal 0 0 1
    outer loop
      vertex 47.142 25.2101 38
      vertex 46.8604 23.4323 38
      vertex 47.284 23.348 38
    endloop
  endfacet
  facet normal 0 0 1
    outer loop
      vertex 46.5728 25.2775 38
      vertex 46.8604 23.4323 38
      vertex 47.142 25.2101 38
    endloop
  endfacet
  facet normal 0 0 1
    outer loop
      vertex 46.5728 25.2775 38
      vertex 46.4315 23.483 38
      vertex 46.8604 23.4323 38
    endloop
  endfacet
  facet normal 0 0 1
    outer loop
      vertex 46 25.3 38
      vertex 46.4315 23.483 38
      vertex 46.5728 25.2775 38
    endloop
  endfacet
  facet normal 0 0 1
    outer loop
      vertex 46 25.3 38
      vertex 46 23.5 38
      vertex 46.4315 23.483 38
    endloop
  endfacet
  facet normal 0 0 1
    outer loop
      vertex 46 25.3 38
      vertex 45.5685 23.483 38
      vertex 46 23.5 38
    endloop
  endfacet
  facet normal -0 0 1
    outer loop
      vertex 45.4272 25.2775 38
      vertex 45.5685 23.483 38
      vertex 46 25.3 38
    endloop
  endfacet
  facet normal 0 0 1
    outer loop
      vertex 45.4272 25.2775 38
      vertex 45.1396 23.4323 38
      vertex 45.5685 23.483 38
    endloop
  endfacet
  facet normal -0 0 1
    outer loop
      vertex 44.858 25.2101 38
      vertex 45.1396 23.4323 38
      vertex 45.4272 25.2775 38
    endloop
  endfacet
  facet normal 0 0 1
    outer loop
      vertex 44.858 25.2101 38
      vertex 44.716 23.348 38
      vertex 45.1396 23.4323 38
    endloop
  endfacet
  facet normal -0 0 1
    outer loop
      vertex 44.2958 25.0983 38
      vertex 44.716 23.348 38
      vertex 44.858 25.2101 38
    endloop
  endfacet
  facet normal 0 0 1
    outer loop
      vertex 44.716 23.348 38
      vertex 44.2958 25.0983 38
      vertex 44.3004 23.2308 38
    endloop
  endfacet
  facet normal -0 0 1
    outer loop
      vertex 43.7442 24.9427 38
      vertex 44.3004 23.2308 38
      vertex 44.2958 25.0983 38
    endloop
  endfacet
  facet normal 0 0 1
    outer loop
      vertex 44.3004 23.2308 38
      vertex 43.7442 24.9427 38
      vertex 43.8952 23.0813 38
    endloop
  endfacet
  facet normal -0 0 1
    outer loop
      vertex 43.2064 24.7443 38
      vertex 43.8952 23.0813 38
      vertex 43.7442 24.9427 38
    endloop
  endfacet
  facet normal 0 0 1
    outer loop
      vertex 43.8952 23.0813 38
      vertex 43.2064 24.7443 38
      vertex 43.5031 22.9005 38
    endloop
  endfacet
  facet normal -0 0 1
    outer loop
      vertex 42.6859 24.5043 38
      vertex 43.5031 22.9005 38
      vertex 43.2064 24.7443 38
    endloop
  endfacet
  facet normal 0 0 1
    outer loop
      vertex 43.5031 22.9005 38
      vertex 42.6859 24.5043 38
      vertex 43.1263 22.6895 38
    endloop
  endfacet
  facet normal -0 0 1
    outer loop
      vertex 42.1858 24.2243 38
      vertex 43.1263 22.6895 38
      vertex 42.6859 24.5043 38
    endloop
  endfacet
  facet normal 0 0 1
    outer loop
      vertex 43.1263 22.6895 38
      vertex 42.1858 24.2243 38
      vertex 42.7672 22.4496 38
    endloop
  endfacet
  facet normal -0 0 1
    outer loop
      vertex 41.7092 23.9058 38
      vertex 42.7672 22.4496 38
      vertex 42.1858 24.2243 38
    endloop
  endfacet
  facet normal 0 0 1
    outer loop
      vertex 42.7672 22.4496 38
      vertex 41.7092 23.9058 38
      vertex 42.428 22.1822 38
    endloop
  endfacet
  facet normal -0 0 1
    outer loop
      vertex 41.259 23.551 38
      vertex 42.428 22.1822 38
      vertex 41.7092 23.9058 38
    endloop
  endfacet
  facet normal 0 0 1
    outer loop
      vertex 42.428 22.1822 38
      vertex 41.259 23.551 38
      vertex 42.1109 21.8891 38
    endloop
  endfacet
  facet normal -0 0 1
    outer loop
      vertex 40.8381 23.1619 38
      vertex 42.1109 21.8891 38
      vertex 41.259 23.551 38
    endloop
  endfacet
  facet normal 0 0 1
    outer loop
      vertex 42.1109 21.8891 38
      vertex 40.8381 23.1619 38
      vertex 41.8178 21.572 38
    endloop
  endfacet
  facet normal -0 0 1
    outer loop
      vertex 40.449 22.741 38
      vertex 41.8178 21.572 38
      vertex 40.8381 23.1619 38
    endloop
  endfacet
  facet normal 0 0 1
    outer loop
      vertex 41.8178 21.572 38
      vertex 40.449 22.741 38
      vertex 41.5504 21.2328 38
    endloop
  endfacet
  facet normal -0 0 1
    outer loop
      vertex 40.0942 22.2908 38
      vertex 41.5504 21.2328 38
      vertex 40.449 22.741 38
    endloop
  endfacet
  facet normal 0 0 1
    outer loop
      vertex 41.5504 21.2328 38
      vertex 40.0942 22.2908 38
      vertex 41.3105 20.8737 38
    endloop
  endfacet
  facet normal -0 0 1
    outer loop
      vertex 39.7757 21.8142 38
      vertex 41.3105 20.8737 38
      vertex 40.0942 22.2908 38
    endloop
  endfacet
  facet normal 0 0 1
    outer loop
      vertex 41.3105 20.8737 38
      vertex 39.7757 21.8142 38
      vertex 41.0995 20.4969 38
    endloop
  endfacet
  facet normal -0 0 1
    outer loop
      vertex 39.4957 21.3141 38
      vertex 41.0995 20.4969 38
      vertex 39.7757 21.8142 38
    endloop
  endfacet
  facet normal 0 0 1
    outer loop
      vertex 41.0995 20.4969 38
      vertex 39.4957 21.3141 38
      vertex 40.9187 20.1048 38
    endloop
  endfacet
  facet normal 0 0 1
    outer loop
      vertex 40.9187 20.1048 38
      vertex 39.2557 20.7936 38
      vertex 40.7692 19.6996 38
    endloop
  endfacet
  facet normal -0 0 1
    outer loop
      vertex 39.2557 20.7936 38
      vertex 40.9187 20.1048 38
      vertex 39.4957 21.3141 38
    endloop
  endfacet
  facet normal -0 0 1
    outer loop
      vertex 51.0813 15.8952 38
      vertex 52.7443 15.2064 38
      vertex 51.2308 16.3004 38
    endloop
  endfacet
  facet normal 0 0 1
    outer loop
      vertex 52.7443 15.2064 38
      vertex 51.0813 15.8952 38
      vertex 52.5043 14.6859 38
    endloop
  endfacet
  facet normal -0 0 1
    outer loop
      vertex 50.9005 15.5031 38
      vertex 52.5043 14.6859 38
      vertex 51.0813 15.8952 38
    endloop
  endfacet
  facet normal 0 0 1
    outer loop
      vertex 52.5043 14.6859 38
      vertex 50.9005 15.5031 38
      vertex 52.2243 14.1858 38
    endloop
  endfacet
  facet normal -0 0 1
    outer loop
      vertex 50.6895 15.1263 38
      vertex 52.2243 14.1858 38
      vertex 50.9005 15.5031 38
    endloop
  endfacet
  facet normal 0 0 1
    outer loop
      vertex 52.2243 14.1858 38
      vertex 50.6895 15.1263 38
      vertex 51.9058 13.7092 38
    endloop
  endfacet
  facet normal -0 0 1
    outer loop
      vertex 50.4496 14.7672 38
      vertex 51.9058 13.7092 38
      vertex 50.6895 15.1263 38
    endloop
  endfacet
  facet normal 0 0 1
    outer loop
      vertex 51.9058 13.7092 38
      vertex 50.4496 14.7672 38
      vertex 51.551 13.259 38
    endloop
  endfacet
  facet normal -0 0 1
    outer loop
      vertex 50.1822 14.428 38
      vertex 51.551 13.259 38
      vertex 50.4496 14.7672 38
    endloop
  endfacet
  facet normal 0 0 1
    outer loop
      vertex 51.551 13.259 38
      vertex 50.1822 14.428 38
      vertex 51.1619 12.8381 38
    endloop
  endfacet
  facet normal -0 0 1
    outer loop
      vertex 49.8891 14.1109 38
      vertex 51.1619 12.8381 38
      vertex 50.1822 14.428 38
    endloop
  endfacet
  facet normal 0 0 1
    outer loop
      vertex 51.1619 12.8381 38
      vertex 49.8891 14.1109 38
      vertex 50.741 12.449 38
    endloop
  endfacet
  facet normal -0 0 1
    outer loop
      vertex 49.572 13.8178 38
      vertex 50.741 12.449 38
      vertex 49.8891 14.1109 38
    endloop
  endfacet
  facet normal 0 0 1
    outer loop
      vertex 50.741 12.449 38
      vertex 49.572 13.8178 38
      vertex 50.2908 12.0942 38
    endloop
  endfacet
  facet normal -0 0 1
    outer loop
      vertex 49.2328 13.5504 38
      vertex 50.2908 12.0942 38
      vertex 49.572 13.8178 38
    endloop
  endfacet
  facet normal 0 0 1
    outer loop
      vertex 50.2908 12.0942 38
      vertex 49.2328 13.5504 38
      vertex 49.8142 11.7757 38
    endloop
  endfacet
  facet normal -0 0 1
    outer loop
      vertex 48.8737 13.3105 38
      vertex 49.8142 11.7757 38
      vertex 49.2328 13.5504 38
    endloop
  endfacet
  facet normal 0 0 1
    outer loop
      vertex 49.8142 11.7757 38
      vertex 48.8737 13.3105 38
      vertex 49.3141 11.4957 38
    endloop
  endfacet
  facet normal -0 0 1
    outer loop
      vertex 48.4969 13.0995 38
      vertex 49.3141 11.4957 38
      vertex 48.8737 13.3105 38
    endloop
  endfacet
  facet normal 0 0 1
    outer loop
      vertex 49.3141 11.4957 38
      vertex 48.4969 13.0995 38
      vertex 48.7936 11.2557 38
    endloop
  endfacet
  facet normal -0 0 1
    outer loop
      vertex 48.1048 12.9187 38
      vertex 48.7936 11.2557 38
      vertex 48.4969 13.0995 38
    endloop
  endfacet
  facet normal 0 0 1
    outer loop
      vertex 48.7936 11.2557 38
      vertex 48.1048 12.9187 38
      vertex 48.2558 11.0573 38
    endloop
  endfacet
  facet normal -0 0 1
    outer loop
      vertex 47.6996 12.7692 38
      vertex 48.2558 11.0573 38
      vertex 48.1048 12.9187 38
    endloop
  endfacet
  facet normal 0 0 1
    outer loop
      vertex 48.2558 11.0573 38
      vertex 47.6996 12.7692 38
      vertex 47.7042 10.9017 38
    endloop
  endfacet
  facet normal -0 0 1
    outer loop
      vertex 47.284 12.652 38
      vertex 47.7042 10.9017 38
      vertex 47.6996 12.7692 38
    endloop
  endfacet
  facet normal 0 0 1
    outer loop
      vertex 47.284 12.652 38
      vertex 47.142 10.7899 38
      vertex 47.7042 10.9017 38
    endloop
  endfacet
  facet normal -0 0 1
    outer loop
      vertex 46.8604 12.5677 38
      vertex 47.142 10.7899 38
      vertex 47.284 12.652 38
    endloop
  endfacet
  facet normal 0 0 1
    outer loop
      vertex 46.8604 12.5677 38
      vertex 46.5728 10.7225 38
      vertex 47.142 10.7899 38
    endloop
  endfacet
  facet normal -0 0 1
    outer loop
      vertex 46.4315 12.517 38
      vertex 46.5728 10.7225 38
      vertex 46.8604 12.5677 38
    endloop
  endfacet
  facet normal -0 0 1
    outer loop
      vertex 46 12.5 38
      vertex 46.5728 10.7225 38
      vertex 46.4315 12.517 38
    endloop
  endfacet
  facet normal 0 0 1
    outer loop
      vertex 46 12.5 38
      vertex 46 10.7 38
      vertex 46.5728 10.7225 38
    endloop
  endfacet
  facet normal 0 0 1
    outer loop
      vertex 45.5685 12.517 38
      vertex 46 10.7 38
      vertex 46 12.5 38
    endloop
  endfacet
  facet normal 0 0 1
    outer loop
      vertex 45.5685 12.517 38
      vertex 45.4272 10.7225 38
      vertex 46 10.7 38
    endloop
  endfacet
  facet normal 0 0 1
    outer loop
      vertex 45.1396 12.5677 38
      vertex 45.4272 10.7225 38
      vertex 45.5685 12.517 38
    endloop
  endfacet
  facet normal 0 0 1
    outer loop
      vertex 45.1396 12.5677 38
      vertex 44.858 10.7899 38
      vertex 45.4272 10.7225 38
    endloop
  endfacet
  facet normal 0 0 1
    outer loop
      vertex 44.716 12.652 38
      vertex 44.858 10.7899 38
      vertex 45.1396 12.5677 38
    endloop
  endfacet
  facet normal 0 0 1
    outer loop
      vertex 44.2958 10.9017 38
      vertex 44.716 12.652 38
      vertex 44.3004 12.7692 38
    endloop
  endfacet
  facet normal 0 0 1
    outer loop
      vertex 44.716 12.652 38
      vertex 44.2958 10.9017 38
      vertex 44.858 10.7899 38
    endloop
  endfacet
  facet normal 0 0 1
    outer loop
      vertex 43.7442 11.0573 38
      vertex 44.3004 12.7692 38
      vertex 43.8952 12.9187 38
    endloop
  endfacet
  facet normal 0 0 1
    outer loop
      vertex 44.3004 12.7692 38
      vertex 43.7442 11.0573 38
      vertex 44.2958 10.9017 38
    endloop
  endfacet
  facet normal 0 0 1
    outer loop
      vertex 43.2064 11.2557 38
      vertex 43.8952 12.9187 38
      vertex 43.5031 13.0995 38
    endloop
  endfacet
  facet normal 0 0 1
    outer loop
      vertex 43.8952 12.9187 38
      vertex 43.2064 11.2557 38
      vertex 43.7442 11.0573 38
    endloop
  endfacet
  facet normal 0 0 1
    outer loop
      vertex 42.6859 11.4957 38
      vertex 43.5031 13.0995 38
      vertex 43.1263 13.3105 38
    endloop
  endfacet
  facet normal 0 0 1
    outer loop
      vertex 42.1858 11.7757 38
      vertex 43.1263 13.3105 38
      vertex 42.7672 13.5504 38
    endloop
  endfacet
  facet normal 0 0 1
    outer loop
      vertex 43.5031 13.0995 38
      vertex 42.6859 11.4957 38
      vertex 43.2064 11.2557 38
    endloop
  endfacet
  facet normal 0 0 1
    outer loop
      vertex 41.7092 12.0942 38
      vertex 42.7672 13.5504 38
      vertex 42.428 13.8178 38
    endloop
  endfacet
  facet normal 0 0 1
    outer loop
      vertex 43.1263 13.3105 38
      vertex 42.1858 11.7757 38
      vertex 42.6859 11.4957 38
    endloop
  endfacet
  facet normal 0 0 1
    outer loop
      vertex 41.259 12.449 38
      vertex 42.428 13.8178 38
      vertex 42.1109 14.1109 38
    endloop
  endfacet
  facet normal 0 0 1
    outer loop
      vertex 40.8381 12.8381 38
      vertex 42.1109 14.1109 38
      vertex 41.8178 14.428 38
    endloop
  endfacet
  facet normal 0 0 1
    outer loop
      vertex 42.7672 13.5504 38
      vertex 41.7092 12.0942 38
      vertex 42.1858 11.7757 38
    endloop
  endfacet
  facet normal 0 0 1
    outer loop
      vertex 40.449 13.259 38
      vertex 41.8178 14.428 38
      vertex 41.5504 14.7672 38
    endloop
  endfacet
  facet normal 0 0 1
    outer loop
      vertex 40.0942 13.7092 38
      vertex 41.5504 14.7672 38
      vertex 41.3105 15.1263 38
    endloop
  endfacet
  facet normal 0 0 1
    outer loop
      vertex 42.428 13.8178 38
      vertex 41.259 12.449 38
      vertex 41.7092 12.0942 38
    endloop
  endfacet
  facet normal 0 0 1
    outer loop
      vertex 39.7757 14.1858 38
      vertex 41.3105 15.1263 38
      vertex 41.0995 15.5031 38
    endloop
  endfacet
  facet normal 0 0 1
    outer loop
      vertex 39.4957 14.6859 38
      vertex 41.0995 15.5031 38
      vertex 40.9187 15.8952 38
    endloop
  endfacet
  facet normal 0 0 1
    outer loop
      vertex 42.1109 14.1109 38
      vertex 40.8381 12.8381 38
      vertex 41.259 12.449 38
    endloop
  endfacet
  facet normal 0 0 1
    outer loop
      vertex 39.2557 15.2064 38
      vertex 40.9187 15.8952 38
      vertex 40.7692 16.3004 38
    endloop
  endfacet
  facet normal 0 0 1
    outer loop
      vertex 39.0573 15.7442 38
      vertex 40.7692 16.3004 38
      vertex 40.652 16.7161 38
    endloop
  endfacet
  facet normal 0 0 1
    outer loop
      vertex 38.9017 16.2958 38
      vertex 40.652 16.7161 38
      vertex 40.5677 17.1396 38
    endloop
  endfacet
  facet normal 0 0 1
    outer loop
      vertex 38.7899 16.858 38
      vertex 40.5677 17.1396 38
      vertex 40.517 17.5685 38
    endloop
  endfacet
  facet normal 0 0 1
    outer loop
      vertex 41.8178 14.428 38
      vertex 40.449 13.259 38
      vertex 40.8381 12.8381 38
    endloop
  endfacet
  facet normal 0 0 1
    outer loop
      vertex 38.7225 17.4272 38
      vertex 40.517 17.5685 38
      vertex 40.5 18 38
    endloop
  endfacet
  facet normal -0 0 1
    outer loop
      vertex 39.0573 20.2558 38
      vertex 40.7692 19.6996 38
      vertex 39.2557 20.7936 38
    endloop
  endfacet
  facet normal 0 0 1
    outer loop
      vertex 40.7692 19.6996 38
      vertex 39.0573 20.2558 38
      vertex 40.652 19.2839 38
    endloop
  endfacet
  facet normal 0 0 1
    outer loop
      vertex 41.5504 14.7672 38
      vertex 40.0942 13.7092 38
      vertex 40.449 13.259 38
    endloop
  endfacet
  facet normal -0 0 1
    outer loop
      vertex 38.9017 19.7042 38
      vertex 40.652 19.2839 38
      vertex 39.0573 20.2558 38
    endloop
  endfacet
  facet normal 0 0 1
    outer loop
      vertex 41.3105 15.1263 38
      vertex 39.7757 14.1858 38
      vertex 40.0942 13.7092 38
    endloop
  endfacet
  facet normal 0 0 1
    outer loop
      vertex 40.652 19.2839 38
      vertex 38.9017 19.7042 38
      vertex 40.5677 18.8604 38
    endloop
  endfacet
  facet normal 0 0 1
    outer loop
      vertex 41.0995 15.5031 38
      vertex 39.4957 14.6859 38
      vertex 39.7757 14.1858 38
    endloop
  endfacet
  facet normal -0 0 1
    outer loop
      vertex 38.7899 19.142 38
      vertex 40.5677 18.8604 38
      vertex 38.9017 19.7042 38
    endloop
  endfacet
  facet normal 0 0 1
    outer loop
      vertex 40.9187 15.8952 38
      vertex 39.2557 15.2064 38
      vertex 39.4957 14.6859 38
    endloop
  endfacet
  facet normal 0 0 1
    outer loop
      vertex 40.5677 18.8604 38
      vertex 38.7899 19.142 38
      vertex 40.517 18.4315 38
    endloop
  endfacet
  facet normal 0 0 1
    outer loop
      vertex 40.7692 16.3004 38
      vertex 39.0573 15.7442 38
      vertex 39.2557 15.2064 38
    endloop
  endfacet
  facet normal -0 0 1
    outer loop
      vertex 38.7225 18.5728 38
      vertex 40.517 18.4315 38
      vertex 38.7899 19.142 38
    endloop
  endfacet
  facet normal 0 0 1
    outer loop
      vertex 40.652 16.7161 38
      vertex 38.9017 16.2958 38
      vertex 39.0573 15.7442 38
    endloop
  endfacet
  facet normal 0 0 1
    outer loop
      vertex 40.517 18.4315 38
      vertex 38.7225 18.5728 38
      vertex 40.5 18 38
    endloop
  endfacet
  facet normal 0 0 1
    outer loop
      vertex 40.5677 17.1396 38
      vertex 38.7899 16.858 38
      vertex 38.9017 16.2958 38
    endloop
  endfacet
  facet normal 0 0 1
    outer loop
      vertex 38.7 18 38
      vertex 40.5 18 38
      vertex 38.7225 18.5728 38
    endloop
  endfacet
  facet normal 0 0 1
    outer loop
      vertex 40.517 17.5685 38
      vertex 38.7225 17.4272 38
      vertex 38.7899 16.858 38
    endloop
  endfacet
  facet normal 0 0 1
    outer loop
      vertex 40.5 18 38
      vertex 38.7 18 38
      vertex 38.7225 17.4272 38
    endloop
  endfacet
  facet normal -0.938194 0.34611 0
    outer loop
      vertex 39.0573 20.2558 4
      vertex 39.2557 20.7936 38
      vertex 39.2557 20.7936 4
    endloop
  endfacet
  facet normal -0.938194 0.34611 0
    outer loop
      vertex 39.2557 20.7936 38
      vertex 39.0573 20.2558 4
      vertex 39.0573 20.2558 38
    endloop
  endfacet
  facet normal -0.980795 0.195042 0
    outer loop
      vertex 38.7899 19.142 4
      vertex 38.9017 19.7042 38
      vertex 38.9017 19.7042 4
    endloop
  endfacet
  facet normal -0.980795 0.195042 0
    outer loop
      vertex 38.9017 19.7042 38
      vertex 38.7899 19.142 4
      vertex 38.7899 19.142 38
    endloop
  endfacet
  facet normal -0.678823 0.734302 0
    outer loop
      vertex 41.259 23.551 4
      vertex 40.8381 23.1619 38
      vertex 41.259 23.551 38
    endloop
  endfacet
  facet normal -0.678823 0.734302 0
    outer loop
      vertex 40.8381 23.1619 38
      vertex 41.259 23.551 4
      vertex 40.8381 23.1619 4
    endloop
  endfacet
  facet normal -0.555626 0.831432 0
    outer loop
      vertex 42.1858 24.2243 4
      vertex 41.7092 23.9058 38
      vertex 42.1858 24.2243 38
    endloop
  endfacet
  facet normal -0.555626 0.831432 0
    outer loop
      vertex 41.7092 23.9058 38
      vertex 42.1858 24.2243 4
      vertex 41.7092 23.9058 4
    endloop
  endfacet
  facet normal -0.271493 0.96244 0
    outer loop
      vertex 44.2958 25.0983 4
      vertex 43.7442 24.9427 38
      vertex 44.2958 25.0983 38
    endloop
  endfacet
  facet normal -0.271493 0.96244 0
    outer loop
      vertex 43.7442 24.9427 38
      vertex 44.2958 25.0983 4
      vertex 43.7442 24.9427 4
    endloop
  endfacet
  facet normal 0.980795 -0.195042 0
    outer loop
      vertex 53.0983 16.2958 38
      vertex 53.2101 16.858 4
      vertex 53.2101 16.858 38
    endloop
  endfacet
  facet normal 0.980795 -0.195042 0
    outer loop
      vertex 53.2101 16.858 4
      vertex 53.0983 16.2958 38
      vertex 53.0983 16.2958 4
    endloop
  endfacet
  facet normal 0.999229 -0.0392505 0
    outer loop
      vertex 53.2775 17.4272 38
      vertex 53.3 18 4
      vertex 53.3 18 38
    endloop
  endfacet
  facet normal 0.999229 -0.0392505 0
    outer loop
      vertex 53.3 18 4
      vertex 53.2775 17.4272 38
      vertex 53.2775 17.4272 4
    endloop
  endfacet
  facet normal 0.488529 -0.872548 0
    outer loop
      vertex 49.3141 11.4957 4
      vertex 49.8142 11.7757 38
      vertex 49.3141 11.4957 38
    endloop
  endfacet
  facet normal 0.488529 -0.872548 0
    outer loop
      vertex 49.8142 11.7757 38
      vertex 49.3141 11.4957 4
      vertex 49.8142 11.7757 4
    endloop
  endfacet
  facet normal 0.734302 -0.678823 0
    outer loop
      vertex 51.1619 12.8381 38
      vertex 51.551 13.259 4
      vertex 51.551 13.259 38
    endloop
  endfacet
  facet normal 0.734302 -0.678823 0
    outer loop
      vertex 51.551 13.259 4
      vertex 51.1619 12.8381 38
      vertex 51.1619 12.8381 4
    endloop
  endfacet
  facet normal 0.785409 -0.618977 0
    outer loop
      vertex 51.551 13.259 38
      vertex 51.9058 13.7092 4
      vertex 51.9058 13.7092 38
    endloop
  endfacet
  facet normal 0.785409 -0.618977 0
    outer loop
      vertex 51.9058 13.7092 4
      vertex 51.551 13.259 38
      vertex 51.551 13.259 4
    endloop
  endfacet
  facet normal 0.0392505 -0.999229 0
    outer loop
      vertex 46 10.7 4
      vertex 46.5728 10.7225 38
      vertex 46 10.7 38
    endloop
  endfacet
  facet normal 0.0392505 -0.999229 0
    outer loop
      vertex 46.5728 10.7225 38
      vertex 46 10.7 4
      vertex 46.5728 10.7225 4
    endloop
  endfacet
  facet normal -0.34611 -0.938194 0
    outer loop
      vertex 43.2064 11.2557 4
      vertex 43.7442 11.0573 38
      vertex 43.2064 11.2557 38
    endloop
  endfacet
  facet normal -0.34611 -0.938194 -0
    outer loop
      vertex 43.7442 11.0573 38
      vertex 43.2064 11.2557 4
      vertex 43.7442 11.0573 4
    endloop
  endfacet
  facet normal -0.785409 -0.618977 0
    outer loop
      vertex 40.449 13.259 4
      vertex 40.0942 13.7092 38
      vertex 40.0942 13.7092 4
    endloop
  endfacet
  facet normal -0.785409 -0.618977 0
    outer loop
      vertex 40.0942 13.7092 38
      vertex 40.449 13.259 4
      vertex 40.449 13.259 38
    endloop
  endfacet
  facet normal -0.96244 -0.271493 0
    outer loop
      vertex 39.0573 15.7442 4
      vertex 38.9017 16.2958 38
      vertex 38.9017 16.2958 4
    endloop
  endfacet
  facet normal -0.96244 -0.271493 0
    outer loop
      vertex 38.9017 16.2958 38
      vertex 39.0573 15.7442 4
      vertex 39.0573 15.7442 38
    endloop
  endfacet
  facet normal 0.96244 -0.271493 0
    outer loop
      vertex 52.9427 15.7442 38
      vertex 53.0983 16.2958 4
      vertex 53.0983 16.2958 38
    endloop
  endfacet
  facet normal 0.96244 -0.271493 0
    outer loop
      vertex 53.0983 16.2958 4
      vertex 52.9427 15.7442 38
      vertex 52.9427 15.7442 4
    endloop
  endfacet
  facet normal 0.618977 -0.785409 0
    outer loop
      vertex 50.2908 12.0942 4
      vertex 50.741 12.449 38
      vertex 50.2908 12.0942 38
    endloop
  endfacet
  facet normal 0.618977 -0.785409 0
    outer loop
      vertex 50.741 12.449 38
      vertex 50.2908 12.0942 4
      vertex 50.741 12.449 4
    endloop
  endfacet
  facet normal 0.555626 -0.831432 0
    outer loop
      vertex 49.8142 11.7757 4
      vertex 50.2908 12.0942 38
      vertex 49.8142 11.7757 38
    endloop
  endfacet
  facet normal 0.555626 -0.831432 0
    outer loop
      vertex 50.2908 12.0942 38
      vertex 49.8142 11.7757 4
      vertex 50.2908 12.0942 4
    endloop
  endfacet
  facet normal 0.831432 -0.555626 0
    outer loop
      vertex 51.9058 13.7092 38
      vertex 52.2243 14.1858 4
      vertex 52.2243 14.1858 38
    endloop
  endfacet
  facet normal 0.831432 -0.555626 0
    outer loop
      vertex 52.2243 14.1858 4
      vertex 51.9058 13.7092 38
      vertex 51.9058 13.7092 4
    endloop
  endfacet
  facet normal -0.271493 -0.96244 0
    outer loop
      vertex 43.7442 11.0573 4
      vertex 44.2958 10.9017 38
      vertex 43.7442 11.0573 38
    endloop
  endfacet
  facet normal -0.271493 -0.96244 -0
    outer loop
      vertex 44.2958 10.9017 38
      vertex 43.7442 11.0573 4
      vertex 44.2958 10.9017 4
    endloop
  endfacet
  facet normal -0.734302 -0.678823 0
    outer loop
      vertex 40.8381 12.8381 4
      vertex 40.449 13.259 38
      vertex 40.449 13.259 4
    endloop
  endfacet
  facet normal -0.734302 -0.678823 0
    outer loop
      vertex 40.449 13.259 38
      vertex 40.8381 12.8381 4
      vertex 40.8381 12.8381 38
    endloop
  endfacet
  facet normal -0.980795 -0.195042 0
    outer loop
      vertex 38.9017 16.2958 4
      vertex 38.7899 16.858 38
      vertex 38.7899 16.858 4
    endloop
  endfacet
  facet normal -0.980795 -0.195042 0
    outer loop
      vertex 38.7899 16.858 38
      vertex 38.9017 16.2958 4
      vertex 38.9017 16.2958 38
    endloop
  endfacet
  facet normal -0.993062 -0.11759 0
    outer loop
      vertex 38.7899 16.858 4
      vertex 38.7225 17.4272 38
      vertex 38.7225 17.4272 4
    endloop
  endfacet
  facet normal -0.993062 -0.11759 0
    outer loop
      vertex 38.7225 17.4272 38
      vertex 38.7899 16.858 4
      vertex 38.7899 16.858 38
    endloop
  endfacet
  facet normal -0.999229 -0.0392505 0
    outer loop
      vertex 38.7225 17.4272 4
      vertex 38.7 18 38
      vertex 38.7 18 4
    endloop
  endfacet
  facet normal -0.999229 -0.0392505 0
    outer loop
      vertex 38.7 18 38
      vertex 38.7225 17.4272 4
      vertex 38.7225 17.4272 38
    endloop
  endfacet
  facet normal 0.271493 -0.96244 0
    outer loop
      vertex 47.7042 10.9017 4
      vertex 48.2558 11.0573 38
      vertex 47.7042 10.9017 38
    endloop
  endfacet
  facet normal 0.271493 -0.96244 0
    outer loop
      vertex 48.2558 11.0573 38
      vertex 47.7042 10.9017 4
      vertex 48.2558 11.0573 4
    endloop
  endfacet
  facet normal 0.34611 -0.938194 0
    outer loop
      vertex 48.2558 11.0573 4
      vertex 48.7936 11.2557 38
      vertex 48.2558 11.0573 38
    endloop
  endfacet
  facet normal 0.34611 -0.938194 0
    outer loop
      vertex 48.7936 11.2557 38
      vertex 48.2558 11.0573 4
      vertex 48.7936 11.2557 4
    endloop
  endfacet
  facet normal 0.195042 -0.980795 0
    outer loop
      vertex 47.142 10.7899 4
      vertex 47.7042 10.9017 38
      vertex 47.142 10.7899 38
    endloop
  endfacet
  facet normal 0.195042 -0.980795 0
    outer loop
      vertex 47.7042 10.9017 38
      vertex 47.142 10.7899 4
      vertex 47.7042 10.9017 4
    endloop
  endfacet
  facet normal 0.908113 -0.418726 0
    outer loop
      vertex 52.5043 14.6859 38
      vertex 52.7443 15.2064 4
      vertex 52.7443 15.2064 38
    endloop
  endfacet
  facet normal 0.908113 -0.418726 0
    outer loop
      vertex 52.7443 15.2064 4
      vertex 52.5043 14.6859 38
      vertex 52.5043 14.6859 4
    endloop
  endfacet
  facet normal 0.872548 -0.488529 0
    outer loop
      vertex 52.2243 14.1858 38
      vertex 52.5043 14.6859 4
      vertex 52.5043 14.6859 38
    endloop
  endfacet
  facet normal 0.872548 -0.488529 0
    outer loop
      vertex 52.5043 14.6859 4
      vertex 52.2243 14.1858 38
      vertex 52.2243 14.1858 4
    endloop
  endfacet
  facet normal 0.993062 -0.11759 0
    outer loop
      vertex 53.2101 16.858 38
      vertex 53.2775 17.4272 4
      vertex 53.2775 17.4272 38
    endloop
  endfacet
  facet normal 0.993062 -0.11759 0
    outer loop
      vertex 53.2775 17.4272 4
      vertex 53.2101 16.858 38
      vertex 53.2101 16.858 4
    endloop
  endfacet
  facet normal -0.0392505 -0.999229 0
    outer loop
      vertex 45.4272 10.7225 4
      vertex 46 10.7 38
      vertex 45.4272 10.7225 38
    endloop
  endfacet
  facet normal -0.0392505 -0.999229 -0
    outer loop
      vertex 46 10.7 38
      vertex 45.4272 10.7225 4
      vertex 46 10.7 4
    endloop
  endfacet
  facet normal -0.678823 -0.734302 0
    outer loop
      vertex 40.8381 12.8381 4
      vertex 41.259 12.449 38
      vertex 40.8381 12.8381 38
    endloop
  endfacet
  facet normal -0.678823 -0.734302 -0
    outer loop
      vertex 41.259 12.449 38
      vertex 40.8381 12.8381 4
      vertex 41.259 12.449 4
    endloop
  endfacet
  facet normal -0.831432 -0.555626 0
    outer loop
      vertex 40.0942 13.7092 4
      vertex 39.7757 14.1858 38
      vertex 39.7757 14.1858 4
    endloop
  endfacet
  facet normal -0.831432 -0.555626 0
    outer loop
      vertex 39.7757 14.1858 38
      vertex 40.0942 13.7092 4
      vertex 40.0942 13.7092 38
    endloop
  endfacet
  facet normal -0.195042 -0.980795 0
    outer loop
      vertex 44.2958 10.9017 4
      vertex 44.858 10.7899 38
      vertex 44.2958 10.9017 38
    endloop
  endfacet
  facet normal -0.195042 -0.980795 -0
    outer loop
      vertex 44.858 10.7899 38
      vertex 44.2958 10.9017 4
      vertex 44.858 10.7899 4
    endloop
  endfacet
  facet normal -0.418726 -0.908113 0
    outer loop
      vertex 42.6859 11.4957 4
      vertex 43.2064 11.2557 38
      vertex 42.6859 11.4957 38
    endloop
  endfacet
  facet normal -0.418726 -0.908113 -0
    outer loop
      vertex 43.2064 11.2557 38
      vertex 42.6859 11.4957 4
      vertex 43.2064 11.2557 4
    endloop
  endfacet
  facet normal -0.488529 -0.872548 0
    outer loop
      vertex 42.1858 11.7757 4
      vertex 42.6859 11.4957 38
      vertex 42.1858 11.7757 38
    endloop
  endfacet
  facet normal -0.488529 -0.872548 -0
    outer loop
      vertex 42.6859 11.4957 38
      vertex 42.1858 11.7757 4
      vertex 42.6859 11.4957 4
    endloop
  endfacet
  facet normal -0.872548 -0.488529 0
    outer loop
      vertex 39.7757 14.1858 4
      vertex 39.4957 14.6859 38
      vertex 39.4957 14.6859 4
    endloop
  endfacet
  facet normal -0.872548 -0.488529 0
    outer loop
      vertex 39.4957 14.6859 38
      vertex 39.7757 14.1858 4
      vertex 39.7757 14.1858 38
    endloop
  endfacet
  facet normal -0.908113 -0.418726 0
    outer loop
      vertex 39.4957 14.6859 4
      vertex 39.2557 15.2064 38
      vertex 39.2557 15.2064 4
    endloop
  endfacet
  facet normal -0.908113 -0.418726 0
    outer loop
      vertex 39.2557 15.2064 38
      vertex 39.4957 14.6859 4
      vertex 39.4957 14.6859 38
    endloop
  endfacet
  facet normal -0.11759 -0.993062 0
    outer loop
      vertex 44.858 10.7899 4
      vertex 45.4272 10.7225 38
      vertex 44.858 10.7899 38
    endloop
  endfacet
  facet normal -0.11759 -0.993062 -0
    outer loop
      vertex 45.4272 10.7225 38
      vertex 44.858 10.7899 4
      vertex 45.4272 10.7225 4
    endloop
  endfacet
  facet normal -0.555626 -0.831432 0
    outer loop
      vertex 41.7092 12.0942 4
      vertex 42.1858 11.7757 38
      vertex 41.7092 12.0942 38
    endloop
  endfacet
  facet normal -0.555626 -0.831432 -0
    outer loop
      vertex 42.1858 11.7757 38
      vertex 41.7092 12.0942 4
      vertex 42.1858 11.7757 4
    endloop
  endfacet
  facet normal -0.618977 -0.785409 0
    outer loop
      vertex 41.259 12.449 4
      vertex 41.7092 12.0942 38
      vertex 41.259 12.449 38
    endloop
  endfacet
  facet normal -0.618977 -0.785409 -0
    outer loop
      vertex 41.7092 12.0942 38
      vertex 41.259 12.449 4
      vertex 41.7092 12.0942 4
    endloop
  endfacet
  facet normal -0.999225 -0.0393669 -0
    outer loop
      vertex 51.5 18 4.2
      vertex 51.483 18.4315 0
      vertex 51.5 18 0
    endloop
  endfacet
  facet normal -0.999225 -0.0393669 0
    outer loop
      vertex 51.483 18.4315 0
      vertex 51.5 18 4.2
      vertex 51.483 18.4315 38
    endloop
  endfacet
  facet normal -0.999225 -0.0393669 0
    outer loop
      vertex 51.483 18.4315 38
      vertex 51.5 18 4.2
      vertex 51.5 18 38
    endloop
  endfacet
  facet normal 0.999225 -0.0393669 0
    outer loop
      vertex 40.5 18 38
      vertex 40.517 18.4315 4.2
      vertex 40.517 18.4315 38
    endloop
  endfacet
  facet normal 0.999225 -0.0393669 0
    outer loop
      vertex 40.517 18.4315 4.2
      vertex 40.5 18 38
      vertex 40.5 18 4.2
    endloop
  endfacet
  facet normal -0.0393669 -0.999225 0
    outer loop
      vertex 46 23.5 4.2
      vertex 46.4315 23.483 38
      vertex 46 23.5 38
    endloop
  endfacet
  facet normal -0.0393669 -0.999225 0
    outer loop
      vertex 46.4315 23.483 0
      vertex 46 23.5 4.2
      vertex 46 23.5 0
    endloop
  endfacet
  facet normal -0.0393669 -0.999225 0
    outer loop
      vertex 46 23.5 4.2
      vertex 46.4315 23.483 0
      vertex 46.4315 23.483 38
    endloop
  endfacet
  facet normal -0.67877 -0.73435 0
    outer loop
      vertex 49.572 22.1822 0
      vertex 49.8891 21.8891 38
      vertex 49.572 22.1822 38
    endloop
  endfacet
  facet normal -0.67877 -0.73435 -0
    outer loop
      vertex 49.8891 21.8891 38
      vertex 49.572 22.1822 0
      vertex 49.8891 21.8891 0
    endloop
  endfacet
  facet normal 0.67877 -0.73435 0
    outer loop
      vertex 42.1109 21.8891 4.2
      vertex 42.428 22.1822 38
      vertex 42.1109 21.8891 38
    endloop
  endfacet
  facet normal 0.67877 -0.73435 0
    outer loop
      vertex 42.428 22.1822 38
      vertex 42.1109 21.8891 4.2
      vertex 42.428 22.1822 4.2
    endloop
  endfacet
  facet normal 0.346145 -0.938181 0
    outer loop
      vertex 43.8952 23.0813 4.2
      vertex 44.3004 23.2308 38
      vertex 43.8952 23.0813 38
    endloop
  endfacet
  facet normal 0.346145 -0.938181 0
    outer loop
      vertex 44.3004 23.2308 38
      vertex 43.8952 23.0813 4.2
      vertex 44.3004 23.2308 4.2
    endloop
  endfacet
  facet normal -0.908108 -0.418735 0
    outer loop
      vertex 51.0813 20.1048 0
      vertex 50.9005 20.4969 38
      vertex 50.9005 20.4969 0
    endloop
  endfacet
  facet normal -0.908108 -0.418735 0
    outer loop
      vertex 50.9005 20.4969 38
      vertex 51.0813 20.1048 0
      vertex 51.0813 20.1048 38
    endloop
  endfacet
  facet normal -0.418735 -0.908108 0
    outer loop
      vertex 48.1048 23.0813 0
      vertex 48.4969 22.9005 38
      vertex 48.1048 23.0813 38
    endloop
  endfacet
  facet normal -0.418735 -0.908108 -0
    outer loop
      vertex 48.4969 22.9005 38
      vertex 48.1048 23.0813 0
      vertex 48.4969 22.9005 0
    endloop
  endfacet
  facet normal -0.555501 -0.831516 0
    outer loop
      vertex 48.8737 22.6895 0
      vertex 49.2328 22.4496 38
      vertex 48.8737 22.6895 38
    endloop
  endfacet
  facet normal -0.555501 -0.831516 -0
    outer loop
      vertex 49.2328 22.4496 38
      vertex 48.8737 22.6895 0
      vertex 49.2328 22.4496 0
    endloop
  endfacet
  facet normal 0.908108 -0.418735 0
    outer loop
      vertex 40.9187 20.1048 38
      vertex 41.0995 20.4969 4.2
      vertex 41.0995 20.4969 38
    endloop
  endfacet
  facet normal 0.908108 -0.418735 0
    outer loop
      vertex 41.0995 20.4969 4.2
      vertex 40.9187 20.1048 38
      vertex 40.9187 20.1048 4.2
    endloop
  endfacet
  facet normal 0.195181 -0.980767 0
    outer loop
      vertex 44.716 23.348 4.2
      vertex 45.1396 23.4323 38
      vertex 44.716 23.348 38
    endloop
  endfacet
  facet normal 0.195181 -0.980767 0
    outer loop
      vertex 45.1396 23.4323 38
      vertex 44.716 23.348 4.2
      vertex 45.1396 23.4323 4.2
    endloop
  endfacet
  facet normal -0.980758 -0.195225 0
    outer loop
      vertex 51.4323 18.8604 0
      vertex 51.348 19.2839 38
      vertex 51.348 19.2839 0
    endloop
  endfacet
  facet normal -0.980758 -0.195225 0
    outer loop
      vertex 51.348 19.2839 38
      vertex 51.4323 18.8604 0
      vertex 51.4323 18.8604 38
    endloop
  endfacet
  facet normal -0.993086 -0.117392 0
    outer loop
      vertex 51.483 18.4315 0
      vertex 51.4323 18.8604 38
      vertex 51.4323 18.8604 0
    endloop
  endfacet
  facet normal -0.993086 -0.117392 0
    outer loop
      vertex 51.4323 18.8604 38
      vertex 51.483 18.4315 0
      vertex 51.483 18.4315 38
    endloop
  endfacet
  facet normal -0.785321 -0.619089 0
    outer loop
      vertex 50.4496 21.2328 0
      vertex 50.1822 21.572 38
      vertex 50.1822 21.572 0
    endloop
  endfacet
  facet normal -0.785321 -0.619089 0
    outer loop
      vertex 50.1822 21.572 38
      vertex 50.4496 21.2328 0
      vertex 50.4496 21.2328 38
    endloop
  endfacet
  facet normal -0.73435 -0.67877 0
    outer loop
      vertex 50.1822 21.572 0
      vertex 49.8891 21.8891 38
      vertex 49.8891 21.8891 0
    endloop
  endfacet
  facet normal -0.73435 -0.67877 0
    outer loop
      vertex 49.8891 21.8891 38
      vertex 50.1822 21.572 0
      vertex 50.1822 21.572 38
    endloop
  endfacet
  facet normal -0.872514 -0.488589 0
    outer loop
      vertex 50.9005 20.4969 0
      vertex 50.6895 20.8737 38
      vertex 50.6895 20.8737 0
    endloop
  endfacet
  facet normal -0.872514 -0.488589 0
    outer loop
      vertex 50.6895 20.8737 38
      vertex 50.9005 20.4969 0
      vertex 50.9005 20.4969 38
    endloop
  endfacet
  facet normal -0.271416 -0.962462 0
    outer loop
      vertex 47.284 23.348 0
      vertex 47.6996 23.2308 38
      vertex 47.284 23.348 38
    endloop
  endfacet
  facet normal -0.271416 -0.962462 -0
    outer loop
      vertex 47.6996 23.2308 38
      vertex 47.284 23.348 0
      vertex 47.6996 23.2308 0
    endloop
  endfacet
  facet normal -0.346145 -0.938181 0
    outer loop
      vertex 47.6996 23.2308 0
      vertex 48.1048 23.0813 38
      vertex 47.6996 23.2308 38
    endloop
  endfacet
  facet normal -0.346145 -0.938181 -0
    outer loop
      vertex 48.1048 23.0813 38
      vertex 47.6996 23.2308 0
      vertex 48.1048 23.0813 0
    endloop
  endfacet
  facet normal -0.195181 -0.980767 0
    outer loop
      vertex 46.8604 23.4323 0
      vertex 47.284 23.348 38
      vertex 46.8604 23.4323 38
    endloop
  endfacet
  facet normal -0.195181 -0.980767 -0
    outer loop
      vertex 47.284 23.348 38
      vertex 46.8604 23.4323 0
      vertex 47.284 23.348 0
    endloop
  endfacet
  facet normal -0.488589 -0.872514 0
    outer loop
      vertex 48.4969 22.9005 0
      vertex 48.8737 22.6895 38
      vertex 48.4969 22.9005 38
    endloop
  endfacet
  facet normal -0.488589 -0.872514 -0
    outer loop
      vertex 48.8737 22.6895 38
      vertex 48.4969 22.9005 0
      vertex 48.8737 22.6895 0
    endloop
  endfacet
  facet normal -0.619089 -0.785321 0
    outer loop
      vertex 49.2328 22.4496 0
      vertex 49.572 22.1822 38
      vertex 49.2328 22.4496 38
    endloop
  endfacet
  facet normal -0.619089 -0.785321 -0
    outer loop
      vertex 49.572 22.1822 38
      vertex 49.2328 22.4496 0
      vertex 49.572 22.1822 0
    endloop
  endfacet
  facet normal 0.962479 -0.271356 0
    outer loop
      vertex 40.652 19.2839 38
      vertex 40.7692 19.6996 4.2
      vertex 40.7692 19.6996 38
    endloop
  endfacet
  facet normal 0.962479 -0.271356 0
    outer loop
      vertex 40.7692 19.6996 4.2
      vertex 40.652 19.2839 38
      vertex 40.652 19.2839 4.2
    endloop
  endfacet
  facet normal 0.831516 -0.555501 0
    outer loop
      vertex 41.3105 20.8737 38
      vertex 41.5504 21.2328 4.2
      vertex 41.5504 21.2328 38
    endloop
  endfacet
  facet normal 0.831516 -0.555501 0
    outer loop
      vertex 41.5504 21.2328 4.2
      vertex 41.3105 20.8737 38
      vertex 41.3105 20.8737 4.2
    endloop
  endfacet
  facet normal 0.73435 -0.67877 0
    outer loop
      vertex 41.8178 21.572 38
      vertex 42.1109 21.8891 4.2
      vertex 42.1109 21.8891 38
    endloop
  endfacet
  facet normal 0.73435 -0.67877 0
    outer loop
      vertex 42.1109 21.8891 4.2
      vertex 41.8178 21.572 38
      vertex 41.8178 21.572 4.2
    endloop
  endfacet
  facet normal 0.872514 -0.488589 0
    outer loop
      vertex 41.0995 20.4969 38
      vertex 41.3105 20.8737 4.2
      vertex 41.3105 20.8737 38
    endloop
  endfacet
  facet normal 0.872514 -0.488589 0
    outer loop
      vertex 41.3105 20.8737 4.2
      vertex 41.0995 20.4969 38
      vertex 41.0995 20.4969 4.2
    endloop
  endfacet
  facet normal 0.938181 -0.346145 0
    outer loop
      vertex 40.7692 19.6996 38
      vertex 40.9187 20.1048 4.2
      vertex 40.9187 20.1048 38
    endloop
  endfacet
  facet normal 0.938181 -0.346145 0
    outer loop
      vertex 40.9187 20.1048 4.2
      vertex 40.7692 19.6996 38
      vertex 40.7692 19.6996 4.2
    endloop
  endfacet
  facet normal 0.980758 -0.195225 0
    outer loop
      vertex 40.5677 18.8604 38
      vertex 40.652 19.2839 4.2
      vertex 40.652 19.2839 38
    endloop
  endfacet
  facet normal 0.980758 -0.195225 0
    outer loop
      vertex 40.652 19.2839 4.2
      vertex 40.5677 18.8604 38
      vertex 40.5677 18.8604 4.2
    endloop
  endfacet
  facet normal 0.488589 -0.872514 0
    outer loop
      vertex 43.1263 22.6895 4.2
      vertex 43.5031 22.9005 38
      vertex 43.1263 22.6895 38
    endloop
  endfacet
  facet normal 0.488589 -0.872514 0
    outer loop
      vertex 43.5031 22.9005 38
      vertex 43.1263 22.6895 4.2
      vertex 43.5031 22.9005 4.2
    endloop
  endfacet
  facet normal 0.418735 -0.908108 0
    outer loop
      vertex 43.5031 22.9005 4.2
      vertex 43.8952 23.0813 38
      vertex 43.5031 22.9005 38
    endloop
  endfacet
  facet normal 0.418735 -0.908108 0
    outer loop
      vertex 43.8952 23.0813 38
      vertex 43.5031 22.9005 4.2
      vertex 43.8952 23.0813 4.2
    endloop
  endfacet
  facet normal 0.271416 -0.962462 0
    outer loop
      vertex 44.3004 23.2308 4.2
      vertex 44.716 23.348 38
      vertex 44.3004 23.2308 38
    endloop
  endfacet
  facet normal 0.271416 -0.962462 0
    outer loop
      vertex 44.716 23.348 38
      vertex 44.3004 23.2308 4.2
      vertex 44.716 23.348 4.2
    endloop
  endfacet
  facet normal 0.117392 -0.993086 0
    outer loop
      vertex 45.1396 23.4323 4.2
      vertex 45.5685 23.483 38
      vertex 45.1396 23.4323 38
    endloop
  endfacet
  facet normal 0.117392 -0.993086 0
    outer loop
      vertex 45.5685 23.483 38
      vertex 45.1396 23.4323 4.2
      vertex 45.5685 23.483 4.2
    endloop
  endfacet
  facet normal -0.67877 0.73435 0
    outer loop
      vertex 49.8891 14.1109 4.2
      vertex 49.572 13.8178 38
      vertex 49.8891 14.1109 38
    endloop
  endfacet
  facet normal -0.67877 0.73435 0
    outer loop
      vertex 49.572 13.8178 38
      vertex 49.8891 14.1109 4.2
      vertex 49.572 13.8178 4.2
    endloop
  endfacet
  facet normal -0.488589 0.872514 0
    outer loop
      vertex 48.8737 13.3105 4.2
      vertex 48.4969 13.0995 38
      vertex 48.8737 13.3105 38
    endloop
  endfacet
  facet normal -0.488589 0.872514 0
    outer loop
      vertex 48.4969 13.0995 38
      vertex 48.8737 13.3105 4.2
      vertex 48.4969 13.0995 4.2
    endloop
  endfacet
  facet normal -0.785321 0.619089 0
    outer loop
      vertex 50.1822 14.428 4.2
      vertex 50.4496 14.7672 38
      vertex 50.4496 14.7672 4.2
    endloop
  endfacet
  facet normal -0.785321 0.619089 0
    outer loop
      vertex 50.4496 14.7672 38
      vertex 50.1822 14.428 4.2
      vertex 50.1822 14.428 38
    endloop
  endfacet
  facet normal 0.619089 0.785321 -0
    outer loop
      vertex 42.7672 13.5504 4.2
      vertex 42.428 13.8178 38
      vertex 42.7672 13.5504 38
    endloop
  endfacet
  facet normal 0.619089 0.785321 0
    outer loop
      vertex 42.428 13.8178 38
      vertex 42.7672 13.5504 4.2
      vertex 42.428 13.8178 4.2
    endloop
  endfacet
  facet normal 0.67877 0.73435 -0
    outer loop
      vertex 42.428 13.8178 4.2
      vertex 42.1109 14.1109 38
      vertex 42.428 13.8178 38
    endloop
  endfacet
  facet normal 0.67877 0.73435 0
    outer loop
      vertex 42.1109 14.1109 38
      vertex 42.428 13.8178 4.2
      vertex 42.1109 14.1109 4.2
    endloop
  endfacet
  facet normal 0.488589 0.872514 -0
    outer loop
      vertex 43.5031 13.0995 4.2
      vertex 43.1263 13.3105 38
      vertex 43.5031 13.0995 38
    endloop
  endfacet
  facet normal 0.488589 0.872514 0
    outer loop
      vertex 43.1263 13.3105 38
      vertex 43.5031 13.0995 4.2
      vertex 43.1263 13.3105 4.2
    endloop
  endfacet
  facet normal 0.346145 0.938181 -0
    outer loop
      vertex 44.3004 12.7692 4.2
      vertex 43.8952 12.9187 38
      vertex 44.3004 12.7692 38
    endloop
  endfacet
  facet normal 0.346145 0.938181 0
    outer loop
      vertex 43.8952 12.9187 38
      vertex 44.3004 12.7692 4.2
      vertex 43.8952 12.9187 4.2
    endloop
  endfacet
  facet normal 0.195181 0.980767 -0
    outer loop
      vertex 45.1396 12.5677 4.2
      vertex 44.716 12.652 38
      vertex 45.1396 12.5677 38
    endloop
  endfacet
  facet normal 0.195181 0.980767 0
    outer loop
      vertex 44.716 12.652 38
      vertex 45.1396 12.5677 4.2
      vertex 44.716 12.652 4.2
    endloop
  endfacet
  facet normal 0.872514 0.488589 0
    outer loop
      vertex 41.3105 15.1263 38
      vertex 41.0995 15.5031 4.2
      vertex 41.0995 15.5031 38
    endloop
  endfacet
  facet normal 0.872514 0.488589 0
    outer loop
      vertex 41.0995 15.5031 4.2
      vertex 41.3105 15.1263 38
      vertex 41.3105 15.1263 4.2
    endloop
  endfacet
  facet normal 0.908108 0.418735 0
    outer loop
      vertex 41.0995 15.5031 38
      vertex 40.9187 15.8952 4.2
      vertex 40.9187 15.8952 38
    endloop
  endfacet
  facet normal 0.908108 0.418735 0
    outer loop
      vertex 40.9187 15.8952 4.2
      vertex 41.0995 15.5031 38
      vertex 41.0995 15.5031 4.2
    endloop
  endfacet
  facet normal 0.962479 0.271356 0
    outer loop
      vertex 40.7692 16.3004 38
      vertex 40.652 16.7161 4.2
      vertex 40.652 16.7161 38
    endloop
  endfacet
  facet normal 0.962479 0.271356 0
    outer loop
      vertex 40.652 16.7161 4.2
      vertex 40.7692 16.3004 38
      vertex 40.7692 16.3004 4.2
    endloop
  endfacet
  facet normal 0.938181 0.346145 0
    outer loop
      vertex 40.9187 15.8952 38
      vertex 40.7692 16.3004 4.2
      vertex 40.7692 16.3004 38
    endloop
  endfacet
  facet normal 0.938181 0.346145 0
    outer loop
      vertex 40.7692 16.3004 4.2
      vertex 40.9187 15.8952 38
      vertex 40.9187 15.8952 4.2
    endloop
  endfacet
  facet normal -0.938181 -0.346145 0
    outer loop
      vertex 51.2308 19.6996 0
      vertex 51.0813 20.1048 38
      vertex 51.0813 20.1048 0
    endloop
  endfacet
  facet normal -0.938181 -0.346145 0
    outer loop
      vertex 51.0813 20.1048 38
      vertex 51.2308 19.6996 0
      vertex 51.2308 19.6996 38
    endloop
  endfacet
  facet normal -0.962479 -0.271356 0
    outer loop
      vertex 51.348 19.2839 0
      vertex 51.2308 19.6996 38
      vertex 51.2308 19.6996 0
    endloop
  endfacet
  facet normal -0.962479 -0.271356 0
    outer loop
      vertex 51.2308 19.6996 38
      vertex 51.348 19.2839 0
      vertex 51.348 19.2839 38
    endloop
  endfacet
  facet normal -0.117392 -0.993086 0
    outer loop
      vertex 46.4315 23.483 0
      vertex 46.8604 23.4323 38
      vertex 46.4315 23.483 38
    endloop
  endfacet
  facet normal -0.117392 -0.993086 -0
    outer loop
      vertex 46.8604 23.4323 38
      vertex 46.4315 23.483 0
      vertex 46.8604 23.4323 0
    endloop
  endfacet
  facet normal 0.785321 -0.619089 0
    outer loop
      vertex 41.5504 21.2328 38
      vertex 41.8178 21.572 4.2
      vertex 41.8178 21.572 38
    endloop
  endfacet
  facet normal 0.785321 -0.619089 0
    outer loop
      vertex 41.8178 21.572 4.2
      vertex 41.5504 21.2328 38
      vertex 41.5504 21.2328 4.2
    endloop
  endfacet
  facet normal 0.993086 -0.117392 0
    outer loop
      vertex 40.517 18.4315 38
      vertex 40.5677 18.8604 4.2
      vertex 40.5677 18.8604 38
    endloop
  endfacet
  facet normal 0.993086 -0.117392 0
    outer loop
      vertex 40.5677 18.8604 4.2
      vertex 40.517 18.4315 38
      vertex 40.517 18.4315 4.2
    endloop
  endfacet
  facet normal 0.619089 -0.785321 0
    outer loop
      vertex 42.428 22.1822 4.2
      vertex 42.7672 22.4496 38
      vertex 42.428 22.1822 38
    endloop
  endfacet
  facet normal 0.619089 -0.785321 0
    outer loop
      vertex 42.7672 22.4496 38
      vertex 42.428 22.1822 4.2
      vertex 42.7672 22.4496 4.2
    endloop
  endfacet
  facet normal 0.0393669 -0.999225 0
    outer loop
      vertex 45.5685 23.483 4.2
      vertex 46 23.5 38
      vertex 45.5685 23.483 38
    endloop
  endfacet
  facet normal 0.0393669 -0.999225 0
    outer loop
      vertex 46 23.5 38
      vertex 45.5685 23.483 4.2
      vertex 46 23.5 4.2
    endloop
  endfacet
  facet normal -0.0393669 0.999225 0
    outer loop
      vertex 46.4315 12.517 4.2
      vertex 46 12.5 38
      vertex 46.4315 12.517 38
    endloop
  endfacet
  facet normal -0.0393669 0.999225 0
    outer loop
      vertex 46 12.5 38
      vertex 46.4315 12.517 4.2
      vertex 46 12.5 4.2
    endloop
  endfacet
  facet normal -0.195181 0.980767 0
    outer loop
      vertex 47.284 12.652 4.2
      vertex 46.8604 12.5677 38
      vertex 47.284 12.652 38
    endloop
  endfacet
  facet normal -0.195181 0.980767 0
    outer loop
      vertex 46.8604 12.5677 38
      vertex 47.284 12.652 4.2
      vertex 46.8604 12.5677 4.2
    endloop
  endfacet
  facet normal -0.346145 0.938181 0
    outer loop
      vertex 48.1048 12.9187 4.2
      vertex 47.6996 12.7692 38
      vertex 48.1048 12.9187 38
    endloop
  endfacet
  facet normal -0.346145 0.938181 0
    outer loop
      vertex 47.6996 12.7692 38
      vertex 48.1048 12.9187 4.2
      vertex 47.6996 12.7692 4.2
    endloop
  endfacet
  facet normal -0.418735 0.908108 0
    outer loop
      vertex 48.4969 13.0995 4.2
      vertex 48.1048 12.9187 38
      vertex 48.4969 13.0995 38
    endloop
  endfacet
  facet normal -0.418735 0.908108 0
    outer loop
      vertex 48.1048 12.9187 38
      vertex 48.4969 13.0995 4.2
      vertex 48.1048 12.9187 4.2
    endloop
  endfacet
  facet normal -0.271416 0.962462 0
    outer loop
      vertex 47.6996 12.7692 4.2
      vertex 47.284 12.652 38
      vertex 47.6996 12.7692 38
    endloop
  endfacet
  facet normal -0.271416 0.962462 0
    outer loop
      vertex 47.284 12.652 38
      vertex 47.6996 12.7692 4.2
      vertex 47.284 12.652 4.2
    endloop
  endfacet
  facet normal -0.73435 0.67877 0
    outer loop
      vertex 49.8891 14.1109 4.2
      vertex 50.1822 14.428 38
      vertex 50.1822 14.428 4.2
    endloop
  endfacet
  facet normal -0.73435 0.67877 0
    outer loop
      vertex 50.1822 14.428 38
      vertex 49.8891 14.1109 4.2
      vertex 49.8891 14.1109 38
    endloop
  endfacet
  facet normal -0.555501 0.831516 0
    outer loop
      vertex 49.2328 13.5504 4.2
      vertex 48.8737 13.3105 38
      vertex 49.2328 13.5504 38
    endloop
  endfacet
  facet normal -0.555501 0.831516 0
    outer loop
      vertex 48.8737 13.3105 38
      vertex 49.2328 13.5504 4.2
      vertex 48.8737 13.3105 4.2
    endloop
  endfacet
  facet normal -0.619089 0.785321 0
    outer loop
      vertex 49.572 13.8178 4.2
      vertex 49.2328 13.5504 38
      vertex 49.572 13.8178 38
    endloop
  endfacet
  facet normal -0.619089 0.785321 0
    outer loop
      vertex 49.2328 13.5504 38
      vertex 49.572 13.8178 4.2
      vertex 49.2328 13.5504 4.2
    endloop
  endfacet
  facet normal -0.831516 0.555501 0
    outer loop
      vertex 50.4496 14.7672 4.2
      vertex 50.6895 15.1263 38
      vertex 50.6895 15.1263 4.2
    endloop
  endfacet
  facet normal -0.831516 0.555501 0
    outer loop
      vertex 50.6895 15.1263 38
      vertex 50.4496 14.7672 4.2
      vertex 50.4496 14.7672 38
    endloop
  endfacet
  facet normal -0.938181 0.346145 0
    outer loop
      vertex 51.0813 15.8952 4.2
      vertex 51.2308 16.3004 38
      vertex 51.2308 16.3004 4.2
    endloop
  endfacet
  facet normal -0.938181 0.346145 0
    outer loop
      vertex 51.2308 16.3004 38
      vertex 51.0813 15.8952 4.2
      vertex 51.0813 15.8952 38
    endloop
  endfacet
  facet normal -0.872514 0.488589 0
    outer loop
      vertex 50.6895 15.1263 4.2
      vertex 50.9005 15.5031 38
      vertex 50.9005 15.5031 4.2
    endloop
  endfacet
  facet normal -0.872514 0.488589 0
    outer loop
      vertex 50.9005 15.5031 38
      vertex 50.6895 15.1263 4.2
      vertex 50.6895 15.1263 38
    endloop
  endfacet
  facet normal -0.980758 0.195225 0
    outer loop
      vertex 51.348 16.7161 4.2
      vertex 51.4323 17.1396 38
      vertex 51.4323 17.1396 4.2
    endloop
  endfacet
  facet normal -0.980758 0.195225 0
    outer loop
      vertex 51.4323 17.1396 38
      vertex 51.348 16.7161 4.2
      vertex 51.348 16.7161 38
    endloop
  endfacet
  facet normal -0.962479 0.271356 0
    outer loop
      vertex 51.2308 16.3004 4.2
      vertex 51.348 16.7161 38
      vertex 51.348 16.7161 4.2
    endloop
  endfacet
  facet normal -0.962479 0.271356 0
    outer loop
      vertex 51.348 16.7161 38
      vertex 51.2308 16.3004 4.2
      vertex 51.2308 16.3004 38
    endloop
  endfacet
  facet normal -0.993086 0.117392 0
    outer loop
      vertex 51.4323 17.1396 4.2
      vertex 51.483 17.5685 38
      vertex 51.483 17.5685 4.2
    endloop
  endfacet
  facet normal -0.993086 0.117392 0
    outer loop
      vertex 51.483 17.5685 38
      vertex 51.4323 17.1396 4.2
      vertex 51.4323 17.1396 38
    endloop
  endfacet
  facet normal 0.418735 0.908108 -0
    outer loop
      vertex 43.8952 12.9187 4.2
      vertex 43.5031 13.0995 38
      vertex 43.8952 12.9187 38
    endloop
  endfacet
  facet normal 0.418735 0.908108 0
    outer loop
      vertex 43.5031 13.0995 38
      vertex 43.8952 12.9187 4.2
      vertex 43.5031 13.0995 4.2
    endloop
  endfacet
  facet normal 0.271416 0.962462 -0
    outer loop
      vertex 44.716 12.652 4.2
      vertex 44.3004 12.7692 38
      vertex 44.716 12.652 38
    endloop
  endfacet
  facet normal 0.271416 0.962462 0
    outer loop
      vertex 44.3004 12.7692 38
      vertex 44.716 12.652 4.2
      vertex 44.3004 12.7692 4.2
    endloop
  endfacet
  facet normal 0.117392 0.993086 -0
    outer loop
      vertex 45.5685 12.517 4.2
      vertex 45.1396 12.5677 38
      vertex 45.5685 12.517 38
    endloop
  endfacet
  facet normal 0.117392 0.993086 0
    outer loop
      vertex 45.1396 12.5677 38
      vertex 45.5685 12.517 4.2
      vertex 45.1396 12.5677 4.2
    endloop
  endfacet
  facet normal 0.831516 0.555501 0
    outer loop
      vertex 41.5504 14.7672 38
      vertex 41.3105 15.1263 4.2
      vertex 41.3105 15.1263 38
    endloop
  endfacet
  facet normal 0.831516 0.555501 0
    outer loop
      vertex 41.3105 15.1263 4.2
      vertex 41.5504 14.7672 38
      vertex 41.5504 14.7672 4.2
    endloop
  endfacet
  facet normal 0.73435 0.67877 0
    outer loop
      vertex 42.1109 14.1109 38
      vertex 41.8178 14.428 4.2
      vertex 41.8178 14.428 38
    endloop
  endfacet
  facet normal 0.73435 0.67877 0
    outer loop
      vertex 41.8178 14.428 4.2
      vertex 42.1109 14.1109 38
      vertex 42.1109 14.1109 4.2
    endloop
  endfacet
  facet normal 0.980758 0.195225 0
    outer loop
      vertex 40.652 16.7161 38
      vertex 40.5677 17.1396 4.2
      vertex 40.5677 17.1396 38
    endloop
  endfacet
  facet normal 0.980758 0.195225 0
    outer loop
      vertex 40.5677 17.1396 4.2
      vertex 40.652 16.7161 38
      vertex 40.652 16.7161 4.2
    endloop
  endfacet
  facet normal 0.999225 0.0393669 0
    outer loop
      vertex 40.517 17.5685 38
      vertex 40.5 18 4.2
      vertex 40.5 18 38
    endloop
  endfacet
  facet normal 0.999225 0.0393669 0
    outer loop
      vertex 40.5 18 4.2
      vertex 40.517 17.5685 38
      vertex 40.517 17.5685 4.2
    endloop
  endfacet
  facet normal -0.831516 -0.555501 0
    outer loop
      vertex 50.6895 20.8737 0
      vertex 50.4496 21.2328 38
      vertex 50.4496 21.2328 0
    endloop
  endfacet
  facet normal -0.831516 -0.555501 0
    outer loop
      vertex 50.4496 21.2328 38
      vertex 50.6895 20.8737 0
      vertex 50.6895 20.8737 38
    endloop
  endfacet
  facet normal 0.555501 -0.831516 0
    outer loop
      vertex 42.7672 22.4496 4.2
      vertex 43.1263 22.6895 38
      vertex 42.7672 22.4496 38
    endloop
  endfacet
  facet normal 0.555501 -0.831516 0
    outer loop
      vertex 43.1263 22.6895 38
      vertex 42.7672 22.4496 4.2
      vertex 43.1263 22.6895 4.2
    endloop
  endfacet
  facet normal -0.117392 0.993086 0
    outer loop
      vertex 46.8604 12.5677 4.2
      vertex 46.4315 12.517 38
      vertex 46.8604 12.5677 38
    endloop
  endfacet
  facet normal -0.117392 0.993086 0
    outer loop
      vertex 46.4315 12.517 38
      vertex 46.8604 12.5677 4.2
      vertex 46.4315 12.517 4.2
    endloop
  endfacet
  facet normal -0.908108 0.418735 0
    outer loop
      vertex 50.9005 15.5031 4.2
      vertex 51.0813 15.8952 38
      vertex 51.0813 15.8952 4.2
    endloop
  endfacet
  facet normal -0.908108 0.418735 0
    outer loop
      vertex 51.0813 15.8952 38
      vertex 50.9005 15.5031 4.2
      vertex 50.9005 15.5031 38
    endloop
  endfacet
  facet normal -0.999225 0.0393669 0
    outer loop
      vertex 51.483 17.5685 4.2
      vertex 51.5 18 38
      vertex 51.5 18 4.2
    endloop
  endfacet
  facet normal -0.999225 0.0393669 0
    outer loop
      vertex 51.5 18 38
      vertex 51.483 17.5685 4.2
      vertex 51.483 17.5685 38
    endloop
  endfacet
  facet normal 0.555501 0.831516 -0
    outer loop
      vertex 43.1263 13.3105 4.2
      vertex 42.7672 13.5504 38
      vertex 43.1263 13.3105 38
    endloop
  endfacet
  facet normal 0.555501 0.831516 0
    outer loop
      vertex 42.7672 13.5504 38
      vertex 43.1263 13.3105 4.2
      vertex 42.7672 13.5504 4.2
    endloop
  endfacet
  facet normal 0.0393669 0.999225 -0
    outer loop
      vertex 46 12.5 4.2
      vertex 45.5685 12.517 38
      vertex 46 12.5 38
    endloop
  endfacet
  facet normal 0.0393669 0.999225 0
    outer loop
      vertex 45.5685 12.517 38
      vertex 46 12.5 4.2
      vertex 45.5685 12.517 4.2
    endloop
  endfacet
  facet normal 0.785321 0.619089 0
    outer loop
      vertex 41.8178 14.428 38
      vertex 41.5504 14.7672 4.2
      vertex 41.5504 14.7672 38
    endloop
  endfacet
  facet normal 0.785321 0.619089 0
    outer loop
      vertex 41.5504 14.7672 4.2
      vertex 41.8178 14.428 38
      vertex 41.8178 14.428 4.2
    endloop
  endfacet
  facet normal 0.993086 0.117392 0
    outer loop
      vertex 40.5677 17.1396 38
      vertex 40.517 17.5685 4.2
      vertex 40.517 17.5685 38
    endloop
  endfacet
  facet normal 0.993086 0.117392 0
    outer loop
      vertex 40.517 17.5685 4.2
      vertex 40.5677 17.1396 38
      vertex 40.5677 17.1396 4.2
    endloop
  endfacet
  facet normal 0.999233 0.0391619 0
    outer loop
      vertex 13 9 62.5
      vertex 12.9877 9.31384 4
      vertex 12.9877 9.31384 62.5
    endloop
  endfacet
  facet normal 0.999233 0.0391619 0
    outer loop
      vertex 12.9877 9.31384 4
      vertex 13 9 62.5
      vertex 13 9 4
    endloop
  endfacet
  facet normal -0.999229 0.0392572 0
    outer loop
      vertex 5 9 4
      vertex 5.01233 9.31384 62.5
      vertex 5.01233 9.31384 4
    endloop
  endfacet
  facet normal -0.999229 0.0392572 0
    outer loop
      vertex 5.01233 9.31384 62.5
      vertex 5 9 4
      vertex 5 9 62.5
    endloop
  endfacet
  facet normal 0.0391619 0.999233 -0
    outer loop
      vertex 9.31384 12.9877 4
      vertex 9 13 62.5
      vertex 9.31384 12.9877 62.5
    endloop
  endfacet
  facet normal 0.0391619 0.999233 0
    outer loop
      vertex 9 13 62.5
      vertex 9.31384 12.9877 4
      vertex 9 13 4
    endloop
  endfacet
  facet normal -0.0392572 -0.999229 0
    outer loop
      vertex 8.68616 5.01233 4
      vertex 9 5 62.5
      vertex 8.68616 5.01233 62.5
    endloop
  endfacet
  facet normal -0.0392572 -0.999229 -0
    outer loop
      vertex 9 5 62.5
      vertex 8.68616 5.01233 4
      vertex 9 5 4
    endloop
  endfacet
  facet normal -0.734341 -0.678781 0
    outer loop
      vertex 6.17157 6.17157 4
      vertex 5.95838 6.40221 62.5
      vertex 5.95838 6.40221 4
    endloop
  endfacet
  facet normal -0.734341 -0.678781 0
    outer loop
      vertex 5.95838 6.40221 62.5
      vertex 6.17157 6.17157 4
      vertex 6.17157 6.17157 62.5
    endloop
  endfacet
  facet normal 0.678862 0.734266 -0
    outer loop
      vertex 11.8284 11.8284 4
      vertex 11.5978 12.0416 62.5
      vertex 11.8284 11.8284 62.5
    endloop
  endfacet
  facet normal 0.678862 0.734266 0
    outer loop
      vertex 11.5978 12.0416 62.5
      vertex 11.8284 11.8284 4
      vertex 11.5978 12.0416 4
    endloop
  endfacet
  facet normal -0.678798 0.734325 0
    outer loop
      vertex 6.40221 12.0416 4
      vertex 6.17157 11.8284 62.5
      vertex 6.40221 12.0416 62.5
    endloop
  endfacet
  facet normal -0.678798 0.734325 0
    outer loop
      vertex 6.17157 11.8284 62.5
      vertex 6.40221 12.0416 4
      vertex 6.17157 11.8284 4
    endloop
  endfacet
  facet normal -0.346101 0.938197 0
    outer loop
      vertex 7.76393 12.8042 4
      vertex 7.46927 12.6955 62.5
      vertex 7.76393 12.8042 62.5
    endloop
  endfacet
  facet normal -0.346101 0.938197 0
    outer loop
      vertex 7.46927 12.6955 62.5
      vertex 7.76393 12.8042 4
      vertex 7.46927 12.6955 4
    endloop
  endfacet
  facet normal -0.938187 -0.346129 0
    outer loop
      vertex 5.30448 7.46927 4
      vertex 5.19577 7.76393 62.5
      vertex 5.19577 7.76393 4
    endloop
  endfacet
  facet normal -0.938187 -0.346129 0
    outer loop
      vertex 5.19577 7.76393 62.5
      vertex 5.30448 7.46927 4
      vertex 5.30448 7.46927 62.5
    endloop
  endfacet
  facet normal 0.908174 0.418594 0
    outer loop
      vertex 12.6955 10.5307 62.5
      vertex 12.564 10.816 4
      vertex 12.564 10.816 62.5
    endloop
  endfacet
  facet normal 0.908174 0.418594 0
    outer loop
      vertex 12.564 10.816 4
      vertex 12.6955 10.5307 62.5
      vertex 12.6955 10.5307 4
    endloop
  endfacet
  facet normal 0.346163 0.938174 -0
    outer loop
      vertex 10.5307 12.6955 4
      vertex 10.2361 12.8042 62.5
      vertex 10.5307 12.6955 62.5
    endloop
  endfacet
  facet normal 0.346163 0.938174 0
    outer loop
      vertex 10.2361 12.8042 62.5
      vertex 10.5307 12.6955 4
      vertex 10.2361 12.8042 4
    endloop
  endfacet
  facet normal 0.488506 0.87256 -0
    outer loop
      vertex 11.09 12.4106 4
      vertex 10.816 12.564 62.5
      vertex 11.09 12.4106 62.5
    endloop
  endfacet
  facet normal 0.488506 0.87256 0
    outer loop
      vertex 10.816 12.564 62.5
      vertex 11.09 12.4106 4
      vertex 10.816 12.564 4
    endloop
  endfacet
  facet normal -0.908186 0.418568 0
    outer loop
      vertex 5.30448 10.5307 4
      vertex 5.43597 10.816 62.5
      vertex 5.43597 10.816 4
    endloop
  endfacet
  facet normal -0.908186 0.418568 0
    outer loop
      vertex 5.43597 10.816 62.5
      vertex 5.30448 10.5307 4
      vertex 5.30448 10.5307 62.5
    endloop
  endfacet
  facet normal -0.195173 0.980769 0
    outer loop
      vertex 8.37426 12.9508 4
      vertex 8.06622 12.8895 62.5
      vertex 8.37426 12.9508 62.5
    endloop
  endfacet
  facet normal -0.195173 0.980769 0
    outer loop
      vertex 8.06622 12.8895 62.5
      vertex 8.37426 12.9508 4
      vertex 8.06622 12.8895 4
    endloop
  endfacet
  facet normal 0.938197 -0.346101 0
    outer loop
      vertex 12.6955 7.46927 62.5
      vertex 12.8042 7.76393 4
      vertex 12.8042 7.76393 62.5
    endloop
  endfacet
  facet normal 0.938197 -0.346101 0
    outer loop
      vertex 12.8042 7.76393 4
      vertex 12.6955 7.46927 62.5
      vertex 12.6955 7.46927 4
    endloop
  endfacet
  facet normal 0.418568 -0.908186 0
    outer loop
      vertex 10.5307 5.30448 4
      vertex 10.816 5.43597 62.5
      vertex 10.5307 5.30448 62.5
    endloop
  endfacet
  facet normal 0.418568 -0.908186 0
    outer loop
      vertex 10.816 5.43597 62.5
      vertex 10.5307 5.30448 4
      vertex 10.816 5.43597 4
    endloop
  endfacet
  facet normal 0.962425 0.271549 0
    outer loop
      vertex 12.8895 9.93378 62.5
      vertex 12.8042 10.2361 4
      vertex 12.8042 10.2361 62.5
    endloop
  endfacet
  facet normal 0.962425 0.271549 0
    outer loop
      vertex 12.8042 10.2361 4
      vertex 12.8895 9.93378 62.5
      vertex 12.8895 9.93378 4
    endloop
  endfacet
  facet normal 0.938174 0.346163 0
    outer loop
      vertex 12.8042 10.2361 62.5
      vertex 12.6955 10.5307 4
      vertex 12.6955 10.5307 62.5
    endloop
  endfacet
  facet normal 0.938174 0.346163 0
    outer loop
      vertex 12.6955 10.5307 4
      vertex 12.8042 10.2361 62.5
      vertex 12.8042 10.2361 4
    endloop
  endfacet
  facet normal 0.831413 0.555655 0
    outer loop
      vertex 12.4106 11.09 62.5
      vertex 12.2361 11.3511 4
      vertex 12.2361 11.3511 62.5
    endloop
  endfacet
  facet normal 0.831413 0.555655 0
    outer loop
      vertex 12.2361 11.3511 4
      vertex 12.4106 11.09 62.5
      vertex 12.4106 11.09 4
    endloop
  endfacet
  facet normal 0.87256 0.488506 0
    outer loop
      vertex 12.564 10.816 62.5
      vertex 12.4106 11.09 4
      vertex 12.4106 11.09 62.5
    endloop
  endfacet
  facet normal 0.87256 0.488506 0
    outer loop
      vertex 12.4106 11.09 4
      vertex 12.564 10.816 62.5
      vertex 12.564 10.816 4
    endloop
  endfacet
  facet normal 0.195173 0.980769 -0
    outer loop
      vertex 9.93378 12.8895 4
      vertex 9.62574 12.9508 62.5
      vertex 9.93378 12.8895 62.5
    endloop
  endfacet
  facet normal 0.195173 0.980769 0
    outer loop
      vertex 9.62574 12.9508 62.5
      vertex 9.93378 12.8895 4
      vertex 9.62574 12.9508 4
    endloop
  endfacet
  facet normal 0.271549 0.962425 -0
    outer loop
      vertex 10.2361 12.8042 4
      vertex 9.93378 12.8895 62.5
      vertex 10.2361 12.8042 62.5
    endloop
  endfacet
  facet normal 0.271549 0.962425 0
    outer loop
      vertex 9.93378 12.8895 62.5
      vertex 10.2361 12.8042 4
      vertex 9.93378 12.8895 4
    endloop
  endfacet
  facet normal 0.117488 0.993074 -0
    outer loop
      vertex 9.62574 12.9508 4
      vertex 9.31384 12.9877 62.5
      vertex 9.62574 12.9508 62.5
    endloop
  endfacet
  facet normal 0.117488 0.993074 0
    outer loop
      vertex 9.31384 12.9877 62.5
      vertex 9.62574 12.9508 4
      vertex 9.31384 12.9877 4
    endloop
  endfacet
  facet normal 0.418594 0.908174 -0
    outer loop
      vertex 10.816 12.564 4
      vertex 10.5307 12.6955 62.5
      vertex 10.816 12.564 62.5
    endloop
  endfacet
  facet normal 0.418594 0.908174 0
    outer loop
      vertex 10.5307 12.6955 62.5
      vertex 10.816 12.564 4
      vertex 10.5307 12.6955 4
    endloop
  endfacet
  facet normal 0.619128 0.78529 -0
    outer loop
      vertex 11.5978 12.0416 4
      vertex 11.3511 12.2361 62.5
      vertex 11.5978 12.0416 62.5
    endloop
  endfacet
  facet normal 0.619128 0.78529 0
    outer loop
      vertex 11.3511 12.2361 62.5
      vertex 11.5978 12.0416 4
      vertex 11.3511 12.2361 4
    endloop
  endfacet
  facet normal -0.962466 0.271402 0
    outer loop
      vertex 5.11052 9.93378 4
      vertex 5.19577 10.2361 62.5
      vertex 5.19577 10.2361 4
    endloop
  endfacet
  facet normal -0.962466 0.271402 0
    outer loop
      vertex 5.19577 10.2361 62.5
      vertex 5.11052 9.93378 4
      vertex 5.11052 9.93378 62.5
    endloop
  endfacet
  facet normal -0.785367 0.61903 0
    outer loop
      vertex 5.76393 11.3511 4
      vertex 5.95838 11.5978 62.5
      vertex 5.95838 11.5978 4
    endloop
  endfacet
  facet normal -0.785367 0.61903 0
    outer loop
      vertex 5.95838 11.5978 62.5
      vertex 5.76393 11.3511 4
      vertex 5.76393 11.3511 62.5
    endloop
  endfacet
  facet normal -0.734282 0.678845 0
    outer loop
      vertex 5.95838 11.5978 4
      vertex 6.17157 11.8284 62.5
      vertex 6.17157 11.8284 4
    endloop
  endfacet
  facet normal -0.734282 0.678845 0
    outer loop
      vertex 6.17157 11.8284 62.5
      vertex 5.95838 11.5978 4
      vertex 5.95838 11.5978 62.5
    endloop
  endfacet
  facet normal -0.938164 0.346191 0
    outer loop
      vertex 5.19577 10.2361 4
      vertex 5.30448 10.5307 62.5
      vertex 5.30448 10.5307 4
    endloop
  endfacet
  facet normal -0.938164 0.346191 0
    outer loop
      vertex 5.30448 10.5307 62.5
      vertex 5.19577 10.2361 4
      vertex 5.19577 10.2361 62.5
    endloop
  endfacet
  facet normal -0.980787 0.195081 0
    outer loop
      vertex 5.04925 9.62574 4
      vertex 5.11052 9.93378 62.5
      vertex 5.11052 9.93378 4
    endloop
  endfacet
  facet normal -0.980787 0.195081 0
    outer loop
      vertex 5.11052 9.93378 62.5
      vertex 5.04925 9.62574 4
      vertex 5.04925 9.62574 62.5
    endloop
  endfacet
  facet normal -0.555582 0.831462 0
    outer loop
      vertex 6.91001 12.4106 4
      vertex 6.64886 12.2361 62.5
      vertex 6.91001 12.4106 62.5
    endloop
  endfacet
  facet normal -0.555582 0.831462 0
    outer loop
      vertex 6.64886 12.2361 62.5
      vertex 6.91001 12.4106 4
      vertex 6.64886 12.2361 4
    endloop
  endfacet
  facet normal -0.418679 0.908134 0
    outer loop
      vertex 7.46927 12.6955 4
      vertex 7.18404 12.564 62.5
      vertex 7.46927 12.6955 62.5
    endloop
  endfacet
  facet normal -0.418679 0.908134 0
    outer loop
      vertex 7.18404 12.564 62.5
      vertex 7.46927 12.6955 4
      vertex 7.18404 12.564 4
    endloop
  endfacet
  facet normal -0.619205 0.785229 0
    outer loop
      vertex 6.64886 12.2361 4
      vertex 6.40221 12.0416 62.5
      vertex 6.64886 12.2361 62.5
    endloop
  endfacet
  facet normal -0.619205 0.785229 0
    outer loop
      vertex 6.40221 12.0416 62.5
      vertex 6.64886 12.2361 4
      vertex 6.40221 12.0416 4
    endloop
  endfacet
  facet normal -0.271574 0.962417 0
    outer loop
      vertex 8.06622 12.8895 4
      vertex 7.76393 12.8042 62.5
      vertex 8.06622 12.8895 62.5
    endloop
  endfacet
  facet normal -0.271574 0.962417 0
    outer loop
      vertex 7.76393 12.8042 62.5
      vertex 8.06622 12.8895 4
      vertex 7.76393 12.8042 4
    endloop
  endfacet
  facet normal -0.117488 0.993074 0
    outer loop
      vertex 8.68616 12.9877 4
      vertex 8.37426 12.9508 62.5
      vertex 8.68616 12.9877 62.5
    endloop
  endfacet
  facet normal -0.117488 0.993074 0
    outer loop
      vertex 8.37426 12.9508 62.5
      vertex 8.68616 12.9877 4
      vertex 8.37426 12.9508 4
    endloop
  endfacet
  facet normal 0.271402 -0.962466 0
    outer loop
      vertex 9.93378 5.11052 4
      vertex 10.2361 5.19577 62.5
      vertex 9.93378 5.11052 62.5
    endloop
  endfacet
  facet normal 0.271402 -0.962466 0
    outer loop
      vertex 10.2361 5.19577 62.5
      vertex 9.93378 5.11052 4
      vertex 10.2361 5.19577 4
    endloop
  endfacet
  facet normal 0.488676 -0.872465 0
    outer loop
      vertex 10.816 5.43597 4
      vertex 11.09 5.58944 62.5
      vertex 10.816 5.43597 62.5
    endloop
  endfacet
  facet normal 0.488676 -0.872465 0
    outer loop
      vertex 11.09 5.58944 62.5
      vertex 10.816 5.43597 4
      vertex 11.09 5.58944 4
    endloop
  endfacet
  facet normal 0.785229 -0.619205 0
    outer loop
      vertex 12.0416 6.40221 62.5
      vertex 12.2361 6.64886 4
      vertex 12.2361 6.64886 62.5
    endloop
  endfacet
  facet normal 0.785229 -0.619205 0
    outer loop
      vertex 12.2361 6.64886 4
      vertex 12.0416 6.40221 62.5
      vertex 12.0416 6.40221 4
    endloop
  endfacet
  facet normal 0.908134 -0.418679 0
    outer loop
      vertex 12.564 7.18404 62.5
      vertex 12.6955 7.46927 4
      vertex 12.6955 7.46927 62.5
    endloop
  endfacet
  facet normal 0.908134 -0.418679 0
    outer loop
      vertex 12.6955 7.46927 4
      vertex 12.564 7.18404 62.5
      vertex 12.564 7.18404 4
    endloop
  endfacet
  facet normal -0.678781 -0.734341 0
    outer loop
      vertex 6.17157 6.17157 4
      vertex 6.40221 5.95838 62.5
      vertex 6.17157 6.17157 62.5
    endloop
  endfacet
  facet normal -0.678781 -0.734341 -0
    outer loop
      vertex 6.40221 5.95838 62.5
      vertex 6.17157 6.17157 4
      vertex 6.40221 5.95838 4
    endloop
  endfacet
  facet normal -0.346129 -0.938187 0
    outer loop
      vertex 7.46927 5.30448 4
      vertex 7.76393 5.19577 62.5
      vertex 7.46927 5.30448 62.5
    endloop
  endfacet
  facet normal -0.346129 -0.938187 -0
    outer loop
      vertex 7.76393 5.19577 62.5
      vertex 7.46927 5.30448 4
      vertex 7.76393 5.19577 4
    endloop
  endfacet
  facet normal -0.195081 -0.980787 0
    outer loop
      vertex 8.06622 5.11052 4
      vertex 8.37426 5.04925 62.5
      vertex 8.06622 5.11052 62.5
    endloop
  endfacet
  facet normal -0.195081 -0.980787 -0
    outer loop
      vertex 8.37426 5.04925 62.5
      vertex 8.06622 5.11052 4
      vertex 8.37426 5.04925 4
    endloop
  endfacet
  facet normal -0.908147 -0.418652 0
    outer loop
      vertex 5.43597 7.18404 4
      vertex 5.30448 7.46927 62.5
      vertex 5.30448 7.46927 4
    endloop
  endfacet
  facet normal -0.908147 -0.418652 0
    outer loop
      vertex 5.30448 7.46927 62.5
      vertex 5.43597 7.18404 4
      vertex 5.43597 7.18404 62.5
    endloop
  endfacet
  facet normal -0.785306 -0.619107 0
    outer loop
      vertex 5.95838 6.40221 4
      vertex 5.76393 6.64886 62.5
      vertex 5.76393 6.64886 4
    endloop
  endfacet
  facet normal -0.785306 -0.619107 0
    outer loop
      vertex 5.76393 6.64886 62.5
      vertex 5.95838 6.40221 4
      vertex 5.95838 6.40221 62.5
    endloop
  endfacet
  facet normal -0.962459 -0.271427 0
    outer loop
      vertex 5.19577 7.76393 4
      vertex 5.11052 8.06622 62.5
      vertex 5.11052 8.06622 4
    endloop
  endfacet
  facet normal -0.962459 -0.271427 0
    outer loop
      vertex 5.11052 8.06622 62.5
      vertex 5.19577 7.76393 4
      vertex 5.19577 7.76393 62.5
    endloop
  endfacet
  facet normal 0.980769 0.195173 0
    outer loop
      vertex 12.9508 9.62574 62.5
      vertex 12.8895 9.93378 4
      vertex 12.8895 9.93378 62.5
    endloop
  endfacet
  facet normal 0.980769 0.195173 0
    outer loop
      vertex 12.8895 9.93378 4
      vertex 12.9508 9.62574 62.5
      vertex 12.9508 9.62574 4
    endloop
  endfacet
  facet normal 0.993074 0.117488 0
    outer loop
      vertex 12.9877 9.31384 62.5
      vertex 12.9508 9.62574 4
      vertex 12.9508 9.62574 62.5
    endloop
  endfacet
  facet normal 0.993074 0.117488 0
    outer loop
      vertex 12.9508 9.62574 4
      vertex 12.9877 9.31384 62.5
      vertex 12.9877 9.31384 4
    endloop
  endfacet
  facet normal 0.78529 0.619128 0
    outer loop
      vertex 12.2361 11.3511 62.5
      vertex 12.0416 11.5978 4
      vertex 12.0416 11.5978 62.5
    endloop
  endfacet
  facet normal 0.78529 0.619128 0
    outer loop
      vertex 12.0416 11.5978 4
      vertex 12.2361 11.3511 62.5
      vertex 12.2361 11.3511 4
    endloop
  endfacet
  facet normal 0.734266 0.678862 0
    outer loop
      vertex 12.0416 11.5978 62.5
      vertex 11.8284 11.8284 4
      vertex 11.8284 11.8284 62.5
    endloop
  endfacet
  facet normal 0.734266 0.678862 0
    outer loop
      vertex 11.8284 11.8284 4
      vertex 12.0416 11.5978 62.5
      vertex 12.0416 11.5978 4
    endloop
  endfacet
  facet normal 0.555655 0.831413 -0
    outer loop
      vertex 11.3511 12.2361 4
      vertex 11.09 12.4106 62.5
      vertex 11.3511 12.2361 62.5
    endloop
  endfacet
  facet normal 0.555655 0.831413 0
    outer loop
      vertex 11.09 12.4106 62.5
      vertex 11.3511 12.2361 4
      vertex 11.09 12.4106 4
    endloop
  endfacet
  facet normal -0.872465 0.488676 0
    outer loop
      vertex 5.43597 10.816 4
      vertex 5.58944 11.09 62.5
      vertex 5.58944 11.09 4
    endloop
  endfacet
  facet normal -0.872465 0.488676 0
    outer loop
      vertex 5.58944 11.09 62.5
      vertex 5.43597 10.816 4
      vertex 5.43597 10.816 62.5
    endloop
  endfacet
  facet normal -0.831428 0.555633 0
    outer loop
      vertex 5.58944 11.09 4
      vertex 5.76393 11.3511 62.5
      vertex 5.76393 11.3511 4
    endloop
  endfacet
  facet normal -0.831428 0.555633 0
    outer loop
      vertex 5.76393 11.3511 62.5
      vertex 5.58944 11.09 4
      vertex 5.58944 11.09 62.5
    endloop
  endfacet
  facet normal -0.993067 0.117551 0
    outer loop
      vertex 5.01233 9.31384 4
      vertex 5.04925 9.62574 62.5
      vertex 5.04925 9.62574 4
    endloop
  endfacet
  facet normal -0.993067 0.117551 0
    outer loop
      vertex 5.04925 9.62574 62.5
      vertex 5.01233 9.31384 4
      vertex 5.01233 9.31384 62.5
    endloop
  endfacet
  facet normal 0 0 1
    outer loop
      vertex 10.5 9 62.5
      vertex 13 9 62.5
      vertex 12.9877 9.31384 62.5
    endloop
  endfacet
  facet normal 0 0 1
    outer loop
      vertex 10.4954 9.11769 62.5
      vertex 12.9877 9.31384 62.5
      vertex 12.9508 9.62574 62.5
    endloop
  endfacet
  facet normal 0 0 1
    outer loop
      vertex 13 9 62.5
      vertex 10.5 9 62.5
      vertex 12.9877 8.68616 62.5
    endloop
  endfacet
  facet normal 0 0 1
    outer loop
      vertex 10.4815 9.23465 62.5
      vertex 12.9508 9.62574 62.5
      vertex 12.8895 9.93378 62.5
    endloop
  endfacet
  facet normal -0 0 1
    outer loop
      vertex 10.4954 8.88231 62.5
      vertex 12.9877 8.68616 62.5
      vertex 10.5 9 62.5
    endloop
  endfacet
  facet normal 0 0 1
    outer loop
      vertex 10.4586 9.35017 62.5
      vertex 12.8895 9.93378 62.5
      vertex 12.8042 10.2361 62.5
    endloop
  endfacet
  facet normal 0 0 1
    outer loop
      vertex 12.9877 8.68616 62.5
      vertex 10.4954 8.88231 62.5
      vertex 12.9508 8.37426 62.5
    endloop
  endfacet
  facet normal 0 0 1
    outer loop
      vertex 10.4266 9.46352 62.5
      vertex 12.8042 10.2361 62.5
      vertex 12.6955 10.5307 62.5
    endloop
  endfacet
  facet normal -0 0 1
    outer loop
      vertex 10.4815 8.76535 62.5
      vertex 12.9508 8.37426 62.5
      vertex 10.4954 8.88231 62.5
    endloop
  endfacet
  facet normal 0 0 1
    outer loop
      vertex 10.3858 9.57402 62.5
      vertex 12.6955 10.5307 62.5
      vertex 12.564 10.816 62.5
    endloop
  endfacet
  facet normal 0 0 1
    outer loop
      vertex 12.9508 8.37426 62.5
      vertex 10.4815 8.76535 62.5
      vertex 12.8895 8.06622 62.5
    endloop
  endfacet
  facet normal 0 0 1
    outer loop
      vertex 10.3365 9.68099 62.5
      vertex 12.564 10.816 62.5
      vertex 12.4106 11.09 62.5
    endloop
  endfacet
  facet normal -0 0 1
    outer loop
      vertex 10.4586 8.64983 62.5
      vertex 12.8895 8.06622 62.5
      vertex 10.4815 8.76535 62.5
    endloop
  endfacet
  facet normal 0 0 1
    outer loop
      vertex 10.279 9.78375 62.5
      vertex 12.4106 11.09 62.5
      vertex 12.2361 11.3511 62.5
    endloop
  endfacet
  facet normal 0 0 1
    outer loop
      vertex 12.8895 8.06622 62.5
      vertex 10.4586 8.64983 62.5
      vertex 12.8042 7.76393 62.5
    endloop
  endfacet
  facet normal 0 0 1
    outer loop
      vertex 10.2135 9.88168 62.5
      vertex 12.2361 11.3511 62.5
      vertex 12.0416 11.5978 62.5
    endloop
  endfacet
  facet normal -0 0 1
    outer loop
      vertex 10.4266 8.53648 62.5
      vertex 12.8042 7.76393 62.5
      vertex 10.4586 8.64983 62.5
    endloop
  endfacet
  facet normal 0 0 1
    outer loop
      vertex 10.1406 9.97417 62.5
      vertex 12.0416 11.5978 62.5
      vertex 11.8284 11.8284 62.5
    endloop
  endfacet
  facet normal 0 0 1
    outer loop
      vertex 12.8042 7.76393 62.5
      vertex 10.4266 8.53648 62.5
      vertex 12.6955 7.46927 62.5
    endloop
  endfacet
  facet normal 0 0 1
    outer loop
      vertex 10.0607 10.0607 62.5
      vertex 11.8284 11.8284 62.5
      vertex 11.5978 12.0416 62.5
    endloop
  endfacet
  facet normal -0 0 1
    outer loop
      vertex 10.3858 8.42598 62.5
      vertex 12.6955 7.46927 62.5
      vertex 10.4266 8.53648 62.5
    endloop
  endfacet
  facet normal 0 0 1
    outer loop
      vertex 9.97417 10.1406 62.5
      vertex 11.5978 12.0416 62.5
      vertex 11.3511 12.2361 62.5
    endloop
  endfacet
  facet normal 0 0 1
    outer loop
      vertex 12.6955 7.46927 62.5
      vertex 10.3858 8.42598 62.5
      vertex 12.564 7.18404 62.5
    endloop
  endfacet
  facet normal 0 0 1
    outer loop
      vertex 9.88168 10.2135 62.5
      vertex 11.3511 12.2361 62.5
      vertex 11.09 12.4106 62.5
    endloop
  endfacet
  facet normal -0 0 1
    outer loop
      vertex 10.3365 8.31901 62.5
      vertex 12.564 7.18404 62.5
      vertex 10.3858 8.42598 62.5
    endloop
  endfacet
  facet normal 0 0 1
    outer loop
      vertex 9.78375 10.279 62.5
      vertex 11.09 12.4106 62.5
      vertex 10.816 12.564 62.5
    endloop
  endfacet
  facet normal 0 0 1
    outer loop
      vertex 12.564 7.18404 62.5
      vertex 10.3365 8.31901 62.5
      vertex 12.4106 6.91001 62.5
    endloop
  endfacet
  facet normal 0 0 1
    outer loop
      vertex 9.68099 10.3365 62.5
      vertex 10.816 12.564 62.5
      vertex 10.5307 12.6955 62.5
    endloop
  endfacet
  facet normal -0 0 1
    outer loop
      vertex 10.279 8.21625 62.5
      vertex 12.4106 6.91001 62.5
      vertex 10.3365 8.31901 62.5
    endloop
  endfacet
  facet normal 0 0 1
    outer loop
      vertex 12.4106 6.91001 62.5
      vertex 10.279 8.21625 62.5
      vertex 12.2361 6.64886 62.5
    endloop
  endfacet
  facet normal 0 0 1
    outer loop
      vertex 12.9877 9.31384 62.5
      vertex 10.4954 9.11769 62.5
      vertex 10.5 9 62.5
    endloop
  endfacet
  facet normal 0 0 1
    outer loop
      vertex 12.9508 9.62574 62.5
      vertex 10.4815 9.23465 62.5
      vertex 10.4954 9.11769 62.5
    endloop
  endfacet
  facet normal 0 0 1
    outer loop
      vertex 12.8895 9.93378 62.5
      vertex 10.4586 9.35017 62.5
      vertex 10.4815 9.23465 62.5
    endloop
  endfacet
  facet normal 0 0 1
    outer loop
      vertex 12.8042 10.2361 62.5
      vertex 10.4266 9.46352 62.5
      vertex 10.4586 9.35017 62.5
    endloop
  endfacet
  facet normal 0 0 1
    outer loop
      vertex 12.6955 10.5307 62.5
      vertex 10.3858 9.57402 62.5
      vertex 10.4266 9.46352 62.5
    endloop
  endfacet
  facet normal 0 0 1
    outer loop
      vertex 12.564 10.816 62.5
      vertex 10.3365 9.68099 62.5
      vertex 10.3858 9.57402 62.5
    endloop
  endfacet
  facet normal 0 0 1
    outer loop
      vertex 12.4106 11.09 62.5
      vertex 10.279 9.78375 62.5
      vertex 10.3365 9.68099 62.5
    endloop
  endfacet
  facet normal 0 0 1
    outer loop
      vertex 9.57402 10.3858 62.5
      vertex 10.5307 12.6955 62.5
      vertex 10.2361 12.8042 62.5
    endloop
  endfacet
  facet normal 0 0 1
    outer loop
      vertex 12.2361 11.3511 62.5
      vertex 10.2135 9.88168 62.5
      vertex 10.279 9.78375 62.5
    endloop
  endfacet
  facet normal 0 0 1
    outer loop
      vertex 12.0416 11.5978 62.5
      vertex 10.1406 9.97417 62.5
      vertex 10.2135 9.88168 62.5
    endloop
  endfacet
  facet normal 0 0 1
    outer loop
      vertex 11.8284 11.8284 62.5
      vertex 10.0607 10.0607 62.5
      vertex 10.1406 9.97417 62.5
    endloop
  endfacet
  facet normal 0 0 1
    outer loop
      vertex 11.5978 12.0416 62.5
      vertex 9.97417 10.1406 62.5
      vertex 10.0607 10.0607 62.5
    endloop
  endfacet
  facet normal 0 0 1
    outer loop
      vertex 9.46352 10.4266 62.5
      vertex 10.2361 12.8042 62.5
      vertex 9.93378 12.8895 62.5
    endloop
  endfacet
  facet normal 0 0 1
    outer loop
      vertex 11.3511 12.2361 62.5
      vertex 9.88168 10.2135 62.5
      vertex 9.97417 10.1406 62.5
    endloop
  endfacet
  facet normal 0 0 1
    outer loop
      vertex 11.09 12.4106 62.5
      vertex 9.78375 10.279 62.5
      vertex 9.88168 10.2135 62.5
    endloop
  endfacet
  facet normal 0 0 1
    outer loop
      vertex 10.816 12.564 62.5
      vertex 9.68099 10.3365 62.5
      vertex 9.78375 10.279 62.5
    endloop
  endfacet
  facet normal 0 0 1
    outer loop
      vertex 9.35017 10.4586 62.5
      vertex 9.93378 12.8895 62.5
      vertex 9.62574 12.9508 62.5
    endloop
  endfacet
  facet normal 0 0 1
    outer loop
      vertex 10.5307 12.6955 62.5
      vertex 9.57402 10.3858 62.5
      vertex 9.68099 10.3365 62.5
    endloop
  endfacet
  facet normal 0 0 1
    outer loop
      vertex 10.2361 12.8042 62.5
      vertex 9.46352 10.4266 62.5
      vertex 9.57402 10.3858 62.5
    endloop
  endfacet
  facet normal 0 0 1
    outer loop
      vertex 9.93378 12.8895 62.5
      vertex 9.35017 10.4586 62.5
      vertex 9.46352 10.4266 62.5
    endloop
  endfacet
  facet normal 0 0 1
    outer loop
      vertex 9.23465 10.4815 62.5
      vertex 9.62574 12.9508 62.5
      vertex 9.31384 12.9877 62.5
    endloop
  endfacet
  facet normal 0 0 1
    outer loop
      vertex 9.62574 12.9508 62.5
      vertex 9.23465 10.4815 62.5
      vertex 9.35017 10.4586 62.5
    endloop
  endfacet
  facet normal 0 0 1
    outer loop
      vertex 9.31384 12.9877 62.5
      vertex 9.11769 10.4954 62.5
      vertex 9.23465 10.4815 62.5
    endloop
  endfacet
  facet normal 0 0 1
    outer loop
      vertex 9 13 62.5
      vertex 9.11769 10.4954 62.5
      vertex 9.31384 12.9877 62.5
    endloop
  endfacet
  facet normal 0 0 1
    outer loop
      vertex 9 13 62.5
      vertex 9 10.5 62.5
      vertex 9.11769 10.4954 62.5
    endloop
  endfacet
  facet normal 0 0 1
    outer loop
      vertex 9 13 62.5
      vertex 8.88231 10.4954 62.5
      vertex 9 10.5 62.5
    endloop
  endfacet
  facet normal -0 0 1
    outer loop
      vertex 8.68616 12.9877 62.5
      vertex 8.88231 10.4954 62.5
      vertex 9 13 62.5
    endloop
  endfacet
  facet normal 0 0 1
    outer loop
      vertex 8.88231 10.4954 62.5
      vertex 8.68616 12.9877 62.5
      vertex 8.76535 10.4815 62.5
    endloop
  endfacet
  facet normal -0 0 1
    outer loop
      vertex 8.37426 12.9508 62.5
      vertex 8.76535 10.4815 62.5
      vertex 8.68616 12.9877 62.5
    endloop
  endfacet
  facet normal 0 0 1
    outer loop
      vertex 8.76535 10.4815 62.5
      vertex 8.37426 12.9508 62.5
      vertex 8.64983 10.4586 62.5
    endloop
  endfacet
  facet normal -0 0 1
    outer loop
      vertex 8.06622 12.8895 62.5
      vertex 8.64983 10.4586 62.5
      vertex 8.37426 12.9508 62.5
    endloop
  endfacet
  facet normal 0 0 1
    outer loop
      vertex 8.64983 10.4586 62.5
      vertex 8.06622 12.8895 62.5
      vertex 8.53648 10.4266 62.5
    endloop
  endfacet
  facet normal -0 0 1
    outer loop
      vertex 7.76393 12.8042 62.5
      vertex 8.53648 10.4266 62.5
      vertex 8.06622 12.8895 62.5
    endloop
  endfacet
  facet normal 0 0 1
    outer loop
      vertex 8.53648 10.4266 62.5
      vertex 7.76393 12.8042 62.5
      vertex 8.42598 10.3858 62.5
    endloop
  endfacet
  facet normal -0 0 1
    outer loop
      vertex 7.46927 12.6955 62.5
      vertex 8.42598 10.3858 62.5
      vertex 7.76393 12.8042 62.5
    endloop
  endfacet
  facet normal 0 0 1
    outer loop
      vertex 8.42598 10.3858 62.5
      vertex 7.46927 12.6955 62.5
      vertex 8.31901 10.3365 62.5
    endloop
  endfacet
  facet normal -0 0 1
    outer loop
      vertex 7.18404 12.564 62.5
      vertex 8.31901 10.3365 62.5
      vertex 7.46927 12.6955 62.5
    endloop
  endfacet
  facet normal 0 0 1
    outer loop
      vertex 8.31901 10.3365 62.5
      vertex 7.18404 12.564 62.5
      vertex 8.21625 10.279 62.5
    endloop
  endfacet
  facet normal -0 0 1
    outer loop
      vertex 6.91001 12.4106 62.5
      vertex 8.21625 10.279 62.5
      vertex 7.18404 12.564 62.5
    endloop
  endfacet
  facet normal 0 0 1
    outer loop
      vertex 8.21625 10.279 62.5
      vertex 6.91001 12.4106 62.5
      vertex 8.11832 10.2135 62.5
    endloop
  endfacet
  facet normal -0 0 1
    outer loop
      vertex 6.64886 12.2361 62.5
      vertex 8.11832 10.2135 62.5
      vertex 6.91001 12.4106 62.5
    endloop
  endfacet
  facet normal 0 0 1
    outer loop
      vertex 8.11832 10.2135 62.5
      vertex 6.64886 12.2361 62.5
      vertex 8.02583 10.1406 62.5
    endloop
  endfacet
  facet normal -0 0 1
    outer loop
      vertex 6.40221 12.0416 62.5
      vertex 8.02583 10.1406 62.5
      vertex 6.64886 12.2361 62.5
    endloop
  endfacet
  facet normal 0 0 1
    outer loop
      vertex 8.02583 10.1406 62.5
      vertex 6.40221 12.0416 62.5
      vertex 7.93934 10.0607 62.5
    endloop
  endfacet
  facet normal -0 0 1
    outer loop
      vertex 6.17157 11.8284 62.5
      vertex 7.93934 10.0607 62.5
      vertex 6.40221 12.0416 62.5
    endloop
  endfacet
  facet normal 0 0 1
    outer loop
      vertex 7.93934 10.0607 62.5
      vertex 6.17157 11.8284 62.5
      vertex 7.85939 9.97417 62.5
    endloop
  endfacet
  facet normal -0 0 1
    outer loop
      vertex 5.95838 11.5978 62.5
      vertex 7.85939 9.97417 62.5
      vertex 6.17157 11.8284 62.5
    endloop
  endfacet
  facet normal 0 0 1
    outer loop
      vertex 7.85939 9.97417 62.5
      vertex 5.95838 11.5978 62.5
      vertex 7.78648 9.88168 62.5
    endloop
  endfacet
  facet normal 0 0 1
    outer loop
      vertex 7.78648 9.88168 62.5
      vertex 5.76393 11.3511 62.5
      vertex 7.72104 9.78375 62.5
    endloop
  endfacet
  facet normal -0 0 1
    outer loop
      vertex 5.76393 11.3511 62.5
      vertex 7.78648 9.88168 62.5
      vertex 5.95838 11.5978 62.5
    endloop
  endfacet
  facet normal -0 0 1
    outer loop
      vertex 10.2135 8.11832 62.5
      vertex 12.2361 6.64886 62.5
      vertex 10.279 8.21625 62.5
    endloop
  endfacet
  facet normal 0 0 1
    outer loop
      vertex 12.2361 6.64886 62.5
      vertex 10.2135 8.11832 62.5
      vertex 12.0416 6.40221 62.5
    endloop
  endfacet
  facet normal -0 0 1
    outer loop
      vertex 10.1406 8.02583 62.5
      vertex 12.0416 6.40221 62.5
      vertex 10.2135 8.11832 62.5
    endloop
  endfacet
  facet normal 0 0 1
    outer loop
      vertex 12.0416 6.40221 62.5
      vertex 10.1406 8.02583 62.5
      vertex 11.8284 6.17157 62.5
    endloop
  endfacet
  facet normal -0 0 1
    outer loop
      vertex 10.0607 7.93934 62.5
      vertex 11.8284 6.17157 62.5
      vertex 10.1406 8.02583 62.5
    endloop
  endfacet
  facet normal 0 0 1
    outer loop
      vertex 11.8284 6.17157 62.5
      vertex 10.0607 7.93934 62.5
      vertex 11.5978 5.95838 62.5
    endloop
  endfacet
  facet normal -0 0 1
    outer loop
      vertex 9.97417 7.85939 62.5
      vertex 11.5978 5.95838 62.5
      vertex 10.0607 7.93934 62.5
    endloop
  endfacet
  facet normal 0 0 1
    outer loop
      vertex 11.5978 5.95838 62.5
      vertex 9.97417 7.85939 62.5
      vertex 11.3511 5.76393 62.5
    endloop
  endfacet
  facet normal -0 0 1
    outer loop
      vertex 9.88168 7.78648 62.5
      vertex 11.3511 5.76393 62.5
      vertex 9.97417 7.85939 62.5
    endloop
  endfacet
  facet normal 0 0 1
    outer loop
      vertex 11.3511 5.76393 62.5
      vertex 9.88168 7.78648 62.5
      vertex 11.09 5.58944 62.5
    endloop
  endfacet
  facet normal -0 0 1
    outer loop
      vertex 9.78375 7.72104 62.5
      vertex 11.09 5.58944 62.5
      vertex 9.88168 7.78648 62.5
    endloop
  endfacet
  facet normal 0 0 1
    outer loop
      vertex 11.09 5.58944 62.5
      vertex 9.78375 7.72104 62.5
      vertex 10.816 5.43597 62.5
    endloop
  endfacet
  facet normal -0 0 1
    outer loop
      vertex 9.68099 7.66349 62.5
      vertex 10.816 5.43597 62.5
      vertex 9.78375 7.72104 62.5
    endloop
  endfacet
  facet normal 0 0 1
    outer loop
      vertex 10.816 5.43597 62.5
      vertex 9.68099 7.66349 62.5
      vertex 10.5307 5.30448 62.5
    endloop
  endfacet
  facet normal -0 0 1
    outer loop
      vertex 9.57402 7.61418 62.5
      vertex 10.5307 5.30448 62.5
      vertex 9.68099 7.66349 62.5
    endloop
  endfacet
  facet normal 0 0 1
    outer loop
      vertex 10.5307 5.30448 62.5
      vertex 9.57402 7.61418 62.5
      vertex 10.2361 5.19577 62.5
    endloop
  endfacet
  facet normal -0 0 1
    outer loop
      vertex 9.46352 7.57342 62.5
      vertex 10.2361 5.19577 62.5
      vertex 9.57402 7.61418 62.5
    endloop
  endfacet
  facet normal 0 0 1
    outer loop
      vertex 10.2361 5.19577 62.5
      vertex 9.46352 7.57342 62.5
      vertex 9.93378 5.11052 62.5
    endloop
  endfacet
  facet normal -0 0 1
    outer loop
      vertex 9.35017 7.54145 62.5
      vertex 9.93378 5.11052 62.5
      vertex 9.46352 7.57342 62.5
    endloop
  endfacet
  facet normal 0 0 1
    outer loop
      vertex 9.93378 5.11052 62.5
      vertex 9.35017 7.54145 62.5
      vertex 9.62574 5.04925 62.5
    endloop
  endfacet
  facet normal -0 0 1
    outer loop
      vertex 9.23465 7.51847 62.5
      vertex 9.62574 5.04925 62.5
      vertex 9.35017 7.54145 62.5
    endloop
  endfacet
  facet normal 0 0 1
    outer loop
      vertex 9.62574 5.04925 62.5
      vertex 9.23465 7.51847 62.5
      vertex 9.31384 5.01233 62.5
    endloop
  endfacet
  facet normal -0 0 1
    outer loop
      vertex 9.11769 7.50462 62.5
      vertex 9.31384 5.01233 62.5
      vertex 9.23465 7.51847 62.5
    endloop
  endfacet
  facet normal -0 0 1
    outer loop
      vertex 9 7.5 62.5
      vertex 9.31384 5.01233 62.5
      vertex 9.11769 7.50462 62.5
    endloop
  endfacet
  facet normal 0 0 1
    outer loop
      vertex 9 7.5 62.5
      vertex 9 5 62.5
      vertex 9.31384 5.01233 62.5
    endloop
  endfacet
  facet normal 0 0 1
    outer loop
      vertex 8.88231 7.50462 62.5
      vertex 9 5 62.5
      vertex 9 7.5 62.5
    endloop
  endfacet
  facet normal 0 0 1
    outer loop
      vertex 8.68616 5.01233 62.5
      vertex 8.88231 7.50462 62.5
      vertex 8.76535 7.51847 62.5
    endloop
  endfacet
  facet normal 0 0 1
    outer loop
      vertex 8.88231 7.50462 62.5
      vertex 8.68616 5.01233 62.5
      vertex 9 5 62.5
    endloop
  endfacet
  facet normal 0 0 1
    outer loop
      vertex 8.37426 5.04925 62.5
      vertex 8.76535 7.51847 62.5
      vertex 8.64983 7.54145 62.5
    endloop
  endfacet
  facet normal 0 0 1
    outer loop
      vertex 8.06622 5.11052 62.5
      vertex 8.64983 7.54145 62.5
      vertex 8.53648 7.57342 62.5
    endloop
  endfacet
  facet normal 0 0 1
    outer loop
      vertex 7.76393 5.19577 62.5
      vertex 8.53648 7.57342 62.5
      vertex 8.42598 7.61418 62.5
    endloop
  endfacet
  facet normal 0 0 1
    outer loop
      vertex 8.76535 7.51847 62.5
      vertex 8.37426 5.04925 62.5
      vertex 8.68616 5.01233 62.5
    endloop
  endfacet
  facet normal 0 0 1
    outer loop
      vertex 7.46927 5.30448 62.5
      vertex 8.42598 7.61418 62.5
      vertex 8.31901 7.66349 62.5
    endloop
  endfacet
  facet normal 0 0 1
    outer loop
      vertex 7.18404 5.43597 62.5
      vertex 8.31901 7.66349 62.5
      vertex 8.21625 7.72104 62.5
    endloop
  endfacet
  facet normal 0 0 1
    outer loop
      vertex 6.91001 5.58944 62.5
      vertex 8.21625 7.72104 62.5
      vertex 8.11832 7.78648 62.5
    endloop
  endfacet
  facet normal 0 0 1
    outer loop
      vertex 8.64983 7.54145 62.5
      vertex 8.06622 5.11052 62.5
      vertex 8.37426 5.04925 62.5
    endloop
  endfacet
  facet normal 0 0 1
    outer loop
      vertex 6.64886 5.76393 62.5
      vertex 8.11832 7.78648 62.5
      vertex 8.02583 7.85939 62.5
    endloop
  endfacet
  facet normal 0 0 1
    outer loop
      vertex 6.40221 5.95838 62.5
      vertex 8.02583 7.85939 62.5
      vertex 7.93934 7.93934 62.5
    endloop
  endfacet
  facet normal 0 0 1
    outer loop
      vertex 6.17157 6.17157 62.5
      vertex 7.93934 7.93934 62.5
      vertex 7.85939 8.02583 62.5
    endloop
  endfacet
  facet normal 0 0 1
    outer loop
      vertex 5.95838 6.40221 62.5
      vertex 7.85939 8.02583 62.5
      vertex 7.78648 8.11832 62.5
    endloop
  endfacet
  facet normal 0 0 1
    outer loop
      vertex 8.53648 7.57342 62.5
      vertex 7.76393 5.19577 62.5
      vertex 8.06622 5.11052 62.5
    endloop
  endfacet
  facet normal 0 0 1
    outer loop
      vertex 5.76393 6.64886 62.5
      vertex 7.78648 8.11832 62.5
      vertex 7.72104 8.21625 62.5
    endloop
  endfacet
  facet normal 0 0 1
    outer loop
      vertex 5.58944 6.91001 62.5
      vertex 7.72104 8.21625 62.5
      vertex 7.66349 8.31901 62.5
    endloop
  endfacet
  facet normal 0 0 1
    outer loop
      vertex 5.43597 7.18404 62.5
      vertex 7.66349 8.31901 62.5
      vertex 7.61418 8.42598 62.5
    endloop
  endfacet
  facet normal 0 0 1
    outer loop
      vertex 5.30448 7.46927 62.5
      vertex 7.61418 8.42598 62.5
      vertex 7.57342 8.53648 62.5
    endloop
  endfacet
  facet normal 0 0 1
    outer loop
      vertex 5.19577 7.76393 62.5
      vertex 7.57342 8.53648 62.5
      vertex 7.54145 8.64983 62.5
    endloop
  endfacet
  facet normal 0 0 1
    outer loop
      vertex 5.11052 8.06622 62.5
      vertex 7.54145 8.64983 62.5
      vertex 7.51847 8.76535 62.5
    endloop
  endfacet
  facet normal 0 0 1
    outer loop
      vertex 5.04925 8.37426 62.5
      vertex 7.51847 8.76535 62.5
      vertex 7.50462 8.88231 62.5
    endloop
  endfacet
  facet normal 0 0 1
    outer loop
      vertex 8.42598 7.61418 62.5
      vertex 7.46927 5.30448 62.5
      vertex 7.76393 5.19577 62.5
    endloop
  endfacet
  facet normal 0 0 1
    outer loop
      vertex 5.01233 8.68616 62.5
      vertex 7.50462 8.88231 62.5
      vertex 7.5 9 62.5
    endloop
  endfacet
  facet normal -0 0 1
    outer loop
      vertex 5.58944 11.09 62.5
      vertex 7.72104 9.78375 62.5
      vertex 5.76393 11.3511 62.5
    endloop
  endfacet
  facet normal 0 0 1
    outer loop
      vertex 7.72104 9.78375 62.5
      vertex 5.58944 11.09 62.5
      vertex 7.66349 9.68099 62.5
    endloop
  endfacet
  facet normal 0 0 1
    outer loop
      vertex 8.31901 7.66349 62.5
      vertex 7.18404 5.43597 62.5
      vertex 7.46927 5.30448 62.5
    endloop
  endfacet
  facet normal -0 0 1
    outer loop
      vertex 5.43597 10.816 62.5
      vertex 7.66349 9.68099 62.5
      vertex 5.58944 11.09 62.5
    endloop
  endfacet
  facet normal 0 0 1
    outer loop
      vertex 8.21625 7.72104 62.5
      vertex 6.91001 5.58944 62.5
      vertex 7.18404 5.43597 62.5
    endloop
  endfacet
  facet normal 0 0 1
    outer loop
      vertex 7.66349 9.68099 62.5
      vertex 5.43597 10.816 62.5
      vertex 7.61418 9.57402 62.5
    endloop
  endfacet
  facet normal 0 0 1
    outer loop
      vertex 8.11832 7.78648 62.5
      vertex 6.64886 5.76393 62.5
      vertex 6.91001 5.58944 62.5
    endloop
  endfacet
  facet normal -0 0 1
    outer loop
      vertex 5.30448 10.5307 62.5
      vertex 7.61418 9.57402 62.5
      vertex 5.43597 10.816 62.5
    endloop
  endfacet
  facet normal 0 0 1
    outer loop
      vertex 8.02583 7.85939 62.5
      vertex 6.40221 5.95838 62.5
      vertex 6.64886 5.76393 62.5
    endloop
  endfacet
  facet normal 0 0 1
    outer loop
      vertex 7.61418 9.57402 62.5
      vertex 5.30448 10.5307 62.5
      vertex 7.57342 9.46352 62.5
    endloop
  endfacet
  facet normal 0 0 1
    outer loop
      vertex 7.93934 7.93934 62.5
      vertex 6.17157 6.17157 62.5
      vertex 6.40221 5.95838 62.5
    endloop
  endfacet
  facet normal -0 0 1
    outer loop
      vertex 5.19577 10.2361 62.5
      vertex 7.57342 9.46352 62.5
      vertex 5.30448 10.5307 62.5
    endloop
  endfacet
  facet normal 0 0 1
    outer loop
      vertex 7.85939 8.02583 62.5
      vertex 5.95838 6.40221 62.5
      vertex 6.17157 6.17157 62.5
    endloop
  endfacet
  facet normal 0 0 1
    outer loop
      vertex 7.57342 9.46352 62.5
      vertex 5.19577 10.2361 62.5
      vertex 7.54145 9.35017 62.5
    endloop
  endfacet
  facet normal 0 0 1
    outer loop
      vertex 7.78648 8.11832 62.5
      vertex 5.76393 6.64886 62.5
      vertex 5.95838 6.40221 62.5
    endloop
  endfacet
  facet normal -0 0 1
    outer loop
      vertex 5.11052 9.93378 62.5
      vertex 7.54145 9.35017 62.5
      vertex 5.19577 10.2361 62.5
    endloop
  endfacet
  facet normal 0 0 1
    outer loop
      vertex 7.72104 8.21625 62.5
      vertex 5.58944 6.91001 62.5
      vertex 5.76393 6.64886 62.5
    endloop
  endfacet
  facet normal 0 0 1
    outer loop
      vertex 7.54145 9.35017 62.5
      vertex 5.11052 9.93378 62.5
      vertex 7.51847 9.23465 62.5
    endloop
  endfacet
  facet normal 0 0 1
    outer loop
      vertex 7.66349 8.31901 62.5
      vertex 5.43597 7.18404 62.5
      vertex 5.58944 6.91001 62.5
    endloop
  endfacet
  facet normal -0 0 1
    outer loop
      vertex 5.04925 9.62574 62.5
      vertex 7.51847 9.23465 62.5
      vertex 5.11052 9.93378 62.5
    endloop
  endfacet
  facet normal 0 0 1
    outer loop
      vertex 7.61418 8.42598 62.5
      vertex 5.30448 7.46927 62.5
      vertex 5.43597 7.18404 62.5
    endloop
  endfacet
  facet normal 0 0 1
    outer loop
      vertex 7.51847 9.23465 62.5
      vertex 5.04925 9.62574 62.5
      vertex 7.50462 9.11769 62.5
    endloop
  endfacet
  facet normal 0 0 1
    outer loop
      vertex 7.57342 8.53648 62.5
      vertex 5.19577 7.76393 62.5
      vertex 5.30448 7.46927 62.5
    endloop
  endfacet
  facet normal -0 0 1
    outer loop
      vertex 5.01233 9.31384 62.5
      vertex 7.50462 9.11769 62.5
      vertex 5.04925 9.62574 62.5
    endloop
  endfacet
  facet normal 0 0 1
    outer loop
      vertex 7.54145 8.64983 62.5
      vertex 5.11052 8.06622 62.5
      vertex 5.19577 7.76393 62.5
    endloop
  endfacet
  facet normal 0 0 1
    outer loop
      vertex 7.50462 9.11769 62.5
      vertex 5.01233 9.31384 62.5
      vertex 7.5 9 62.5
    endloop
  endfacet
  facet normal 0 0 1
    outer loop
      vertex 7.51847 8.76535 62.5
      vertex 5.04925 8.37426 62.5
      vertex 5.11052 8.06622 62.5
    endloop
  endfacet
  facet normal 0 0 1
    outer loop
      vertex 5 9 62.5
      vertex 7.5 9 62.5
      vertex 5.01233 9.31384 62.5
    endloop
  endfacet
  facet normal 0 0 1
    outer loop
      vertex 7.50462 8.88231 62.5
      vertex 5.01233 8.68616 62.5
      vertex 5.04925 8.37426 62.5
    endloop
  endfacet
  facet normal 0 0 1
    outer loop
      vertex 7.5 9 62.5
      vertex 5 9 62.5
      vertex 5.01233 8.68616 62.5
    endloop
  endfacet
  facet normal -0.488466 0.872583 0
    outer loop
      vertex 7.18404 12.564 4
      vertex 6.91001 12.4106 62.5
      vertex 7.18404 12.564 62.5
    endloop
  endfacet
  facet normal -0.488466 0.872583 0
    outer loop
      vertex 6.91001 12.4106 62.5
      vertex 7.18404 12.564 4
      vertex 6.91001 12.4106 4
    endloop
  endfacet
  facet normal -0.0391619 0.999233 0
    outer loop
      vertex 9 13 4
      vertex 8.68616 12.9877 62.5
      vertex 9 13 62.5
    endloop
  endfacet
  facet normal -0.0391619 0.999233 0
    outer loop
      vertex 8.68616 12.9877 62.5
      vertex 9 13 4
      vertex 8.68616 12.9877 4
    endloop
  endfacet
  facet normal 0.999233 -0.0391619 0
    outer loop
      vertex 12.9877 8.68616 62.5
      vertex 13 9 4
      vertex 13 9 62.5
    endloop
  endfacet
  facet normal 0.999233 -0.0391619 0
    outer loop
      vertex 13 9 4
      vertex 12.9877 8.68616 62.5
      vertex 12.9877 8.68616 4
    endloop
  endfacet
  facet normal 0.0392572 -0.999229 0
    outer loop
      vertex 9 5 4
      vertex 9.31384 5.01233 62.5
      vertex 9 5 62.5
    endloop
  endfacet
  facet normal 0.0392572 -0.999229 0
    outer loop
      vertex 9.31384 5.01233 62.5
      vertex 9 5 4
      vertex 9.31384 5.01233 4
    endloop
  endfacet
  facet normal 0.195081 -0.980787 0
    outer loop
      vertex 9.62574 5.04925 4
      vertex 9.93378 5.11052 62.5
      vertex 9.62574 5.04925 62.5
    endloop
  endfacet
  facet normal 0.195081 -0.980787 0
    outer loop
      vertex 9.93378 5.11052 62.5
      vertex 9.62574 5.04925 4
      vertex 9.93378 5.11052 4
    endloop
  endfacet
  facet normal 0.346191 -0.938164 0
    outer loop
      vertex 10.2361 5.19577 4
      vertex 10.5307 5.30448 62.5
      vertex 10.2361 5.19577 62.5
    endloop
  endfacet
  facet normal 0.346191 -0.938164 0
    outer loop
      vertex 10.5307 5.30448 62.5
      vertex 10.2361 5.19577 4
      vertex 10.5307 5.30448 4
    endloop
  endfacet
  facet normal 0.61903 -0.785367 0
    outer loop
      vertex 11.3511 5.76393 4
      vertex 11.5978 5.95838 62.5
      vertex 11.3511 5.76393 62.5
    endloop
  endfacet
  facet normal 0.61903 -0.785367 0
    outer loop
      vertex 11.5978 5.95838 62.5
      vertex 11.3511 5.76393 4
      vertex 11.5978 5.95838 4
    endloop
  endfacet
  facet normal 0.734325 -0.678798 0
    outer loop
      vertex 11.8284 6.17157 62.5
      vertex 12.0416 6.40221 4
      vertex 12.0416 6.40221 62.5
    endloop
  endfacet
  facet normal 0.734325 -0.678798 0
    outer loop
      vertex 12.0416 6.40221 4
      vertex 11.8284 6.17157 62.5
      vertex 11.8284 6.17157 4
    endloop
  endfacet
  facet normal 0.555633 -0.831428 0
    outer loop
      vertex 11.09 5.58944 4
      vertex 11.3511 5.76393 62.5
      vertex 11.09 5.58944 62.5
    endloop
  endfacet
  facet normal 0.555633 -0.831428 0
    outer loop
      vertex 11.3511 5.76393 62.5
      vertex 11.09 5.58944 4
      vertex 11.3511 5.76393 4
    endloop
  endfacet
  facet normal 0.831462 -0.555582 0
    outer loop
      vertex 12.2361 6.64886 62.5
      vertex 12.4106 6.91001 4
      vertex 12.4106 6.91001 62.5
    endloop
  endfacet
  facet normal 0.831462 -0.555582 0
    outer loop
      vertex 12.4106 6.91001 4
      vertex 12.2361 6.64886 62.5
      vertex 12.2361 6.64886 4
    endloop
  endfacet
  facet normal 0.980769 -0.195173 0
    outer loop
      vertex 12.8895 8.06622 62.5
      vertex 12.9508 8.37426 4
      vertex 12.9508 8.37426 62.5
    endloop
  endfacet
  facet normal 0.980769 -0.195173 0
    outer loop
      vertex 12.9508 8.37426 4
      vertex 12.8895 8.06622 62.5
      vertex 12.8895 8.06622 4
    endloop
  endfacet
  facet normal 0.962417 -0.271574 0
    outer loop
      vertex 12.8042 7.76393 62.5
      vertex 12.8895 8.06622 4
      vertex 12.8895 8.06622 62.5
    endloop
  endfacet
  facet normal 0.962417 -0.271574 0
    outer loop
      vertex 12.8895 8.06622 4
      vertex 12.8042 7.76393 62.5
      vertex 12.8042 7.76393 4
    endloop
  endfacet
  facet normal 0.993074 -0.117488 0
    outer loop
      vertex 12.9508 8.37426 62.5
      vertex 12.9877 8.68616 4
      vertex 12.9877 8.68616 62.5
    endloop
  endfacet
  facet normal 0.993074 -0.117488 0
    outer loop
      vertex 12.9877 8.68616 4
      vertex 12.9508 8.37426 62.5
      vertex 12.9508 8.37426 4
    endloop
  endfacet
  facet normal -0.619107 -0.785306 0
    outer loop
      vertex 6.40221 5.95838 4
      vertex 6.64886 5.76393 62.5
      vertex 6.40221 5.95838 62.5
    endloop
  endfacet
  facet normal -0.619107 -0.785306 -0
    outer loop
      vertex 6.64886 5.76393 62.5
      vertex 6.40221 5.95838 4
      vertex 6.64886 5.76393 4
    endloop
  endfacet
  facet normal -0.418652 -0.908147 0
    outer loop
      vertex 7.18404 5.43597 4
      vertex 7.46927 5.30448 62.5
      vertex 7.18404 5.43597 62.5
    endloop
  endfacet
  facet normal -0.418652 -0.908147 -0
    outer loop
      vertex 7.46927 5.30448 62.5
      vertex 7.18404 5.43597 4
      vertex 7.46927 5.30448 4
    endloop
  endfacet
  facet normal -0.55556 -0.831477 0
    outer loop
      vertex 6.64886 5.76393 4
      vertex 6.91001 5.58944 62.5
      vertex 6.64886 5.76393 62.5
    endloop
  endfacet
  facet normal -0.55556 -0.831477 -0
    outer loop
      vertex 6.91001 5.58944 62.5
      vertex 6.64886 5.76393 4
      vertex 6.91001 5.58944 4
    endloop
  endfacet
  facet normal -0.271427 -0.962459 0
    outer loop
      vertex 7.76393 5.19577 4
      vertex 8.06622 5.11052 62.5
      vertex 7.76393 5.19577 62.5
    endloop
  endfacet
  facet normal -0.271427 -0.962459 -0
    outer loop
      vertex 8.06622 5.11052 62.5
      vertex 7.76393 5.19577 4
      vertex 8.06622 5.11052 4
    endloop
  endfacet
  facet normal -0.117551 -0.993067 0
    outer loop
      vertex 8.37426 5.04925 4
      vertex 8.68616 5.01233 62.5
      vertex 8.37426 5.04925 62.5
    endloop
  endfacet
  facet normal -0.117551 -0.993067 -0
    outer loop
      vertex 8.68616 5.01233 62.5
      vertex 8.37426 5.04925 4
      vertex 8.68616 5.01233 4
    endloop
  endfacet
  facet normal -0.872488 -0.488635 0
    outer loop
      vertex 5.58944 6.91001 4
      vertex 5.43597 7.18404 62.5
      vertex 5.43597 7.18404 4
    endloop
  endfacet
  facet normal -0.872488 -0.488635 0
    outer loop
      vertex 5.43597 7.18404 62.5
      vertex 5.58944 6.91001 4
      vertex 5.58944 6.91001 62.5
    endloop
  endfacet
  facet normal -0.980787 -0.195081 0
    outer loop
      vertex 5.11052 8.06622 4
      vertex 5.04925 8.37426 62.5
      vertex 5.04925 8.37426 4
    endloop
  endfacet
  facet normal -0.980787 -0.195081 0
    outer loop
      vertex 5.04925 8.37426 62.5
      vertex 5.11052 8.06622 4
      vertex 5.11052 8.06622 62.5
    endloop
  endfacet
  facet normal -0.999229 -0.0392572 0
    outer loop
      vertex 5.01233 8.68616 4
      vertex 5 9 62.5
      vertex 5 9 4
    endloop
  endfacet
  facet normal -0.999229 -0.0392572 0
    outer loop
      vertex 5 9 62.5
      vertex 5.01233 8.68616 4
      vertex 5.01233 8.68616 62.5
    endloop
  endfacet
  facet normal 0.117551 -0.993067 0
    outer loop
      vertex 9.31384 5.01233 4
      vertex 9.62574 5.04925 62.5
      vertex 9.31384 5.01233 62.5
    endloop
  endfacet
  facet normal 0.117551 -0.993067 0
    outer loop
      vertex 9.62574 5.04925 62.5
      vertex 9.31384 5.01233 4
      vertex 9.62574 5.04925 4
    endloop
  endfacet
  facet normal 0.678845 -0.734282 0
    outer loop
      vertex 11.5978 5.95838 4
      vertex 11.8284 6.17157 62.5
      vertex 11.5978 5.95838 62.5
    endloop
  endfacet
  facet normal 0.678845 -0.734282 0
    outer loop
      vertex 11.8284 6.17157 62.5
      vertex 11.5978 5.95838 4
      vertex 11.8284 6.17157 4
    endloop
  endfacet
  facet normal 0.872583 -0.488466 0
    outer loop
      vertex 12.4106 6.91001 62.5
      vertex 12.564 7.18404 4
      vertex 12.564 7.18404 62.5
    endloop
  endfacet
  facet normal 0.872583 -0.488466 0
    outer loop
      vertex 12.564 7.18404 4
      vertex 12.4106 6.91001 62.5
      vertex 12.4106 6.91001 4
    endloop
  endfacet
  facet normal -0.488635 -0.872488 0
    outer loop
      vertex 6.91001 5.58944 4
      vertex 7.18404 5.43597 62.5
      vertex 6.91001 5.58944 62.5
    endloop
  endfacet
  facet normal -0.488635 -0.872488 -0
    outer loop
      vertex 7.18404 5.43597 62.5
      vertex 6.91001 5.58944 4
      vertex 7.18404 5.43597 4
    endloop
  endfacet
  facet normal -0.831477 -0.55556 0
    outer loop
      vertex 5.76393 6.64886 4
      vertex 5.58944 6.91001 62.5
      vertex 5.58944 6.91001 4
    endloop
  endfacet
  facet normal -0.831477 -0.55556 0
    outer loop
      vertex 5.58944 6.91001 62.5
      vertex 5.76393 6.64886 4
      vertex 5.76393 6.64886 62.5
    endloop
  endfacet
  facet normal -0.993067 -0.117551 0
    outer loop
      vertex 5.04925 8.37426 4
      vertex 5.01233 8.68616 62.5
      vertex 5.01233 8.68616 4
    endloop
  endfacet
  facet normal -0.993067 -0.117551 0
    outer loop
      vertex 5.01233 8.68616 62.5
      vertex 5.04925 8.37426 4
      vertex 5.04925 8.37426 62.5
    endloop
  endfacet
  facet normal -0.999237 -0.0390559 0
    outer loop
      vertex 10.5 9 4
      vertex 10.4954 9.11769 62.5
      vertex 10.4954 9.11769 4
    endloop
  endfacet
  facet normal -0.999237 -0.0390559 0
    outer loop
      vertex 10.4954 9.11769 62.5
      vertex 10.5 9 4
      vertex 10.5 9 62.5
    endloop
  endfacet
  facet normal 0.99923 -0.0392255 0
    outer loop
      vertex 7.5 9 62.5
      vertex 7.50462 9.11769 4
      vertex 7.50462 9.11769 62.5
    endloop
  endfacet
  facet normal 0.99923 -0.0392255 0
    outer loop
      vertex 7.50462 9.11769 4
      vertex 7.5 9 62.5
      vertex 7.5 9 4
    endloop
  endfacet
  facet normal -0.0390559 -0.999237 0
    outer loop
      vertex 9 10.5 4
      vertex 9.11769 10.4954 62.5
      vertex 9 10.5 62.5
    endloop
  endfacet
  facet normal -0.0390559 -0.999237 -0
    outer loop
      vertex 9.11769 10.4954 62.5
      vertex 9 10.5 4
      vertex 9.11769 10.4954 4
    endloop
  endfacet
  facet normal -0.6784 -0.734693 0
    outer loop
      vertex 9.97417 10.1406 4
      vertex 10.0607 10.0607 62.5
      vertex 9.97417 10.1406 62.5
    endloop
  endfacet
  facet normal -0.6784 -0.734693 -0
    outer loop
      vertex 10.0607 10.0607 62.5
      vertex 9.97417 10.1406 4
      vertex 10.0607 10.0607 4
    endloop
  endfacet
  facet normal 0.678569 -0.734536 0
    outer loop
      vertex 7.93934 10.0607 4
      vertex 8.02583 10.1406 62.5
      vertex 7.93934 10.0607 62.5
    endloop
  endfacet
  facet normal 0.678569 -0.734536 0
    outer loop
      vertex 8.02583 10.1406 62.5
      vertex 7.93934 10.0607 4
      vertex 8.02583 10.1406 4
    endloop
  endfacet
  facet normal 0.346374 -0.938096 0
    outer loop
      vertex 8.42598 10.3858 4
      vertex 8.53648 10.4266 62.5
      vertex 8.42598 10.3858 62.5
    endloop
  endfacet
  facet normal 0.346374 -0.938096 0
    outer loop
      vertex 8.53648 10.4266 62.5
      vertex 8.42598 10.3858 4
      vertex 8.53648 10.4266 4
    endloop
  endfacet
  facet normal -0.908188 -0.418563 0
    outer loop
      vertex 10.3858 9.57402 4
      vertex 10.3365 9.68099 62.5
      vertex 10.3365 9.68099 4
    endloop
  endfacet
  facet normal -0.908188 -0.418563 0
    outer loop
      vertex 10.3365 9.68099 62.5
      vertex 10.3858 9.57402 4
      vertex 10.3858 9.57402 62.5
    endloop
  endfacet
  facet normal -0.346374 -0.938096 0
    outer loop
      vertex 9.46352 10.4266 4
      vertex 9.57402 10.3858 62.5
      vertex 9.46352 10.4266 62.5
    endloop
  endfacet
  facet normal -0.346374 -0.938096 -0
    outer loop
      vertex 9.57402 10.3858 62.5
      vertex 9.46352 10.4266 4
      vertex 9.57402 10.3858 4
    endloop
  endfacet
  facet normal -0.555953 -0.831214 0
    outer loop
      vertex 9.78375 10.279 4
      vertex 9.88168 10.2135 62.5
      vertex 9.78375 10.279 62.5
    endloop
  endfacet
  facet normal -0.555953 -0.831214 -0
    outer loop
      vertex 9.88168 10.2135 62.5
      vertex 9.78375 10.279 4
      vertex 9.88168 10.2135 4
    endloop
  endfacet
  facet normal 0.908156 -0.418633 0
    outer loop
      vertex 7.61418 9.57402 62.5
      vertex 7.66349 9.68099 4
      vertex 7.66349 9.68099 62.5
    endloop
  endfacet
  facet normal 0.908156 -0.418633 0
    outer loop
      vertex 7.66349 9.68099 4
      vertex 7.61418 9.57402 62.5
      vertex 7.61418 9.57402 4
    endloop
  endfacet
  facet normal 0.118014 -0.993012 0
    outer loop
      vertex 8.76535 10.4815 4
      vertex 8.88231 10.4954 62.5
      vertex 8.76535 10.4815 62.5
    endloop
  endfacet
  facet normal 0.118014 -0.993012 0
    outer loop
      vertex 8.88231 10.4954 62.5
      vertex 8.76535 10.4815 4
      vertex 8.88231 10.4954 4
    endloop
  endfacet
  facet normal -0.938096 0.346374 0
    outer loop
      vertex 10.3858 8.42598 4
      vertex 10.4266 8.53648 62.5
      vertex 10.4266 8.53648 4
    endloop
  endfacet
  facet normal -0.938096 0.346374 0
    outer loop
      vertex 10.4266 8.53648 62.5
      vertex 10.3858 8.42598 4
      vertex 10.3858 8.42598 62.5
    endloop
  endfacet
  facet normal -0.418633 0.908156 0
    outer loop
      vertex 9.68099 7.66349 4
      vertex 9.57402 7.61418 62.5
      vertex 9.68099 7.66349 62.5
    endloop
  endfacet
  facet normal -0.418633 0.908156 0
    outer loop
      vertex 9.57402 7.61418 62.5
      vertex 9.68099 7.66349 4
      vertex 9.57402 7.61418 4
    endloop
  endfacet
  facet normal -0.962384 0.271692 0
    outer loop
      vertex 10.4266 8.53648 4
      vertex 10.4586 8.64983 62.5
      vertex 10.4586 8.64983 4
    endloop
  endfacet
  facet normal -0.962384 0.271692 0
    outer loop
      vertex 10.4586 8.64983 62.5
      vertex 10.4266 8.53648 4
      vertex 10.4266 8.53648 62.5
    endloop
  endfacet
  facet normal -0.962384 -0.271692 0
    outer loop
      vertex 10.4586 9.35017 4
      vertex 10.4266 9.46352 62.5
      vertex 10.4266 9.46352 4
    endloop
  endfacet
  facet normal -0.962384 -0.271692 0
    outer loop
      vertex 10.4266 9.46352 62.5
      vertex 10.4586 9.35017 4
      vertex 10.4586 9.35017 62.5
    endloop
  endfacet
  facet normal -0.993012 -0.118014 0
    outer loop
      vertex 10.4954 9.11769 4
      vertex 10.4815 9.23465 62.5
      vertex 10.4815 9.23465 4
    endloop
  endfacet
  facet normal -0.993012 -0.118014 0
    outer loop
      vertex 10.4815 9.23465 62.5
      vertex 10.4954 9.11769 4
      vertex 10.4954 9.11769 62.5
    endloop
  endfacet
  facet normal -0.938096 -0.346374 0
    outer loop
      vertex 10.4266 9.46352 4
      vertex 10.3858 9.57402 62.5
      vertex 10.3858 9.57402 4
    endloop
  endfacet
  facet normal -0.938096 -0.346374 0
    outer loop
      vertex 10.3858 9.57402 62.5
      vertex 10.4266 9.46352 4
      vertex 10.4266 9.46352 62.5
    endloop
  endfacet
  facet normal -0.785372 -0.619025 0
    outer loop
      vertex 10.2135 9.88168 4
      vertex 10.1406 9.97417 62.5
      vertex 10.1406 9.97417 4
    endloop
  endfacet
  facet normal -0.785372 -0.619025 0
    outer loop
      vertex 10.1406 9.97417 62.5
      vertex 10.2135 9.88168 4
      vertex 10.2135 9.88168 62.5
    endloop
  endfacet
  facet normal -0.734693 -0.6784 0
    outer loop
      vertex 10.1406 9.97417 4
      vertex 10.0607 10.0607 62.5
      vertex 10.0607 10.0607 4
    endloop
  endfacet
  facet normal -0.734693 -0.6784 0
    outer loop
      vertex 10.0607 10.0607 62.5
      vertex 10.1406 9.97417 4
      vertex 10.1406 9.97417 62.5
    endloop
  endfacet
  facet normal -0.872671 -0.488309 0
    outer loop
      vertex 10.3365 9.68099 4
      vertex 10.279 9.78375 62.5
      vertex 10.279 9.78375 4
    endloop
  endfacet
  facet normal -0.872671 -0.488309 0
    outer loop
      vertex 10.279 9.78375 62.5
      vertex 10.3365 9.68099 4
      vertex 10.3365 9.68099 62.5
    endloop
  endfacet
  facet normal -0.19445 -0.980912 0
    outer loop
      vertex 9.23465 10.4815 4
      vertex 9.35017 10.4586 62.5
      vertex 9.23465 10.4815 62.5
    endloop
  endfacet
  facet normal -0.19445 -0.980912 -0
    outer loop
      vertex 9.35017 10.4586 62.5
      vertex 9.23465 10.4815 4
      vertex 9.35017 10.4586 4
    endloop
  endfacet
  facet normal -0.271692 -0.962384 0
    outer loop
      vertex 9.35017 10.4586 4
      vertex 9.46352 10.4266 62.5
      vertex 9.35017 10.4586 62.5
    endloop
  endfacet
  facet normal -0.271692 -0.962384 -0
    outer loop
      vertex 9.46352 10.4266 62.5
      vertex 9.35017 10.4586 4
      vertex 9.46352 10.4266 4
    endloop
  endfacet
  facet normal -0.118014 -0.993012 0
    outer loop
      vertex 9.11769 10.4954 4
      vertex 9.23465 10.4815 62.5
      vertex 9.11769 10.4954 62.5
    endloop
  endfacet
  facet normal -0.118014 -0.993012 -0
    outer loop
      vertex 9.23465 10.4815 62.5
      vertex 9.11769 10.4954 4
      vertex 9.23465 10.4815 4
    endloop
  endfacet
  facet normal -0.488309 -0.872671 0
    outer loop
      vertex 9.68099 10.3365 4
      vertex 9.78375 10.279 62.5
      vertex 9.68099 10.3365 62.5
    endloop
  endfacet
  facet normal -0.488309 -0.872671 -0
    outer loop
      vertex 9.78375 10.279 62.5
      vertex 9.68099 10.3365 4
      vertex 9.78375 10.279 4
    endloop
  endfacet
  facet normal -0.619025 -0.785372 0
    outer loop
      vertex 9.88168 10.2135 4
      vertex 9.97417 10.1406 62.5
      vertex 9.88168 10.2135 62.5
    endloop
  endfacet
  facet normal -0.619025 -0.785372 -0
    outer loop
      vertex 9.97417 10.1406 62.5
      vertex 9.88168 10.2135 4
      vertex 9.97417 10.1406 4
    endloop
  endfacet
  facet normal 0.980783 -0.195104 0
    outer loop
      vertex 7.51847 9.23465 62.5
      vertex 7.54145 9.35017 4
      vertex 7.54145 9.35017 62.5
    endloop
  endfacet
  facet normal 0.980783 -0.195104 0
    outer loop
      vertex 7.54145 9.35017 4
      vertex 7.51847 9.23465 62.5
      vertex 7.51847 9.23465 4
    endloop
  endfacet
  facet normal 0.831449 -0.555601 0
    outer loop
      vertex 7.72104 9.78375 62.5
      vertex 7.78648 9.88168 4
      vertex 7.78648 9.88168 62.5
    endloop
  endfacet
  facet normal 0.831449 -0.555601 0
    outer loop
      vertex 7.78648 9.88168 4
      vertex 7.72104 9.78375 62.5
      vertex 7.72104 9.78375 4
    endloop
  endfacet
  facet normal 0.734481 -0.678629 0
    outer loop
      vertex 7.85939 9.97417 62.5
      vertex 7.93934 10.0607 4
      vertex 7.93934 10.0607 62.5
    endloop
  endfacet
  facet normal 0.734481 -0.678629 0
    outer loop
      vertex 7.93934 10.0607 4
      vertex 7.85939 9.97417 62.5
      vertex 7.85939 9.97417 4
    endloop
  endfacet
  facet normal 0.87249 -0.488632 0
    outer loop
      vertex 7.66349 9.68099 62.5
      vertex 7.72104 9.78375 4
      vertex 7.72104 9.78375 62.5
    endloop
  endfacet
  facet normal 0.87249 -0.488632 0
    outer loop
      vertex 7.72104 9.78375 4
      vertex 7.66349 9.68099 62.5
      vertex 7.66349 9.68099 4
    endloop
  endfacet
  facet normal 0.938207 -0.346075 0
    outer loop
      vertex 7.57342 9.46352 62.5
      vertex 7.61418 9.57402 4
      vertex 7.61418 9.57402 62.5
    endloop
  endfacet
  facet normal 0.938207 -0.346075 0
    outer loop
      vertex 7.61418 9.57402 4
      vertex 7.57342 9.46352 62.5
      vertex 7.57342 9.46352 4
    endloop
  endfacet
  facet normal 0.993062 -0.117595 0
    outer loop
      vertex 7.50462 9.11769 62.5
      vertex 7.51847 9.23465 4
      vertex 7.51847 9.23465 62.5
    endloop
  endfacet
  facet normal 0.993062 -0.117595 0
    outer loop
      vertex 7.51847 9.23465 4
      vertex 7.50462 9.11769 62.5
      vertex 7.50462 9.11769 4
    endloop
  endfacet
  facet normal 0.488309 -0.872671 0
    outer loop
      vertex 8.21625 10.279 4
      vertex 8.31901 10.3365 62.5
      vertex 8.21625 10.279 62.5
    endloop
  endfacet
  facet normal 0.488309 -0.872671 0
    outer loop
      vertex 8.31901 10.3365 62.5
      vertex 8.21625 10.279 4
      vertex 8.31901 10.3365 4
    endloop
  endfacet
  facet normal 0.418563 -0.908188 0
    outer loop
      vertex 8.31901 10.3365 4
      vertex 8.42598 10.3858 62.5
      vertex 8.31901 10.3365 62.5
    endloop
  endfacet
  facet normal 0.418563 -0.908188 0
    outer loop
      vertex 8.42598 10.3858 62.5
      vertex 8.31901 10.3365 4
      vertex 8.42598 10.3858 4
    endloop
  endfacet
  facet normal 0.0390559 -0.999237 0
    outer loop
      vertex 8.88231 10.4954 4
      vertex 9 10.5 62.5
      vertex 8.88231 10.4954 62.5
    endloop
  endfacet
  facet normal 0.0390559 -0.999237 0
    outer loop
      vertex 9 10.5 62.5
      vertex 8.88231 10.4954 4
      vertex 9 10.5 4
    endloop
  endfacet
  facet normal -0.271456 0.962451 0
    outer loop
      vertex 9.46352 7.57342 4
      vertex 9.35017 7.54145 62.5
      vertex 9.46352 7.57342 62.5
    endloop
  endfacet
  facet normal -0.271456 0.962451 0
    outer loop
      vertex 9.35017 7.54145 62.5
      vertex 9.46352 7.57342 4
      vertex 9.35017 7.54145 4
    endloop
  endfacet
  facet normal -0.619077 0.78533 0
    outer loop
      vertex 9.97417 7.85939 4
      vertex 9.88168 7.78648 62.5
      vertex 9.97417 7.85939 62.5
    endloop
  endfacet
  facet normal -0.619077 0.78533 0
    outer loop
      vertex 9.88168 7.78648 62.5
      vertex 9.97417 7.85939 4
      vertex 9.88168 7.78648 4
    endloop
  endfacet
  facet normal -0.678629 0.734481 0
    outer loop
      vertex 10.0607 7.93934 4
      vertex 9.97417 7.85939 62.5
      vertex 10.0607 7.93934 62.5
    endloop
  endfacet
  facet normal -0.678629 0.734481 0
    outer loop
      vertex 9.97417 7.85939 62.5
      vertex 10.0607 7.93934 4
      vertex 9.97417 7.85939 4
    endloop
  endfacet
  facet normal -0.488632 0.87249 0
    outer loop
      vertex 9.78375 7.72104 4
      vertex 9.68099 7.66349 62.5
      vertex 9.78375 7.72104 62.5
    endloop
  endfacet
  facet normal -0.488632 0.87249 0
    outer loop
      vertex 9.68099 7.66349 62.5
      vertex 9.78375 7.72104 4
      vertex 9.68099 7.66349 4
    endloop
  endfacet
  facet normal -0.785372 0.619025 0
    outer loop
      vertex 10.1406 8.02583 4
      vertex 10.2135 8.11832 62.5
      vertex 10.2135 8.11832 4
    endloop
  endfacet
  facet normal -0.785372 0.619025 0
    outer loop
      vertex 10.2135 8.11832 62.5
      vertex 10.1406 8.02583 4
      vertex 10.1406 8.02583 62.5
    endloop
  endfacet
  facet normal -0.872671 0.488309 0
    outer loop
      vertex 10.279 8.21625 4
      vertex 10.3365 8.31901 62.5
      vertex 10.3365 8.31901 4
    endloop
  endfacet
  facet normal -0.872671 0.488309 0
    outer loop
      vertex 10.3365 8.31901 62.5
      vertex 10.279 8.21625 4
      vertex 10.279 8.21625 62.5
    endloop
  endfacet
  facet normal 0.195104 0.980783 -0
    outer loop
      vertex 8.76535 7.51847 4
      vertex 8.64983 7.54145 62.5
      vertex 8.76535 7.51847 62.5
    endloop
  endfacet
  facet normal 0.195104 0.980783 0
    outer loop
      vertex 8.64983 7.54145 62.5
      vertex 8.76535 7.51847 4
      vertex 8.64983 7.54145 4
    endloop
  endfacet
  facet normal 0.555601 0.831449 -0
    outer loop
      vertex 8.21625 7.72104 4
      vertex 8.11832 7.78648 62.5
      vertex 8.21625 7.72104 62.5
    endloop
  endfacet
  facet normal 0.555601 0.831449 0
    outer loop
      vertex 8.11832 7.78648 62.5
      vertex 8.21625 7.72104 4
      vertex 8.11832 7.78648 4
    endloop
  endfacet
  facet normal 0.678798 0.734325 -0
    outer loop
      vertex 8.02583 7.85939 4
      vertex 7.93934 7.93934 62.5
      vertex 8.02583 7.85939 62.5
    endloop
  endfacet
  facet normal 0.678798 0.734325 0
    outer loop
      vertex 7.93934 7.93934 62.5
      vertex 8.02583 7.85939 4
      vertex 7.93934 7.93934 4
    endloop
  endfacet
  facet normal 0.488632 0.87249 -0
    outer loop
      vertex 8.31901 7.66349 4
      vertex 8.21625 7.72104 62.5
      vertex 8.31901 7.66349 62.5
    endloop
  endfacet
  facet normal 0.488632 0.87249 0
    outer loop
      vertex 8.21625 7.72104 62.5
      vertex 8.31901 7.66349 4
      vertex 8.21625 7.72104 4
    endloop
  endfacet
  facet normal 0.346075 0.938207 -0
    outer loop
      vertex 8.53648 7.57342 4
      vertex 8.42598 7.61418 62.5
      vertex 8.53648 7.57342 62.5
    endloop
  endfacet
  facet normal 0.346075 0.938207 0
    outer loop
      vertex 8.42598 7.61418 62.5
      vertex 8.53648 7.57342 4
      vertex 8.42598 7.61418 4
    endloop
  endfacet
  facet normal 0.117595 0.993062 -0
    outer loop
      vertex 8.88231 7.50462 4
      vertex 8.76535 7.51847 62.5
      vertex 8.88231 7.50462 62.5
    endloop
  endfacet
  facet normal 0.117595 0.993062 0
    outer loop
      vertex 8.76535 7.51847 62.5
      vertex 8.88231 7.50462 4
      vertex 8.76535 7.51847 4
    endloop
  endfacet
  facet normal 0.908156 0.418633 0
    outer loop
      vertex 7.66349 8.31901 62.5
      vertex 7.61418 8.42598 4
      vertex 7.61418 8.42598 62.5
    endloop
  endfacet
  facet normal 0.908156 0.418633 0
    outer loop
      vertex 7.61418 8.42598 4
      vertex 7.66349 8.31901 62.5
      vertex 7.66349 8.31901 4
    endloop
  endfacet
  facet normal 0.99923 0.0392255 0
    outer loop
      vertex 7.50462 8.88231 62.5
      vertex 7.5 9 4
      vertex 7.5 9 62.5
    endloop
  endfacet
  facet normal 0.99923 0.0392255 0
    outer loop
      vertex 7.5 9 4
      vertex 7.50462 8.88231 62.5
      vertex 7.50462 8.88231 4
    endloop
  endfacet
  facet normal -0.980912 -0.19445 0
    outer loop
      vertex 10.4815 9.23465 4
      vertex 10.4586 9.35017 62.5
      vertex 10.4586 9.35017 4
    endloop
  endfacet
  facet normal -0.980912 -0.19445 0
    outer loop
      vertex 10.4586 9.35017 62.5
      vertex 10.4815 9.23465 4
      vertex 10.4815 9.23465 62.5
    endloop
  endfacet
  facet normal -0.831214 -0.555953 0
    outer loop
      vertex 10.279 9.78375 4
      vertex 10.2135 9.88168 62.5
      vertex 10.2135 9.88168 4
    endloop
  endfacet
  facet normal -0.831214 -0.555953 0
    outer loop
      vertex 10.2135 9.88168 62.5
      vertex 10.279 9.78375 4
      vertex 10.279 9.78375 62.5
    endloop
  endfacet
  facet normal -0.418563 -0.908188 0
    outer loop
      vertex 9.57402 10.3858 4
      vertex 9.68099 10.3365 62.5
      vertex 9.57402 10.3858 62.5
    endloop
  endfacet
  facet normal -0.418563 -0.908188 -0
    outer loop
      vertex 9.68099 10.3365 62.5
      vertex 9.57402 10.3858 4
      vertex 9.68099 10.3365 4
    endloop
  endfacet
  facet normal 0.78533 -0.619077 0
    outer loop
      vertex 7.78648 9.88168 62.5
      vertex 7.85939 9.97417 4
      vertex 7.85939 9.97417 62.5
    endloop
  endfacet
  facet normal 0.78533 -0.619077 0
    outer loop
      vertex 7.85939 9.97417 4
      vertex 7.78648 9.88168 62.5
      vertex 7.78648 9.88168 4
    endloop
  endfacet
  facet normal 0.962451 -0.271456 0
    outer loop
      vertex 7.54145 9.35017 62.5
      vertex 7.57342 9.46352 4
      vertex 7.57342 9.46352 62.5
    endloop
  endfacet
  facet normal 0.962451 -0.271456 0
    outer loop
      vertex 7.57342 9.46352 4
      vertex 7.54145 9.35017 62.5
      vertex 7.54145 9.35017 4
    endloop
  endfacet
  facet normal 0.555953 -0.831214 0
    outer loop
      vertex 8.11832 10.2135 4
      vertex 8.21625 10.279 62.5
      vertex 8.11832 10.2135 62.5
    endloop
  endfacet
  facet normal 0.555953 -0.831214 0
    outer loop
      vertex 8.21625 10.279 62.5
      vertex 8.11832 10.2135 4
      vertex 8.21625 10.279 4
    endloop
  endfacet
  facet normal 0.619025 -0.785372 0
    outer loop
      vertex 8.02583 10.1406 4
      vertex 8.11832 10.2135 62.5
      vertex 8.02583 10.1406 62.5
    endloop
  endfacet
  facet normal 0.619025 -0.785372 0
    outer loop
      vertex 8.11832 10.2135 62.5
      vertex 8.02583 10.1406 4
      vertex 8.11832 10.2135 4
    endloop
  endfacet
  facet normal 0.19445 -0.980912 0
    outer loop
      vertex 8.64983 10.4586 4
      vertex 8.76535 10.4815 62.5
      vertex 8.64983 10.4586 62.5
    endloop
  endfacet
  facet normal 0.19445 -0.980912 0
    outer loop
      vertex 8.76535 10.4815 62.5
      vertex 8.64983 10.4586 4
      vertex 8.76535 10.4815 4
    endloop
  endfacet
  facet normal 0.271692 -0.962384 0
    outer loop
      vertex 8.53648 10.4266 4
      vertex 8.64983 10.4586 62.5
      vertex 8.53648 10.4266 62.5
    endloop
  endfacet
  facet normal 0.271692 -0.962384 0
    outer loop
      vertex 8.64983 10.4586 62.5
      vertex 8.53648 10.4266 4
      vertex 8.64983 10.4586 4
    endloop
  endfacet
  facet normal -0.999237 0.0390559 0
    outer loop
      vertex 10.4954 8.88231 4
      vertex 10.5 9 62.5
      vertex 10.5 9 4
    endloop
  endfacet
  facet normal -0.999237 0.0390559 0
    outer loop
      vertex 10.5 9 62.5
      vertex 10.4954 8.88231 4
      vertex 10.4954 8.88231 62.5
    endloop
  endfacet
  facet normal -0.0392255 0.99923 0
    outer loop
      vertex 9.11769 7.50462 4
      vertex 9 7.5 62.5
      vertex 9.11769 7.50462 62.5
    endloop
  endfacet
  facet normal -0.0392255 0.99923 0
    outer loop
      vertex 9 7.5 62.5
      vertex 9.11769 7.50462 4
      vertex 9 7.5 4
    endloop
  endfacet
  facet normal -0.195104 0.980783 0
    outer loop
      vertex 9.35017 7.54145 4
      vertex 9.23465 7.51847 62.5
      vertex 9.35017 7.54145 62.5
    endloop
  endfacet
  facet normal -0.195104 0.980783 0
    outer loop
      vertex 9.23465 7.51847 62.5
      vertex 9.35017 7.54145 4
      vertex 9.23465 7.51847 4
    endloop
  endfacet
  facet normal -0.346075 0.938207 0
    outer loop
      vertex 9.57402 7.61418 4
      vertex 9.46352 7.57342 62.5
      vertex 9.57402 7.61418 62.5
    endloop
  endfacet
  facet normal -0.346075 0.938207 0
    outer loop
      vertex 9.46352 7.57342 62.5
      vertex 9.57402 7.61418 4
      vertex 9.46352 7.57342 4
    endloop
  endfacet
  facet normal -0.734536 0.678569 0
    outer loop
      vertex 10.0607 7.93934 4
      vertex 10.1406 8.02583 62.5
      vertex 10.1406 8.02583 4
    endloop
  endfacet
  facet normal -0.734536 0.678569 0
    outer loop
      vertex 10.1406 8.02583 62.5
      vertex 10.0607 7.93934 4
      vertex 10.0607 7.93934 62.5
    endloop
  endfacet
  facet normal -0.555601 0.831449 0
    outer loop
      vertex 9.88168 7.78648 4
      vertex 9.78375 7.72104 62.5
      vertex 9.88168 7.78648 62.5
    endloop
  endfacet
  facet normal -0.555601 0.831449 0
    outer loop
      vertex 9.78375 7.72104 62.5
      vertex 9.88168 7.78648 4
      vertex 9.78375 7.72104 4
    endloop
  endfacet
  facet normal -0.831214 0.555953 0
    outer loop
      vertex 10.2135 8.11832 4
      vertex 10.279 8.21625 62.5
      vertex 10.279 8.21625 4
    endloop
  endfacet
  facet normal -0.831214 0.555953 0
    outer loop
      vertex 10.279 8.21625 62.5
      vertex 10.2135 8.11832 4
      vertex 10.2135 8.11832 62.5
    endloop
  endfacet
  facet normal -0.908188 0.418563 0
    outer loop
      vertex 10.3365 8.31901 4
      vertex 10.3858 8.42598 62.5
      vertex 10.3858 8.42598 4
    endloop
  endfacet
  facet normal -0.908188 0.418563 0
    outer loop
      vertex 10.3858 8.42598 62.5
      vertex 10.3365 8.31901 4
      vertex 10.3365 8.31901 62.5
    endloop
  endfacet
  facet normal -0.980912 0.19445 0
    outer loop
      vertex 10.4586 8.64983 4
      vertex 10.4815 8.76535 62.5
      vertex 10.4815 8.76535 4
    endloop
  endfacet
  facet normal -0.980912 0.19445 0
    outer loop
      vertex 10.4815 8.76535 62.5
      vertex 10.4586 8.64983 4
      vertex 10.4586 8.64983 62.5
    endloop
  endfacet
  facet normal -0.993012 0.118014 0
    outer loop
      vertex 10.4815 8.76535 4
      vertex 10.4954 8.88231 62.5
      vertex 10.4954 8.88231 4
    endloop
  endfacet
  facet normal -0.993012 0.118014 0
    outer loop
      vertex 10.4954 8.88231 62.5
      vertex 10.4815 8.76535 4
      vertex 10.4815 8.76535 62.5
    endloop
  endfacet
  facet normal 0.619077 0.78533 -0
    outer loop
      vertex 8.11832 7.78648 4
      vertex 8.02583 7.85939 62.5
      vertex 8.11832 7.78648 62.5
    endloop
  endfacet
  facet normal 0.619077 0.78533 0
    outer loop
      vertex 8.02583 7.85939 62.5
      vertex 8.11832 7.78648 4
      vertex 8.02583 7.85939 4
    endloop
  endfacet
  facet normal 0.418633 0.908156 -0
    outer loop
      vertex 8.42598 7.61418 4
      vertex 8.31901 7.66349 62.5
      vertex 8.42598 7.61418 62.5
    endloop
  endfacet
  facet normal 0.418633 0.908156 0
    outer loop
      vertex 8.31901 7.66349 62.5
      vertex 8.42598 7.61418 4
      vertex 8.31901 7.66349 4
    endloop
  endfacet
  facet normal 0.271456 0.962451 -0
    outer loop
      vertex 8.64983 7.54145 4
      vertex 8.53648 7.57342 62.5
      vertex 8.64983 7.54145 62.5
    endloop
  endfacet
  facet normal 0.271456 0.962451 0
    outer loop
      vertex 8.53648 7.57342 62.5
      vertex 8.64983 7.54145 4
      vertex 8.53648 7.57342 4
    endloop
  endfacet
  facet normal 0.0392255 0.99923 -0
    outer loop
      vertex 9 7.5 4
      vertex 8.88231 7.50462 62.5
      vertex 9 7.5 62.5
    endloop
  endfacet
  facet normal 0.0392255 0.99923 0
    outer loop
      vertex 8.88231 7.50462 62.5
      vertex 9 7.5 4
      vertex 8.88231 7.50462 4
    endloop
  endfacet
  facet normal 0.87249 0.488632 0
    outer loop
      vertex 7.72104 8.21625 62.5
      vertex 7.66349 8.31901 4
      vertex 7.66349 8.31901 62.5
    endloop
  endfacet
  facet normal 0.87249 0.488632 0
    outer loop
      vertex 7.66349 8.31901 4
      vertex 7.72104 8.21625 62.5
      vertex 7.72104 8.21625 4
    endloop
  endfacet
  facet normal 0.831449 0.555601 0
    outer loop
      vertex 7.78648 8.11832 62.5
      vertex 7.72104 8.21625 4
      vertex 7.72104 8.21625 62.5
    endloop
  endfacet
  facet normal 0.831449 0.555601 0
    outer loop
      vertex 7.72104 8.21625 4
      vertex 7.78648 8.11832 62.5
      vertex 7.78648 8.11832 4
    endloop
  endfacet
  facet normal 0.734325 0.678798 0
    outer loop
      vertex 7.93934 7.93934 62.5
      vertex 7.85939 8.02583 4
      vertex 7.85939 8.02583 62.5
    endloop
  endfacet
  facet normal 0.734325 0.678798 0
    outer loop
      vertex 7.85939 8.02583 4
      vertex 7.93934 7.93934 62.5
      vertex 7.93934 7.93934 4
    endloop
  endfacet
  facet normal 0.980783 0.195104 0
    outer loop
      vertex 7.54145 8.64983 62.5
      vertex 7.51847 8.76535 4
      vertex 7.51847 8.76535 62.5
    endloop
  endfacet
  facet normal 0.980783 0.195104 0
    outer loop
      vertex 7.51847 8.76535 4
      vertex 7.54145 8.64983 62.5
      vertex 7.54145 8.64983 4
    endloop
  endfacet
  facet normal 0.938207 0.346075 0
    outer loop
      vertex 7.61418 8.42598 62.5
      vertex 7.57342 8.53648 4
      vertex 7.57342 8.53648 62.5
    endloop
  endfacet
  facet normal 0.938207 0.346075 0
    outer loop
      vertex 7.57342 8.53648 4
      vertex 7.61418 8.42598 62.5
      vertex 7.61418 8.42598 4
    endloop
  endfacet
  facet normal 0.993062 0.117595 0
    outer loop
      vertex 7.51847 8.76535 62.5
      vertex 7.50462 8.88231 4
      vertex 7.50462 8.88231 62.5
    endloop
  endfacet
  facet normal 0.993062 0.117595 0
    outer loop
      vertex 7.50462 8.88231 4
      vertex 7.51847 8.76535 62.5
      vertex 7.51847 8.76535 4
    endloop
  endfacet
  facet normal -0.117595 0.993062 0
    outer loop
      vertex 9.23465 7.51847 4
      vertex 9.11769 7.50462 62.5
      vertex 9.23465 7.51847 62.5
    endloop
  endfacet
  facet normal -0.117595 0.993062 0
    outer loop
      vertex 9.11769 7.50462 62.5
      vertex 9.23465 7.51847 4
      vertex 9.11769 7.50462 4
    endloop
  endfacet
  facet normal 0.78533 0.619077 0
    outer loop
      vertex 7.85939 8.02583 62.5
      vertex 7.78648 8.11832 4
      vertex 7.78648 8.11832 62.5
    endloop
  endfacet
  facet normal 0.78533 0.619077 0
    outer loop
      vertex 7.78648 8.11832 4
      vertex 7.85939 8.02583 62.5
      vertex 7.85939 8.02583 4
    endloop
  endfacet
  facet normal 0.962451 0.271456 0
    outer loop
      vertex 7.57342 8.53648 62.5
      vertex 7.54145 8.64983 4
      vertex 7.54145 8.64983 62.5
    endloop
  endfacet
  facet normal 0.962451 0.271456 0
    outer loop
      vertex 7.54145 8.64983 4
      vertex 7.57342 8.53648 62.5
      vertex 7.57342 8.53648 4
    endloop
  endfacet
  facet normal 0.999233 0.0391669 0
    outer loop
      vertex 13 83 62.5
      vertex 12.9877 83.3138 4
      vertex 12.9877 83.3138 62.5
    endloop
  endfacet
  facet normal 0.999233 0.0391669 0
    outer loop
      vertex 12.9877 83.3138 4
      vertex 13 83 62.5
      vertex 13 83 4
    endloop
  endfacet
  facet normal -0.999229 0.0392622 0
    outer loop
      vertex 5 83 4
      vertex 5.01233 83.3138 62.5
      vertex 5.01233 83.3138 4
    endloop
  endfacet
  facet normal -0.999229 0.0392622 0
    outer loop
      vertex 5.01233 83.3138 62.5
      vertex 5 83 4
      vertex 5 83 62.5
    endloop
  endfacet
  facet normal 0.0391619 0.999233 -0
    outer loop
      vertex 9.31384 86.9877 4
      vertex 9 87 62.5
      vertex 9.31384 86.9877 62.5
    endloop
  endfacet
  facet normal 0.0391619 0.999233 0
    outer loop
      vertex 9 87 62.5
      vertex 9.31384 86.9877 4
      vertex 9 87 4
    endloop
  endfacet
  facet normal -0.0391619 -0.999233 0
    outer loop
      vertex 8.68616 79.0123 4
      vertex 9 79 62.5
      vertex 8.68616 79.0123 62.5
    endloop
  endfacet
  facet normal -0.0391619 -0.999233 -0
    outer loop
      vertex 9 79 62.5
      vertex 8.68616 79.0123 4
      vertex 9 79 4
    endloop
  endfacet
  facet normal -0.734282 -0.678845 0
    outer loop
      vertex 6.17157 80.1716 4
      vertex 5.95838 80.4022 62.5
      vertex 5.95838 80.4022 4
    endloop
  endfacet
  facet normal -0.734282 -0.678845 0
    outer loop
      vertex 5.95838 80.4022 62.5
      vertex 6.17157 80.1716 4
      vertex 6.17157 80.1716 62.5
    endloop
  endfacet
  facet normal 0.678862 0.734266 -0
    outer loop
      vertex 11.8284 85.8284 4
      vertex 11.5978 86.0416 62.5
      vertex 11.8284 85.8284 62.5
    endloop
  endfacet
  facet normal 0.678862 0.734266 0
    outer loop
      vertex 11.5978 86.0416 62.5
      vertex 11.8284 85.8284 4
      vertex 11.5978 86.0416 4
    endloop
  endfacet
  facet normal -0.678798 0.734325 0
    outer loop
      vertex 6.40221 86.0416 4
      vertex 6.17157 85.8284 62.5
      vertex 6.40221 86.0416 62.5
    endloop
  endfacet
  facet normal -0.678798 0.734325 0
    outer loop
      vertex 6.17157 85.8284 62.5
      vertex 6.40221 86.0416 4
      vertex 6.17157 85.8284 4
    endloop
  endfacet
  facet normal -0.346101 0.938197 0
    outer loop
      vertex 7.76393 86.8042 4
      vertex 7.46927 86.6955 62.5
      vertex 7.76393 86.8042 62.5
    endloop
  endfacet
  facet normal -0.346101 0.938197 0
    outer loop
      vertex 7.46927 86.6955 62.5
      vertex 7.76393 86.8042 4
      vertex 7.46927 86.6955 4
    endloop
  endfacet
  facet normal -0.938164 -0.346191 0
    outer loop
      vertex 5.30448 81.4693 4
      vertex 5.19577 81.7639 62.5
      vertex 5.19577 81.7639 4
    endloop
  endfacet
  facet normal -0.938164 -0.346191 0
    outer loop
      vertex 5.19577 81.7639 62.5
      vertex 5.30448 81.4693 4
      vertex 5.30448 81.4693 62.5
    endloop
  endfacet
  facet normal 0.908174 0.418594 0
    outer loop
      vertex 12.6955 84.5307 62.5
      vertex 12.564 84.816 4
      vertex 12.564 84.816 62.5
    endloop
  endfacet
  facet normal 0.908174 0.418594 0
    outer loop
      vertex 12.564 84.816 4
      vertex 12.6955 84.5307 62.5
      vertex 12.6955 84.5307 4
    endloop
  endfacet
  facet normal 0.346163 0.938174 -0
    outer loop
      vertex 10.5307 86.6955 4
      vertex 10.2361 86.8042 62.5
      vertex 10.5307 86.6955 62.5
    endloop
  endfacet
  facet normal 0.346163 0.938174 0
    outer loop
      vertex 10.2361 86.8042 62.5
      vertex 10.5307 86.6955 4
      vertex 10.2361 86.8042 4
    endloop
  endfacet
  facet normal 0.488506 0.87256 -0
    outer loop
      vertex 11.09 86.4106 4
      vertex 10.816 86.564 62.5
      vertex 11.09 86.4106 62.5
    endloop
  endfacet
  facet normal 0.488506 0.87256 0
    outer loop
      vertex 10.816 86.564 62.5
      vertex 11.09 86.4106 4
      vertex 10.816 86.564 4
    endloop
  endfacet
  facet normal -0.908186 0.418568 0
    outer loop
      vertex 5.30448 84.5307 4
      vertex 5.43597 84.816 62.5
      vertex 5.43597 84.816 4
    endloop
  endfacet
  facet normal -0.908186 0.418568 0
    outer loop
      vertex 5.43597 84.816 62.5
      vertex 5.30448 84.5307 4
      vertex 5.30448 84.5307 62.5
    endloop
  endfacet
  facet normal -0.195173 0.980769 0
    outer loop
      vertex 8.37426 86.9508 4
      vertex 8.06622 86.8895 62.5
      vertex 8.37426 86.9508 62.5
    endloop
  endfacet
  facet normal -0.195173 0.980769 0
    outer loop
      vertex 8.06622 86.8895 62.5
      vertex 8.37426 86.9508 4
      vertex 8.06622 86.8895 4
    endloop
  endfacet
  facet normal 0.938174 -0.346163 0
    outer loop
      vertex 12.6955 81.4693 62.5
      vertex 12.8042 81.7639 4
      vertex 12.8042 81.7639 62.5
    endloop
  endfacet
  facet normal 0.938174 -0.346163 0
    outer loop
      vertex 12.8042 81.7639 4
      vertex 12.6955 81.4693 62.5
      vertex 12.6955 81.4693 4
    endloop
  endfacet
  facet normal 0.418594 -0.908174 0
    outer loop
      vertex 10.5307 79.3045 4
      vertex 10.816 79.436 62.5
      vertex 10.5307 79.3045 62.5
    endloop
  endfacet
  facet normal 0.418594 -0.908174 0
    outer loop
      vertex 10.816 79.436 62.5
      vertex 10.5307 79.3045 4
      vertex 10.816 79.436 4
    endloop
  endfacet
  facet normal 0.96242 0.271566 0
    outer loop
      vertex 12.8895 83.9338 62.5
      vertex 12.8042 84.2361 4
      vertex 12.8042 84.2361 62.5
    endloop
  endfacet
  facet normal 0.96242 0.271566 0
    outer loop
      vertex 12.8042 84.2361 4
      vertex 12.8895 83.9338 62.5
      vertex 12.8895 83.9338 4
    endloop
  endfacet
  facet normal 0.938174 0.346163 0
    outer loop
      vertex 12.8042 84.2361 62.5
      vertex 12.6955 84.5307 4
      vertex 12.6955 84.5307 62.5
    endloop
  endfacet
  facet normal 0.938174 0.346163 0
    outer loop
      vertex 12.6955 84.5307 4
      vertex 12.8042 84.2361 62.5
      vertex 12.8042 84.2361 4
    endloop
  endfacet
  facet normal 0.831413 0.555655 0
    outer loop
      vertex 12.4106 85.09 62.5
      vertex 12.2361 85.3511 4
      vertex 12.2361 85.3511 62.5
    endloop
  endfacet
  facet normal 0.831413 0.555655 0
    outer loop
      vertex 12.2361 85.3511 4
      vertex 12.4106 85.09 62.5
      vertex 12.4106 85.09 4
    endloop
  endfacet
  facet normal 0.87256 0.488506 0
    outer loop
      vertex 12.564 84.816 62.5
      vertex 12.4106 85.09 4
      vertex 12.4106 85.09 62.5
    endloop
  endfacet
  facet normal 0.87256 0.488506 0
    outer loop
      vertex 12.4106 85.09 4
      vertex 12.564 84.816 62.5
      vertex 12.564 84.816 4
    endloop
  endfacet
  facet normal 0.195173 0.980769 -0
    outer loop
      vertex 9.93378 86.8895 4
      vertex 9.62574 86.9508 62.5
      vertex 9.93378 86.8895 62.5
    endloop
  endfacet
  facet normal 0.195173 0.980769 0
    outer loop
      vertex 9.62574 86.9508 62.5
      vertex 9.93378 86.8895 4
      vertex 9.62574 86.9508 4
    endloop
  endfacet
  facet normal 0.271549 0.962425 -0
    outer loop
      vertex 10.2361 86.8042 4
      vertex 9.93378 86.8895 62.5
      vertex 10.2361 86.8042 62.5
    endloop
  endfacet
  facet normal 0.271549 0.962425 0
    outer loop
      vertex 9.93378 86.8895 62.5
      vertex 10.2361 86.8042 4
      vertex 9.93378 86.8895 4
    endloop
  endfacet
  facet normal 0.117488 0.993074 -0
    outer loop
      vertex 9.62574 86.9508 4
      vertex 9.31384 86.9877 62.5
      vertex 9.62574 86.9508 62.5
    endloop
  endfacet
  facet normal 0.117488 0.993074 0
    outer loop
      vertex 9.31384 86.9877 62.5
      vertex 9.62574 86.9508 4
      vertex 9.31384 86.9877 4
    endloop
  endfacet
  facet normal 0.418594 0.908174 -0
    outer loop
      vertex 10.816 86.564 4
      vertex 10.5307 86.6955 62.5
      vertex 10.816 86.564 62.5
    endloop
  endfacet
  facet normal 0.418594 0.908174 0
    outer loop
      vertex 10.5307 86.6955 62.5
      vertex 10.816 86.564 4
      vertex 10.5307 86.6955 4
    endloop
  endfacet
  facet normal 0.619128 0.78529 -0
    outer loop
      vertex 11.5978 86.0416 4
      vertex 11.3511 86.2361 62.5
      vertex 11.5978 86.0416 62.5
    endloop
  endfacet
  facet normal 0.619128 0.78529 0
    outer loop
      vertex 11.3511 86.2361 62.5
      vertex 11.5978 86.0416 4
      vertex 11.3511 86.2361 4
    endloop
  endfacet
  facet normal -0.962461 0.271419 0
    outer loop
      vertex 5.11052 83.9338 4
      vertex 5.19577 84.2361 62.5
      vertex 5.19577 84.2361 4
    endloop
  endfacet
  facet normal -0.962461 0.271419 0
    outer loop
      vertex 5.19577 84.2361 62.5
      vertex 5.11052 83.9338 4
      vertex 5.11052 83.9338 62.5
    endloop
  endfacet
  facet normal -0.785367 0.61903 0
    outer loop
      vertex 5.76393 85.3511 4
      vertex 5.95838 85.5978 62.5
      vertex 5.95838 85.5978 4
    endloop
  endfacet
  facet normal -0.785367 0.61903 0
    outer loop
      vertex 5.95838 85.5978 62.5
      vertex 5.76393 85.3511 4
      vertex 5.76393 85.3511 62.5
    endloop
  endfacet
  facet normal -0.734282 0.678845 0
    outer loop
      vertex 5.95838 85.5978 4
      vertex 6.17157 85.8284 62.5
      vertex 6.17157 85.8284 4
    endloop
  endfacet
  facet normal -0.734282 0.678845 0
    outer loop
      vertex 6.17157 85.8284 62.5
      vertex 5.95838 85.5978 4
      vertex 5.95838 85.5978 62.5
    endloop
  endfacet
  facet normal -0.938164 0.346191 0
    outer loop
      vertex 5.19577 84.2361 4
      vertex 5.30448 84.5307 62.5
      vertex 5.30448 84.5307 4
    endloop
  endfacet
  facet normal -0.938164 0.346191 0
    outer loop
      vertex 5.30448 84.5307 62.5
      vertex 5.19577 84.2361 4
      vertex 5.19577 84.2361 62.5
    endloop
  endfacet
  facet normal -0.980794 0.195045 0
    outer loop
      vertex 5.04925 83.6257 4
      vertex 5.11052 83.9338 62.5
      vertex 5.11052 83.9338 4
    endloop
  endfacet
  facet normal -0.980794 0.195045 0
    outer loop
      vertex 5.11052 83.9338 62.5
      vertex 5.04925 83.6257 4
      vertex 5.04925 83.6257 62.5
    endloop
  endfacet
  facet normal -0.555582 0.831462 0
    outer loop
      vertex 6.91001 86.4106 4
      vertex 6.64886 86.2361 62.5
      vertex 6.91001 86.4106 62.5
    endloop
  endfacet
  facet normal -0.555582 0.831462 0
    outer loop
      vertex 6.64886 86.2361 62.5
      vertex 6.91001 86.4106 4
      vertex 6.64886 86.2361 4
    endloop
  endfacet
  facet normal -0.418679 0.908134 0
    outer loop
      vertex 7.46927 86.6955 4
      vertex 7.18404 86.564 62.5
      vertex 7.46927 86.6955 62.5
    endloop
  endfacet
  facet normal -0.418679 0.908134 0
    outer loop
      vertex 7.18404 86.564 62.5
      vertex 7.46927 86.6955 4
      vertex 7.18404 86.564 4
    endloop
  endfacet
  facet normal -0.619205 0.785229 0
    outer loop
      vertex 6.64886 86.2361 4
      vertex 6.40221 86.0416 62.5
      vertex 6.64886 86.2361 62.5
    endloop
  endfacet
  facet normal -0.619205 0.785229 0
    outer loop
      vertex 6.40221 86.0416 62.5
      vertex 6.64886 86.2361 4
      vertex 6.40221 86.0416 4
    endloop
  endfacet
  facet normal -0.271574 0.962417 0
    outer loop
      vertex 8.06622 86.8895 4
      vertex 7.76393 86.8042 62.5
      vertex 8.06622 86.8895 62.5
    endloop
  endfacet
  facet normal -0.271574 0.962417 0
    outer loop
      vertex 7.76393 86.8042 62.5
      vertex 8.06622 86.8895 4
      vertex 7.76393 86.8042 4
    endloop
  endfacet
  facet normal -0.117488 0.993074 0
    outer loop
      vertex 8.68616 86.9877 4
      vertex 8.37426 86.9508 62.5
      vertex 8.68616 86.9877 62.5
    endloop
  endfacet
  facet normal -0.117488 0.993074 0
    outer loop
      vertex 8.37426 86.9508 62.5
      vertex 8.68616 86.9877 4
      vertex 8.37426 86.9508 4
    endloop
  endfacet
  facet normal 0.271549 -0.962425 0
    outer loop
      vertex 9.93378 79.1105 4
      vertex 10.2361 79.1958 62.5
      vertex 9.93378 79.1105 62.5
    endloop
  endfacet
  facet normal 0.271549 -0.962425 0
    outer loop
      vertex 10.2361 79.1958 62.5
      vertex 9.93378 79.1105 4
      vertex 10.2361 79.1958 4
    endloop
  endfacet
  facet normal 0.488506 -0.87256 0
    outer loop
      vertex 10.816 79.436 4
      vertex 11.09 79.5894 62.5
      vertex 10.816 79.436 62.5
    endloop
  endfacet
  facet normal 0.488506 -0.87256 0
    outer loop
      vertex 11.09 79.5894 62.5
      vertex 10.816 79.436 4
      vertex 11.09 79.5894 4
    endloop
  endfacet
  facet normal 0.78529 -0.619128 0
    outer loop
      vertex 12.0416 80.4022 62.5
      vertex 12.2361 80.6489 4
      vertex 12.2361 80.6489 62.5
    endloop
  endfacet
  facet normal 0.78529 -0.619128 0
    outer loop
      vertex 12.2361 80.6489 4
      vertex 12.0416 80.4022 62.5
      vertex 12.0416 80.4022 4
    endloop
  endfacet
  facet normal 0.908174 -0.418594 0
    outer loop
      vertex 12.564 81.184 62.5
      vertex 12.6955 81.4693 4
      vertex 12.6955 81.4693 62.5
    endloop
  endfacet
  facet normal 0.908174 -0.418594 0
    outer loop
      vertex 12.6955 81.4693 4
      vertex 12.564 81.184 62.5
      vertex 12.564 81.184 4
    endloop
  endfacet
  facet normal -0.678798 -0.734325 0
    outer loop
      vertex 6.17157 80.1716 4
      vertex 6.40221 79.9584 62.5
      vertex 6.17157 80.1716 62.5
    endloop
  endfacet
  facet normal -0.678798 -0.734325 -0
    outer loop
      vertex 6.40221 79.9584 62.5
      vertex 6.17157 80.1716 4
      vertex 6.40221 79.9584 4
    endloop
  endfacet
  facet normal -0.346101 -0.938197 0
    outer loop
      vertex 7.46927 79.3045 4
      vertex 7.76393 79.1958 62.5
      vertex 7.46927 79.3045 62.5
    endloop
  endfacet
  facet normal -0.346101 -0.938197 -0
    outer loop
      vertex 7.76393 79.1958 62.5
      vertex 7.46927 79.3045 4
      vertex 7.76393 79.1958 4
    endloop
  endfacet
  facet normal -0.195173 -0.980769 0
    outer loop
      vertex 8.06622 79.1105 4
      vertex 8.37426 79.0492 62.5
      vertex 8.06622 79.1105 62.5
    endloop
  endfacet
  facet normal -0.195173 -0.980769 -0
    outer loop
      vertex 8.37426 79.0492 62.5
      vertex 8.06622 79.1105 4
      vertex 8.37426 79.0492 4
    endloop
  endfacet
  facet normal -0.908186 -0.418568 0
    outer loop
      vertex 5.43597 81.184 4
      vertex 5.30448 81.4693 62.5
      vertex 5.30448 81.4693 4
    endloop
  endfacet
  facet normal -0.908186 -0.418568 0
    outer loop
      vertex 5.30448 81.4693 62.5
      vertex 5.43597 81.184 4
      vertex 5.43597 81.184 62.5
    endloop
  endfacet
  facet normal -0.785367 -0.61903 0
    outer loop
      vertex 5.95838 80.4022 4
      vertex 5.76393 80.6489 62.5
      vertex 5.76393 80.6489 4
    endloop
  endfacet
  facet normal -0.785367 -0.61903 0
    outer loop
      vertex 5.76393 80.6489 62.5
      vertex 5.95838 80.4022 4
      vertex 5.95838 80.4022 62.5
    endloop
  endfacet
  facet normal -0.962461 -0.271419 0
    outer loop
      vertex 5.19577 81.7639 4
      vertex 5.11052 82.0662 62.5
      vertex 5.11052 82.0662 4
    endloop
  endfacet
  facet normal -0.962461 -0.271419 0
    outer loop
      vertex 5.11052 82.0662 62.5
      vertex 5.19577 81.7639 4
      vertex 5.19577 81.7639 62.5
    endloop
  endfacet
  facet normal 0.980776 0.195137 0
    outer loop
      vertex 12.9508 83.6257 62.5
      vertex 12.8895 83.9338 4
      vertex 12.8895 83.9338 62.5
    endloop
  endfacet
  facet normal 0.980776 0.195137 0
    outer loop
      vertex 12.8895 83.9338 4
      vertex 12.9508 83.6257 62.5
      vertex 12.9508 83.6257 4
    endloop
  endfacet
  facet normal 0.993074 0.117488 0
    outer loop
      vertex 12.9877 83.3138 62.5
      vertex 12.9508 83.6257 4
      vertex 12.9508 83.6257 62.5
    endloop
  endfacet
  facet normal 0.993074 0.117488 0
    outer loop
      vertex 12.9508 83.6257 4
      vertex 12.9877 83.3138 62.5
      vertex 12.9877 83.3138 4
    endloop
  endfacet
  facet normal 0.78529 0.619128 0
    outer loop
      vertex 12.2361 85.3511 62.5
      vertex 12.0416 85.5978 4
      vertex 12.0416 85.5978 62.5
    endloop
  endfacet
  facet normal 0.78529 0.619128 0
    outer loop
      vertex 12.0416 85.5978 4
      vertex 12.2361 85.3511 62.5
      vertex 12.2361 85.3511 4
    endloop
  endfacet
  facet normal 0.734266 0.678862 0
    outer loop
      vertex 12.0416 85.5978 62.5
      vertex 11.8284 85.8284 4
      vertex 11.8284 85.8284 62.5
    endloop
  endfacet
  facet normal 0.734266 0.678862 0
    outer loop
      vertex 11.8284 85.8284 4
      vertex 12.0416 85.5978 62.5
      vertex 12.0416 85.5978 4
    endloop
  endfacet
  facet normal 0.555655 0.831413 -0
    outer loop
      vertex 11.3511 86.2361 4
      vertex 11.09 86.4106 62.5
      vertex 11.3511 86.2361 62.5
    endloop
  endfacet
  facet normal 0.555655 0.831413 0
    outer loop
      vertex 11.09 86.4106 62.5
      vertex 11.3511 86.2361 4
      vertex 11.09 86.4106 4
    endloop
  endfacet
  facet normal -0.872465 0.488676 0
    outer loop
      vertex 5.43597 84.816 4
      vertex 5.58944 85.09 62.5
      vertex 5.58944 85.09 4
    endloop
  endfacet
  facet normal -0.872465 0.488676 0
    outer loop
      vertex 5.58944 85.09 62.5
      vertex 5.43597 84.816 4
      vertex 5.43597 84.816 62.5
    endloop
  endfacet
  facet normal -0.831428 0.555633 0
    outer loop
      vertex 5.58944 85.09 4
      vertex 5.76393 85.3511 62.5
      vertex 5.76393 85.3511 4
    endloop
  endfacet
  facet normal -0.831428 0.555633 0
    outer loop
      vertex 5.76393 85.3511 62.5
      vertex 5.58944 85.09 4
      vertex 5.58944 85.09 62.5
    endloop
  endfacet
  facet normal -0.993067 0.117551 0
    outer loop
      vertex 5.01233 83.3138 4
      vertex 5.04925 83.6257 62.5
      vertex 5.04925 83.6257 4
    endloop
  endfacet
  facet normal -0.993067 0.117551 0
    outer loop
      vertex 5.04925 83.6257 62.5
      vertex 5.01233 83.3138 4
      vertex 5.01233 83.3138 62.5
    endloop
  endfacet
  facet normal 0 0 1
    outer loop
      vertex 10.5 83 62.5
      vertex 13 83 62.5
      vertex 12.9877 83.3138 62.5
    endloop
  endfacet
  facet normal 0 0 1
    outer loop
      vertex 10.4954 83.1177 62.5
      vertex 12.9877 83.3138 62.5
      vertex 12.9508 83.6257 62.5
    endloop
  endfacet
  facet normal 0 0 1
    outer loop
      vertex 13 83 62.5
      vertex 10.5 83 62.5
      vertex 12.9877 82.6862 62.5
    endloop
  endfacet
  facet normal 0 0 1
    outer loop
      vertex 10.4815 83.2346 62.5
      vertex 12.9508 83.6257 62.5
      vertex 12.8895 83.9338 62.5
    endloop
  endfacet
  facet normal -0 0 1
    outer loop
      vertex 10.4954 82.8823 62.5
      vertex 12.9877 82.6862 62.5
      vertex 10.5 83 62.5
    endloop
  endfacet
  facet normal 0 0 1
    outer loop
      vertex 10.4586 83.3502 62.5
      vertex 12.8895 83.9338 62.5
      vertex 12.8042 84.2361 62.5
    endloop
  endfacet
  facet normal 0 0 1
    outer loop
      vertex 12.9877 82.6862 62.5
      vertex 10.4954 82.8823 62.5
      vertex 12.9508 82.3743 62.5
    endloop
  endfacet
  facet normal 0 0 1
    outer loop
      vertex 10.4266 83.4635 62.5
      vertex 12.8042 84.2361 62.5
      vertex 12.6955 84.5307 62.5
    endloop
  endfacet
  facet normal -0 0 1
    outer loop
      vertex 10.4815 82.7654 62.5
      vertex 12.9508 82.3743 62.5
      vertex 10.4954 82.8823 62.5
    endloop
  endfacet
  facet normal 0 0 1
    outer loop
      vertex 10.3858 83.574 62.5
      vertex 12.6955 84.5307 62.5
      vertex 12.564 84.816 62.5
    endloop
  endfacet
  facet normal 0 0 1
    outer loop
      vertex 12.9508 82.3743 62.5
      vertex 10.4815 82.7654 62.5
      vertex 12.8895 82.0662 62.5
    endloop
  endfacet
  facet normal 0 0 1
    outer loop
      vertex 10.3365 83.681 62.5
      vertex 12.564 84.816 62.5
      vertex 12.4106 85.09 62.5
    endloop
  endfacet
  facet normal -0 0 1
    outer loop
      vertex 10.4586 82.6498 62.5
      vertex 12.8895 82.0662 62.5
      vertex 10.4815 82.7654 62.5
    endloop
  endfacet
  facet normal 0 0 1
    outer loop
      vertex 10.279 83.7837 62.5
      vertex 12.4106 85.09 62.5
      vertex 12.2361 85.3511 62.5
    endloop
  endfacet
  facet normal 0 0 1
    outer loop
      vertex 12.8895 82.0662 62.5
      vertex 10.4586 82.6498 62.5
      vertex 12.8042 81.7639 62.5
    endloop
  endfacet
  facet normal 0 0 1
    outer loop
      vertex 10.2135 83.8817 62.5
      vertex 12.2361 85.3511 62.5
      vertex 12.0416 85.5978 62.5
    endloop
  endfacet
  facet normal -0 0 1
    outer loop
      vertex 10.4266 82.5365 62.5
      vertex 12.8042 81.7639 62.5
      vertex 10.4586 82.6498 62.5
    endloop
  endfacet
  facet normal 0 0 1
    outer loop
      vertex 10.1406 83.9742 62.5
      vertex 12.0416 85.5978 62.5
      vertex 11.8284 85.8284 62.5
    endloop
  endfacet
  facet normal 0 0 1
    outer loop
      vertex 12.8042 81.7639 62.5
      vertex 10.4266 82.5365 62.5
      vertex 12.6955 81.4693 62.5
    endloop
  endfacet
  facet normal 0 0 1
    outer loop
      vertex 10.0607 84.0607 62.5
      vertex 11.8284 85.8284 62.5
      vertex 11.5978 86.0416 62.5
    endloop
  endfacet
  facet normal -0 0 1
    outer loop
      vertex 10.3858 82.426 62.5
      vertex 12.6955 81.4693 62.5
      vertex 10.4266 82.5365 62.5
    endloop
  endfacet
  facet normal 0 0 1
    outer loop
      vertex 9.97417 84.1406 62.5
      vertex 11.5978 86.0416 62.5
      vertex 11.3511 86.2361 62.5
    endloop
  endfacet
  facet normal 0 0 1
    outer loop
      vertex 12.6955 81.4693 62.5
      vertex 10.3858 82.426 62.5
      vertex 12.564 81.184 62.5
    endloop
  endfacet
  facet normal 0 0 1
    outer loop
      vertex 9.88168 84.2135 62.5
      vertex 11.3511 86.2361 62.5
      vertex 11.09 86.4106 62.5
    endloop
  endfacet
  facet normal -0 0 1
    outer loop
      vertex 10.3365 82.319 62.5
      vertex 12.564 81.184 62.5
      vertex 10.3858 82.426 62.5
    endloop
  endfacet
  facet normal 0 0 1
    outer loop
      vertex 9.78375 84.279 62.5
      vertex 11.09 86.4106 62.5
      vertex 10.816 86.564 62.5
    endloop
  endfacet
  facet normal 0 0 1
    outer loop
      vertex 12.564 81.184 62.5
      vertex 10.3365 82.319 62.5
      vertex 12.4106 80.91 62.5
    endloop
  endfacet
  facet normal 0 0 1
    outer loop
      vertex 9.68099 84.3365 62.5
      vertex 10.816 86.564 62.5
      vertex 10.5307 86.6955 62.5
    endloop
  endfacet
  facet normal -0 0 1
    outer loop
      vertex 10.279 82.2163 62.5
      vertex 12.4106 80.91 62.5
      vertex 10.3365 82.319 62.5
    endloop
  endfacet
  facet normal 0 0 1
    outer loop
      vertex 12.4106 80.91 62.5
      vertex 10.279 82.2163 62.5
      vertex 12.2361 80.6489 62.5
    endloop
  endfacet
  facet normal 0 0 1
    outer loop
      vertex 12.9877 83.3138 62.5
      vertex 10.4954 83.1177 62.5
      vertex 10.5 83 62.5
    endloop
  endfacet
  facet normal 0 0 1
    outer loop
      vertex 12.9508 83.6257 62.5
      vertex 10.4815 83.2346 62.5
      vertex 10.4954 83.1177 62.5
    endloop
  endfacet
  facet normal 0 0 1
    outer loop
      vertex 12.8895 83.9338 62.5
      vertex 10.4586 83.3502 62.5
      vertex 10.4815 83.2346 62.5
    endloop
  endfacet
  facet normal 0 0 1
    outer loop
      vertex 12.8042 84.2361 62.5
      vertex 10.4266 83.4635 62.5
      vertex 10.4586 83.3502 62.5
    endloop
  endfacet
  facet normal 0 0 1
    outer loop
      vertex 12.6955 84.5307 62.5
      vertex 10.3858 83.574 62.5
      vertex 10.4266 83.4635 62.5
    endloop
  endfacet
  facet normal 0 0 1
    outer loop
      vertex 12.564 84.816 62.5
      vertex 10.3365 83.681 62.5
      vertex 10.3858 83.574 62.5
    endloop
  endfacet
  facet normal 0 0 1
    outer loop
      vertex 12.4106 85.09 62.5
      vertex 10.279 83.7837 62.5
      vertex 10.3365 83.681 62.5
    endloop
  endfacet
  facet normal 0 0 1
    outer loop
      vertex 9.57402 84.3858 62.5
      vertex 10.5307 86.6955 62.5
      vertex 10.2361 86.8042 62.5
    endloop
  endfacet
  facet normal 0 0 1
    outer loop
      vertex 12.2361 85.3511 62.5
      vertex 10.2135 83.8817 62.5
      vertex 10.279 83.7837 62.5
    endloop
  endfacet
  facet normal 0 0 1
    outer loop
      vertex 12.0416 85.5978 62.5
      vertex 10.1406 83.9742 62.5
      vertex 10.2135 83.8817 62.5
    endloop
  endfacet
  facet normal 0 0 1
    outer loop
      vertex 11.8284 85.8284 62.5
      vertex 10.0607 84.0607 62.5
      vertex 10.1406 83.9742 62.5
    endloop
  endfacet
  facet normal 0 0 1
    outer loop
      vertex 11.5978 86.0416 62.5
      vertex 9.97417 84.1406 62.5
      vertex 10.0607 84.0607 62.5
    endloop
  endfacet
  facet normal 0 0 1
    outer loop
      vertex 9.46352 84.4266 62.5
      vertex 10.2361 86.8042 62.5
      vertex 9.93378 86.8895 62.5
    endloop
  endfacet
  facet normal 0 0 1
    outer loop
      vertex 11.3511 86.2361 62.5
      vertex 9.88168 84.2135 62.5
      vertex 9.97417 84.1406 62.5
    endloop
  endfacet
  facet normal 0 0 1
    outer loop
      vertex 11.09 86.4106 62.5
      vertex 9.78375 84.279 62.5
      vertex 9.88168 84.2135 62.5
    endloop
  endfacet
  facet normal 0 0 1
    outer loop
      vertex 10.816 86.564 62.5
      vertex 9.68099 84.3365 62.5
      vertex 9.78375 84.279 62.5
    endloop
  endfacet
  facet normal 0 0 1
    outer loop
      vertex 9.35017 84.4586 62.5
      vertex 9.93378 86.8895 62.5
      vertex 9.62574 86.9508 62.5
    endloop
  endfacet
  facet normal 0 0 1
    outer loop
      vertex 10.5307 86.6955 62.5
      vertex 9.57402 84.3858 62.5
      vertex 9.68099 84.3365 62.5
    endloop
  endfacet
  facet normal 0 0 1
    outer loop
      vertex 10.2361 86.8042 62.5
      vertex 9.46352 84.4266 62.5
      vertex 9.57402 84.3858 62.5
    endloop
  endfacet
  facet normal 0 0 1
    outer loop
      vertex 9.93378 86.8895 62.5
      vertex 9.35017 84.4586 62.5
      vertex 9.46352 84.4266 62.5
    endloop
  endfacet
  facet normal 0 0 1
    outer loop
      vertex 9.23465 84.4815 62.5
      vertex 9.62574 86.9508 62.5
      vertex 9.31384 86.9877 62.5
    endloop
  endfacet
  facet normal 0 0 1
    outer loop
      vertex 9.62574 86.9508 62.5
      vertex 9.23465 84.4815 62.5
      vertex 9.35017 84.4586 62.5
    endloop
  endfacet
  facet normal 0 0 1
    outer loop
      vertex 9.31384 86.9877 62.5
      vertex 9.11769 84.4954 62.5
      vertex 9.23465 84.4815 62.5
    endloop
  endfacet
  facet normal 0 0 1
    outer loop
      vertex 9 87 62.5
      vertex 9.11769 84.4954 62.5
      vertex 9.31384 86.9877 62.5
    endloop
  endfacet
  facet normal 0 0 1
    outer loop
      vertex 9 87 62.5
      vertex 9 84.5 62.5
      vertex 9.11769 84.4954 62.5
    endloop
  endfacet
  facet normal 0 0 1
    outer loop
      vertex 9 87 62.5
      vertex 8.88231 84.4954 62.5
      vertex 9 84.5 62.5
    endloop
  endfacet
  facet normal -0 0 1
    outer loop
      vertex 8.68616 86.9877 62.5
      vertex 8.88231 84.4954 62.5
      vertex 9 87 62.5
    endloop
  endfacet
  facet normal 0 0 1
    outer loop
      vertex 8.88231 84.4954 62.5
      vertex 8.68616 86.9877 62.5
      vertex 8.76535 84.4815 62.5
    endloop
  endfacet
  facet normal -0 0 1
    outer loop
      vertex 8.37426 86.9508 62.5
      vertex 8.76535 84.4815 62.5
      vertex 8.68616 86.9877 62.5
    endloop
  endfacet
  facet normal 0 0 1
    outer loop
      vertex 8.76535 84.4815 62.5
      vertex 8.37426 86.9508 62.5
      vertex 8.64983 84.4586 62.5
    endloop
  endfacet
  facet normal -0 0 1
    outer loop
      vertex 8.06622 86.8895 62.5
      vertex 8.64983 84.4586 62.5
      vertex 8.37426 86.9508 62.5
    endloop
  endfacet
  facet normal 0 0 1
    outer loop
      vertex 8.64983 84.4586 62.5
      vertex 8.06622 86.8895 62.5
      vertex 8.53648 84.4266 62.5
    endloop
  endfacet
  facet normal -0 0 1
    outer loop
      vertex 7.76393 86.8042 62.5
      vertex 8.53648 84.4266 62.5
      vertex 8.06622 86.8895 62.5
    endloop
  endfacet
  facet normal 0 0 1
    outer loop
      vertex 8.53648 84.4266 62.5
      vertex 7.76393 86.8042 62.5
      vertex 8.42598 84.3858 62.5
    endloop
  endfacet
  facet normal -0 0 1
    outer loop
      vertex 7.46927 86.6955 62.5
      vertex 8.42598 84.3858 62.5
      vertex 7.76393 86.8042 62.5
    endloop
  endfacet
  facet normal 0 0 1
    outer loop
      vertex 8.42598 84.3858 62.5
      vertex 7.46927 86.6955 62.5
      vertex 8.31901 84.3365 62.5
    endloop
  endfacet
  facet normal -0 0 1
    outer loop
      vertex 7.18404 86.564 62.5
      vertex 8.31901 84.3365 62.5
      vertex 7.46927 86.6955 62.5
    endloop
  endfacet
  facet normal 0 0 1
    outer loop
      vertex 8.31901 84.3365 62.5
      vertex 7.18404 86.564 62.5
      vertex 8.21625 84.279 62.5
    endloop
  endfacet
  facet normal -0 0 1
    outer loop
      vertex 6.91001 86.4106 62.5
      vertex 8.21625 84.279 62.5
      vertex 7.18404 86.564 62.5
    endloop
  endfacet
  facet normal 0 0 1
    outer loop
      vertex 8.21625 84.279 62.5
      vertex 6.91001 86.4106 62.5
      vertex 8.11832 84.2135 62.5
    endloop
  endfacet
  facet normal -0 0 1
    outer loop
      vertex 6.64886 86.2361 62.5
      vertex 8.11832 84.2135 62.5
      vertex 6.91001 86.4106 62.5
    endloop
  endfacet
  facet normal 0 0 1
    outer loop
      vertex 8.11832 84.2135 62.5
      vertex 6.64886 86.2361 62.5
      vertex 8.02583 84.1406 62.5
    endloop
  endfacet
  facet normal -0 0 1
    outer loop
      vertex 6.40221 86.0416 62.5
      vertex 8.02583 84.1406 62.5
      vertex 6.64886 86.2361 62.5
    endloop
  endfacet
  facet normal 0 0 1
    outer loop
      vertex 8.02583 84.1406 62.5
      vertex 6.40221 86.0416 62.5
      vertex 7.93934 84.0607 62.5
    endloop
  endfacet
  facet normal -0 0 1
    outer loop
      vertex 6.17157 85.8284 62.5
      vertex 7.93934 84.0607 62.5
      vertex 6.40221 86.0416 62.5
    endloop
  endfacet
  facet normal 0 0 1
    outer loop
      vertex 7.93934 84.0607 62.5
      vertex 6.17157 85.8284 62.5
      vertex 7.85939 83.9742 62.5
    endloop
  endfacet
  facet normal -0 0 1
    outer loop
      vertex 5.95838 85.5978 62.5
      vertex 7.85939 83.9742 62.5
      vertex 6.17157 85.8284 62.5
    endloop
  endfacet
  facet normal 0 0 1
    outer loop
      vertex 7.85939 83.9742 62.5
      vertex 5.95838 85.5978 62.5
      vertex 7.78648 83.8817 62.5
    endloop
  endfacet
  facet normal 0 0 1
    outer loop
      vertex 7.78648 83.8817 62.5
      vertex 5.76393 85.3511 62.5
      vertex 7.72104 83.7837 62.5
    endloop
  endfacet
  facet normal -0 0 1
    outer loop
      vertex 5.76393 85.3511 62.5
      vertex 7.78648 83.8817 62.5
      vertex 5.95838 85.5978 62.5
    endloop
  endfacet
  facet normal -0 0 1
    outer loop
      vertex 10.2135 82.1183 62.5
      vertex 12.2361 80.6489 62.5
      vertex 10.279 82.2163 62.5
    endloop
  endfacet
  facet normal 0 0 1
    outer loop
      vertex 12.2361 80.6489 62.5
      vertex 10.2135 82.1183 62.5
      vertex 12.0416 80.4022 62.5
    endloop
  endfacet
  facet normal -0 0 1
    outer loop
      vertex 10.1406 82.0258 62.5
      vertex 12.0416 80.4022 62.5
      vertex 10.2135 82.1183 62.5
    endloop
  endfacet
  facet normal 0 0 1
    outer loop
      vertex 12.0416 80.4022 62.5
      vertex 10.1406 82.0258 62.5
      vertex 11.8284 80.1716 62.5
    endloop
  endfacet
  facet normal -0 0 1
    outer loop
      vertex 10.0607 81.9393 62.5
      vertex 11.8284 80.1716 62.5
      vertex 10.1406 82.0258 62.5
    endloop
  endfacet
  facet normal 0 0 1
    outer loop
      vertex 11.8284 80.1716 62.5
      vertex 10.0607 81.9393 62.5
      vertex 11.5978 79.9584 62.5
    endloop
  endfacet
  facet normal -0 0 1
    outer loop
      vertex 9.97417 81.8594 62.5
      vertex 11.5978 79.9584 62.5
      vertex 10.0607 81.9393 62.5
    endloop
  endfacet
  facet normal 0 0 1
    outer loop
      vertex 11.5978 79.9584 62.5
      vertex 9.97417 81.8594 62.5
      vertex 11.3511 79.7639 62.5
    endloop
  endfacet
  facet normal -0 0 1
    outer loop
      vertex 9.88168 81.7865 62.5
      vertex 11.3511 79.7639 62.5
      vertex 9.97417 81.8594 62.5
    endloop
  endfacet
  facet normal 0 0 1
    outer loop
      vertex 11.3511 79.7639 62.5
      vertex 9.88168 81.7865 62.5
      vertex 11.09 79.5894 62.5
    endloop
  endfacet
  facet normal -0 0 1
    outer loop
      vertex 9.78375 81.721 62.5
      vertex 11.09 79.5894 62.5
      vertex 9.88168 81.7865 62.5
    endloop
  endfacet
  facet normal 0 0 1
    outer loop
      vertex 11.09 79.5894 62.5
      vertex 9.78375 81.721 62.5
      vertex 10.816 79.436 62.5
    endloop
  endfacet
  facet normal -0 0 1
    outer loop
      vertex 9.68099 81.6635 62.5
      vertex 10.816 79.436 62.5
      vertex 9.78375 81.721 62.5
    endloop
  endfacet
  facet normal 0 0 1
    outer loop
      vertex 10.816 79.436 62.5
      vertex 9.68099 81.6635 62.5
      vertex 10.5307 79.3045 62.5
    endloop
  endfacet
  facet normal -0 0 1
    outer loop
      vertex 9.57402 81.6142 62.5
      vertex 10.5307 79.3045 62.5
      vertex 9.68099 81.6635 62.5
    endloop
  endfacet
  facet normal 0 0 1
    outer loop
      vertex 10.5307 79.3045 62.5
      vertex 9.57402 81.6142 62.5
      vertex 10.2361 79.1958 62.5
    endloop
  endfacet
  facet normal -0 0 1
    outer loop
      vertex 9.46352 81.5734 62.5
      vertex 10.2361 79.1958 62.5
      vertex 9.57402 81.6142 62.5
    endloop
  endfacet
  facet normal 0 0 1
    outer loop
      vertex 10.2361 79.1958 62.5
      vertex 9.46352 81.5734 62.5
      vertex 9.93378 79.1105 62.5
    endloop
  endfacet
  facet normal -0 0 1
    outer loop
      vertex 9.35017 81.5414 62.5
      vertex 9.93378 79.1105 62.5
      vertex 9.46352 81.5734 62.5
    endloop
  endfacet
  facet normal 0 0 1
    outer loop
      vertex 9.93378 79.1105 62.5
      vertex 9.35017 81.5414 62.5
      vertex 9.62574 79.0492 62.5
    endloop
  endfacet
  facet normal -0 0 1
    outer loop
      vertex 9.23465 81.5185 62.5
      vertex 9.62574 79.0492 62.5
      vertex 9.35017 81.5414 62.5
    endloop
  endfacet
  facet normal 0 0 1
    outer loop
      vertex 9.62574 79.0492 62.5
      vertex 9.23465 81.5185 62.5
      vertex 9.31384 79.0123 62.5
    endloop
  endfacet
  facet normal -0 0 1
    outer loop
      vertex 9.11769 81.5046 62.5
      vertex 9.31384 79.0123 62.5
      vertex 9.23465 81.5185 62.5
    endloop
  endfacet
  facet normal -0 0 1
    outer loop
      vertex 9 81.5 62.5
      vertex 9.31384 79.0123 62.5
      vertex 9.11769 81.5046 62.5
    endloop
  endfacet
  facet normal 0 0 1
    outer loop
      vertex 9 81.5 62.5
      vertex 9 79 62.5
      vertex 9.31384 79.0123 62.5
    endloop
  endfacet
  facet normal 0 0 1
    outer loop
      vertex 8.88231 81.5046 62.5
      vertex 9 79 62.5
      vertex 9 81.5 62.5
    endloop
  endfacet
  facet normal 0 0 1
    outer loop
      vertex 8.68616 79.0123 62.5
      vertex 8.88231 81.5046 62.5
      vertex 8.76535 81.5185 62.5
    endloop
  endfacet
  facet normal 0 0 1
    outer loop
      vertex 8.88231 81.5046 62.5
      vertex 8.68616 79.0123 62.5
      vertex 9 79 62.5
    endloop
  endfacet
  facet normal 0 0 1
    outer loop
      vertex 8.37426 79.0492 62.5
      vertex 8.76535 81.5185 62.5
      vertex 8.64983 81.5414 62.5
    endloop
  endfacet
  facet normal 0 0 1
    outer loop
      vertex 8.06622 79.1105 62.5
      vertex 8.64983 81.5414 62.5
      vertex 8.53648 81.5734 62.5
    endloop
  endfacet
  facet normal 0 0 1
    outer loop
      vertex 7.76393 79.1958 62.5
      vertex 8.53648 81.5734 62.5
      vertex 8.42598 81.6142 62.5
    endloop
  endfacet
  facet normal 0 0 1
    outer loop
      vertex 8.76535 81.5185 62.5
      vertex 8.37426 79.0492 62.5
      vertex 8.68616 79.0123 62.5
    endloop
  endfacet
  facet normal 0 0 1
    outer loop
      vertex 7.46927 79.3045 62.5
      vertex 8.42598 81.6142 62.5
      vertex 8.31901 81.6635 62.5
    endloop
  endfacet
  facet normal 0 0 1
    outer loop
      vertex 7.18404 79.436 62.5
      vertex 8.31901 81.6635 62.5
      vertex 8.21625 81.721 62.5
    endloop
  endfacet
  facet normal 0 0 1
    outer loop
      vertex 6.91001 79.5894 62.5
      vertex 8.21625 81.721 62.5
      vertex 8.11832 81.7865 62.5
    endloop
  endfacet
  facet normal 0 0 1
    outer loop
      vertex 8.64983 81.5414 62.5
      vertex 8.06622 79.1105 62.5
      vertex 8.37426 79.0492 62.5
    endloop
  endfacet
  facet normal 0 0 1
    outer loop
      vertex 6.64886 79.7639 62.5
      vertex 8.11832 81.7865 62.5
      vertex 8.02583 81.8594 62.5
    endloop
  endfacet
  facet normal 0 0 1
    outer loop
      vertex 6.40221 79.9584 62.5
      vertex 8.02583 81.8594 62.5
      vertex 7.93934 81.9393 62.5
    endloop
  endfacet
  facet normal 0 0 1
    outer loop
      vertex 6.17157 80.1716 62.5
      vertex 7.93934 81.9393 62.5
      vertex 7.85939 82.0258 62.5
    endloop
  endfacet
  facet normal 0 0 1
    outer loop
      vertex 5.95838 80.4022 62.5
      vertex 7.85939 82.0258 62.5
      vertex 7.78648 82.1183 62.5
    endloop
  endfacet
  facet normal 0 0 1
    outer loop
      vertex 8.53648 81.5734 62.5
      vertex 7.76393 79.1958 62.5
      vertex 8.06622 79.1105 62.5
    endloop
  endfacet
  facet normal 0 0 1
    outer loop
      vertex 5.76393 80.6489 62.5
      vertex 7.78648 82.1183 62.5
      vertex 7.72104 82.2163 62.5
    endloop
  endfacet
  facet normal 0 0 1
    outer loop
      vertex 5.58944 80.91 62.5
      vertex 7.72104 82.2163 62.5
      vertex 7.66349 82.319 62.5
    endloop
  endfacet
  facet normal 0 0 1
    outer loop
      vertex 5.43597 81.184 62.5
      vertex 7.66349 82.319 62.5
      vertex 7.61418 82.426 62.5
    endloop
  endfacet
  facet normal 0 0 1
    outer loop
      vertex 5.30448 81.4693 62.5
      vertex 7.61418 82.426 62.5
      vertex 7.57342 82.5365 62.5
    endloop
  endfacet
  facet normal 0 0 1
    outer loop
      vertex 5.19577 81.7639 62.5
      vertex 7.57342 82.5365 62.5
      vertex 7.54145 82.6498 62.5
    endloop
  endfacet
  facet normal 0 0 1
    outer loop
      vertex 5.11052 82.0662 62.5
      vertex 7.54145 82.6498 62.5
      vertex 7.51847 82.7654 62.5
    endloop
  endfacet
  facet normal 0 0 1
    outer loop
      vertex 5.04925 82.3743 62.5
      vertex 7.51847 82.7654 62.5
      vertex 7.50462 82.8823 62.5
    endloop
  endfacet
  facet normal 0 0 1
    outer loop
      vertex 8.42598 81.6142 62.5
      vertex 7.46927 79.3045 62.5
      vertex 7.76393 79.1958 62.5
    endloop
  endfacet
  facet normal 0 0 1
    outer loop
      vertex 5.01233 82.6862 62.5
      vertex 7.50462 82.8823 62.5
      vertex 7.5 83 62.5
    endloop
  endfacet
  facet normal -0 0 1
    outer loop
      vertex 5.58944 85.09 62.5
      vertex 7.72104 83.7837 62.5
      vertex 5.76393 85.3511 62.5
    endloop
  endfacet
  facet normal 0 0 1
    outer loop
      vertex 7.72104 83.7837 62.5
      vertex 5.58944 85.09 62.5
      vertex 7.66349 83.681 62.5
    endloop
  endfacet
  facet normal 0 0 1
    outer loop
      vertex 8.31901 81.6635 62.5
      vertex 7.18404 79.436 62.5
      vertex 7.46927 79.3045 62.5
    endloop
  endfacet
  facet normal -0 0 1
    outer loop
      vertex 5.43597 84.816 62.5
      vertex 7.66349 83.681 62.5
      vertex 5.58944 85.09 62.5
    endloop
  endfacet
  facet normal 0 0 1
    outer loop
      vertex 8.21625 81.721 62.5
      vertex 6.91001 79.5894 62.5
      vertex 7.18404 79.436 62.5
    endloop
  endfacet
  facet normal 0 0 1
    outer loop
      vertex 7.66349 83.681 62.5
      vertex 5.43597 84.816 62.5
      vertex 7.61418 83.574 62.5
    endloop
  endfacet
  facet normal 0 0 1
    outer loop
      vertex 8.11832 81.7865 62.5
      vertex 6.64886 79.7639 62.5
      vertex 6.91001 79.5894 62.5
    endloop
  endfacet
  facet normal -0 0 1
    outer loop
      vertex 5.30448 84.5307 62.5
      vertex 7.61418 83.574 62.5
      vertex 5.43597 84.816 62.5
    endloop
  endfacet
  facet normal 0 0 1
    outer loop
      vertex 8.02583 81.8594 62.5
      vertex 6.40221 79.9584 62.5
      vertex 6.64886 79.7639 62.5
    endloop
  endfacet
  facet normal 0 0 1
    outer loop
      vertex 7.61418 83.574 62.5
      vertex 5.30448 84.5307 62.5
      vertex 7.57342 83.4635 62.5
    endloop
  endfacet
  facet normal 0 0 1
    outer loop
      vertex 7.93934 81.9393 62.5
      vertex 6.17157 80.1716 62.5
      vertex 6.40221 79.9584 62.5
    endloop
  endfacet
  facet normal -0 0 1
    outer loop
      vertex 5.19577 84.2361 62.5
      vertex 7.57342 83.4635 62.5
      vertex 5.30448 84.5307 62.5
    endloop
  endfacet
  facet normal 0 0 1
    outer loop
      vertex 7.85939 82.0258 62.5
      vertex 5.95838 80.4022 62.5
      vertex 6.17157 80.1716 62.5
    endloop
  endfacet
  facet normal 0 0 1
    outer loop
      vertex 7.57342 83.4635 62.5
      vertex 5.19577 84.2361 62.5
      vertex 7.54145 83.3502 62.5
    endloop
  endfacet
  facet normal 0 0 1
    outer loop
      vertex 7.78648 82.1183 62.5
      vertex 5.76393 80.6489 62.5
      vertex 5.95838 80.4022 62.5
    endloop
  endfacet
  facet normal -0 0 1
    outer loop
      vertex 5.11052 83.9338 62.5
      vertex 7.54145 83.3502 62.5
      vertex 5.19577 84.2361 62.5
    endloop
  endfacet
  facet normal 0 0 1
    outer loop
      vertex 7.72104 82.2163 62.5
      vertex 5.58944 80.91 62.5
      vertex 5.76393 80.6489 62.5
    endloop
  endfacet
  facet normal 0 0 1
    outer loop
      vertex 7.54145 83.3502 62.5
      vertex 5.11052 83.9338 62.5
      vertex 7.51847 83.2346 62.5
    endloop
  endfacet
  facet normal 0 0 1
    outer loop
      vertex 7.66349 82.319 62.5
      vertex 5.43597 81.184 62.5
      vertex 5.58944 80.91 62.5
    endloop
  endfacet
  facet normal -0 0 1
    outer loop
      vertex 5.04925 83.6257 62.5
      vertex 7.51847 83.2346 62.5
      vertex 5.11052 83.9338 62.5
    endloop
  endfacet
  facet normal 0 0 1
    outer loop
      vertex 7.61418 82.426 62.5
      vertex 5.30448 81.4693 62.5
      vertex 5.43597 81.184 62.5
    endloop
  endfacet
  facet normal 0 0 1
    outer loop
      vertex 7.51847 83.2346 62.5
      vertex 5.04925 83.6257 62.5
      vertex 7.50462 83.1177 62.5
    endloop
  endfacet
  facet normal 0 0 1
    outer loop
      vertex 7.57342 82.5365 62.5
      vertex 5.19577 81.7639 62.5
      vertex 5.30448 81.4693 62.5
    endloop
  endfacet
  facet normal -0 0 1
    outer loop
      vertex 5.01233 83.3138 62.5
      vertex 7.50462 83.1177 62.5
      vertex 5.04925 83.6257 62.5
    endloop
  endfacet
  facet normal 0 0 1
    outer loop
      vertex 7.54145 82.6498 62.5
      vertex 5.11052 82.0662 62.5
      vertex 5.19577 81.7639 62.5
    endloop
  endfacet
  facet normal 0 0 1
    outer loop
      vertex 7.50462 83.1177 62.5
      vertex 5.01233 83.3138 62.5
      vertex 7.5 83 62.5
    endloop
  endfacet
  facet normal 0 0 1
    outer loop
      vertex 7.51847 82.7654 62.5
      vertex 5.04925 82.3743 62.5
      vertex 5.11052 82.0662 62.5
    endloop
  endfacet
  facet normal 0 0 1
    outer loop
      vertex 5 83 62.5
      vertex 7.5 83 62.5
      vertex 5.01233 83.3138 62.5
    endloop
  endfacet
  facet normal 0 0 1
    outer loop
      vertex 7.50462 82.8823 62.5
      vertex 5.01233 82.6862 62.5
      vertex 5.04925 82.3743 62.5
    endloop
  endfacet
  facet normal 0 0 1
    outer loop
      vertex 7.5 83 62.5
      vertex 5 83 62.5
      vertex 5.01233 82.6862 62.5
    endloop
  endfacet
  facet normal -0.488466 0.872583 0
    outer loop
      vertex 7.18404 86.564 4
      vertex 6.91001 86.4106 62.5
      vertex 7.18404 86.564 62.5
    endloop
  endfacet
  facet normal -0.488466 0.872583 0
    outer loop
      vertex 6.91001 86.4106 62.5
      vertex 7.18404 86.564 4
      vertex 6.91001 86.4106 4
    endloop
  endfacet
  facet normal -0.0391619 0.999233 0
    outer loop
      vertex 9 87 4
      vertex 8.68616 86.9877 62.5
      vertex 9 87 62.5
    endloop
  endfacet
  facet normal -0.0391619 0.999233 0
    outer loop
      vertex 8.68616 86.9877 62.5
      vertex 9 87 4
      vertex 8.68616 86.9877 4
    endloop
  endfacet
  facet normal 0.999233 -0.0391669 0
    outer loop
      vertex 12.9877 82.6862 62.5
      vertex 13 83 4
      vertex 13 83 62.5
    endloop
  endfacet
  facet normal 0.999233 -0.0391669 0
    outer loop
      vertex 13 83 4
      vertex 12.9877 82.6862 62.5
      vertex 12.9877 82.6862 4
    endloop
  endfacet
  facet normal 0.0391619 -0.999233 0
    outer loop
      vertex 9 79 4
      vertex 9.31384 79.0123 62.5
      vertex 9 79 62.5
    endloop
  endfacet
  facet normal 0.0391619 -0.999233 0
    outer loop
      vertex 9.31384 79.0123 62.5
      vertex 9 79 4
      vertex 9.31384 79.0123 4
    endloop
  endfacet
  facet normal 0.195173 -0.980769 0
    outer loop
      vertex 9.62574 79.0492 4
      vertex 9.93378 79.1105 62.5
      vertex 9.62574 79.0492 62.5
    endloop
  endfacet
  facet normal 0.195173 -0.980769 0
    outer loop
      vertex 9.93378 79.1105 62.5
      vertex 9.62574 79.0492 4
      vertex 9.93378 79.1105 4
    endloop
  endfacet
  facet normal 0.346163 -0.938174 0
    outer loop
      vertex 10.2361 79.1958 4
      vertex 10.5307 79.3045 62.5
      vertex 10.2361 79.1958 62.5
    endloop
  endfacet
  facet normal 0.346163 -0.938174 0
    outer loop
      vertex 10.5307 79.3045 62.5
      vertex 10.2361 79.1958 4
      vertex 10.5307 79.3045 4
    endloop
  endfacet
  facet normal 0.619128 -0.78529 0
    outer loop
      vertex 11.3511 79.7639 4
      vertex 11.5978 79.9584 62.5
      vertex 11.3511 79.7639 62.5
    endloop
  endfacet
  facet normal 0.619128 -0.78529 0
    outer loop
      vertex 11.5978 79.9584 62.5
      vertex 11.3511 79.7639 4
      vertex 11.5978 79.9584 4
    endloop
  endfacet
  facet normal 0.734266 -0.678862 0
    outer loop
      vertex 11.8284 80.1716 62.5
      vertex 12.0416 80.4022 4
      vertex 12.0416 80.4022 62.5
    endloop
  endfacet
  facet normal 0.734266 -0.678862 0
    outer loop
      vertex 12.0416 80.4022 4
      vertex 11.8284 80.1716 62.5
      vertex 11.8284 80.1716 4
    endloop
  endfacet
  facet normal 0.555655 -0.831413 0
    outer loop
      vertex 11.09 79.5894 4
      vertex 11.3511 79.7639 62.5
      vertex 11.09 79.5894 62.5
    endloop
  endfacet
  facet normal 0.555655 -0.831413 0
    outer loop
      vertex 11.3511 79.7639 62.5
      vertex 11.09 79.5894 4
      vertex 11.3511 79.7639 4
    endloop
  endfacet
  facet normal 0.831413 -0.555655 0
    outer loop
      vertex 12.2361 80.6489 62.5
      vertex 12.4106 80.91 4
      vertex 12.4106 80.91 62.5
    endloop
  endfacet
  facet normal 0.831413 -0.555655 0
    outer loop
      vertex 12.4106 80.91 4
      vertex 12.2361 80.6489 62.5
      vertex 12.2361 80.6489 4
    endloop
  endfacet
  facet normal 0.980776 -0.195137 0
    outer loop
      vertex 12.8895 82.0662 62.5
      vertex 12.9508 82.3743 4
      vertex 12.9508 82.3743 62.5
    endloop
  endfacet
  facet normal 0.980776 -0.195137 0
    outer loop
      vertex 12.9508 82.3743 4
      vertex 12.8895 82.0662 62.5
      vertex 12.8895 82.0662 4
    endloop
  endfacet
  facet normal 0.96242 -0.271566 0
    outer loop
      vertex 12.8042 81.7639 62.5
      vertex 12.8895 82.0662 4
      vertex 12.8895 82.0662 62.5
    endloop
  endfacet
  facet normal 0.96242 -0.271566 0
    outer loop
      vertex 12.8895 82.0662 4
      vertex 12.8042 81.7639 62.5
      vertex 12.8042 81.7639 4
    endloop
  endfacet
  facet normal 0.993074 -0.117488 0
    outer loop
      vertex 12.9508 82.3743 62.5
      vertex 12.9877 82.6862 4
      vertex 12.9877 82.6862 62.5
    endloop
  endfacet
  facet normal 0.993074 -0.117488 0
    outer loop
      vertex 12.9877 82.6862 4
      vertex 12.9508 82.3743 62.5
      vertex 12.9508 82.3743 4
    endloop
  endfacet
  facet normal -0.619205 -0.785229 0
    outer loop
      vertex 6.40221 79.9584 4
      vertex 6.64886 79.7639 62.5
      vertex 6.40221 79.9584 62.5
    endloop
  endfacet
  facet normal -0.619205 -0.785229 -0
    outer loop
      vertex 6.64886 79.7639 62.5
      vertex 6.40221 79.9584 4
      vertex 6.64886 79.7639 4
    endloop
  endfacet
  facet normal -0.418679 -0.908134 0
    outer loop
      vertex 7.18404 79.436 4
      vertex 7.46927 79.3045 62.5
      vertex 7.18404 79.436 62.5
    endloop
  endfacet
  facet normal -0.418679 -0.908134 -0
    outer loop
      vertex 7.46927 79.3045 62.5
      vertex 7.18404 79.436 4
      vertex 7.46927 79.3045 4
    endloop
  endfacet
  facet normal -0.555582 -0.831462 0
    outer loop
      vertex 6.64886 79.7639 4
      vertex 6.91001 79.5894 62.5
      vertex 6.64886 79.7639 62.5
    endloop
  endfacet
  facet normal -0.555582 -0.831462 -0
    outer loop
      vertex 6.91001 79.5894 62.5
      vertex 6.64886 79.7639 4
      vertex 6.91001 79.5894 4
    endloop
  endfacet
  facet normal -0.271574 -0.962417 0
    outer loop
      vertex 7.76393 79.1958 4
      vertex 8.06622 79.1105 62.5
      vertex 7.76393 79.1958 62.5
    endloop
  endfacet
  facet normal -0.271574 -0.962417 -0
    outer loop
      vertex 8.06622 79.1105 62.5
      vertex 7.76393 79.1958 4
      vertex 8.06622 79.1105 4
    endloop
  endfacet
  facet normal -0.117488 -0.993074 0
    outer loop
      vertex 8.37426 79.0492 4
      vertex 8.68616 79.0123 62.5
      vertex 8.37426 79.0492 62.5
    endloop
  endfacet
  facet normal -0.117488 -0.993074 -0
    outer loop
      vertex 8.68616 79.0123 62.5
      vertex 8.37426 79.0492 4
      vertex 8.68616 79.0123 4
    endloop
  endfacet
  facet normal -0.872465 -0.488676 0
    outer loop
      vertex 5.58944 80.91 4
      vertex 5.43597 81.184 62.5
      vertex 5.43597 81.184 4
    endloop
  endfacet
  facet normal -0.872465 -0.488676 0
    outer loop
      vertex 5.43597 81.184 62.5
      vertex 5.58944 80.91 4
      vertex 5.58944 80.91 62.5
    endloop
  endfacet
  facet normal -0.980794 -0.195045 0
    outer loop
      vertex 5.11052 82.0662 4
      vertex 5.04925 82.3743 62.5
      vertex 5.04925 82.3743 4
    endloop
  endfacet
  facet normal -0.980794 -0.195045 0
    outer loop
      vertex 5.04925 82.3743 62.5
      vertex 5.11052 82.0662 4
      vertex 5.11052 82.0662 62.5
    endloop
  endfacet
  facet normal -0.999229 -0.0392622 0
    outer loop
      vertex 5.01233 82.6862 4
      vertex 5 83 62.5
      vertex 5 83 4
    endloop
  endfacet
  facet normal -0.999229 -0.0392622 0
    outer loop
      vertex 5 83 62.5
      vertex 5.01233 82.6862 4
      vertex 5.01233 82.6862 62.5
    endloop
  endfacet
  facet normal 0.117488 -0.993074 0
    outer loop
      vertex 9.31384 79.0123 4
      vertex 9.62574 79.0492 62.5
      vertex 9.31384 79.0123 62.5
    endloop
  endfacet
  facet normal 0.117488 -0.993074 0
    outer loop
      vertex 9.62574 79.0492 62.5
      vertex 9.31384 79.0123 4
      vertex 9.62574 79.0492 4
    endloop
  endfacet
  facet normal 0.678862 -0.734266 0
    outer loop
      vertex 11.5978 79.9584 4
      vertex 11.8284 80.1716 62.5
      vertex 11.5978 79.9584 62.5
    endloop
  endfacet
  facet normal 0.678862 -0.734266 0
    outer loop
      vertex 11.8284 80.1716 62.5
      vertex 11.5978 79.9584 4
      vertex 11.8284 80.1716 4
    endloop
  endfacet
  facet normal 0.87256 -0.488506 0
    outer loop
      vertex 12.4106 80.91 62.5
      vertex 12.564 81.184 4
      vertex 12.564 81.184 62.5
    endloop
  endfacet
  facet normal 0.87256 -0.488506 0
    outer loop
      vertex 12.564 81.184 4
      vertex 12.4106 80.91 62.5
      vertex 12.4106 80.91 4
    endloop
  endfacet
  facet normal -0.488466 -0.872583 0
    outer loop
      vertex 6.91001 79.5894 4
      vertex 7.18404 79.436 62.5
      vertex 6.91001 79.5894 62.5
    endloop
  endfacet
  facet normal -0.488466 -0.872583 -0
    outer loop
      vertex 7.18404 79.436 62.5
      vertex 6.91001 79.5894 4
      vertex 7.18404 79.436 4
    endloop
  endfacet
  facet normal -0.831428 -0.555633 0
    outer loop
      vertex 5.76393 80.6489 4
      vertex 5.58944 80.91 62.5
      vertex 5.58944 80.91 4
    endloop
  endfacet
  facet normal -0.831428 -0.555633 0
    outer loop
      vertex 5.58944 80.91 62.5
      vertex 5.76393 80.6489 4
      vertex 5.76393 80.6489 62.5
    endloop
  endfacet
  facet normal -0.993067 -0.117551 0
    outer loop
      vertex 5.04925 82.3743 4
      vertex 5.01233 82.6862 62.5
      vertex 5.01233 82.6862 4
    endloop
  endfacet
  facet normal -0.993067 -0.117551 0
    outer loop
      vertex 5.01233 82.6862 62.5
      vertex 5.04925 82.3743 4
      vertex 5.04925 82.3743 62.5
    endloop
  endfacet
  facet normal -0.999237 -0.0390526 0
    outer loop
      vertex 10.5 83 4
      vertex 10.4954 83.1177 62.5
      vertex 10.4954 83.1177 4
    endloop
  endfacet
  facet normal -0.999237 -0.0390526 0
    outer loop
      vertex 10.4954 83.1177 62.5
      vertex 10.5 83 4
      vertex 10.5 83 62.5
    endloop
  endfacet
  facet normal 0.999231 -0.0392221 0
    outer loop
      vertex 7.5 83 62.5
      vertex 7.50462 83.1177 4
      vertex 7.50462 83.1177 62.5
    endloop
  endfacet
  facet normal 0.999231 -0.0392221 0
    outer loop
      vertex 7.50462 83.1177 4
      vertex 7.5 83 62.5
      vertex 7.5 83 4
    endloop
  endfacet
  facet normal -0.0390559 -0.999237 0
    outer loop
      vertex 9 84.5 4
      vertex 9.11769 84.4954 62.5
      vertex 9 84.5 62.5
    endloop
  endfacet
  facet normal -0.0390559 -0.999237 -0
    outer loop
      vertex 9.11769 84.4954 62.5
      vertex 9 84.5 4
      vertex 9.11769 84.4954 4
    endloop
  endfacet
  facet normal -0.6784 -0.734693 0
    outer loop
      vertex 9.97417 84.1406 4
      vertex 10.0607 84.0607 62.5
      vertex 9.97417 84.1406 62.5
    endloop
  endfacet
  facet normal -0.6784 -0.734693 -0
    outer loop
      vertex 10.0607 84.0607 62.5
      vertex 9.97417 84.1406 4
      vertex 10.0607 84.0607 4
    endloop
  endfacet
  facet normal 0.678569 -0.734536 0
    outer loop
      vertex 7.93934 84.0607 4
      vertex 8.02583 84.1406 62.5
      vertex 7.93934 84.0607 62.5
    endloop
  endfacet
  facet normal 0.678569 -0.734536 0
    outer loop
      vertex 8.02583 84.1406 62.5
      vertex 7.93934 84.0607 4
      vertex 8.02583 84.1406 4
    endloop
  endfacet
  facet normal 0.346374 -0.938096 0
    outer loop
      vertex 8.42598 84.3858 4
      vertex 8.53648 84.4266 62.5
      vertex 8.42598 84.3858 62.5
    endloop
  endfacet
  facet normal 0.346374 -0.938096 0
    outer loop
      vertex 8.53648 84.4266 62.5
      vertex 8.42598 84.3858 4
      vertex 8.53648 84.4266 4
    endloop
  endfacet
  facet normal -0.908232 -0.418466 0
    outer loop
      vertex 10.3858 83.574 4
      vertex 10.3365 83.681 62.5
      vertex 10.3365 83.681 4
    endloop
  endfacet
  facet normal -0.908232 -0.418466 0
    outer loop
      vertex 10.3365 83.681 62.5
      vertex 10.3858 83.574 4
      vertex 10.3858 83.574 62.5
    endloop
  endfacet
  facet normal -0.346374 -0.938096 0
    outer loop
      vertex 9.46352 84.4266 4
      vertex 9.57402 84.3858 62.5
      vertex 9.46352 84.4266 62.5
    endloop
  endfacet
  facet normal -0.346374 -0.938096 -0
    outer loop
      vertex 9.57402 84.3858 62.5
      vertex 9.46352 84.4266 4
      vertex 9.57402 84.3858 4
    endloop
  endfacet
  facet normal -0.555953 -0.831214 0
    outer loop
      vertex 9.78375 84.279 4
      vertex 9.88168 84.2135 62.5
      vertex 9.78375 84.279 62.5
    endloop
  endfacet
  facet normal -0.555953 -0.831214 -0
    outer loop
      vertex 9.88168 84.2135 62.5
      vertex 9.78375 84.279 4
      vertex 9.88168 84.2135 4
    endloop
  endfacet
  facet normal 0.9082 -0.418536 0
    outer loop
      vertex 7.61418 83.574 62.5
      vertex 7.66349 83.681 4
      vertex 7.66349 83.681 62.5
    endloop
  endfacet
  facet normal 0.9082 -0.418536 0
    outer loop
      vertex 7.66349 83.681 4
      vertex 7.61418 83.574 62.5
      vertex 7.61418 83.574 4
    endloop
  endfacet
  facet normal 0.118014 -0.993012 0
    outer loop
      vertex 8.76535 84.4815 4
      vertex 8.88231 84.4954 62.5
      vertex 8.76535 84.4815 62.5
    endloop
  endfacet
  facet normal 0.118014 -0.993012 0
    outer loop
      vertex 8.88231 84.4954 62.5
      vertex 8.76535 84.4815 4
      vertex 8.88231 84.4954 4
    endloop
  endfacet
  facet normal -0.938096 0.346374 0
    outer loop
      vertex 10.3858 82.426 4
      vertex 10.4266 82.5365 62.5
      vertex 10.4266 82.5365 4
    endloop
  endfacet
  facet normal -0.938096 0.346374 0
    outer loop
      vertex 10.4266 82.5365 62.5
      vertex 10.3858 82.426 4
      vertex 10.3858 82.426 62.5
    endloop
  endfacet
  facet normal -0.418563 0.908188 0
    outer loop
      vertex 9.68099 81.6635 4
      vertex 9.57402 81.6142 62.5
      vertex 9.68099 81.6635 62.5
    endloop
  endfacet
  facet normal -0.418563 0.908188 0
    outer loop
      vertex 9.57402 81.6142 62.5
      vertex 9.68099 81.6635 4
      vertex 9.57402 81.6142 4
    endloop
  endfacet
  facet normal -0.962353 0.271803 0
    outer loop
      vertex 10.4266 82.5365 4
      vertex 10.4586 82.6498 62.5
      vertex 10.4586 82.6498 4
    endloop
  endfacet
  facet normal -0.962353 0.271803 0
    outer loop
      vertex 10.4586 82.6498 62.5
      vertex 10.4266 82.5365 4
      vertex 10.4266 82.5365 62.5
    endloop
  endfacet
  facet normal -0.962353 -0.271803 0
    outer loop
      vertex 10.4586 83.3502 4
      vertex 10.4266 83.4635 62.5
      vertex 10.4266 83.4635 4
    endloop
  endfacet
  facet normal -0.962353 -0.271803 0
    outer loop
      vertex 10.4266 83.4635 62.5
      vertex 10.4586 83.3502 4
      vertex 10.4586 83.3502 62.5
    endloop
  endfacet
  facet normal -0.993005 -0.118073 0
    outer loop
      vertex 10.4954 83.1177 4
      vertex 10.4815 83.2346 62.5
      vertex 10.4815 83.2346 4
    endloop
  endfacet
  facet normal -0.993005 -0.118073 0
    outer loop
      vertex 10.4815 83.2346 62.5
      vertex 10.4954 83.1177 4
      vertex 10.4954 83.1177 62.5
    endloop
  endfacet
  facet normal -0.938096 -0.346374 0
    outer loop
      vertex 10.4266 83.4635 4
      vertex 10.3858 83.574 62.5
      vertex 10.3858 83.574 4
    endloop
  endfacet
  facet normal -0.938096 -0.346374 0
    outer loop
      vertex 10.3858 83.574 62.5
      vertex 10.4266 83.4635 4
      vertex 10.4266 83.4635 62.5
    endloop
  endfacet
  facet normal -0.785404 -0.618983 0
    outer loop
      vertex 10.2135 83.8817 4
      vertex 10.1406 83.9742 62.5
      vertex 10.1406 83.9742 4
    endloop
  endfacet
  facet normal -0.785404 -0.618983 0
    outer loop
      vertex 10.1406 83.9742 62.5
      vertex 10.2135 83.8817 4
      vertex 10.2135 83.8817 62.5
    endloop
  endfacet
  facet normal -0.734575 -0.678527 0
    outer loop
      vertex 10.1406 83.9742 4
      vertex 10.0607 84.0607 62.5
      vertex 10.0607 84.0607 4
    endloop
  endfacet
  facet normal -0.734575 -0.678527 0
    outer loop
      vertex 10.0607 84.0607 62.5
      vertex 10.1406 83.9742 4
      vertex 10.1406 83.9742 62.5
    endloop
  endfacet
  facet normal -0.872549 -0.488526 0
    outer loop
      vertex 10.3365 83.681 4
      vertex 10.279 83.7837 62.5
      vertex 10.279 83.7837 4
    endloop
  endfacet
  facet normal -0.872549 -0.488526 0
    outer loop
      vertex 10.279 83.7837 62.5
      vertex 10.3365 83.681 4
      vertex 10.3365 83.681 62.5
    endloop
  endfacet
  facet normal -0.19445 -0.980912 0
    outer loop
      vertex 9.23465 84.4815 4
      vertex 9.35017 84.4586 62.5
      vertex 9.23465 84.4815 62.5
    endloop
  endfacet
  facet normal -0.19445 -0.980912 -0
    outer loop
      vertex 9.35017 84.4586 62.5
      vertex 9.23465 84.4815 4
      vertex 9.35017 84.4586 4
    endloop
  endfacet
  facet normal -0.271692 -0.962384 0
    outer loop
      vertex 9.35017 84.4586 4
      vertex 9.46352 84.4266 62.5
      vertex 9.35017 84.4586 62.5
    endloop
  endfacet
  facet normal -0.271692 -0.962384 -0
    outer loop
      vertex 9.46352 84.4266 62.5
      vertex 9.35017 84.4586 4
      vertex 9.46352 84.4266 4
    endloop
  endfacet
  facet normal -0.118014 -0.993012 0
    outer loop
      vertex 9.11769 84.4954 4
      vertex 9.23465 84.4815 62.5
      vertex 9.11769 84.4954 62.5
    endloop
  endfacet
  facet normal -0.118014 -0.993012 -0
    outer loop
      vertex 9.23465 84.4815 62.5
      vertex 9.11769 84.4954 4
      vertex 9.23465 84.4815 4
    endloop
  endfacet
  facet normal -0.488309 -0.872671 0
    outer loop
      vertex 9.68099 84.3365 4
      vertex 9.78375 84.279 62.5
      vertex 9.68099 84.3365 62.5
    endloop
  endfacet
  facet normal -0.488309 -0.872671 -0
    outer loop
      vertex 9.78375 84.279 62.5
      vertex 9.68099 84.3365 4
      vertex 9.78375 84.279 4
    endloop
  endfacet
  facet normal -0.619025 -0.785372 0
    outer loop
      vertex 9.88168 84.2135 4
      vertex 9.97417 84.1406 62.5
      vertex 9.88168 84.2135 62.5
    endloop
  endfacet
  facet normal -0.619025 -0.785372 -0
    outer loop
      vertex 9.97417 84.1406 62.5
      vertex 9.88168 84.2135 4
      vertex 9.97417 84.1406 4
    endloop
  endfacet
  facet normal 0.980808 -0.194974 0
    outer loop
      vertex 7.51847 83.2346 62.5
      vertex 7.54145 83.3502 4
      vertex 7.54145 83.3502 62.5
    endloop
  endfacet
  facet normal 0.980808 -0.194974 0
    outer loop
      vertex 7.54145 83.3502 4
      vertex 7.51847 83.2346 62.5
      vertex 7.51847 83.2346 4
    endloop
  endfacet
  facet normal 0.831632 -0.555327 0
    outer loop
      vertex 7.72104 83.7837 62.5
      vertex 7.78648 83.8817 4
      vertex 7.78648 83.8817 62.5
    endloop
  endfacet
  facet normal 0.831632 -0.555327 0
    outer loop
      vertex 7.78648 83.8817 4
      vertex 7.72104 83.7837 62.5
      vertex 7.72104 83.7837 4
    endloop
  endfacet
  facet normal 0.734364 -0.678756 0
    outer loop
      vertex 7.85939 83.9742 62.5
      vertex 7.93934 84.0607 4
      vertex 7.93934 84.0607 62.5
    endloop
  endfacet
  facet normal 0.734364 -0.678756 0
    outer loop
      vertex 7.93934 84.0607 4
      vertex 7.85939 83.9742 62.5
      vertex 7.85939 83.9742 4
    endloop
  endfacet
  facet normal 0.872368 -0.488849 0
    outer loop
      vertex 7.66349 83.681 62.5
      vertex 7.72104 83.7837 4
      vertex 7.72104 83.7837 62.5
    endloop
  endfacet
  facet normal 0.872368 -0.488849 0
    outer loop
      vertex 7.72104 83.7837 4
      vertex 7.66349 83.681 62.5
      vertex 7.66349 83.681 4
    endloop
  endfacet
  facet normal 0.938207 -0.346075 0
    outer loop
      vertex 7.57342 83.4635 62.5
      vertex 7.61418 83.574 4
      vertex 7.61418 83.574 62.5
    endloop
  endfacet
  facet normal 0.938207 -0.346075 0
    outer loop
      vertex 7.61418 83.574 4
      vertex 7.57342 83.4635 62.5
      vertex 7.57342 83.4635 4
    endloop
  endfacet
  facet normal 0.993055 -0.117654 0
    outer loop
      vertex 7.50462 83.1177 62.5
      vertex 7.51847 83.2346 4
      vertex 7.51847 83.2346 62.5
    endloop
  endfacet
  facet normal 0.993055 -0.117654 0
    outer loop
      vertex 7.51847 83.2346 4
      vertex 7.50462 83.1177 62.5
      vertex 7.50462 83.1177 4
    endloop
  endfacet
  facet normal 0.488309 -0.872671 0
    outer loop
      vertex 8.21625 84.279 4
      vertex 8.31901 84.3365 62.5
      vertex 8.21625 84.279 62.5
    endloop
  endfacet
  facet normal 0.488309 -0.872671 0
    outer loop
      vertex 8.31901 84.3365 62.5
      vertex 8.21625 84.279 4
      vertex 8.31901 84.3365 4
    endloop
  endfacet
  facet normal 0.418563 -0.908188 0
    outer loop
      vertex 8.31901 84.3365 4
      vertex 8.42598 84.3858 62.5
      vertex 8.31901 84.3365 62.5
    endloop
  endfacet
  facet normal 0.418563 -0.908188 0
    outer loop
      vertex 8.42598 84.3858 62.5
      vertex 8.31901 84.3365 4
      vertex 8.42598 84.3858 4
    endloop
  endfacet
  facet normal 0.0390559 -0.999237 0
    outer loop
      vertex 8.88231 84.4954 4
      vertex 9 84.5 62.5
      vertex 8.88231 84.4954 62.5
    endloop
  endfacet
  facet normal 0.0390559 -0.999237 0
    outer loop
      vertex 9 84.5 62.5
      vertex 8.88231 84.4954 4
      vertex 9 84.5 4
    endloop
  endfacet
  facet normal -0.271692 0.962384 0
    outer loop
      vertex 9.46352 81.5734 4
      vertex 9.35017 81.5414 62.5
      vertex 9.46352 81.5734 62.5
    endloop
  endfacet
  facet normal -0.271692 0.962384 0
    outer loop
      vertex 9.35017 81.5414 62.5
      vertex 9.46352 81.5734 4
      vertex 9.35017 81.5414 4
    endloop
  endfacet
  facet normal -0.619025 0.785372 0
    outer loop
      vertex 9.97417 81.8594 4
      vertex 9.88168 81.7865 62.5
      vertex 9.97417 81.8594 62.5
    endloop
  endfacet
  facet normal -0.619025 0.785372 0
    outer loop
      vertex 9.88168 81.7865 62.5
      vertex 9.97417 81.8594 4
      vertex 9.88168 81.7865 4
    endloop
  endfacet
  facet normal -0.6784 0.734693 0
    outer loop
      vertex 10.0607 81.9393 4
      vertex 9.97417 81.8594 62.5
      vertex 10.0607 81.9393 62.5
    endloop
  endfacet
  facet normal -0.6784 0.734693 0
    outer loop
      vertex 9.97417 81.8594 62.5
      vertex 10.0607 81.9393 4
      vertex 9.97417 81.8594 4
    endloop
  endfacet
  facet normal -0.488309 0.872671 0
    outer loop
      vertex 9.78375 81.721 4
      vertex 9.68099 81.6635 62.5
      vertex 9.78375 81.721 62.5
    endloop
  endfacet
  facet normal -0.488309 0.872671 0
    outer loop
      vertex 9.68099 81.6635 62.5
      vertex 9.78375 81.721 4
      vertex 9.68099 81.6635 4
    endloop
  endfacet
  facet normal -0.785404 0.618983 0
    outer loop
      vertex 10.1406 82.0258 4
      vertex 10.2135 82.1183 62.5
      vertex 10.2135 82.1183 4
    endloop
  endfacet
  facet normal -0.785404 0.618983 0
    outer loop
      vertex 10.2135 82.1183 62.5
      vertex 10.1406 82.0258 4
      vertex 10.1406 82.0258 62.5
    endloop
  endfacet
  facet normal -0.872549 0.488526 0
    outer loop
      vertex 10.279 82.2163 4
      vertex 10.3365 82.319 62.5
      vertex 10.3365 82.319 4
    endloop
  endfacet
  facet normal -0.872549 0.488526 0
    outer loop
      vertex 10.3365 82.319 62.5
      vertex 10.279 82.2163 4
      vertex 10.279 82.2163 62.5
    endloop
  endfacet
  facet normal 0.19445 0.980912 -0
    outer loop
      vertex 8.76535 81.5185 4
      vertex 8.64983 81.5414 62.5
      vertex 8.76535 81.5185 62.5
    endloop
  endfacet
  facet normal 0.19445 0.980912 0
    outer loop
      vertex 8.64983 81.5414 62.5
      vertex 8.76535 81.5185 4
      vertex 8.64983 81.5414 4
    endloop
  endfacet
  facet normal 0.555953 0.831214 -0
    outer loop
      vertex 8.21625 81.721 4
      vertex 8.11832 81.7865 62.5
      vertex 8.21625 81.721 62.5
    endloop
  endfacet
  facet normal 0.555953 0.831214 0
    outer loop
      vertex 8.11832 81.7865 62.5
      vertex 8.21625 81.721 4
      vertex 8.11832 81.7865 4
    endloop
  endfacet
  facet normal 0.678569 0.734536 -0
    outer loop
      vertex 8.02583 81.8594 4
      vertex 7.93934 81.9393 62.5
      vertex 8.02583 81.8594 62.5
    endloop
  endfacet
  facet normal 0.678569 0.734536 0
    outer loop
      vertex 7.93934 81.9393 62.5
      vertex 8.02583 81.8594 4
      vertex 7.93934 81.9393 4
    endloop
  endfacet
  facet normal 0.488309 0.872671 -0
    outer loop
      vertex 8.31901 81.6635 4
      vertex 8.21625 81.721 62.5
      vertex 8.31901 81.6635 62.5
    endloop
  endfacet
  facet normal 0.488309 0.872671 0
    outer loop
      vertex 8.21625 81.721 62.5
      vertex 8.31901 81.6635 4
      vertex 8.21625 81.721 4
    endloop
  endfacet
  facet normal 0.346374 0.938096 -0
    outer loop
      vertex 8.53648 81.5734 4
      vertex 8.42598 81.6142 62.5
      vertex 8.53648 81.5734 62.5
    endloop
  endfacet
  facet normal 0.346374 0.938096 0
    outer loop
      vertex 8.42598 81.6142 62.5
      vertex 8.53648 81.5734 4
      vertex 8.42598 81.6142 4
    endloop
  endfacet
  facet normal 0.118014 0.993012 -0
    outer loop
      vertex 8.88231 81.5046 4
      vertex 8.76535 81.5185 62.5
      vertex 8.88231 81.5046 62.5
    endloop
  endfacet
  facet normal 0.118014 0.993012 0
    outer loop
      vertex 8.76535 81.5185 62.5
      vertex 8.88231 81.5046 4
      vertex 8.76535 81.5185 4
    endloop
  endfacet
  facet normal 0.9082 0.418536 0
    outer loop
      vertex 7.66349 82.319 62.5
      vertex 7.61418 82.426 4
      vertex 7.61418 82.426 62.5
    endloop
  endfacet
  facet normal 0.9082 0.418536 0
    outer loop
      vertex 7.61418 82.426 4
      vertex 7.66349 82.319 62.5
      vertex 7.66349 82.319 4
    endloop
  endfacet
  facet normal 0.999231 0.0392221 0
    outer loop
      vertex 7.50462 82.8823 62.5
      vertex 7.5 83 4
      vertex 7.5 83 62.5
    endloop
  endfacet
  facet normal 0.999231 0.0392221 0
    outer loop
      vertex 7.5 83 4
      vertex 7.50462 82.8823 62.5
      vertex 7.50462 82.8823 4
    endloop
  endfacet
  facet normal -0.980938 -0.194321 0
    outer loop
      vertex 10.4815 83.2346 4
      vertex 10.4586 83.3502 62.5
      vertex 10.4586 83.3502 4
    endloop
  endfacet
  facet normal -0.980938 -0.194321 0
    outer loop
      vertex 10.4586 83.3502 62.5
      vertex 10.4815 83.2346 4
      vertex 10.4815 83.2346 62.5
    endloop
  endfacet
  facet normal -0.831397 -0.555679 0
    outer loop
      vertex 10.279 83.7837 4
      vertex 10.2135 83.8817 62.5
      vertex 10.2135 83.8817 4
    endloop
  endfacet
  facet normal -0.831397 -0.555679 0
    outer loop
      vertex 10.2135 83.8817 62.5
      vertex 10.279 83.7837 4
      vertex 10.279 83.7837 62.5
    endloop
  endfacet
  facet normal -0.418563 -0.908188 0
    outer loop
      vertex 9.57402 84.3858 4
      vertex 9.68099 84.3365 62.5
      vertex 9.57402 84.3858 62.5
    endloop
  endfacet
  facet normal -0.418563 -0.908188 -0
    outer loop
      vertex 9.68099 84.3365 62.5
      vertex 9.57402 84.3858 4
      vertex 9.68099 84.3365 4
    endloop
  endfacet
  facet normal 0.785363 -0.619036 0
    outer loop
      vertex 7.78648 83.8817 62.5
      vertex 7.85939 83.9742 4
      vertex 7.85939 83.9742 62.5
    endloop
  endfacet
  facet normal 0.785363 -0.619036 0
    outer loop
      vertex 7.85939 83.9742 4
      vertex 7.78648 83.8817 62.5
      vertex 7.78648 83.8817 4
    endloop
  endfacet
  facet normal 0.96242 -0.271567 0
    outer loop
      vertex 7.54145 83.3502 62.5
      vertex 7.57342 83.4635 4
      vertex 7.57342 83.4635 62.5
    endloop
  endfacet
  facet normal 0.96242 -0.271567 0
    outer loop
      vertex 7.57342 83.4635 4
      vertex 7.54145 83.3502 62.5
      vertex 7.54145 83.3502 4
    endloop
  endfacet
  facet normal 0.555953 -0.831214 0
    outer loop
      vertex 8.11832 84.2135 4
      vertex 8.21625 84.279 62.5
      vertex 8.11832 84.2135 62.5
    endloop
  endfacet
  facet normal 0.555953 -0.831214 0
    outer loop
      vertex 8.21625 84.279 62.5
      vertex 8.11832 84.2135 4
      vertex 8.21625 84.279 4
    endloop
  endfacet
  facet normal 0.619025 -0.785372 0
    outer loop
      vertex 8.02583 84.1406 4
      vertex 8.11832 84.2135 62.5
      vertex 8.02583 84.1406 62.5
    endloop
  endfacet
  facet normal 0.619025 -0.785372 0
    outer loop
      vertex 8.11832 84.2135 62.5
      vertex 8.02583 84.1406 4
      vertex 8.11832 84.2135 4
    endloop
  endfacet
  facet normal 0.19445 -0.980912 0
    outer loop
      vertex 8.64983 84.4586 4
      vertex 8.76535 84.4815 62.5
      vertex 8.64983 84.4586 62.5
    endloop
  endfacet
  facet normal 0.19445 -0.980912 0
    outer loop
      vertex 8.76535 84.4815 62.5
      vertex 8.64983 84.4586 4
      vertex 8.76535 84.4815 4
    endloop
  endfacet
  facet normal 0.271692 -0.962384 0
    outer loop
      vertex 8.53648 84.4266 4
      vertex 8.64983 84.4586 62.5
      vertex 8.53648 84.4266 62.5
    endloop
  endfacet
  facet normal 0.271692 -0.962384 0
    outer loop
      vertex 8.64983 84.4586 62.5
      vertex 8.53648 84.4266 4
      vertex 8.64983 84.4586 4
    endloop
  endfacet
  facet normal -0.999237 0.0390526 0
    outer loop
      vertex 10.4954 82.8823 4
      vertex 10.5 83 62.5
      vertex 10.5 83 4
    endloop
  endfacet
  facet normal -0.999237 0.0390526 0
    outer loop
      vertex 10.5 83 62.5
      vertex 10.4954 82.8823 4
      vertex 10.4954 82.8823 62.5
    endloop
  endfacet
  facet normal -0.0390559 0.999237 0
    outer loop
      vertex 9.11769 81.5046 4
      vertex 9 81.5 62.5
      vertex 9.11769 81.5046 62.5
    endloop
  endfacet
  facet normal -0.0390559 0.999237 0
    outer loop
      vertex 9 81.5 62.5
      vertex 9.11769 81.5046 4
      vertex 9 81.5 4
    endloop
  endfacet
  facet normal -0.19445 0.980912 0
    outer loop
      vertex 9.35017 81.5414 4
      vertex 9.23465 81.5185 62.5
      vertex 9.35017 81.5414 62.5
    endloop
  endfacet
  facet normal -0.19445 0.980912 0
    outer loop
      vertex 9.23465 81.5185 62.5
      vertex 9.35017 81.5414 4
      vertex 9.23465 81.5185 4
    endloop
  endfacet
  facet normal -0.346374 0.938096 0
    outer loop
      vertex 9.57402 81.6142 4
      vertex 9.46352 81.5734 62.5
      vertex 9.57402 81.6142 62.5
    endloop
  endfacet
  facet normal -0.346374 0.938096 0
    outer loop
      vertex 9.46352 81.5734 62.5
      vertex 9.57402 81.6142 4
      vertex 9.46352 81.5734 4
    endloop
  endfacet
  facet normal -0.734575 0.678527 0
    outer loop
      vertex 10.0607 81.9393 4
      vertex 10.1406 82.0258 62.5
      vertex 10.1406 82.0258 4
    endloop
  endfacet
  facet normal -0.734575 0.678527 0
    outer loop
      vertex 10.1406 82.0258 62.5
      vertex 10.0607 81.9393 4
      vertex 10.0607 81.9393 62.5
    endloop
  endfacet
  facet normal -0.555953 0.831214 0
    outer loop
      vertex 9.88168 81.7865 4
      vertex 9.78375 81.721 62.5
      vertex 9.88168 81.7865 62.5
    endloop
  endfacet
  facet normal -0.555953 0.831214 0
    outer loop
      vertex 9.78375 81.721 62.5
      vertex 9.88168 81.7865 4
      vertex 9.78375 81.721 4
    endloop
  endfacet
  facet normal -0.831397 0.555679 0
    outer loop
      vertex 10.2135 82.1183 4
      vertex 10.279 82.2163 62.5
      vertex 10.279 82.2163 4
    endloop
  endfacet
  facet normal -0.831397 0.555679 0
    outer loop
      vertex 10.279 82.2163 62.5
      vertex 10.2135 82.1183 4
      vertex 10.2135 82.1183 62.5
    endloop
  endfacet
  facet normal -0.908232 0.418466 0
    outer loop
      vertex 10.3365 82.319 4
      vertex 10.3858 82.426 62.5
      vertex 10.3858 82.426 4
    endloop
  endfacet
  facet normal -0.908232 0.418466 0
    outer loop
      vertex 10.3858 82.426 62.5
      vertex 10.3365 82.319 4
      vertex 10.3365 82.319 62.5
    endloop
  endfacet
  facet normal -0.980938 0.194321 0
    outer loop
      vertex 10.4586 82.6498 4
      vertex 10.4815 82.7654 62.5
      vertex 10.4815 82.7654 4
    endloop
  endfacet
  facet normal -0.980938 0.194321 0
    outer loop
      vertex 10.4815 82.7654 62.5
      vertex 10.4586 82.6498 4
      vertex 10.4586 82.6498 62.5
    endloop
  endfacet
  facet normal -0.993005 0.118073 0
    outer loop
      vertex 10.4815 82.7654 4
      vertex 10.4954 82.8823 62.5
      vertex 10.4954 82.8823 4
    endloop
  endfacet
  facet normal -0.993005 0.118073 0
    outer loop
      vertex 10.4954 82.8823 62.5
      vertex 10.4815 82.7654 4
      vertex 10.4815 82.7654 62.5
    endloop
  endfacet
  facet normal 0.619025 0.785372 -0
    outer loop
      vertex 8.11832 81.7865 4
      vertex 8.02583 81.8594 62.5
      vertex 8.11832 81.7865 62.5
    endloop
  endfacet
  facet normal 0.619025 0.785372 0
    outer loop
      vertex 8.02583 81.8594 62.5
      vertex 8.11832 81.7865 4
      vertex 8.02583 81.8594 4
    endloop
  endfacet
  facet normal 0.418563 0.908188 -0
    outer loop
      vertex 8.42598 81.6142 4
      vertex 8.31901 81.6635 62.5
      vertex 8.42598 81.6142 62.5
    endloop
  endfacet
  facet normal 0.418563 0.908188 0
    outer loop
      vertex 8.31901 81.6635 62.5
      vertex 8.42598 81.6142 4
      vertex 8.31901 81.6635 4
    endloop
  endfacet
  facet normal 0.271692 0.962384 -0
    outer loop
      vertex 8.64983 81.5414 4
      vertex 8.53648 81.5734 62.5
      vertex 8.64983 81.5414 62.5
    endloop
  endfacet
  facet normal 0.271692 0.962384 0
    outer loop
      vertex 8.53648 81.5734 62.5
      vertex 8.64983 81.5414 4
      vertex 8.53648 81.5734 4
    endloop
  endfacet
  facet normal 0.0390559 0.999237 -0
    outer loop
      vertex 9 81.5 4
      vertex 8.88231 81.5046 62.5
      vertex 9 81.5 62.5
    endloop
  endfacet
  facet normal 0.0390559 0.999237 0
    outer loop
      vertex 8.88231 81.5046 62.5
      vertex 9 81.5 4
      vertex 8.88231 81.5046 4
    endloop
  endfacet
  facet normal 0.872368 0.488849 0
    outer loop
      vertex 7.72104 82.2163 62.5
      vertex 7.66349 82.319 4
      vertex 7.66349 82.319 62.5
    endloop
  endfacet
  facet normal 0.872368 0.488849 0
    outer loop
      vertex 7.66349 82.319 4
      vertex 7.72104 82.2163 62.5
      vertex 7.72104 82.2163 4
    endloop
  endfacet
  facet normal 0.831632 0.555327 0
    outer loop
      vertex 7.78648 82.1183 62.5
      vertex 7.72104 82.2163 4
      vertex 7.72104 82.2163 62.5
    endloop
  endfacet
  facet normal 0.831632 0.555327 0
    outer loop
      vertex 7.72104 82.2163 4
      vertex 7.78648 82.1183 62.5
      vertex 7.78648 82.1183 4
    endloop
  endfacet
  facet normal 0.734364 0.678756 0
    outer loop
      vertex 7.93934 81.9393 62.5
      vertex 7.85939 82.0258 4
      vertex 7.85939 82.0258 62.5
    endloop
  endfacet
  facet normal 0.734364 0.678756 0
    outer loop
      vertex 7.85939 82.0258 4
      vertex 7.93934 81.9393 62.5
      vertex 7.93934 81.9393 4
    endloop
  endfacet
  facet normal 0.980808 0.194974 0
    outer loop
      vertex 7.54145 82.6498 62.5
      vertex 7.51847 82.7654 4
      vertex 7.51847 82.7654 62.5
    endloop
  endfacet
  facet normal 0.980808 0.194974 0
    outer loop
      vertex 7.51847 82.7654 4
      vertex 7.54145 82.6498 62.5
      vertex 7.54145 82.6498 4
    endloop
  endfacet
  facet normal 0.938207 0.346075 0
    outer loop
      vertex 7.61418 82.426 62.5
      vertex 7.57342 82.5365 4
      vertex 7.57342 82.5365 62.5
    endloop
  endfacet
  facet normal 0.938207 0.346075 0
    outer loop
      vertex 7.57342 82.5365 4
      vertex 7.61418 82.426 62.5
      vertex 7.61418 82.426 4
    endloop
  endfacet
  facet normal 0.993055 0.117654 0
    outer loop
      vertex 7.51847 82.7654 62.5
      vertex 7.50462 82.8823 4
      vertex 7.50462 82.8823 62.5
    endloop
  endfacet
  facet normal 0.993055 0.117654 0
    outer loop
      vertex 7.50462 82.8823 4
      vertex 7.51847 82.7654 62.5
      vertex 7.51847 82.7654 4
    endloop
  endfacet
  facet normal -0.118014 0.993012 0
    outer loop
      vertex 9.23465 81.5185 4
      vertex 9.11769 81.5046 62.5
      vertex 9.23465 81.5185 62.5
    endloop
  endfacet
  facet normal -0.118014 0.993012 0
    outer loop
      vertex 9.11769 81.5046 62.5
      vertex 9.23465 81.5185 4
      vertex 9.11769 81.5046 4
    endloop
  endfacet
  facet normal 0.785363 0.619036 0
    outer loop
      vertex 7.85939 82.0258 62.5
      vertex 7.78648 82.1183 4
      vertex 7.78648 82.1183 62.5
    endloop
  endfacet
  facet normal 0.785363 0.619036 0
    outer loop
      vertex 7.78648 82.1183 4
      vertex 7.85939 82.0258 62.5
      vertex 7.85939 82.0258 4
    endloop
  endfacet
  facet normal 0.96242 0.271567 0
    outer loop
      vertex 7.57342 82.5365 62.5
      vertex 7.54145 82.6498 4
      vertex 7.54145 82.6498 62.5
    endloop
  endfacet
  facet normal 0.96242 0.271567 0
    outer loop
      vertex 7.54145 82.6498 4
      vertex 7.57342 82.5365 62.5
      vertex 7.57342 82.5365 4
    endloop
  endfacet
  facet normal 0.999233 0.0391619 0
    outer loop
      vertex 87 9 62.5
      vertex 86.9877 9.31384 4
      vertex 86.9877 9.31384 62.5
    endloop
  endfacet
  facet normal 0.999233 0.0391619 0
    outer loop
      vertex 86.9877 9.31384 4
      vertex 87 9 62.5
      vertex 87 9 4
    endloop
  endfacet
  facet normal -0.999233 0.0391619 0
    outer loop
      vertex 79 9 4
      vertex 79.0123 9.31384 62.5
      vertex 79.0123 9.31384 4
    endloop
  endfacet
  facet normal -0.999233 0.0391619 0
    outer loop
      vertex 79.0123 9.31384 62.5
      vertex 79 9 4
      vertex 79 9 62.5
    endloop
  endfacet
  facet normal 0.0391669 0.999233 -0
    outer loop
      vertex 83.3138 12.9877 4
      vertex 83 13 62.5
      vertex 83.3138 12.9877 62.5
    endloop
  endfacet
  facet normal 0.0391669 0.999233 0
    outer loop
      vertex 83 13 62.5
      vertex 83.3138 12.9877 4
      vertex 83 13 4
    endloop
  endfacet
  facet normal -0.0392622 -0.999229 0
    outer loop
      vertex 82.6862 5.01233 4
      vertex 83 5 62.5
      vertex 82.6862 5.01233 62.5
    endloop
  endfacet
  facet normal -0.0392622 -0.999229 -0
    outer loop
      vertex 83 5 62.5
      vertex 82.6862 5.01233 4
      vertex 83 5 4
    endloop
  endfacet
  facet normal -0.734325 -0.678798 0
    outer loop
      vertex 80.1716 6.17157 4
      vertex 79.9584 6.40221 62.5
      vertex 79.9584 6.40221 4
    endloop
  endfacet
  facet normal -0.734325 -0.678798 0
    outer loop
      vertex 79.9584 6.40221 62.5
      vertex 80.1716 6.17157 4
      vertex 80.1716 6.17157 62.5
    endloop
  endfacet
  facet normal 0.678862 0.734266 -0
    outer loop
      vertex 85.8284 11.8284 4
      vertex 85.5978 12.0416 62.5
      vertex 85.8284 11.8284 62.5
    endloop
  endfacet
  facet normal 0.678862 0.734266 0
    outer loop
      vertex 85.5978 12.0416 62.5
      vertex 85.8284 11.8284 4
      vertex 85.5978 12.0416 4
    endloop
  endfacet
  facet normal -0.678862 0.734266 0
    outer loop
      vertex 80.4022 12.0416 4
      vertex 80.1716 11.8284 62.5
      vertex 80.4022 12.0416 62.5
    endloop
  endfacet
  facet normal -0.678862 0.734266 0
    outer loop
      vertex 80.1716 11.8284 62.5
      vertex 80.4022 12.0416 4
      vertex 80.1716 11.8284 4
    endloop
  endfacet
  facet normal -0.346163 0.938174 0
    outer loop
      vertex 81.7639 12.8042 4
      vertex 81.4693 12.6955 62.5
      vertex 81.7639 12.8042 62.5
    endloop
  endfacet
  facet normal -0.346163 0.938174 0
    outer loop
      vertex 81.4693 12.6955 62.5
      vertex 81.7639 12.8042 4
      vertex 81.4693 12.6955 4
    endloop
  endfacet
  facet normal -0.938197 -0.346101 0
    outer loop
      vertex 79.3045 7.46927 4
      vertex 79.1958 7.76393 62.5
      vertex 79.1958 7.76393 4
    endloop
  endfacet
  facet normal -0.938197 -0.346101 0
    outer loop
      vertex 79.1958 7.76393 62.5
      vertex 79.3045 7.46927 4
      vertex 79.3045 7.46927 62.5
    endloop
  endfacet
  facet normal 0.908174 0.418594 0
    outer loop
      vertex 86.6955 10.5307 62.5
      vertex 86.564 10.816 4
      vertex 86.564 10.816 62.5
    endloop
  endfacet
  facet normal 0.908174 0.418594 0
    outer loop
      vertex 86.564 10.816 4
      vertex 86.6955 10.5307 62.5
      vertex 86.6955 10.5307 4
    endloop
  endfacet
  facet normal 0.346163 0.938174 -0
    outer loop
      vertex 84.5307 12.6955 4
      vertex 84.2361 12.8042 62.5
      vertex 84.5307 12.6955 62.5
    endloop
  endfacet
  facet normal 0.346163 0.938174 0
    outer loop
      vertex 84.2361 12.8042 62.5
      vertex 84.5307 12.6955 4
      vertex 84.2361 12.8042 4
    endloop
  endfacet
  facet normal 0.488506 0.87256 -0
    outer loop
      vertex 85.09 12.4106 4
      vertex 84.816 12.564 62.5
      vertex 85.09 12.4106 62.5
    endloop
  endfacet
  facet normal 0.488506 0.87256 0
    outer loop
      vertex 84.816 12.564 62.5
      vertex 85.09 12.4106 4
      vertex 84.816 12.564 4
    endloop
  endfacet
  facet normal -0.908174 0.418594 0
    outer loop
      vertex 79.3045 10.5307 4
      vertex 79.436 10.816 62.5
      vertex 79.436 10.816 4
    endloop
  endfacet
  facet normal -0.908174 0.418594 0
    outer loop
      vertex 79.436 10.816 62.5
      vertex 79.3045 10.5307 4
      vertex 79.3045 10.5307 62.5
    endloop
  endfacet
  facet normal -0.195137 0.980776 0
    outer loop
      vertex 82.3743 12.9508 4
      vertex 82.0662 12.8895 62.5
      vertex 82.3743 12.9508 62.5
    endloop
  endfacet
  facet normal -0.195137 0.980776 0
    outer loop
      vertex 82.0662 12.8895 62.5
      vertex 82.3743 12.9508 4
      vertex 82.0662 12.8895 4
    endloop
  endfacet
  facet normal 0.938197 -0.346101 0
    outer loop
      vertex 86.6955 7.46927 62.5
      vertex 86.8042 7.76393 4
      vertex 86.8042 7.76393 62.5
    endloop
  endfacet
  facet normal 0.938197 -0.346101 0
    outer loop
      vertex 86.8042 7.76393 4
      vertex 86.6955 7.46927 62.5
      vertex 86.6955 7.46927 4
    endloop
  endfacet
  facet normal 0.418568 -0.908186 0
    outer loop
      vertex 84.5307 5.30448 4
      vertex 84.816 5.43597 62.5
      vertex 84.5307 5.30448 62.5
    endloop
  endfacet
  facet normal 0.418568 -0.908186 0
    outer loop
      vertex 84.816 5.43597 62.5
      vertex 84.5307 5.30448 4
      vertex 84.816 5.43597 4
    endloop
  endfacet
  facet normal 0.962425 0.271549 0
    outer loop
      vertex 86.8895 9.93378 62.5
      vertex 86.8042 10.2361 4
      vertex 86.8042 10.2361 62.5
    endloop
  endfacet
  facet normal 0.962425 0.271549 0
    outer loop
      vertex 86.8042 10.2361 4
      vertex 86.8895 9.93378 62.5
      vertex 86.8895 9.93378 4
    endloop
  endfacet
  facet normal 0.938174 0.346163 0
    outer loop
      vertex 86.8042 10.2361 62.5
      vertex 86.6955 10.5307 4
      vertex 86.6955 10.5307 62.5
    endloop
  endfacet
  facet normal 0.938174 0.346163 0
    outer loop
      vertex 86.6955 10.5307 4
      vertex 86.8042 10.2361 62.5
      vertex 86.8042 10.2361 4
    endloop
  endfacet
  facet normal 0.831413 0.555655 0
    outer loop
      vertex 86.4106 11.09 62.5
      vertex 86.2361 11.3511 4
      vertex 86.2361 11.3511 62.5
    endloop
  endfacet
  facet normal 0.831413 0.555655 0
    outer loop
      vertex 86.2361 11.3511 4
      vertex 86.4106 11.09 62.5
      vertex 86.4106 11.09 4
    endloop
  endfacet
  facet normal 0.87256 0.488506 0
    outer loop
      vertex 86.564 10.816 62.5
      vertex 86.4106 11.09 4
      vertex 86.4106 11.09 62.5
    endloop
  endfacet
  facet normal 0.87256 0.488506 0
    outer loop
      vertex 86.4106 11.09 4
      vertex 86.564 10.816 62.5
      vertex 86.564 10.816 4
    endloop
  endfacet
  facet normal 0.195137 0.980776 -0
    outer loop
      vertex 83.9338 12.8895 4
      vertex 83.6257 12.9508 62.5
      vertex 83.9338 12.8895 62.5
    endloop
  endfacet
  facet normal 0.195137 0.980776 0
    outer loop
      vertex 83.6257 12.9508 62.5
      vertex 83.9338 12.8895 4
      vertex 83.6257 12.9508 4
    endloop
  endfacet
  facet normal 0.271566 0.96242 -0
    outer loop
      vertex 84.2361 12.8042 4
      vertex 83.9338 12.8895 62.5
      vertex 84.2361 12.8042 62.5
    endloop
  endfacet
  facet normal 0.271566 0.96242 0
    outer loop
      vertex 83.9338 12.8895 62.5
      vertex 84.2361 12.8042 4
      vertex 83.9338 12.8895 4
    endloop
  endfacet
  facet normal 0.117488 0.993074 -0
    outer loop
      vertex 83.6257 12.9508 4
      vertex 83.3138 12.9877 62.5
      vertex 83.6257 12.9508 62.5
    endloop
  endfacet
  facet normal 0.117488 0.993074 0
    outer loop
      vertex 83.3138 12.9877 62.5
      vertex 83.6257 12.9508 4
      vertex 83.3138 12.9877 4
    endloop
  endfacet
  facet normal 0.418594 0.908174 -0
    outer loop
      vertex 84.816 12.564 4
      vertex 84.5307 12.6955 62.5
      vertex 84.816 12.564 62.5
    endloop
  endfacet
  facet normal 0.418594 0.908174 0
    outer loop
      vertex 84.5307 12.6955 62.5
      vertex 84.816 12.564 4
      vertex 84.5307 12.6955 4
    endloop
  endfacet
  facet normal 0.619128 0.78529 -0
    outer loop
      vertex 85.5978 12.0416 4
      vertex 85.3511 12.2361 62.5
      vertex 85.5978 12.0416 62.5
    endloop
  endfacet
  facet normal 0.619128 0.78529 0
    outer loop
      vertex 85.3511 12.2361 62.5
      vertex 85.5978 12.0416 4
      vertex 85.3511 12.2361 4
    endloop
  endfacet
  facet normal -0.962425 0.271549 0
    outer loop
      vertex 79.1105 9.93378 4
      vertex 79.1958 10.2361 62.5
      vertex 79.1958 10.2361 4
    endloop
  endfacet
  facet normal -0.962425 0.271549 0
    outer loop
      vertex 79.1958 10.2361 62.5
      vertex 79.1105 9.93378 4
      vertex 79.1105 9.93378 62.5
    endloop
  endfacet
  facet normal -0.78529 0.619128 0
    outer loop
      vertex 79.7639 11.3511 4
      vertex 79.9584 11.5978 62.5
      vertex 79.9584 11.5978 4
    endloop
  endfacet
  facet normal -0.78529 0.619128 0
    outer loop
      vertex 79.9584 11.5978 62.5
      vertex 79.7639 11.3511 4
      vertex 79.7639 11.3511 62.5
    endloop
  endfacet
  facet normal -0.734266 0.678862 0
    outer loop
      vertex 79.9584 11.5978 4
      vertex 80.1716 11.8284 62.5
      vertex 80.1716 11.8284 4
    endloop
  endfacet
  facet normal -0.734266 0.678862 0
    outer loop
      vertex 80.1716 11.8284 62.5
      vertex 79.9584 11.5978 4
      vertex 79.9584 11.5978 62.5
    endloop
  endfacet
  facet normal -0.938174 0.346163 0
    outer loop
      vertex 79.1958 10.2361 4
      vertex 79.3045 10.5307 62.5
      vertex 79.3045 10.5307 4
    endloop
  endfacet
  facet normal -0.938174 0.346163 0
    outer loop
      vertex 79.3045 10.5307 62.5
      vertex 79.1958 10.2361 4
      vertex 79.1958 10.2361 62.5
    endloop
  endfacet
  facet normal -0.980769 0.195173 0
    outer loop
      vertex 79.0492 9.62574 4
      vertex 79.1105 9.93378 62.5
      vertex 79.1105 9.93378 4
    endloop
  endfacet
  facet normal -0.980769 0.195173 0
    outer loop
      vertex 79.1105 9.93378 62.5
      vertex 79.0492 9.62574 4
      vertex 79.0492 9.62574 62.5
    endloop
  endfacet
  facet normal -0.555655 0.831413 0
    outer loop
      vertex 80.91 12.4106 4
      vertex 80.6489 12.2361 62.5
      vertex 80.91 12.4106 62.5
    endloop
  endfacet
  facet normal -0.555655 0.831413 0
    outer loop
      vertex 80.6489 12.2361 62.5
      vertex 80.91 12.4106 4
      vertex 80.6489 12.2361 4
    endloop
  endfacet
  facet normal -0.418594 0.908174 0
    outer loop
      vertex 81.4693 12.6955 4
      vertex 81.184 12.564 62.5
      vertex 81.4693 12.6955 62.5
    endloop
  endfacet
  facet normal -0.418594 0.908174 0
    outer loop
      vertex 81.184 12.564 62.5
      vertex 81.4693 12.6955 4
      vertex 81.184 12.564 4
    endloop
  endfacet
  facet normal -0.619128 0.78529 0
    outer loop
      vertex 80.6489 12.2361 4
      vertex 80.4022 12.0416 62.5
      vertex 80.6489 12.2361 62.5
    endloop
  endfacet
  facet normal -0.619128 0.78529 0
    outer loop
      vertex 80.4022 12.0416 62.5
      vertex 80.6489 12.2361 4
      vertex 80.4022 12.0416 4
    endloop
  endfacet
  facet normal -0.271566 0.96242 0
    outer loop
      vertex 82.0662 12.8895 4
      vertex 81.7639 12.8042 62.5
      vertex 82.0662 12.8895 62.5
    endloop
  endfacet
  facet normal -0.271566 0.96242 0
    outer loop
      vertex 81.7639 12.8042 62.5
      vertex 82.0662 12.8895 4
      vertex 81.7639 12.8042 4
    endloop
  endfacet
  facet normal -0.117488 0.993074 0
    outer loop
      vertex 82.6862 12.9877 4
      vertex 82.3743 12.9508 62.5
      vertex 82.6862 12.9877 62.5
    endloop
  endfacet
  facet normal -0.117488 0.993074 0
    outer loop
      vertex 82.3743 12.9508 62.5
      vertex 82.6862 12.9877 4
      vertex 82.3743 12.9508 4
    endloop
  endfacet
  facet normal 0.271419 -0.962461 0
    outer loop
      vertex 83.9338 5.11052 4
      vertex 84.2361 5.19577 62.5
      vertex 83.9338 5.11052 62.5
    endloop
  endfacet
  facet normal 0.271419 -0.962461 0
    outer loop
      vertex 84.2361 5.19577 62.5
      vertex 83.9338 5.11052 4
      vertex 84.2361 5.19577 4
    endloop
  endfacet
  facet normal 0.488676 -0.872465 0
    outer loop
      vertex 84.816 5.43597 4
      vertex 85.09 5.58944 62.5
      vertex 84.816 5.43597 62.5
    endloop
  endfacet
  facet normal 0.488676 -0.872465 0
    outer loop
      vertex 85.09 5.58944 62.5
      vertex 84.816 5.43597 4
      vertex 85.09 5.58944 4
    endloop
  endfacet
  facet normal 0.785229 -0.619205 0
    outer loop
      vertex 86.0416 6.40221 62.5
      vertex 86.2361 6.64886 4
      vertex 86.2361 6.64886 62.5
    endloop
  endfacet
  facet normal 0.785229 -0.619205 0
    outer loop
      vertex 86.2361 6.64886 4
      vertex 86.0416 6.40221 62.5
      vertex 86.0416 6.40221 4
    endloop
  endfacet
  facet normal 0.908134 -0.418679 0
    outer loop
      vertex 86.564 7.18404 62.5
      vertex 86.6955 7.46927 4
      vertex 86.6955 7.46927 62.5
    endloop
  endfacet
  facet normal 0.908134 -0.418679 0
    outer loop
      vertex 86.6955 7.46927 4
      vertex 86.564 7.18404 62.5
      vertex 86.564 7.18404 4
    endloop
  endfacet
  facet normal -0.678845 -0.734282 0
    outer loop
      vertex 80.1716 6.17157 4
      vertex 80.4022 5.95838 62.5
      vertex 80.1716 6.17157 62.5
    endloop
  endfacet
  facet normal -0.678845 -0.734282 -0
    outer loop
      vertex 80.4022 5.95838 62.5
      vertex 80.1716 6.17157 4
      vertex 80.4022 5.95838 4
    endloop
  endfacet
  facet normal -0.346191 -0.938164 0
    outer loop
      vertex 81.4693 5.30448 4
      vertex 81.7639 5.19577 62.5
      vertex 81.4693 5.30448 62.5
    endloop
  endfacet
  facet normal -0.346191 -0.938164 -0
    outer loop
      vertex 81.7639 5.19577 62.5
      vertex 81.4693 5.30448 4
      vertex 81.7639 5.19577 4
    endloop
  endfacet
  facet normal -0.195045 -0.980794 0
    outer loop
      vertex 82.0662 5.11052 4
      vertex 82.3743 5.04925 62.5
      vertex 82.0662 5.11052 62.5
    endloop
  endfacet
  facet normal -0.195045 -0.980794 -0
    outer loop
      vertex 82.3743 5.04925 62.5
      vertex 82.0662 5.11052 4
      vertex 82.3743 5.04925 4
    endloop
  endfacet
  facet normal -0.908134 -0.418679 0
    outer loop
      vertex 79.436 7.18404 4
      vertex 79.3045 7.46927 62.5
      vertex 79.3045 7.46927 4
    endloop
  endfacet
  facet normal -0.908134 -0.418679 0
    outer loop
      vertex 79.3045 7.46927 62.5
      vertex 79.436 7.18404 4
      vertex 79.436 7.18404 62.5
    endloop
  endfacet
  facet normal -0.785229 -0.619205 0
    outer loop
      vertex 79.9584 6.40221 4
      vertex 79.7639 6.64886 62.5
      vertex 79.7639 6.64886 4
    endloop
  endfacet
  facet normal -0.785229 -0.619205 0
    outer loop
      vertex 79.7639 6.64886 62.5
      vertex 79.9584 6.40221 4
      vertex 79.9584 6.40221 62.5
    endloop
  endfacet
  facet normal -0.962417 -0.271574 0
    outer loop
      vertex 79.1958 7.76393 4
      vertex 79.1105 8.06622 62.5
      vertex 79.1105 8.06622 4
    endloop
  endfacet
  facet normal -0.962417 -0.271574 0
    outer loop
      vertex 79.1105 8.06622 62.5
      vertex 79.1958 7.76393 4
      vertex 79.1958 7.76393 62.5
    endloop
  endfacet
  facet normal 0.980769 0.195173 0
    outer loop
      vertex 86.9508 9.62574 62.5
      vertex 86.8895 9.93378 4
      vertex 86.8895 9.93378 62.5
    endloop
  endfacet
  facet normal 0.980769 0.195173 0
    outer loop
      vertex 86.8895 9.93378 4
      vertex 86.9508 9.62574 62.5
      vertex 86.9508 9.62574 4
    endloop
  endfacet
  facet normal 0.993074 0.117488 0
    outer loop
      vertex 86.9877 9.31384 62.5
      vertex 86.9508 9.62574 4
      vertex 86.9508 9.62574 62.5
    endloop
  endfacet
  facet normal 0.993074 0.117488 0
    outer loop
      vertex 86.9508 9.62574 4
      vertex 86.9877 9.31384 62.5
      vertex 86.9877 9.31384 4
    endloop
  endfacet
  facet normal 0.78529 0.619128 0
    outer loop
      vertex 86.2361 11.3511 62.5
      vertex 86.0416 11.5978 4
      vertex 86.0416 11.5978 62.5
    endloop
  endfacet
  facet normal 0.78529 0.619128 0
    outer loop
      vertex 86.0416 11.5978 4
      vertex 86.2361 11.3511 62.5
      vertex 86.2361 11.3511 4
    endloop
  endfacet
  facet normal 0.734266 0.678862 0
    outer loop
      vertex 86.0416 11.5978 62.5
      vertex 85.8284 11.8284 4
      vertex 85.8284 11.8284 62.5
    endloop
  endfacet
  facet normal 0.734266 0.678862 0
    outer loop
      vertex 85.8284 11.8284 4
      vertex 86.0416 11.5978 62.5
      vertex 86.0416 11.5978 4
    endloop
  endfacet
  facet normal 0.555655 0.831413 -0
    outer loop
      vertex 85.3511 12.2361 4
      vertex 85.09 12.4106 62.5
      vertex 85.3511 12.2361 62.5
    endloop
  endfacet
  facet normal 0.555655 0.831413 0
    outer loop
      vertex 85.09 12.4106 62.5
      vertex 85.3511 12.2361 4
      vertex 85.09 12.4106 4
    endloop
  endfacet
  facet normal -0.87256 0.488506 0
    outer loop
      vertex 79.436 10.816 4
      vertex 79.5894 11.09 62.5
      vertex 79.5894 11.09 4
    endloop
  endfacet
  facet normal -0.87256 0.488506 0
    outer loop
      vertex 79.5894 11.09 62.5
      vertex 79.436 10.816 4
      vertex 79.436 10.816 62.5
    endloop
  endfacet
  facet normal -0.831413 0.555655 0
    outer loop
      vertex 79.5894 11.09 4
      vertex 79.7639 11.3511 62.5
      vertex 79.7639 11.3511 4
    endloop
  endfacet
  facet normal -0.831413 0.555655 0
    outer loop
      vertex 79.7639 11.3511 62.5
      vertex 79.5894 11.09 4
      vertex 79.5894 11.09 62.5
    endloop
  endfacet
  facet normal -0.993074 0.117488 0
    outer loop
      vertex 79.0123 9.31384 4
      vertex 79.0492 9.62574 62.5
      vertex 79.0492 9.62574 4
    endloop
  endfacet
  facet normal -0.993074 0.117488 0
    outer loop
      vertex 79.0492 9.62574 62.5
      vertex 79.0123 9.31384 4
      vertex 79.0123 9.31384 62.5
    endloop
  endfacet
  facet normal 0 0 1
    outer loop
      vertex 84.5 9 62.5
      vertex 87 9 62.5
      vertex 86.9877 9.31384 62.5
    endloop
  endfacet
  facet normal 0 0 1
    outer loop
      vertex 84.4954 9.11769 62.5
      vertex 86.9877 9.31384 62.5
      vertex 86.9508 9.62574 62.5
    endloop
  endfacet
  facet normal 0 0 1
    outer loop
      vertex 87 9 62.5
      vertex 84.5 9 62.5
      vertex 86.9877 8.68616 62.5
    endloop
  endfacet
  facet normal 0 0 1
    outer loop
      vertex 84.4815 9.23465 62.5
      vertex 86.9508 9.62574 62.5
      vertex 86.8895 9.93378 62.5
    endloop
  endfacet
  facet normal -0 0 1
    outer loop
      vertex 84.4954 8.88231 62.5
      vertex 86.9877 8.68616 62.5
      vertex 84.5 9 62.5
    endloop
  endfacet
  facet normal 0 0 1
    outer loop
      vertex 84.4586 9.35017 62.5
      vertex 86.8895 9.93378 62.5
      vertex 86.8042 10.2361 62.5
    endloop
  endfacet
  facet normal 0 0 1
    outer loop
      vertex 86.9877 8.68616 62.5
      vertex 84.4954 8.88231 62.5
      vertex 86.9508 8.37426 62.5
    endloop
  endfacet
  facet normal 0 0 1
    outer loop
      vertex 84.4266 9.46352 62.5
      vertex 86.8042 10.2361 62.5
      vertex 86.6955 10.5307 62.5
    endloop
  endfacet
  facet normal -0 0 1
    outer loop
      vertex 84.4815 8.76535 62.5
      vertex 86.9508 8.37426 62.5
      vertex 84.4954 8.88231 62.5
    endloop
  endfacet
  facet normal 0 0 1
    outer loop
      vertex 84.3858 9.57402 62.5
      vertex 86.6955 10.5307 62.5
      vertex 86.564 10.816 62.5
    endloop
  endfacet
  facet normal 0 0 1
    outer loop
      vertex 86.9508 8.37426 62.5
      vertex 84.4815 8.76535 62.5
      vertex 86.8895 8.06622 62.5
    endloop
  endfacet
  facet normal 0 0 1
    outer loop
      vertex 84.3365 9.68099 62.5
      vertex 86.564 10.816 62.5
      vertex 86.4106 11.09 62.5
    endloop
  endfacet
  facet normal -0 0 1
    outer loop
      vertex 84.4586 8.64983 62.5
      vertex 86.8895 8.06622 62.5
      vertex 84.4815 8.76535 62.5
    endloop
  endfacet
  facet normal 0 0 1
    outer loop
      vertex 84.279 9.78375 62.5
      vertex 86.4106 11.09 62.5
      vertex 86.2361 11.3511 62.5
    endloop
  endfacet
  facet normal 0 0 1
    outer loop
      vertex 86.8895 8.06622 62.5
      vertex 84.4586 8.64983 62.5
      vertex 86.8042 7.76393 62.5
    endloop
  endfacet
  facet normal 0 0 1
    outer loop
      vertex 84.2135 9.88168 62.5
      vertex 86.2361 11.3511 62.5
      vertex 86.0416 11.5978 62.5
    endloop
  endfacet
  facet normal -0 0 1
    outer loop
      vertex 84.4266 8.53648 62.5
      vertex 86.8042 7.76393 62.5
      vertex 84.4586 8.64983 62.5
    endloop
  endfacet
  facet normal 0 0 1
    outer loop
      vertex 84.1406 9.97417 62.5
      vertex 86.0416 11.5978 62.5
      vertex 85.8284 11.8284 62.5
    endloop
  endfacet
  facet normal 0 0 1
    outer loop
      vertex 86.8042 7.76393 62.5
      vertex 84.4266 8.53648 62.5
      vertex 86.6955 7.46927 62.5
    endloop
  endfacet
  facet normal 0 0 1
    outer loop
      vertex 84.0607 10.0607 62.5
      vertex 85.8284 11.8284 62.5
      vertex 85.5978 12.0416 62.5
    endloop
  endfacet
  facet normal -0 0 1
    outer loop
      vertex 84.3858 8.42598 62.5
      vertex 86.6955 7.46927 62.5
      vertex 84.4266 8.53648 62.5
    endloop
  endfacet
  facet normal 0 0 1
    outer loop
      vertex 83.9742 10.1406 62.5
      vertex 85.5978 12.0416 62.5
      vertex 85.3511 12.2361 62.5
    endloop
  endfacet
  facet normal 0 0 1
    outer loop
      vertex 86.6955 7.46927 62.5
      vertex 84.3858 8.42598 62.5
      vertex 86.564 7.18404 62.5
    endloop
  endfacet
  facet normal 0 0 1
    outer loop
      vertex 83.8817 10.2135 62.5
      vertex 85.3511 12.2361 62.5
      vertex 85.09 12.4106 62.5
    endloop
  endfacet
  facet normal -0 0 1
    outer loop
      vertex 84.3365 8.31901 62.5
      vertex 86.564 7.18404 62.5
      vertex 84.3858 8.42598 62.5
    endloop
  endfacet
  facet normal 0 0 1
    outer loop
      vertex 83.7837 10.279 62.5
      vertex 85.09 12.4106 62.5
      vertex 84.816 12.564 62.5
    endloop
  endfacet
  facet normal 0 0 1
    outer loop
      vertex 86.564 7.18404 62.5
      vertex 84.3365 8.31901 62.5
      vertex 86.4106 6.91001 62.5
    endloop
  endfacet
  facet normal 0 0 1
    outer loop
      vertex 83.681 10.3365 62.5
      vertex 84.816 12.564 62.5
      vertex 84.5307 12.6955 62.5
    endloop
  endfacet
  facet normal -0 0 1
    outer loop
      vertex 84.279 8.21625 62.5
      vertex 86.4106 6.91001 62.5
      vertex 84.3365 8.31901 62.5
    endloop
  endfacet
  facet normal 0 0 1
    outer loop
      vertex 86.4106 6.91001 62.5
      vertex 84.279 8.21625 62.5
      vertex 86.2361 6.64886 62.5
    endloop
  endfacet
  facet normal 0 0 1
    outer loop
      vertex 86.9877 9.31384 62.5
      vertex 84.4954 9.11769 62.5
      vertex 84.5 9 62.5
    endloop
  endfacet
  facet normal 0 0 1
    outer loop
      vertex 86.9508 9.62574 62.5
      vertex 84.4815 9.23465 62.5
      vertex 84.4954 9.11769 62.5
    endloop
  endfacet
  facet normal 0 0 1
    outer loop
      vertex 86.8895 9.93378 62.5
      vertex 84.4586 9.35017 62.5
      vertex 84.4815 9.23465 62.5
    endloop
  endfacet
  facet normal 0 0 1
    outer loop
      vertex 86.8042 10.2361 62.5
      vertex 84.4266 9.46352 62.5
      vertex 84.4586 9.35017 62.5
    endloop
  endfacet
  facet normal 0 0 1
    outer loop
      vertex 86.6955 10.5307 62.5
      vertex 84.3858 9.57402 62.5
      vertex 84.4266 9.46352 62.5
    endloop
  endfacet
  facet normal 0 0 1
    outer loop
      vertex 86.564 10.816 62.5
      vertex 84.3365 9.68099 62.5
      vertex 84.3858 9.57402 62.5
    endloop
  endfacet
  facet normal 0 0 1
    outer loop
      vertex 86.4106 11.09 62.5
      vertex 84.279 9.78375 62.5
      vertex 84.3365 9.68099 62.5
    endloop
  endfacet
  facet normal 0 0 1
    outer loop
      vertex 83.574 10.3858 62.5
      vertex 84.5307 12.6955 62.5
      vertex 84.2361 12.8042 62.5
    endloop
  endfacet
  facet normal 0 0 1
    outer loop
      vertex 86.2361 11.3511 62.5
      vertex 84.2135 9.88168 62.5
      vertex 84.279 9.78375 62.5
    endloop
  endfacet
  facet normal 0 0 1
    outer loop
      vertex 86.0416 11.5978 62.5
      vertex 84.1406 9.97417 62.5
      vertex 84.2135 9.88168 62.5
    endloop
  endfacet
  facet normal 0 0 1
    outer loop
      vertex 85.8284 11.8284 62.5
      vertex 84.0607 10.0607 62.5
      vertex 84.1406 9.97417 62.5
    endloop
  endfacet
  facet normal 0 0 1
    outer loop
      vertex 85.5978 12.0416 62.5
      vertex 83.9742 10.1406 62.5
      vertex 84.0607 10.0607 62.5
    endloop
  endfacet
  facet normal 0 0 1
    outer loop
      vertex 83.4635 10.4266 62.5
      vertex 84.2361 12.8042 62.5
      vertex 83.9338 12.8895 62.5
    endloop
  endfacet
  facet normal 0 0 1
    outer loop
      vertex 85.3511 12.2361 62.5
      vertex 83.8817 10.2135 62.5
      vertex 83.9742 10.1406 62.5
    endloop
  endfacet
  facet normal 0 0 1
    outer loop
      vertex 85.09 12.4106 62.5
      vertex 83.7837 10.279 62.5
      vertex 83.8817 10.2135 62.5
    endloop
  endfacet
  facet normal 0 0 1
    outer loop
      vertex 84.816 12.564 62.5
      vertex 83.681 10.3365 62.5
      vertex 83.7837 10.279 62.5
    endloop
  endfacet
  facet normal 0 0 1
    outer loop
      vertex 83.3502 10.4586 62.5
      vertex 83.9338 12.8895 62.5
      vertex 83.6257 12.9508 62.5
    endloop
  endfacet
  facet normal 0 0 1
    outer loop
      vertex 84.5307 12.6955 62.5
      vertex 83.574 10.3858 62.5
      vertex 83.681 10.3365 62.5
    endloop
  endfacet
  facet normal 0 0 1
    outer loop
      vertex 84.2361 12.8042 62.5
      vertex 83.4635 10.4266 62.5
      vertex 83.574 10.3858 62.5
    endloop
  endfacet
  facet normal 0 0 1
    outer loop
      vertex 83.9338 12.8895 62.5
      vertex 83.3502 10.4586 62.5
      vertex 83.4635 10.4266 62.5
    endloop
  endfacet
  facet normal 0 0 1
    outer loop
      vertex 83.2346 10.4815 62.5
      vertex 83.6257 12.9508 62.5
      vertex 83.3138 12.9877 62.5
    endloop
  endfacet
  facet normal 0 0 1
    outer loop
      vertex 83.6257 12.9508 62.5
      vertex 83.2346 10.4815 62.5
      vertex 83.3502 10.4586 62.5
    endloop
  endfacet
  facet normal 0 0 1
    outer loop
      vertex 83.3138 12.9877 62.5
      vertex 83.1177 10.4954 62.5
      vertex 83.2346 10.4815 62.5
    endloop
  endfacet
  facet normal 0 0 1
    outer loop
      vertex 83 13 62.5
      vertex 83.1177 10.4954 62.5
      vertex 83.3138 12.9877 62.5
    endloop
  endfacet
  facet normal 0 0 1
    outer loop
      vertex 83 13 62.5
      vertex 83 10.5 62.5
      vertex 83.1177 10.4954 62.5
    endloop
  endfacet
  facet normal 0 0 1
    outer loop
      vertex 83 13 62.5
      vertex 82.8823 10.4954 62.5
      vertex 83 10.5 62.5
    endloop
  endfacet
  facet normal -0 0 1
    outer loop
      vertex 82.6862 12.9877 62.5
      vertex 82.8823 10.4954 62.5
      vertex 83 13 62.5
    endloop
  endfacet
  facet normal 0 0 1
    outer loop
      vertex 82.8823 10.4954 62.5
      vertex 82.6862 12.9877 62.5
      vertex 82.7654 10.4815 62.5
    endloop
  endfacet
  facet normal -0 0 1
    outer loop
      vertex 82.3743 12.9508 62.5
      vertex 82.7654 10.4815 62.5
      vertex 82.6862 12.9877 62.5
    endloop
  endfacet
  facet normal 0 0 1
    outer loop
      vertex 82.7654 10.4815 62.5
      vertex 82.3743 12.9508 62.5
      vertex 82.6498 10.4586 62.5
    endloop
  endfacet
  facet normal -0 0 1
    outer loop
      vertex 82.0662 12.8895 62.5
      vertex 82.6498 10.4586 62.5
      vertex 82.3743 12.9508 62.5
    endloop
  endfacet
  facet normal 0 0 1
    outer loop
      vertex 82.6498 10.4586 62.5
      vertex 82.0662 12.8895 62.5
      vertex 82.5365 10.4266 62.5
    endloop
  endfacet
  facet normal -0 0 1
    outer loop
      vertex 81.7639 12.8042 62.5
      vertex 82.5365 10.4266 62.5
      vertex 82.0662 12.8895 62.5
    endloop
  endfacet
  facet normal 0 0 1
    outer loop
      vertex 82.5365 10.4266 62.5
      vertex 81.7639 12.8042 62.5
      vertex 82.426 10.3858 62.5
    endloop
  endfacet
  facet normal -0 0 1
    outer loop
      vertex 81.4693 12.6955 62.5
      vertex 82.426 10.3858 62.5
      vertex 81.7639 12.8042 62.5
    endloop
  endfacet
  facet normal 0 0 1
    outer loop
      vertex 82.426 10.3858 62.5
      vertex 81.4693 12.6955 62.5
      vertex 82.319 10.3365 62.5
    endloop
  endfacet
  facet normal -0 0 1
    outer loop
      vertex 81.184 12.564 62.5
      vertex 82.319 10.3365 62.5
      vertex 81.4693 12.6955 62.5
    endloop
  endfacet
  facet normal 0 0 1
    outer loop
      vertex 82.319 10.3365 62.5
      vertex 81.184 12.564 62.5
      vertex 82.2163 10.279 62.5
    endloop
  endfacet
  facet normal -0 0 1
    outer loop
      vertex 80.91 12.4106 62.5
      vertex 82.2163 10.279 62.5
      vertex 81.184 12.564 62.5
    endloop
  endfacet
  facet normal 0 0 1
    outer loop
      vertex 82.2163 10.279 62.5
      vertex 80.91 12.4106 62.5
      vertex 82.1183 10.2135 62.5
    endloop
  endfacet
  facet normal -0 0 1
    outer loop
      vertex 80.6489 12.2361 62.5
      vertex 82.1183 10.2135 62.5
      vertex 80.91 12.4106 62.5
    endloop
  endfacet
  facet normal 0 0 1
    outer loop
      vertex 82.1183 10.2135 62.5
      vertex 80.6489 12.2361 62.5
      vertex 82.0258 10.1406 62.5
    endloop
  endfacet
  facet normal -0 0 1
    outer loop
      vertex 80.4022 12.0416 62.5
      vertex 82.0258 10.1406 62.5
      vertex 80.6489 12.2361 62.5
    endloop
  endfacet
  facet normal 0 0 1
    outer loop
      vertex 82.0258 10.1406 62.5
      vertex 80.4022 12.0416 62.5
      vertex 81.9393 10.0607 62.5
    endloop
  endfacet
  facet normal -0 0 1
    outer loop
      vertex 80.1716 11.8284 62.5
      vertex 81.9393 10.0607 62.5
      vertex 80.4022 12.0416 62.5
    endloop
  endfacet
  facet normal 0 0 1
    outer loop
      vertex 81.9393 10.0607 62.5
      vertex 80.1716 11.8284 62.5
      vertex 81.8594 9.97417 62.5
    endloop
  endfacet
  facet normal -0 0 1
    outer loop
      vertex 79.9584 11.5978 62.5
      vertex 81.8594 9.97417 62.5
      vertex 80.1716 11.8284 62.5
    endloop
  endfacet
  facet normal 0 0 1
    outer loop
      vertex 81.8594 9.97417 62.5
      vertex 79.9584 11.5978 62.5
      vertex 81.7865 9.88168 62.5
    endloop
  endfacet
  facet normal 0 0 1
    outer loop
      vertex 81.7865 9.88168 62.5
      vertex 79.7639 11.3511 62.5
      vertex 81.721 9.78375 62.5
    endloop
  endfacet
  facet normal -0 0 1
    outer loop
      vertex 79.7639 11.3511 62.5
      vertex 81.7865 9.88168 62.5
      vertex 79.9584 11.5978 62.5
    endloop
  endfacet
  facet normal -0 0 1
    outer loop
      vertex 84.2135 8.11832 62.5
      vertex 86.2361 6.64886 62.5
      vertex 84.279 8.21625 62.5
    endloop
  endfacet
  facet normal 0 0 1
    outer loop
      vertex 86.2361 6.64886 62.5
      vertex 84.2135 8.11832 62.5
      vertex 86.0416 6.40221 62.5
    endloop
  endfacet
  facet normal -0 0 1
    outer loop
      vertex 84.1406 8.02583 62.5
      vertex 86.0416 6.40221 62.5
      vertex 84.2135 8.11832 62.5
    endloop
  endfacet
  facet normal 0 0 1
    outer loop
      vertex 86.0416 6.40221 62.5
      vertex 84.1406 8.02583 62.5
      vertex 85.8284 6.17157 62.5
    endloop
  endfacet
  facet normal -0 0 1
    outer loop
      vertex 84.0607 7.93934 62.5
      vertex 85.8284 6.17157 62.5
      vertex 84.1406 8.02583 62.5
    endloop
  endfacet
  facet normal 0 0 1
    outer loop
      vertex 85.8284 6.17157 62.5
      vertex 84.0607 7.93934 62.5
      vertex 85.5978 5.95838 62.5
    endloop
  endfacet
  facet normal -0 0 1
    outer loop
      vertex 83.9742 7.85939 62.5
      vertex 85.5978 5.95838 62.5
      vertex 84.0607 7.93934 62.5
    endloop
  endfacet
  facet normal 0 0 1
    outer loop
      vertex 85.5978 5.95838 62.5
      vertex 83.9742 7.85939 62.5
      vertex 85.3511 5.76393 62.5
    endloop
  endfacet
  facet normal -0 0 1
    outer loop
      vertex 83.8817 7.78648 62.5
      vertex 85.3511 5.76393 62.5
      vertex 83.9742 7.85939 62.5
    endloop
  endfacet
  facet normal 0 0 1
    outer loop
      vertex 85.3511 5.76393 62.5
      vertex 83.8817 7.78648 62.5
      vertex 85.09 5.58944 62.5
    endloop
  endfacet
  facet normal -0 0 1
    outer loop
      vertex 83.7837 7.72104 62.5
      vertex 85.09 5.58944 62.5
      vertex 83.8817 7.78648 62.5
    endloop
  endfacet
  facet normal 0 0 1
    outer loop
      vertex 85.09 5.58944 62.5
      vertex 83.7837 7.72104 62.5
      vertex 84.816 5.43597 62.5
    endloop
  endfacet
  facet normal -0 0 1
    outer loop
      vertex 83.681 7.66349 62.5
      vertex 84.816 5.43597 62.5
      vertex 83.7837 7.72104 62.5
    endloop
  endfacet
  facet normal 0 0 1
    outer loop
      vertex 84.816 5.43597 62.5
      vertex 83.681 7.66349 62.5
      vertex 84.5307 5.30448 62.5
    endloop
  endfacet
  facet normal -0 0 1
    outer loop
      vertex 83.574 7.61418 62.5
      vertex 84.5307 5.30448 62.5
      vertex 83.681 7.66349 62.5
    endloop
  endfacet
  facet normal 0 0 1
    outer loop
      vertex 84.5307 5.30448 62.5
      vertex 83.574 7.61418 62.5
      vertex 84.2361 5.19577 62.5
    endloop
  endfacet
  facet normal -0 0 1
    outer loop
      vertex 83.4635 7.57342 62.5
      vertex 84.2361 5.19577 62.5
      vertex 83.574 7.61418 62.5
    endloop
  endfacet
  facet normal 0 0 1
    outer loop
      vertex 84.2361 5.19577 62.5
      vertex 83.4635 7.57342 62.5
      vertex 83.9338 5.11052 62.5
    endloop
  endfacet
  facet normal -0 0 1
    outer loop
      vertex 83.3502 7.54145 62.5
      vertex 83.9338 5.11052 62.5
      vertex 83.4635 7.57342 62.5
    endloop
  endfacet
  facet normal 0 0 1
    outer loop
      vertex 83.9338 5.11052 62.5
      vertex 83.3502 7.54145 62.5
      vertex 83.6257 5.04925 62.5
    endloop
  endfacet
  facet normal -0 0 1
    outer loop
      vertex 83.2346 7.51847 62.5
      vertex 83.6257 5.04925 62.5
      vertex 83.3502 7.54145 62.5
    endloop
  endfacet
  facet normal 0 0 1
    outer loop
      vertex 83.6257 5.04925 62.5
      vertex 83.2346 7.51847 62.5
      vertex 83.3138 5.01233 62.5
    endloop
  endfacet
  facet normal -0 0 1
    outer loop
      vertex 83.1177 7.50462 62.5
      vertex 83.3138 5.01233 62.5
      vertex 83.2346 7.51847 62.5
    endloop
  endfacet
  facet normal -0 0 1
    outer loop
      vertex 83 7.5 62.5
      vertex 83.3138 5.01233 62.5
      vertex 83.1177 7.50462 62.5
    endloop
  endfacet
  facet normal 0 0 1
    outer loop
      vertex 83 7.5 62.5
      vertex 83 5 62.5
      vertex 83.3138 5.01233 62.5
    endloop
  endfacet
  facet normal 0 0 1
    outer loop
      vertex 82.8823 7.50462 62.5
      vertex 83 5 62.5
      vertex 83 7.5 62.5
    endloop
  endfacet
  facet normal 0 0 1
    outer loop
      vertex 82.6862 5.01233 62.5
      vertex 82.8823 7.50462 62.5
      vertex 82.7654 7.51847 62.5
    endloop
  endfacet
  facet normal 0 0 1
    outer loop
      vertex 82.8823 7.50462 62.5
      vertex 82.6862 5.01233 62.5
      vertex 83 5 62.5
    endloop
  endfacet
  facet normal 0 0 1
    outer loop
      vertex 82.3743 5.04925 62.5
      vertex 82.7654 7.51847 62.5
      vertex 82.6498 7.54145 62.5
    endloop
  endfacet
  facet normal 0 0 1
    outer loop
      vertex 82.0662 5.11052 62.5
      vertex 82.6498 7.54145 62.5
      vertex 82.5365 7.57342 62.5
    endloop
  endfacet
  facet normal 0 0 1
    outer loop
      vertex 81.7639 5.19577 62.5
      vertex 82.5365 7.57342 62.5
      vertex 82.426 7.61418 62.5
    endloop
  endfacet
  facet normal 0 0 1
    outer loop
      vertex 82.7654 7.51847 62.5
      vertex 82.3743 5.04925 62.5
      vertex 82.6862 5.01233 62.5
    endloop
  endfacet
  facet normal 0 0 1
    outer loop
      vertex 81.4693 5.30448 62.5
      vertex 82.426 7.61418 62.5
      vertex 82.319 7.66349 62.5
    endloop
  endfacet
  facet normal 0 0 1
    outer loop
      vertex 81.184 5.43597 62.5
      vertex 82.319 7.66349 62.5
      vertex 82.2163 7.72104 62.5
    endloop
  endfacet
  facet normal 0 0 1
    outer loop
      vertex 80.91 5.58944 62.5
      vertex 82.2163 7.72104 62.5
      vertex 82.1183 7.78648 62.5
    endloop
  endfacet
  facet normal 0 0 1
    outer loop
      vertex 82.6498 7.54145 62.5
      vertex 82.0662 5.11052 62.5
      vertex 82.3743 5.04925 62.5
    endloop
  endfacet
  facet normal 0 0 1
    outer loop
      vertex 80.6489 5.76393 62.5
      vertex 82.1183 7.78648 62.5
      vertex 82.0258 7.85939 62.5
    endloop
  endfacet
  facet normal 0 0 1
    outer loop
      vertex 80.4022 5.95838 62.5
      vertex 82.0258 7.85939 62.5
      vertex 81.9393 7.93934 62.5
    endloop
  endfacet
  facet normal 0 0 1
    outer loop
      vertex 80.1716 6.17157 62.5
      vertex 81.9393 7.93934 62.5
      vertex 81.8594 8.02583 62.5
    endloop
  endfacet
  facet normal 0 0 1
    outer loop
      vertex 79.9584 6.40221 62.5
      vertex 81.8594 8.02583 62.5
      vertex 81.7865 8.11832 62.5
    endloop
  endfacet
  facet normal 0 0 1
    outer loop
      vertex 82.5365 7.57342 62.5
      vertex 81.7639 5.19577 62.5
      vertex 82.0662 5.11052 62.5
    endloop
  endfacet
  facet normal 0 0 1
    outer loop
      vertex 79.7639 6.64886 62.5
      vertex 81.7865 8.11832 62.5
      vertex 81.721 8.21625 62.5
    endloop
  endfacet
  facet normal 0 0 1
    outer loop
      vertex 79.5894 6.91001 62.5
      vertex 81.721 8.21625 62.5
      vertex 81.6635 8.31901 62.5
    endloop
  endfacet
  facet normal 0 0 1
    outer loop
      vertex 79.436 7.18404 62.5
      vertex 81.6635 8.31901 62.5
      vertex 81.6142 8.42598 62.5
    endloop
  endfacet
  facet normal 0 0 1
    outer loop
      vertex 79.3045 7.46927 62.5
      vertex 81.6142 8.42598 62.5
      vertex 81.5734 8.53648 62.5
    endloop
  endfacet
  facet normal 0 0 1
    outer loop
      vertex 79.1958 7.76393 62.5
      vertex 81.5734 8.53648 62.5
      vertex 81.5414 8.64983 62.5
    endloop
  endfacet
  facet normal 0 0 1
    outer loop
      vertex 79.1105 8.06622 62.5
      vertex 81.5414 8.64983 62.5
      vertex 81.5185 8.76535 62.5
    endloop
  endfacet
  facet normal 0 0 1
    outer loop
      vertex 79.0492 8.37426 62.5
      vertex 81.5185 8.76535 62.5
      vertex 81.5046 8.88231 62.5
    endloop
  endfacet
  facet normal 0 0 1
    outer loop
      vertex 82.426 7.61418 62.5
      vertex 81.4693 5.30448 62.5
      vertex 81.7639 5.19577 62.5
    endloop
  endfacet
  facet normal 0 0 1
    outer loop
      vertex 79.0123 8.68616 62.5
      vertex 81.5046 8.88231 62.5
      vertex 81.5 9 62.5
    endloop
  endfacet
  facet normal -0 0 1
    outer loop
      vertex 79.5894 11.09 62.5
      vertex 81.721 9.78375 62.5
      vertex 79.7639 11.3511 62.5
    endloop
  endfacet
  facet normal 0 0 1
    outer loop
      vertex 81.721 9.78375 62.5
      vertex 79.5894 11.09 62.5
      vertex 81.6635 9.68099 62.5
    endloop
  endfacet
  facet normal 0 0 1
    outer loop
      vertex 82.319 7.66349 62.5
      vertex 81.184 5.43597 62.5
      vertex 81.4693 5.30448 62.5
    endloop
  endfacet
  facet normal -0 0 1
    outer loop
      vertex 79.436 10.816 62.5
      vertex 81.6635 9.68099 62.5
      vertex 79.5894 11.09 62.5
    endloop
  endfacet
  facet normal 0 0 1
    outer loop
      vertex 82.2163 7.72104 62.5
      vertex 80.91 5.58944 62.5
      vertex 81.184 5.43597 62.5
    endloop
  endfacet
  facet normal 0 0 1
    outer loop
      vertex 81.6635 9.68099 62.5
      vertex 79.436 10.816 62.5
      vertex 81.6142 9.57402 62.5
    endloop
  endfacet
  facet normal 0 0 1
    outer loop
      vertex 82.1183 7.78648 62.5
      vertex 80.6489 5.76393 62.5
      vertex 80.91 5.58944 62.5
    endloop
  endfacet
  facet normal -0 0 1
    outer loop
      vertex 79.3045 10.5307 62.5
      vertex 81.6142 9.57402 62.5
      vertex 79.436 10.816 62.5
    endloop
  endfacet
  facet normal 0 0 1
    outer loop
      vertex 82.0258 7.85939 62.5
      vertex 80.4022 5.95838 62.5
      vertex 80.6489 5.76393 62.5
    endloop
  endfacet
  facet normal 0 0 1
    outer loop
      vertex 81.6142 9.57402 62.5
      vertex 79.3045 10.5307 62.5
      vertex 81.5734 9.46352 62.5
    endloop
  endfacet
  facet normal 0 0 1
    outer loop
      vertex 81.9393 7.93934 62.5
      vertex 80.1716 6.17157 62.5
      vertex 80.4022 5.95838 62.5
    endloop
  endfacet
  facet normal -0 0 1
    outer loop
      vertex 79.1958 10.2361 62.5
      vertex 81.5734 9.46352 62.5
      vertex 79.3045 10.5307 62.5
    endloop
  endfacet
  facet normal 0 0 1
    outer loop
      vertex 81.8594 8.02583 62.5
      vertex 79.9584 6.40221 62.5
      vertex 80.1716 6.17157 62.5
    endloop
  endfacet
  facet normal 0 0 1
    outer loop
      vertex 81.5734 9.46352 62.5
      vertex 79.1958 10.2361 62.5
      vertex 81.5414 9.35017 62.5
    endloop
  endfacet
  facet normal 0 0 1
    outer loop
      vertex 81.7865 8.11832 62.5
      vertex 79.7639 6.64886 62.5
      vertex 79.9584 6.40221 62.5
    endloop
  endfacet
  facet normal -0 0 1
    outer loop
      vertex 79.1105 9.93378 62.5
      vertex 81.5414 9.35017 62.5
      vertex 79.1958 10.2361 62.5
    endloop
  endfacet
  facet normal 0 0 1
    outer loop
      vertex 81.721 8.21625 62.5
      vertex 79.5894 6.91001 62.5
      vertex 79.7639 6.64886 62.5
    endloop
  endfacet
  facet normal 0 0 1
    outer loop
      vertex 81.5414 9.35017 62.5
      vertex 79.1105 9.93378 62.5
      vertex 81.5185 9.23465 62.5
    endloop
  endfacet
  facet normal 0 0 1
    outer loop
      vertex 81.6635 8.31901 62.5
      vertex 79.436 7.18404 62.5
      vertex 79.5894 6.91001 62.5
    endloop
  endfacet
  facet normal -0 0 1
    outer loop
      vertex 79.0492 9.62574 62.5
      vertex 81.5185 9.23465 62.5
      vertex 79.1105 9.93378 62.5
    endloop
  endfacet
  facet normal 0 0 1
    outer loop
      vertex 81.6142 8.42598 62.5
      vertex 79.3045 7.46927 62.5
      vertex 79.436 7.18404 62.5
    endloop
  endfacet
  facet normal 0 0 1
    outer loop
      vertex 81.5185 9.23465 62.5
      vertex 79.0492 9.62574 62.5
      vertex 81.5046 9.11769 62.5
    endloop
  endfacet
  facet normal 0 0 1
    outer loop
      vertex 81.5734 8.53648 62.5
      vertex 79.1958 7.76393 62.5
      vertex 79.3045 7.46927 62.5
    endloop
  endfacet
  facet normal -0 0 1
    outer loop
      vertex 79.0123 9.31384 62.5
      vertex 81.5046 9.11769 62.5
      vertex 79.0492 9.62574 62.5
    endloop
  endfacet
  facet normal 0 0 1
    outer loop
      vertex 81.5414 8.64983 62.5
      vertex 79.1105 8.06622 62.5
      vertex 79.1958 7.76393 62.5
    endloop
  endfacet
  facet normal 0 0 1
    outer loop
      vertex 81.5046 9.11769 62.5
      vertex 79.0123 9.31384 62.5
      vertex 81.5 9 62.5
    endloop
  endfacet
  facet normal 0 0 1
    outer loop
      vertex 81.5185 8.76535 62.5
      vertex 79.0492 8.37426 62.5
      vertex 79.1105 8.06622 62.5
    endloop
  endfacet
  facet normal 0 0 1
    outer loop
      vertex 79 9 62.5
      vertex 81.5 9 62.5
      vertex 79.0123 9.31384 62.5
    endloop
  endfacet
  facet normal 0 0 1
    outer loop
      vertex 81.5046 8.88231 62.5
      vertex 79.0123 8.68616 62.5
      vertex 79.0492 8.37426 62.5
    endloop
  endfacet
  facet normal 0 0 1
    outer loop
      vertex 81.5 9 62.5
      vertex 79 9 62.5
      vertex 79.0123 8.68616 62.5
    endloop
  endfacet
  facet normal -0.488506 0.87256 0
    outer loop
      vertex 81.184 12.564 4
      vertex 80.91 12.4106 62.5
      vertex 81.184 12.564 62.5
    endloop
  endfacet
  facet normal -0.488506 0.87256 0
    outer loop
      vertex 80.91 12.4106 62.5
      vertex 81.184 12.564 4
      vertex 80.91 12.4106 4
    endloop
  endfacet
  facet normal -0.0391669 0.999233 0
    outer loop
      vertex 83 13 4
      vertex 82.6862 12.9877 62.5
      vertex 83 13 62.5
    endloop
  endfacet
  facet normal -0.0391669 0.999233 0
    outer loop
      vertex 82.6862 12.9877 62.5
      vertex 83 13 4
      vertex 82.6862 12.9877 4
    endloop
  endfacet
  facet normal 0.999233 -0.0391619 0
    outer loop
      vertex 86.9877 8.68616 62.5
      vertex 87 9 4
      vertex 87 9 62.5
    endloop
  endfacet
  facet normal 0.999233 -0.0391619 0
    outer loop
      vertex 87 9 4
      vertex 86.9877 8.68616 62.5
      vertex 86.9877 8.68616 4
    endloop
  endfacet
  facet normal 0.0392622 -0.999229 0
    outer loop
      vertex 83 5 4
      vertex 83.3138 5.01233 62.5
      vertex 83 5 62.5
    endloop
  endfacet
  facet normal 0.0392622 -0.999229 0
    outer loop
      vertex 83.3138 5.01233 62.5
      vertex 83 5 4
      vertex 83.3138 5.01233 4
    endloop
  endfacet
  facet normal 0.195045 -0.980794 0
    outer loop
      vertex 83.6257 5.04925 4
      vertex 83.9338 5.11052 62.5
      vertex 83.6257 5.04925 62.5
    endloop
  endfacet
  facet normal 0.195045 -0.980794 0
    outer loop
      vertex 83.9338 5.11052 62.5
      vertex 83.6257 5.04925 4
      vertex 83.9338 5.11052 4
    endloop
  endfacet
  facet normal 0.346191 -0.938164 0
    outer loop
      vertex 84.2361 5.19577 4
      vertex 84.5307 5.30448 62.5
      vertex 84.2361 5.19577 62.5
    endloop
  endfacet
  facet normal 0.346191 -0.938164 0
    outer loop
      vertex 84.5307 5.30448 62.5
      vertex 84.2361 5.19577 4
      vertex 84.5307 5.30448 4
    endloop
  endfacet
  facet normal 0.61903 -0.785367 0
    outer loop
      vertex 85.3511 5.76393 4
      vertex 85.5978 5.95838 62.5
      vertex 85.3511 5.76393 62.5
    endloop
  endfacet
  facet normal 0.61903 -0.785367 0
    outer loop
      vertex 85.5978 5.95838 62.5
      vertex 85.3511 5.76393 4
      vertex 85.5978 5.95838 4
    endloop
  endfacet
  facet normal 0.734325 -0.678798 0
    outer loop
      vertex 85.8284 6.17157 62.5
      vertex 86.0416 6.40221 4
      vertex 86.0416 6.40221 62.5
    endloop
  endfacet
  facet normal 0.734325 -0.678798 0
    outer loop
      vertex 86.0416 6.40221 4
      vertex 85.8284 6.17157 62.5
      vertex 85.8284 6.17157 4
    endloop
  endfacet
  facet normal 0.555633 -0.831428 0
    outer loop
      vertex 85.09 5.58944 4
      vertex 85.3511 5.76393 62.5
      vertex 85.09 5.58944 62.5
    endloop
  endfacet
  facet normal 0.555633 -0.831428 0
    outer loop
      vertex 85.3511 5.76393 62.5
      vertex 85.09 5.58944 4
      vertex 85.3511 5.76393 4
    endloop
  endfacet
  facet normal 0.831462 -0.555582 0
    outer loop
      vertex 86.2361 6.64886 62.5
      vertex 86.4106 6.91001 4
      vertex 86.4106 6.91001 62.5
    endloop
  endfacet
  facet normal 0.831462 -0.555582 0
    outer loop
      vertex 86.4106 6.91001 4
      vertex 86.2361 6.64886 62.5
      vertex 86.2361 6.64886 4
    endloop
  endfacet
  facet normal 0.980769 -0.195173 0
    outer loop
      vertex 86.8895 8.06622 62.5
      vertex 86.9508 8.37426 4
      vertex 86.9508 8.37426 62.5
    endloop
  endfacet
  facet normal 0.980769 -0.195173 0
    outer loop
      vertex 86.9508 8.37426 4
      vertex 86.8895 8.06622 62.5
      vertex 86.8895 8.06622 4
    endloop
  endfacet
  facet normal 0.962417 -0.271574 0
    outer loop
      vertex 86.8042 7.76393 62.5
      vertex 86.8895 8.06622 4
      vertex 86.8895 8.06622 62.5
    endloop
  endfacet
  facet normal 0.962417 -0.271574 0
    outer loop
      vertex 86.8895 8.06622 4
      vertex 86.8042 7.76393 62.5
      vertex 86.8042 7.76393 4
    endloop
  endfacet
  facet normal 0.993074 -0.117488 0
    outer loop
      vertex 86.9508 8.37426 62.5
      vertex 86.9877 8.68616 4
      vertex 86.9877 8.68616 62.5
    endloop
  endfacet
  facet normal 0.993074 -0.117488 0
    outer loop
      vertex 86.9877 8.68616 4
      vertex 86.9508 8.37426 62.5
      vertex 86.9508 8.37426 4
    endloop
  endfacet
  facet normal -0.61903 -0.785367 0
    outer loop
      vertex 80.4022 5.95838 4
      vertex 80.6489 5.76393 62.5
      vertex 80.4022 5.95838 62.5
    endloop
  endfacet
  facet normal -0.61903 -0.785367 -0
    outer loop
      vertex 80.6489 5.76393 62.5
      vertex 80.4022 5.95838 4
      vertex 80.6489 5.76393 4
    endloop
  endfacet
  facet normal -0.418568 -0.908186 0
    outer loop
      vertex 81.184 5.43597 4
      vertex 81.4693 5.30448 62.5
      vertex 81.184 5.43597 62.5
    endloop
  endfacet
  facet normal -0.418568 -0.908186 -0
    outer loop
      vertex 81.4693 5.30448 62.5
      vertex 81.184 5.43597 4
      vertex 81.4693 5.30448 4
    endloop
  endfacet
  facet normal -0.555633 -0.831428 0
    outer loop
      vertex 80.6489 5.76393 4
      vertex 80.91 5.58944 62.5
      vertex 80.6489 5.76393 62.5
    endloop
  endfacet
  facet normal -0.555633 -0.831428 -0
    outer loop
      vertex 80.91 5.58944 62.5
      vertex 80.6489 5.76393 4
      vertex 80.91 5.58944 4
    endloop
  endfacet
  facet normal -0.271419 -0.962461 0
    outer loop
      vertex 81.7639 5.19577 4
      vertex 82.0662 5.11052 62.5
      vertex 81.7639 5.19577 62.5
    endloop
  endfacet
  facet normal -0.271419 -0.962461 -0
    outer loop
      vertex 82.0662 5.11052 62.5
      vertex 81.7639 5.19577 4
      vertex 82.0662 5.11052 4
    endloop
  endfacet
  facet normal -0.117551 -0.993067 0
    outer loop
      vertex 82.3743 5.04925 4
      vertex 82.6862 5.01233 62.5
      vertex 82.3743 5.04925 62.5
    endloop
  endfacet
  facet normal -0.117551 -0.993067 -0
    outer loop
      vertex 82.6862 5.01233 62.5
      vertex 82.3743 5.04925 4
      vertex 82.6862 5.01233 4
    endloop
  endfacet
  facet normal -0.872583 -0.488466 0
    outer loop
      vertex 79.5894 6.91001 4
      vertex 79.436 7.18404 62.5
      vertex 79.436 7.18404 4
    endloop
  endfacet
  facet normal -0.872583 -0.488466 0
    outer loop
      vertex 79.436 7.18404 62.5
      vertex 79.5894 6.91001 4
      vertex 79.5894 6.91001 62.5
    endloop
  endfacet
  facet normal -0.980769 -0.195173 0
    outer loop
      vertex 79.1105 8.06622 4
      vertex 79.0492 8.37426 62.5
      vertex 79.0492 8.37426 4
    endloop
  endfacet
  facet normal -0.980769 -0.195173 0
    outer loop
      vertex 79.0492 8.37426 62.5
      vertex 79.1105 8.06622 4
      vertex 79.1105 8.06622 62.5
    endloop
  endfacet
  facet normal -0.999233 -0.0391619 0
    outer loop
      vertex 79.0123 8.68616 4
      vertex 79 9 62.5
      vertex 79 9 4
    endloop
  endfacet
  facet normal -0.999233 -0.0391619 0
    outer loop
      vertex 79 9 62.5
      vertex 79.0123 8.68616 4
      vertex 79.0123 8.68616 62.5
    endloop
  endfacet
  facet normal 0.117551 -0.993067 0
    outer loop
      vertex 83.3138 5.01233 4
      vertex 83.6257 5.04925 62.5
      vertex 83.3138 5.01233 62.5
    endloop
  endfacet
  facet normal 0.117551 -0.993067 0
    outer loop
      vertex 83.6257 5.04925 62.5
      vertex 83.3138 5.01233 4
      vertex 83.6257 5.04925 4
    endloop
  endfacet
  facet normal 0.678845 -0.734282 0
    outer loop
      vertex 85.5978 5.95838 4
      vertex 85.8284 6.17157 62.5
      vertex 85.5978 5.95838 62.5
    endloop
  endfacet
  facet normal 0.678845 -0.734282 0
    outer loop
      vertex 85.8284 6.17157 62.5
      vertex 85.5978 5.95838 4
      vertex 85.8284 6.17157 4
    endloop
  endfacet
  facet normal 0.872583 -0.488466 0
    outer loop
      vertex 86.4106 6.91001 62.5
      vertex 86.564 7.18404 4
      vertex 86.564 7.18404 62.5
    endloop
  endfacet
  facet normal 0.872583 -0.488466 0
    outer loop
      vertex 86.564 7.18404 4
      vertex 86.4106 6.91001 62.5
      vertex 86.4106 6.91001 4
    endloop
  endfacet
  facet normal -0.488676 -0.872465 0
    outer loop
      vertex 80.91 5.58944 4
      vertex 81.184 5.43597 62.5
      vertex 80.91 5.58944 62.5
    endloop
  endfacet
  facet normal -0.488676 -0.872465 -0
    outer loop
      vertex 81.184 5.43597 62.5
      vertex 80.91 5.58944 4
      vertex 81.184 5.43597 4
    endloop
  endfacet
  facet normal -0.831462 -0.555582 0
    outer loop
      vertex 79.7639 6.64886 4
      vertex 79.5894 6.91001 62.5
      vertex 79.5894 6.91001 4
    endloop
  endfacet
  facet normal -0.831462 -0.555582 0
    outer loop
      vertex 79.5894 6.91001 62.5
      vertex 79.7639 6.64886 4
      vertex 79.7639 6.64886 62.5
    endloop
  endfacet
  facet normal -0.993074 -0.117488 0
    outer loop
      vertex 79.0492 8.37426 4
      vertex 79.0123 8.68616 62.5
      vertex 79.0123 8.68616 4
    endloop
  endfacet
  facet normal -0.993074 -0.117488 0
    outer loop
      vertex 79.0123 8.68616 62.5
      vertex 79.0492 8.37426 4
      vertex 79.0492 8.37426 62.5
    endloop
  endfacet
  facet normal -0.999237 -0.0390559 0
    outer loop
      vertex 84.5 9 4
      vertex 84.4954 9.11769 62.5
      vertex 84.4954 9.11769 4
    endloop
  endfacet
  facet normal -0.999237 -0.0390559 0
    outer loop
      vertex 84.4954 9.11769 62.5
      vertex 84.5 9 4
      vertex 84.5 9 62.5
    endloop
  endfacet
  facet normal 0.999237 -0.0390559 0
    outer loop
      vertex 81.5 9 62.5
      vertex 81.5046 9.11769 4
      vertex 81.5046 9.11769 62.5
    endloop
  endfacet
  facet normal 0.999237 -0.0390559 0
    outer loop
      vertex 81.5046 9.11769 4
      vertex 81.5 9 62.5
      vertex 81.5 9 4
    endloop
  endfacet
  facet normal -0.0390526 -0.999237 0
    outer loop
      vertex 83 10.5 4
      vertex 83.1177 10.4954 62.5
      vertex 83 10.5 62.5
    endloop
  endfacet
  facet normal -0.0390526 -0.999237 -0
    outer loop
      vertex 83.1177 10.4954 62.5
      vertex 83 10.5 4
      vertex 83.1177 10.4954 4
    endloop
  endfacet
  facet normal -0.678527 -0.734575 0
    outer loop
      vertex 83.9742 10.1406 4
      vertex 84.0607 10.0607 62.5
      vertex 83.9742 10.1406 62.5
    endloop
  endfacet
  facet normal -0.678527 -0.734575 -0
    outer loop
      vertex 84.0607 10.0607 62.5
      vertex 83.9742 10.1406 4
      vertex 84.0607 10.0607 4
    endloop
  endfacet
  facet normal 0.678527 -0.734575 0
    outer loop
      vertex 81.9393 10.0607 4
      vertex 82.0258 10.1406 62.5
      vertex 81.9393 10.0607 62.5
    endloop
  endfacet
  facet normal 0.678527 -0.734575 0
    outer loop
      vertex 82.0258 10.1406 62.5
      vertex 81.9393 10.0607 4
      vertex 82.0258 10.1406 4
    endloop
  endfacet
  facet normal 0.346374 -0.938096 0
    outer loop
      vertex 82.426 10.3858 4
      vertex 82.5365 10.4266 62.5
      vertex 82.426 10.3858 62.5
    endloop
  endfacet
  facet normal 0.346374 -0.938096 0
    outer loop
      vertex 82.5365 10.4266 62.5
      vertex 82.426 10.3858 4
      vertex 82.5365 10.4266 4
    endloop
  endfacet
  facet normal -0.908188 -0.418563 0
    outer loop
      vertex 84.3858 9.57402 4
      vertex 84.3365 9.68099 62.5
      vertex 84.3365 9.68099 4
    endloop
  endfacet
  facet normal -0.908188 -0.418563 0
    outer loop
      vertex 84.3365 9.68099 62.5
      vertex 84.3858 9.57402 4
      vertex 84.3858 9.57402 62.5
    endloop
  endfacet
  facet normal -0.346374 -0.938096 0
    outer loop
      vertex 83.4635 10.4266 4
      vertex 83.574 10.3858 62.5
      vertex 83.4635 10.4266 62.5
    endloop
  endfacet
  facet normal -0.346374 -0.938096 -0
    outer loop
      vertex 83.574 10.3858 62.5
      vertex 83.4635 10.4266 4
      vertex 83.574 10.3858 4
    endloop
  endfacet
  facet normal -0.555679 -0.831397 0
    outer loop
      vertex 83.7837 10.279 4
      vertex 83.8817 10.2135 62.5
      vertex 83.7837 10.279 62.5
    endloop
  endfacet
  facet normal -0.555679 -0.831397 -0
    outer loop
      vertex 83.8817 10.2135 62.5
      vertex 83.7837 10.279 4
      vertex 83.8817 10.2135 4
    endloop
  endfacet
  facet normal 0.908188 -0.418563 0
    outer loop
      vertex 81.6142 9.57402 62.5
      vertex 81.6635 9.68099 4
      vertex 81.6635 9.68099 62.5
    endloop
  endfacet
  facet normal 0.908188 -0.418563 0
    outer loop
      vertex 81.6635 9.68099 4
      vertex 81.6142 9.57402 62.5
      vertex 81.6142 9.57402 4
    endloop
  endfacet
  facet normal 0.118073 -0.993005 0
    outer loop
      vertex 82.7654 10.4815 4
      vertex 82.8823 10.4954 62.5
      vertex 82.7654 10.4815 62.5
    endloop
  endfacet
  facet normal 0.118073 -0.993005 0
    outer loop
      vertex 82.8823 10.4954 62.5
      vertex 82.7654 10.4815 4
      vertex 82.8823 10.4954 4
    endloop
  endfacet
  facet normal -0.938096 0.346374 0
    outer loop
      vertex 84.3858 8.42598 4
      vertex 84.4266 8.53648 62.5
      vertex 84.4266 8.53648 4
    endloop
  endfacet
  facet normal -0.938096 0.346374 0
    outer loop
      vertex 84.4266 8.53648 62.5
      vertex 84.3858 8.42598 4
      vertex 84.3858 8.42598 62.5
    endloop
  endfacet
  facet normal -0.418536 0.9082 0
    outer loop
      vertex 83.681 7.66349 4
      vertex 83.574 7.61418 62.5
      vertex 83.681 7.66349 62.5
    endloop
  endfacet
  facet normal -0.418536 0.9082 0
    outer loop
      vertex 83.574 7.61418 62.5
      vertex 83.681 7.66349 4
      vertex 83.574 7.61418 4
    endloop
  endfacet
  facet normal -0.962384 0.271692 0
    outer loop
      vertex 84.4266 8.53648 4
      vertex 84.4586 8.64983 62.5
      vertex 84.4586 8.64983 4
    endloop
  endfacet
  facet normal -0.962384 0.271692 0
    outer loop
      vertex 84.4586 8.64983 62.5
      vertex 84.4266 8.53648 4
      vertex 84.4266 8.53648 62.5
    endloop
  endfacet
  facet normal -0.962384 -0.271692 0
    outer loop
      vertex 84.4586 9.35017 4
      vertex 84.4266 9.46352 62.5
      vertex 84.4266 9.46352 4
    endloop
  endfacet
  facet normal -0.962384 -0.271692 0
    outer loop
      vertex 84.4266 9.46352 62.5
      vertex 84.4586 9.35017 4
      vertex 84.4586 9.35017 62.5
    endloop
  endfacet
  facet normal -0.993012 -0.118014 0
    outer loop
      vertex 84.4954 9.11769 4
      vertex 84.4815 9.23465 62.5
      vertex 84.4815 9.23465 4
    endloop
  endfacet
  facet normal -0.993012 -0.118014 0
    outer loop
      vertex 84.4815 9.23465 62.5
      vertex 84.4954 9.11769 4
      vertex 84.4954 9.11769 62.5
    endloop
  endfacet
  facet normal -0.938096 -0.346374 0
    outer loop
      vertex 84.4266 9.46352 4
      vertex 84.3858 9.57402 62.5
      vertex 84.3858 9.57402 4
    endloop
  endfacet
  facet normal -0.938096 -0.346374 0
    outer loop
      vertex 84.3858 9.57402 62.5
      vertex 84.4266 9.46352 4
      vertex 84.4266 9.46352 62.5
    endloop
  endfacet
  facet normal -0.785372 -0.619025 0
    outer loop
      vertex 84.2135 9.88168 4
      vertex 84.1406 9.97417 62.5
      vertex 84.1406 9.97417 4
    endloop
  endfacet
  facet normal -0.785372 -0.619025 0
    outer loop
      vertex 84.1406 9.97417 62.5
      vertex 84.2135 9.88168 4
      vertex 84.2135 9.88168 62.5
    endloop
  endfacet
  facet normal -0.734693 -0.6784 0
    outer loop
      vertex 84.1406 9.97417 4
      vertex 84.0607 10.0607 62.5
      vertex 84.0607 10.0607 4
    endloop
  endfacet
  facet normal -0.734693 -0.6784 0
    outer loop
      vertex 84.0607 10.0607 62.5
      vertex 84.1406 9.97417 4
      vertex 84.1406 9.97417 62.5
    endloop
  endfacet
  facet normal -0.872671 -0.488309 0
    outer loop
      vertex 84.3365 9.68099 4
      vertex 84.279 9.78375 62.5
      vertex 84.279 9.78375 4
    endloop
  endfacet
  facet normal -0.872671 -0.488309 0
    outer loop
      vertex 84.279 9.78375 62.5
      vertex 84.3365 9.68099 4
      vertex 84.3365 9.68099 62.5
    endloop
  endfacet
  facet normal -0.194321 -0.980938 0
    outer loop
      vertex 83.2346 10.4815 4
      vertex 83.3502 10.4586 62.5
      vertex 83.2346 10.4815 62.5
    endloop
  endfacet
  facet normal -0.194321 -0.980938 -0
    outer loop
      vertex 83.3502 10.4586 62.5
      vertex 83.2346 10.4815 4
      vertex 83.3502 10.4586 4
    endloop
  endfacet
  facet normal -0.271803 -0.962353 0
    outer loop
      vertex 83.3502 10.4586 4
      vertex 83.4635 10.4266 62.5
      vertex 83.3502 10.4586 62.5
    endloop
  endfacet
  facet normal -0.271803 -0.962353 -0
    outer loop
      vertex 83.4635 10.4266 62.5
      vertex 83.3502 10.4586 4
      vertex 83.4635 10.4266 4
    endloop
  endfacet
  facet normal -0.118073 -0.993005 0
    outer loop
      vertex 83.1177 10.4954 4
      vertex 83.2346 10.4815 62.5
      vertex 83.1177 10.4954 62.5
    endloop
  endfacet
  facet normal -0.118073 -0.993005 -0
    outer loop
      vertex 83.2346 10.4815 62.5
      vertex 83.1177 10.4954 4
      vertex 83.2346 10.4815 4
    endloop
  endfacet
  facet normal -0.488526 -0.872549 0
    outer loop
      vertex 83.681 10.3365 4
      vertex 83.7837 10.279 62.5
      vertex 83.681 10.3365 62.5
    endloop
  endfacet
  facet normal -0.488526 -0.872549 -0
    outer loop
      vertex 83.7837 10.279 62.5
      vertex 83.681 10.3365 4
      vertex 83.7837 10.279 4
    endloop
  endfacet
  facet normal -0.618983 -0.785404 0
    outer loop
      vertex 83.8817 10.2135 4
      vertex 83.9742 10.1406 62.5
      vertex 83.8817 10.2135 62.5
    endloop
  endfacet
  facet normal -0.618983 -0.785404 -0
    outer loop
      vertex 83.9742 10.1406 62.5
      vertex 83.8817 10.2135 4
      vertex 83.9742 10.1406 4
    endloop
  endfacet
  facet normal 0.980912 -0.19445 0
    outer loop
      vertex 81.5185 9.23465 62.5
      vertex 81.5414 9.35017 4
      vertex 81.5414 9.35017 62.5
    endloop
  endfacet
  facet normal 0.980912 -0.19445 0
    outer loop
      vertex 81.5414 9.35017 4
      vertex 81.5185 9.23465 62.5
      vertex 81.5185 9.23465 4
    endloop
  endfacet
  facet normal 0.831214 -0.555953 0
    outer loop
      vertex 81.721 9.78375 62.5
      vertex 81.7865 9.88168 4
      vertex 81.7865 9.88168 62.5
    endloop
  endfacet
  facet normal 0.831214 -0.555953 0
    outer loop
      vertex 81.7865 9.88168 4
      vertex 81.721 9.78375 62.5
      vertex 81.721 9.78375 4
    endloop
  endfacet
  facet normal 0.734693 -0.6784 0
    outer loop
      vertex 81.8594 9.97417 62.5
      vertex 81.9393 10.0607 4
      vertex 81.9393 10.0607 62.5
    endloop
  endfacet
  facet normal 0.734693 -0.6784 0
    outer loop
      vertex 81.9393 10.0607 4
      vertex 81.8594 9.97417 62.5
      vertex 81.8594 9.97417 4
    endloop
  endfacet
  facet normal 0.872671 -0.488309 0
    outer loop
      vertex 81.6635 9.68099 62.5
      vertex 81.721 9.78375 4
      vertex 81.721 9.78375 62.5
    endloop
  endfacet
  facet normal 0.872671 -0.488309 0
    outer loop
      vertex 81.721 9.78375 4
      vertex 81.6635 9.68099 62.5
      vertex 81.6635 9.68099 4
    endloop
  endfacet
  facet normal 0.938096 -0.346374 0
    outer loop
      vertex 81.5734 9.46352 62.5
      vertex 81.6142 9.57402 4
      vertex 81.6142 9.57402 62.5
    endloop
  endfacet
  facet normal 0.938096 -0.346374 0
    outer loop
      vertex 81.6142 9.57402 4
      vertex 81.5734 9.46352 62.5
      vertex 81.5734 9.46352 4
    endloop
  endfacet
  facet normal 0.993012 -0.118014 0
    outer loop
      vertex 81.5046 9.11769 62.5
      vertex 81.5185 9.23465 4
      vertex 81.5185 9.23465 62.5
    endloop
  endfacet
  facet normal 0.993012 -0.118014 0
    outer loop
      vertex 81.5185 9.23465 4
      vertex 81.5046 9.11769 62.5
      vertex 81.5046 9.11769 4
    endloop
  endfacet
  facet normal 0.488526 -0.872549 0
    outer loop
      vertex 82.2163 10.279 4
      vertex 82.319 10.3365 62.5
      vertex 82.2163 10.279 62.5
    endloop
  endfacet
  facet normal 0.488526 -0.872549 0
    outer loop
      vertex 82.319 10.3365 62.5
      vertex 82.2163 10.279 4
      vertex 82.319 10.3365 4
    endloop
  endfacet
  facet normal 0.418466 -0.908232 0
    outer loop
      vertex 82.319 10.3365 4
      vertex 82.426 10.3858 62.5
      vertex 82.319 10.3365 62.5
    endloop
  endfacet
  facet normal 0.418466 -0.908232 0
    outer loop
      vertex 82.426 10.3858 62.5
      vertex 82.319 10.3365 4
      vertex 82.426 10.3858 4
    endloop
  endfacet
  facet normal 0.0390526 -0.999237 0
    outer loop
      vertex 82.8823 10.4954 4
      vertex 83 10.5 62.5
      vertex 82.8823 10.4954 62.5
    endloop
  endfacet
  facet normal 0.0390526 -0.999237 0
    outer loop
      vertex 83 10.5 62.5
      vertex 82.8823 10.4954 4
      vertex 83 10.5 4
    endloop
  endfacet
  facet normal -0.271567 0.96242 0
    outer loop
      vertex 83.4635 7.57342 4
      vertex 83.3502 7.54145 62.5
      vertex 83.4635 7.57342 62.5
    endloop
  endfacet
  facet normal -0.271567 0.96242 0
    outer loop
      vertex 83.3502 7.54145 62.5
      vertex 83.4635 7.57342 4
      vertex 83.3502 7.54145 4
    endloop
  endfacet
  facet normal -0.619036 0.785363 0
    outer loop
      vertex 83.9742 7.85939 4
      vertex 83.8817 7.78648 62.5
      vertex 83.9742 7.85939 62.5
    endloop
  endfacet
  facet normal -0.619036 0.785363 0
    outer loop
      vertex 83.8817 7.78648 62.5
      vertex 83.9742 7.85939 4
      vertex 83.8817 7.78648 4
    endloop
  endfacet
  facet normal -0.678756 0.734364 0
    outer loop
      vertex 84.0607 7.93934 4
      vertex 83.9742 7.85939 62.5
      vertex 84.0607 7.93934 62.5
    endloop
  endfacet
  facet normal -0.678756 0.734364 0
    outer loop
      vertex 83.9742 7.85939 62.5
      vertex 84.0607 7.93934 4
      vertex 83.9742 7.85939 4
    endloop
  endfacet
  facet normal -0.488849 0.872368 0
    outer loop
      vertex 83.7837 7.72104 4
      vertex 83.681 7.66349 62.5
      vertex 83.7837 7.72104 62.5
    endloop
  endfacet
  facet normal -0.488849 0.872368 0
    outer loop
      vertex 83.681 7.66349 62.5
      vertex 83.7837 7.72104 4
      vertex 83.681 7.66349 4
    endloop
  endfacet
  facet normal -0.785372 0.619025 0
    outer loop
      vertex 84.1406 8.02583 4
      vertex 84.2135 8.11832 62.5
      vertex 84.2135 8.11832 4
    endloop
  endfacet
  facet normal -0.785372 0.619025 0
    outer loop
      vertex 84.2135 8.11832 62.5
      vertex 84.1406 8.02583 4
      vertex 84.1406 8.02583 62.5
    endloop
  endfacet
  facet normal -0.872671 0.488309 0
    outer loop
      vertex 84.279 8.21625 4
      vertex 84.3365 8.31901 62.5
      vertex 84.3365 8.31901 4
    endloop
  endfacet
  facet normal -0.872671 0.488309 0
    outer loop
      vertex 84.3365 8.31901 62.5
      vertex 84.279 8.21625 4
      vertex 84.279 8.21625 62.5
    endloop
  endfacet
  facet normal 0.194974 0.980808 -0
    outer loop
      vertex 82.7654 7.51847 4
      vertex 82.6498 7.54145 62.5
      vertex 82.7654 7.51847 62.5
    endloop
  endfacet
  facet normal 0.194974 0.980808 0
    outer loop
      vertex 82.6498 7.54145 62.5
      vertex 82.7654 7.51847 4
      vertex 82.6498 7.54145 4
    endloop
  endfacet
  facet normal 0.555327 0.831632 -0
    outer loop
      vertex 82.2163 7.72104 4
      vertex 82.1183 7.78648 62.5
      vertex 82.2163 7.72104 62.5
    endloop
  endfacet
  facet normal 0.555327 0.831632 0
    outer loop
      vertex 82.1183 7.78648 62.5
      vertex 82.2163 7.72104 4
      vertex 82.1183 7.78648 4
    endloop
  endfacet
  facet normal 0.678756 0.734364 -0
    outer loop
      vertex 82.0258 7.85939 4
      vertex 81.9393 7.93934 62.5
      vertex 82.0258 7.85939 62.5
    endloop
  endfacet
  facet normal 0.678756 0.734364 0
    outer loop
      vertex 81.9393 7.93934 62.5
      vertex 82.0258 7.85939 4
      vertex 81.9393 7.93934 4
    endloop
  endfacet
  facet normal 0.488849 0.872368 -0
    outer loop
      vertex 82.319 7.66349 4
      vertex 82.2163 7.72104 62.5
      vertex 82.319 7.66349 62.5
    endloop
  endfacet
  facet normal 0.488849 0.872368 0
    outer loop
      vertex 82.2163 7.72104 62.5
      vertex 82.319 7.66349 4
      vertex 82.2163 7.72104 4
    endloop
  endfacet
  facet normal 0.346075 0.938207 -0
    outer loop
      vertex 82.5365 7.57342 4
      vertex 82.426 7.61418 62.5
      vertex 82.5365 7.57342 62.5
    endloop
  endfacet
  facet normal 0.346075 0.938207 0
    outer loop
      vertex 82.426 7.61418 62.5
      vertex 82.5365 7.57342 4
      vertex 82.426 7.61418 4
    endloop
  endfacet
  facet normal 0.117654 0.993055 -0
    outer loop
      vertex 82.8823 7.50462 4
      vertex 82.7654 7.51847 62.5
      vertex 82.8823 7.50462 62.5
    endloop
  endfacet
  facet normal 0.117654 0.993055 0
    outer loop
      vertex 82.7654 7.51847 62.5
      vertex 82.8823 7.50462 4
      vertex 82.7654 7.51847 4
    endloop
  endfacet
  facet normal 0.908188 0.418563 0
    outer loop
      vertex 81.6635 8.31901 62.5
      vertex 81.6142 8.42598 4
      vertex 81.6142 8.42598 62.5
    endloop
  endfacet
  facet normal 0.908188 0.418563 0
    outer loop
      vertex 81.6142 8.42598 4
      vertex 81.6635 8.31901 62.5
      vertex 81.6635 8.31901 4
    endloop
  endfacet
  facet normal 0.999237 0.0390559 0
    outer loop
      vertex 81.5046 8.88231 62.5
      vertex 81.5 9 4
      vertex 81.5 9 62.5
    endloop
  endfacet
  facet normal 0.999237 0.0390559 0
    outer loop
      vertex 81.5 9 4
      vertex 81.5046 8.88231 62.5
      vertex 81.5046 8.88231 4
    endloop
  endfacet
  facet normal -0.980912 -0.19445 0
    outer loop
      vertex 84.4815 9.23465 4
      vertex 84.4586 9.35017 62.5
      vertex 84.4586 9.35017 4
    endloop
  endfacet
  facet normal -0.980912 -0.19445 0
    outer loop
      vertex 84.4586 9.35017 62.5
      vertex 84.4815 9.23465 4
      vertex 84.4815 9.23465 62.5
    endloop
  endfacet
  facet normal -0.831214 -0.555953 0
    outer loop
      vertex 84.279 9.78375 4
      vertex 84.2135 9.88168 62.5
      vertex 84.2135 9.88168 4
    endloop
  endfacet
  facet normal -0.831214 -0.555953 0
    outer loop
      vertex 84.2135 9.88168 62.5
      vertex 84.279 9.78375 4
      vertex 84.279 9.78375 62.5
    endloop
  endfacet
  facet normal -0.418466 -0.908232 0
    outer loop
      vertex 83.574 10.3858 4
      vertex 83.681 10.3365 62.5
      vertex 83.574 10.3858 62.5
    endloop
  endfacet
  facet normal -0.418466 -0.908232 -0
    outer loop
      vertex 83.681 10.3365 62.5
      vertex 83.574 10.3858 4
      vertex 83.681 10.3365 4
    endloop
  endfacet
  facet normal 0.785372 -0.619025 0
    outer loop
      vertex 81.7865 9.88168 62.5
      vertex 81.8594 9.97417 4
      vertex 81.8594 9.97417 62.5
    endloop
  endfacet
  facet normal 0.785372 -0.619025 0
    outer loop
      vertex 81.8594 9.97417 4
      vertex 81.7865 9.88168 62.5
      vertex 81.7865 9.88168 4
    endloop
  endfacet
  facet normal 0.962384 -0.271692 0
    outer loop
      vertex 81.5414 9.35017 62.5
      vertex 81.5734 9.46352 4
      vertex 81.5734 9.46352 62.5
    endloop
  endfacet
  facet normal 0.962384 -0.271692 0
    outer loop
      vertex 81.5734 9.46352 4
      vertex 81.5414 9.35017 62.5
      vertex 81.5414 9.35017 4
    endloop
  endfacet
  facet normal 0.555679 -0.831397 0
    outer loop
      vertex 82.1183 10.2135 4
      vertex 82.2163 10.279 62.5
      vertex 82.1183 10.2135 62.5
    endloop
  endfacet
  facet normal 0.555679 -0.831397 0
    outer loop
      vertex 82.2163 10.279 62.5
      vertex 82.1183 10.2135 4
      vertex 82.2163 10.279 4
    endloop
  endfacet
  facet normal 0.618983 -0.785404 0
    outer loop
      vertex 82.0258 10.1406 4
      vertex 82.1183 10.2135 62.5
      vertex 82.0258 10.1406 62.5
    endloop
  endfacet
  facet normal 0.618983 -0.785404 0
    outer loop
      vertex 82.1183 10.2135 62.5
      vertex 82.0258 10.1406 4
      vertex 82.1183 10.2135 4
    endloop
  endfacet
  facet normal 0.194321 -0.980938 0
    outer loop
      vertex 82.6498 10.4586 4
      vertex 82.7654 10.4815 62.5
      vertex 82.6498 10.4586 62.5
    endloop
  endfacet
  facet normal 0.194321 -0.980938 0
    outer loop
      vertex 82.7654 10.4815 62.5
      vertex 82.6498 10.4586 4
      vertex 82.7654 10.4815 4
    endloop
  endfacet
  facet normal 0.271803 -0.962353 0
    outer loop
      vertex 82.5365 10.4266 4
      vertex 82.6498 10.4586 62.5
      vertex 82.5365 10.4266 62.5
    endloop
  endfacet
  facet normal 0.271803 -0.962353 0
    outer loop
      vertex 82.6498 10.4586 62.5
      vertex 82.5365 10.4266 4
      vertex 82.6498 10.4586 4
    endloop
  endfacet
  facet normal -0.999237 0.0390559 0
    outer loop
      vertex 84.4954 8.88231 4
      vertex 84.5 9 62.5
      vertex 84.5 9 4
    endloop
  endfacet
  facet normal -0.999237 0.0390559 0
    outer loop
      vertex 84.5 9 62.5
      vertex 84.4954 8.88231 4
      vertex 84.4954 8.88231 62.5
    endloop
  endfacet
  facet normal -0.0392221 0.999231 0
    outer loop
      vertex 83.1177 7.50462 4
      vertex 83 7.5 62.5
      vertex 83.1177 7.50462 62.5
    endloop
  endfacet
  facet normal -0.0392221 0.999231 0
    outer loop
      vertex 83 7.5 62.5
      vertex 83.1177 7.50462 4
      vertex 83 7.5 4
    endloop
  endfacet
  facet normal -0.194974 0.980808 0
    outer loop
      vertex 83.3502 7.54145 4
      vertex 83.2346 7.51847 62.5
      vertex 83.3502 7.54145 62.5
    endloop
  endfacet
  facet normal -0.194974 0.980808 0
    outer loop
      vertex 83.2346 7.51847 62.5
      vertex 83.3502 7.54145 4
      vertex 83.2346 7.51847 4
    endloop
  endfacet
  facet normal -0.346075 0.938207 0
    outer loop
      vertex 83.574 7.61418 4
      vertex 83.4635 7.57342 62.5
      vertex 83.574 7.61418 62.5
    endloop
  endfacet
  facet normal -0.346075 0.938207 0
    outer loop
      vertex 83.4635 7.57342 62.5
      vertex 83.574 7.61418 4
      vertex 83.4635 7.57342 4
    endloop
  endfacet
  facet normal -0.734536 0.678569 0
    outer loop
      vertex 84.0607 7.93934 4
      vertex 84.1406 8.02583 62.5
      vertex 84.1406 8.02583 4
    endloop
  endfacet
  facet normal -0.734536 0.678569 0
    outer loop
      vertex 84.1406 8.02583 62.5
      vertex 84.0607 7.93934 4
      vertex 84.0607 7.93934 62.5
    endloop
  endfacet
  facet normal -0.555327 0.831632 0
    outer loop
      vertex 83.8817 7.78648 4
      vertex 83.7837 7.72104 62.5
      vertex 83.8817 7.78648 62.5
    endloop
  endfacet
  facet normal -0.555327 0.831632 0
    outer loop
      vertex 83.7837 7.72104 62.5
      vertex 83.8817 7.78648 4
      vertex 83.7837 7.72104 4
    endloop
  endfacet
  facet normal -0.831214 0.555953 0
    outer loop
      vertex 84.2135 8.11832 4
      vertex 84.279 8.21625 62.5
      vertex 84.279 8.21625 4
    endloop
  endfacet
  facet normal -0.831214 0.555953 0
    outer loop
      vertex 84.279 8.21625 62.5
      vertex 84.2135 8.11832 4
      vertex 84.2135 8.11832 62.5
    endloop
  endfacet
  facet normal -0.908188 0.418563 0
    outer loop
      vertex 84.3365 8.31901 4
      vertex 84.3858 8.42598 62.5
      vertex 84.3858 8.42598 4
    endloop
  endfacet
  facet normal -0.908188 0.418563 0
    outer loop
      vertex 84.3858 8.42598 62.5
      vertex 84.3365 8.31901 4
      vertex 84.3365 8.31901 62.5
    endloop
  endfacet
  facet normal -0.980912 0.19445 0
    outer loop
      vertex 84.4586 8.64983 4
      vertex 84.4815 8.76535 62.5
      vertex 84.4815 8.76535 4
    endloop
  endfacet
  facet normal -0.980912 0.19445 0
    outer loop
      vertex 84.4815 8.76535 62.5
      vertex 84.4586 8.64983 4
      vertex 84.4586 8.64983 62.5
    endloop
  endfacet
  facet normal -0.993012 0.118014 0
    outer loop
      vertex 84.4815 8.76535 4
      vertex 84.4954 8.88231 62.5
      vertex 84.4954 8.88231 4
    endloop
  endfacet
  facet normal -0.993012 0.118014 0
    outer loop
      vertex 84.4954 8.88231 62.5
      vertex 84.4815 8.76535 4
      vertex 84.4815 8.76535 62.5
    endloop
  endfacet
  facet normal 0.619036 0.785363 -0
    outer loop
      vertex 82.1183 7.78648 4
      vertex 82.0258 7.85939 62.5
      vertex 82.1183 7.78648 62.5
    endloop
  endfacet
  facet normal 0.619036 0.785363 0
    outer loop
      vertex 82.0258 7.85939 62.5
      vertex 82.1183 7.78648 4
      vertex 82.0258 7.85939 4
    endloop
  endfacet
  facet normal 0.418536 0.9082 -0
    outer loop
      vertex 82.426 7.61418 4
      vertex 82.319 7.66349 62.5
      vertex 82.426 7.61418 62.5
    endloop
  endfacet
  facet normal 0.418536 0.9082 0
    outer loop
      vertex 82.319 7.66349 62.5
      vertex 82.426 7.61418 4
      vertex 82.319 7.66349 4
    endloop
  endfacet
  facet normal 0.271567 0.96242 -0
    outer loop
      vertex 82.6498 7.54145 4
      vertex 82.5365 7.57342 62.5
      vertex 82.6498 7.54145 62.5
    endloop
  endfacet
  facet normal 0.271567 0.96242 0
    outer loop
      vertex 82.5365 7.57342 62.5
      vertex 82.6498 7.54145 4
      vertex 82.5365 7.57342 4
    endloop
  endfacet
  facet normal 0.0392221 0.999231 -0
    outer loop
      vertex 83 7.5 4
      vertex 82.8823 7.50462 62.5
      vertex 83 7.5 62.5
    endloop
  endfacet
  facet normal 0.0392221 0.999231 0
    outer loop
      vertex 82.8823 7.50462 62.5
      vertex 83 7.5 4
      vertex 82.8823 7.50462 4
    endloop
  endfacet
  facet normal 0.872671 0.488309 0
    outer loop
      vertex 81.721 8.21625 62.5
      vertex 81.6635 8.31901 4
      vertex 81.6635 8.31901 62.5
    endloop
  endfacet
  facet normal 0.872671 0.488309 0
    outer loop
      vertex 81.6635 8.31901 4
      vertex 81.721 8.21625 62.5
      vertex 81.721 8.21625 4
    endloop
  endfacet
  facet normal 0.831214 0.555953 0
    outer loop
      vertex 81.7865 8.11832 62.5
      vertex 81.721 8.21625 4
      vertex 81.721 8.21625 62.5
    endloop
  endfacet
  facet normal 0.831214 0.555953 0
    outer loop
      vertex 81.721 8.21625 4
      vertex 81.7865 8.11832 62.5
      vertex 81.7865 8.11832 4
    endloop
  endfacet
  facet normal 0.734536 0.678569 0
    outer loop
      vertex 81.9393 7.93934 62.5
      vertex 81.8594 8.02583 4
      vertex 81.8594 8.02583 62.5
    endloop
  endfacet
  facet normal 0.734536 0.678569 0
    outer loop
      vertex 81.8594 8.02583 4
      vertex 81.9393 7.93934 62.5
      vertex 81.9393 7.93934 4
    endloop
  endfacet
  facet normal 0.980912 0.19445 0
    outer loop
      vertex 81.5414 8.64983 62.5
      vertex 81.5185 8.76535 4
      vertex 81.5185 8.76535 62.5
    endloop
  endfacet
  facet normal 0.980912 0.19445 0
    outer loop
      vertex 81.5185 8.76535 4
      vertex 81.5414 8.64983 62.5
      vertex 81.5414 8.64983 4
    endloop
  endfacet
  facet normal 0.938096 0.346374 0
    outer loop
      vertex 81.6142 8.42598 62.5
      vertex 81.5734 8.53648 4
      vertex 81.5734 8.53648 62.5
    endloop
  endfacet
  facet normal 0.938096 0.346374 0
    outer loop
      vertex 81.5734 8.53648 4
      vertex 81.6142 8.42598 62.5
      vertex 81.6142 8.42598 4
    endloop
  endfacet
  facet normal 0.993012 0.118014 0
    outer loop
      vertex 81.5185 8.76535 62.5
      vertex 81.5046 8.88231 4
      vertex 81.5046 8.88231 62.5
    endloop
  endfacet
  facet normal 0.993012 0.118014 0
    outer loop
      vertex 81.5046 8.88231 4
      vertex 81.5185 8.76535 62.5
      vertex 81.5185 8.76535 4
    endloop
  endfacet
  facet normal -0.117654 0.993055 0
    outer loop
      vertex 83.2346 7.51847 4
      vertex 83.1177 7.50462 62.5
      vertex 83.2346 7.51847 62.5
    endloop
  endfacet
  facet normal -0.117654 0.993055 0
    outer loop
      vertex 83.1177 7.50462 62.5
      vertex 83.2346 7.51847 4
      vertex 83.1177 7.50462 4
    endloop
  endfacet
  facet normal 0.785372 0.619025 0
    outer loop
      vertex 81.8594 8.02583 62.5
      vertex 81.7865 8.11832 4
      vertex 81.7865 8.11832 62.5
    endloop
  endfacet
  facet normal 0.785372 0.619025 0
    outer loop
      vertex 81.7865 8.11832 4
      vertex 81.8594 8.02583 62.5
      vertex 81.8594 8.02583 4
    endloop
  endfacet
  facet normal 0.962384 0.271692 0
    outer loop
      vertex 81.5734 8.53648 62.5
      vertex 81.5414 8.64983 4
      vertex 81.5414 8.64983 62.5
    endloop
  endfacet
  facet normal 0.962384 0.271692 0
    outer loop
      vertex 81.5414 8.64983 4
      vertex 81.5734 8.53648 62.5
      vertex 81.5734 8.53648 4
    endloop
  endfacet
  facet normal 0.999233 0.0391669 0
    outer loop
      vertex 87 83 62.5
      vertex 86.9877 83.3138 4
      vertex 86.9877 83.3138 62.5
    endloop
  endfacet
  facet normal 0.999233 0.0391669 0
    outer loop
      vertex 86.9877 83.3138 4
      vertex 87 83 62.5
      vertex 87 83 4
    endloop
  endfacet
  facet normal -0.999233 0.0391669 0
    outer loop
      vertex 79 83 4
      vertex 79.0123 83.3138 62.5
      vertex 79.0123 83.3138 4
    endloop
  endfacet
  facet normal -0.999233 0.0391669 0
    outer loop
      vertex 79.0123 83.3138 62.5
      vertex 79 83 4
      vertex 79 83 62.5
    endloop
  endfacet
  facet normal 0.0391669 0.999233 -0
    outer loop
      vertex 83.3138 86.9877 4
      vertex 83 87 62.5
      vertex 83.3138 86.9877 62.5
    endloop
  endfacet
  facet normal 0.0391669 0.999233 0
    outer loop
      vertex 83 87 62.5
      vertex 83.3138 86.9877 4
      vertex 83 87 4
    endloop
  endfacet
  facet normal -0.0391669 -0.999233 0
    outer loop
      vertex 82.6862 79.0123 4
      vertex 83 79 62.5
      vertex 82.6862 79.0123 62.5
    endloop
  endfacet
  facet normal -0.0391669 -0.999233 -0
    outer loop
      vertex 83 79 62.5
      vertex 82.6862 79.0123 4
      vertex 83 79 4
    endloop
  endfacet
  facet normal -0.734266 -0.678862 0
    outer loop
      vertex 80.1716 80.1716 4
      vertex 79.9584 80.4022 62.5
      vertex 79.9584 80.4022 4
    endloop
  endfacet
  facet normal -0.734266 -0.678862 0
    outer loop
      vertex 79.9584 80.4022 62.5
      vertex 80.1716 80.1716 4
      vertex 80.1716 80.1716 62.5
    endloop
  endfacet
  facet normal 0.678862 0.734266 -0
    outer loop
      vertex 85.8284 85.8284 4
      vertex 85.5978 86.0416 62.5
      vertex 85.8284 85.8284 62.5
    endloop
  endfacet
  facet normal 0.678862 0.734266 0
    outer loop
      vertex 85.5978 86.0416 62.5
      vertex 85.8284 85.8284 4
      vertex 85.5978 86.0416 4
    endloop
  endfacet
  facet normal -0.678862 0.734266 0
    outer loop
      vertex 80.4022 86.0416 4
      vertex 80.1716 85.8284 62.5
      vertex 80.4022 86.0416 62.5
    endloop
  endfacet
  facet normal -0.678862 0.734266 0
    outer loop
      vertex 80.1716 85.8284 62.5
      vertex 80.4022 86.0416 4
      vertex 80.1716 85.8284 4
    endloop
  endfacet
  facet normal -0.346163 0.938174 0
    outer loop
      vertex 81.7639 86.8042 4
      vertex 81.4693 86.6955 62.5
      vertex 81.7639 86.8042 62.5
    endloop
  endfacet
  facet normal -0.346163 0.938174 0
    outer loop
      vertex 81.4693 86.6955 62.5
      vertex 81.7639 86.8042 4
      vertex 81.4693 86.6955 4
    endloop
  endfacet
  facet normal -0.938174 -0.346163 0
    outer loop
      vertex 79.3045 81.4693 4
      vertex 79.1958 81.7639 62.5
      vertex 79.1958 81.7639 4
    endloop
  endfacet
  facet normal -0.938174 -0.346163 0
    outer loop
      vertex 79.1958 81.7639 62.5
      vertex 79.3045 81.4693 4
      vertex 79.3045 81.4693 62.5
    endloop
  endfacet
  facet normal 0.908174 0.418594 0
    outer loop
      vertex 86.6955 84.5307 62.5
      vertex 86.564 84.816 4
      vertex 86.564 84.816 62.5
    endloop
  endfacet
  facet normal 0.908174 0.418594 0
    outer loop
      vertex 86.564 84.816 4
      vertex 86.6955 84.5307 62.5
      vertex 86.6955 84.5307 4
    endloop
  endfacet
  facet normal 0.346163 0.938174 -0
    outer loop
      vertex 84.5307 86.6955 4
      vertex 84.2361 86.8042 62.5
      vertex 84.5307 86.6955 62.5
    endloop
  endfacet
  facet normal 0.346163 0.938174 0
    outer loop
      vertex 84.2361 86.8042 62.5
      vertex 84.5307 86.6955 4
      vertex 84.2361 86.8042 4
    endloop
  endfacet
  facet normal 0.488506 0.87256 -0
    outer loop
      vertex 85.09 86.4106 4
      vertex 84.816 86.564 62.5
      vertex 85.09 86.4106 62.5
    endloop
  endfacet
  facet normal 0.488506 0.87256 0
    outer loop
      vertex 84.816 86.564 62.5
      vertex 85.09 86.4106 4
      vertex 84.816 86.564 4
    endloop
  endfacet
  facet normal -0.908174 0.418594 0
    outer loop
      vertex 79.3045 84.5307 4
      vertex 79.436 84.816 62.5
      vertex 79.436 84.816 4
    endloop
  endfacet
  facet normal -0.908174 0.418594 0
    outer loop
      vertex 79.436 84.816 62.5
      vertex 79.3045 84.5307 4
      vertex 79.3045 84.5307 62.5
    endloop
  endfacet
  facet normal -0.195137 0.980776 0
    outer loop
      vertex 82.3743 86.9508 4
      vertex 82.0662 86.8895 62.5
      vertex 82.3743 86.9508 62.5
    endloop
  endfacet
  facet normal -0.195137 0.980776 0
    outer loop
      vertex 82.0662 86.8895 62.5
      vertex 82.3743 86.9508 4
      vertex 82.0662 86.8895 4
    endloop
  endfacet
  facet normal 0.938174 -0.346163 0
    outer loop
      vertex 86.6955 81.4693 62.5
      vertex 86.8042 81.7639 4
      vertex 86.8042 81.7639 62.5
    endloop
  endfacet
  facet normal 0.938174 -0.346163 0
    outer loop
      vertex 86.8042 81.7639 4
      vertex 86.6955 81.4693 62.5
      vertex 86.6955 81.4693 4
    endloop
  endfacet
  facet normal 0.418594 -0.908174 0
    outer loop
      vertex 84.5307 79.3045 4
      vertex 84.816 79.436 62.5
      vertex 84.5307 79.3045 62.5
    endloop
  endfacet
  facet normal 0.418594 -0.908174 0
    outer loop
      vertex 84.816 79.436 62.5
      vertex 84.5307 79.3045 4
      vertex 84.816 79.436 4
    endloop
  endfacet
  facet normal 0.96242 0.271566 0
    outer loop
      vertex 86.8895 83.9338 62.5
      vertex 86.8042 84.2361 4
      vertex 86.8042 84.2361 62.5
    endloop
  endfacet
  facet normal 0.96242 0.271566 0
    outer loop
      vertex 86.8042 84.2361 4
      vertex 86.8895 83.9338 62.5
      vertex 86.8895 83.9338 4
    endloop
  endfacet
  facet normal 0.938174 0.346163 0
    outer loop
      vertex 86.8042 84.2361 62.5
      vertex 86.6955 84.5307 4
      vertex 86.6955 84.5307 62.5
    endloop
  endfacet
  facet normal 0.938174 0.346163 0
    outer loop
      vertex 86.6955 84.5307 4
      vertex 86.8042 84.2361 62.5
      vertex 86.8042 84.2361 4
    endloop
  endfacet
  facet normal 0.831413 0.555655 0
    outer loop
      vertex 86.4106 85.09 62.5
      vertex 86.2361 85.3511 4
      vertex 86.2361 85.3511 62.5
    endloop
  endfacet
  facet normal 0.831413 0.555655 0
    outer loop
      vertex 86.2361 85.3511 4
      vertex 86.4106 85.09 62.5
      vertex 86.4106 85.09 4
    endloop
  endfacet
  facet normal 0.87256 0.488506 0
    outer loop
      vertex 86.564 84.816 62.5
      vertex 86.4106 85.09 4
      vertex 86.4106 85.09 62.5
    endloop
  endfacet
  facet normal 0.87256 0.488506 0
    outer loop
      vertex 86.4106 85.09 4
      vertex 86.564 84.816 62.5
      vertex 86.564 84.816 4
    endloop
  endfacet
  facet normal 0.195137 0.980776 -0
    outer loop
      vertex 83.9338 86.8895 4
      vertex 83.6257 86.9508 62.5
      vertex 83.9338 86.8895 62.5
    endloop
  endfacet
  facet normal 0.195137 0.980776 0
    outer loop
      vertex 83.6257 86.9508 62.5
      vertex 83.9338 86.8895 4
      vertex 83.6257 86.9508 4
    endloop
  endfacet
  facet normal 0.271566 0.96242 -0
    outer loop
      vertex 84.2361 86.8042 4
      vertex 83.9338 86.8895 62.5
      vertex 84.2361 86.8042 62.5
    endloop
  endfacet
  facet normal 0.271566 0.96242 0
    outer loop
      vertex 83.9338 86.8895 62.5
      vertex 84.2361 86.8042 4
      vertex 83.9338 86.8895 4
    endloop
  endfacet
  facet normal 0.117488 0.993074 -0
    outer loop
      vertex 83.6257 86.9508 4
      vertex 83.3138 86.9877 62.5
      vertex 83.6257 86.9508 62.5
    endloop
  endfacet
  facet normal 0.117488 0.993074 0
    outer loop
      vertex 83.3138 86.9877 62.5
      vertex 83.6257 86.9508 4
      vertex 83.3138 86.9877 4
    endloop
  endfacet
  facet normal 0.418594 0.908174 -0
    outer loop
      vertex 84.816 86.564 4
      vertex 84.5307 86.6955 62.5
      vertex 84.816 86.564 62.5
    endloop
  endfacet
  facet normal 0.418594 0.908174 0
    outer loop
      vertex 84.5307 86.6955 62.5
      vertex 84.816 86.564 4
      vertex 84.5307 86.6955 4
    endloop
  endfacet
  facet normal 0.619128 0.78529 -0
    outer loop
      vertex 85.5978 86.0416 4
      vertex 85.3511 86.2361 62.5
      vertex 85.5978 86.0416 62.5
    endloop
  endfacet
  facet normal 0.619128 0.78529 0
    outer loop
      vertex 85.3511 86.2361 62.5
      vertex 85.5978 86.0416 4
      vertex 85.3511 86.2361 4
    endloop
  endfacet
  facet normal -0.96242 0.271566 0
    outer loop
      vertex 79.1105 83.9338 4
      vertex 79.1958 84.2361 62.5
      vertex 79.1958 84.2361 4
    endloop
  endfacet
  facet normal -0.96242 0.271566 0
    outer loop
      vertex 79.1958 84.2361 62.5
      vertex 79.1105 83.9338 4
      vertex 79.1105 83.9338 62.5
    endloop
  endfacet
  facet normal -0.78529 0.619128 0
    outer loop
      vertex 79.7639 85.3511 4
      vertex 79.9584 85.5978 62.5
      vertex 79.9584 85.5978 4
    endloop
  endfacet
  facet normal -0.78529 0.619128 0
    outer loop
      vertex 79.9584 85.5978 62.5
      vertex 79.7639 85.3511 4
      vertex 79.7639 85.3511 62.5
    endloop
  endfacet
  facet normal -0.734266 0.678862 0
    outer loop
      vertex 79.9584 85.5978 4
      vertex 80.1716 85.8284 62.5
      vertex 80.1716 85.8284 4
    endloop
  endfacet
  facet normal -0.734266 0.678862 0
    outer loop
      vertex 80.1716 85.8284 62.5
      vertex 79.9584 85.5978 4
      vertex 79.9584 85.5978 62.5
    endloop
  endfacet
  facet normal -0.938174 0.346163 0
    outer loop
      vertex 79.1958 84.2361 4
      vertex 79.3045 84.5307 62.5
      vertex 79.3045 84.5307 4
    endloop
  endfacet
  facet normal -0.938174 0.346163 0
    outer loop
      vertex 79.3045 84.5307 62.5
      vertex 79.1958 84.2361 4
      vertex 79.1958 84.2361 62.5
    endloop
  endfacet
  facet normal -0.980776 0.195137 0
    outer loop
      vertex 79.0492 83.6257 4
      vertex 79.1105 83.9338 62.5
      vertex 79.1105 83.9338 4
    endloop
  endfacet
  facet normal -0.980776 0.195137 0
    outer loop
      vertex 79.1105 83.9338 62.5
      vertex 79.0492 83.6257 4
      vertex 79.0492 83.6257 62.5
    endloop
  endfacet
  facet normal -0.555655 0.831413 0
    outer loop
      vertex 80.91 86.4106 4
      vertex 80.6489 86.2361 62.5
      vertex 80.91 86.4106 62.5
    endloop
  endfacet
  facet normal -0.555655 0.831413 0
    outer loop
      vertex 80.6489 86.2361 62.5
      vertex 80.91 86.4106 4
      vertex 80.6489 86.2361 4
    endloop
  endfacet
  facet normal -0.418594 0.908174 0
    outer loop
      vertex 81.4693 86.6955 4
      vertex 81.184 86.564 62.5
      vertex 81.4693 86.6955 62.5
    endloop
  endfacet
  facet normal -0.418594 0.908174 0
    outer loop
      vertex 81.184 86.564 62.5
      vertex 81.4693 86.6955 4
      vertex 81.184 86.564 4
    endloop
  endfacet
  facet normal -0.619128 0.78529 0
    outer loop
      vertex 80.6489 86.2361 4
      vertex 80.4022 86.0416 62.5
      vertex 80.6489 86.2361 62.5
    endloop
  endfacet
  facet normal -0.619128 0.78529 0
    outer loop
      vertex 80.4022 86.0416 62.5
      vertex 80.6489 86.2361 4
      vertex 80.4022 86.0416 4
    endloop
  endfacet
  facet normal -0.271566 0.96242 0
    outer loop
      vertex 82.0662 86.8895 4
      vertex 81.7639 86.8042 62.5
      vertex 82.0662 86.8895 62.5
    endloop
  endfacet
  facet normal -0.271566 0.96242 0
    outer loop
      vertex 81.7639 86.8042 62.5
      vertex 82.0662 86.8895 4
      vertex 81.7639 86.8042 4
    endloop
  endfacet
  facet normal -0.117488 0.993074 0
    outer loop
      vertex 82.6862 86.9877 4
      vertex 82.3743 86.9508 62.5
      vertex 82.6862 86.9877 62.5
    endloop
  endfacet
  facet normal -0.117488 0.993074 0
    outer loop
      vertex 82.3743 86.9508 62.5
      vertex 82.6862 86.9877 4
      vertex 82.3743 86.9508 4
    endloop
  endfacet
  facet normal 0.271566 -0.96242 0
    outer loop
      vertex 83.9338 79.1105 4
      vertex 84.2361 79.1958 62.5
      vertex 83.9338 79.1105 62.5
    endloop
  endfacet
  facet normal 0.271566 -0.96242 0
    outer loop
      vertex 84.2361 79.1958 62.5
      vertex 83.9338 79.1105 4
      vertex 84.2361 79.1958 4
    endloop
  endfacet
  facet normal 0.488506 -0.87256 0
    outer loop
      vertex 84.816 79.436 4
      vertex 85.09 79.5894 62.5
      vertex 84.816 79.436 62.5
    endloop
  endfacet
  facet normal 0.488506 -0.87256 0
    outer loop
      vertex 85.09 79.5894 62.5
      vertex 84.816 79.436 4
      vertex 85.09 79.5894 4
    endloop
  endfacet
  facet normal 0.78529 -0.619128 0
    outer loop
      vertex 86.0416 80.4022 62.5
      vertex 86.2361 80.6489 4
      vertex 86.2361 80.6489 62.5
    endloop
  endfacet
  facet normal 0.78529 -0.619128 0
    outer loop
      vertex 86.2361 80.6489 4
      vertex 86.0416 80.4022 62.5
      vertex 86.0416 80.4022 4
    endloop
  endfacet
  facet normal 0.908174 -0.418594 0
    outer loop
      vertex 86.564 81.184 62.5
      vertex 86.6955 81.4693 4
      vertex 86.6955 81.4693 62.5
    endloop
  endfacet
  facet normal 0.908174 -0.418594 0
    outer loop
      vertex 86.6955 81.4693 4
      vertex 86.564 81.184 62.5
      vertex 86.564 81.184 4
    endloop
  endfacet
  facet normal -0.678862 -0.734266 0
    outer loop
      vertex 80.1716 80.1716 4
      vertex 80.4022 79.9584 62.5
      vertex 80.1716 80.1716 62.5
    endloop
  endfacet
  facet normal -0.678862 -0.734266 -0
    outer loop
      vertex 80.4022 79.9584 62.5
      vertex 80.1716 80.1716 4
      vertex 80.4022 79.9584 4
    endloop
  endfacet
  facet normal -0.346163 -0.938174 0
    outer loop
      vertex 81.4693 79.3045 4
      vertex 81.7639 79.1958 62.5
      vertex 81.4693 79.3045 62.5
    endloop
  endfacet
  facet normal -0.346163 -0.938174 -0
    outer loop
      vertex 81.7639 79.1958 62.5
      vertex 81.4693 79.3045 4
      vertex 81.7639 79.1958 4
    endloop
  endfacet
  facet normal -0.195137 -0.980776 0
    outer loop
      vertex 82.0662 79.1105 4
      vertex 82.3743 79.0492 62.5
      vertex 82.0662 79.1105 62.5
    endloop
  endfacet
  facet normal -0.195137 -0.980776 -0
    outer loop
      vertex 82.3743 79.0492 62.5
      vertex 82.0662 79.1105 4
      vertex 82.3743 79.0492 4
    endloop
  endfacet
  facet normal -0.908174 -0.418594 0
    outer loop
      vertex 79.436 81.184 4
      vertex 79.3045 81.4693 62.5
      vertex 79.3045 81.4693 4
    endloop
  endfacet
  facet normal -0.908174 -0.418594 0
    outer loop
      vertex 79.3045 81.4693 62.5
      vertex 79.436 81.184 4
      vertex 79.436 81.184 62.5
    endloop
  endfacet
  facet normal -0.78529 -0.619128 0
    outer loop
      vertex 79.9584 80.4022 4
      vertex 79.7639 80.6489 62.5
      vertex 79.7639 80.6489 4
    endloop
  endfacet
  facet normal -0.78529 -0.619128 0
    outer loop
      vertex 79.7639 80.6489 62.5
      vertex 79.9584 80.4022 4
      vertex 79.9584 80.4022 62.5
    endloop
  endfacet
  facet normal -0.96242 -0.271566 0
    outer loop
      vertex 79.1958 81.7639 4
      vertex 79.1105 82.0662 62.5
      vertex 79.1105 82.0662 4
    endloop
  endfacet
  facet normal -0.96242 -0.271566 0
    outer loop
      vertex 79.1105 82.0662 62.5
      vertex 79.1958 81.7639 4
      vertex 79.1958 81.7639 62.5
    endloop
  endfacet
  facet normal 0.980776 0.195137 0
    outer loop
      vertex 86.9508 83.6257 62.5
      vertex 86.8895 83.9338 4
      vertex 86.8895 83.9338 62.5
    endloop
  endfacet
  facet normal 0.980776 0.195137 0
    outer loop
      vertex 86.8895 83.9338 4
      vertex 86.9508 83.6257 62.5
      vertex 86.9508 83.6257 4
    endloop
  endfacet
  facet normal 0.993074 0.117488 0
    outer loop
      vertex 86.9877 83.3138 62.5
      vertex 86.9508 83.6257 4
      vertex 86.9508 83.6257 62.5
    endloop
  endfacet
  facet normal 0.993074 0.117488 0
    outer loop
      vertex 86.9508 83.6257 4
      vertex 86.9877 83.3138 62.5
      vertex 86.9877 83.3138 4
    endloop
  endfacet
  facet normal 0.78529 0.619128 0
    outer loop
      vertex 86.2361 85.3511 62.5
      vertex 86.0416 85.5978 4
      vertex 86.0416 85.5978 62.5
    endloop
  endfacet
  facet normal 0.78529 0.619128 0
    outer loop
      vertex 86.0416 85.5978 4
      vertex 86.2361 85.3511 62.5
      vertex 86.2361 85.3511 4
    endloop
  endfacet
  facet normal 0.734266 0.678862 0
    outer loop
      vertex 86.0416 85.5978 62.5
      vertex 85.8284 85.8284 4
      vertex 85.8284 85.8284 62.5
    endloop
  endfacet
  facet normal 0.734266 0.678862 0
    outer loop
      vertex 85.8284 85.8284 4
      vertex 86.0416 85.5978 62.5
      vertex 86.0416 85.5978 4
    endloop
  endfacet
  facet normal 0.555655 0.831413 -0
    outer loop
      vertex 85.3511 86.2361 4
      vertex 85.09 86.4106 62.5
      vertex 85.3511 86.2361 62.5
    endloop
  endfacet
  facet normal 0.555655 0.831413 0
    outer loop
      vertex 85.09 86.4106 62.5
      vertex 85.3511 86.2361 4
      vertex 85.09 86.4106 4
    endloop
  endfacet
  facet normal -0.87256 0.488506 0
    outer loop
      vertex 79.436 84.816 4
      vertex 79.5894 85.09 62.5
      vertex 79.5894 85.09 4
    endloop
  endfacet
  facet normal -0.87256 0.488506 0
    outer loop
      vertex 79.5894 85.09 62.5
      vertex 79.436 84.816 4
      vertex 79.436 84.816 62.5
    endloop
  endfacet
  facet normal -0.831413 0.555655 0
    outer loop
      vertex 79.5894 85.09 4
      vertex 79.7639 85.3511 62.5
      vertex 79.7639 85.3511 4
    endloop
  endfacet
  facet normal -0.831413 0.555655 0
    outer loop
      vertex 79.7639 85.3511 62.5
      vertex 79.5894 85.09 4
      vertex 79.5894 85.09 62.5
    endloop
  endfacet
  facet normal -0.993074 0.117488 0
    outer loop
      vertex 79.0123 83.3138 4
      vertex 79.0492 83.6257 62.5
      vertex 79.0492 83.6257 4
    endloop
  endfacet
  facet normal -0.993074 0.117488 0
    outer loop
      vertex 79.0492 83.6257 62.5
      vertex 79.0123 83.3138 4
      vertex 79.0123 83.3138 62.5
    endloop
  endfacet
  facet normal 0 0 1
    outer loop
      vertex 84.5 83 62.5
      vertex 87 83 62.5
      vertex 86.9877 83.3138 62.5
    endloop
  endfacet
  facet normal 0 0 1
    outer loop
      vertex 84.4954 83.1177 62.5
      vertex 86.9877 83.3138 62.5
      vertex 86.9508 83.6257 62.5
    endloop
  endfacet
  facet normal 0 0 1
    outer loop
      vertex 87 83 62.5
      vertex 84.5 83 62.5
      vertex 86.9877 82.6862 62.5
    endloop
  endfacet
  facet normal 0 0 1
    outer loop
      vertex 84.4815 83.2346 62.5
      vertex 86.9508 83.6257 62.5
      vertex 86.8895 83.9338 62.5
    endloop
  endfacet
  facet normal -0 0 1
    outer loop
      vertex 84.4954 82.8823 62.5
      vertex 86.9877 82.6862 62.5
      vertex 84.5 83 62.5
    endloop
  endfacet
  facet normal 0 0 1
    outer loop
      vertex 84.4586 83.3502 62.5
      vertex 86.8895 83.9338 62.5
      vertex 86.8042 84.2361 62.5
    endloop
  endfacet
  facet normal 0 0 1
    outer loop
      vertex 86.9877 82.6862 62.5
      vertex 84.4954 82.8823 62.5
      vertex 86.9508 82.3743 62.5
    endloop
  endfacet
  facet normal 0 0 1
    outer loop
      vertex 84.4266 83.4635 62.5
      vertex 86.8042 84.2361 62.5
      vertex 86.6955 84.5307 62.5
    endloop
  endfacet
  facet normal -0 0 1
    outer loop
      vertex 84.4815 82.7654 62.5
      vertex 86.9508 82.3743 62.5
      vertex 84.4954 82.8823 62.5
    endloop
  endfacet
  facet normal 0 0 1
    outer loop
      vertex 84.3858 83.574 62.5
      vertex 86.6955 84.5307 62.5
      vertex 86.564 84.816 62.5
    endloop
  endfacet
  facet normal 0 0 1
    outer loop
      vertex 86.9508 82.3743 62.5
      vertex 84.4815 82.7654 62.5
      vertex 86.8895 82.0662 62.5
    endloop
  endfacet
  facet normal 0 0 1
    outer loop
      vertex 84.3365 83.681 62.5
      vertex 86.564 84.816 62.5
      vertex 86.4106 85.09 62.5
    endloop
  endfacet
  facet normal -0 0 1
    outer loop
      vertex 84.4586 82.6498 62.5
      vertex 86.8895 82.0662 62.5
      vertex 84.4815 82.7654 62.5
    endloop
  endfacet
  facet normal 0 0 1
    outer loop
      vertex 84.279 83.7837 62.5
      vertex 86.4106 85.09 62.5
      vertex 86.2361 85.3511 62.5
    endloop
  endfacet
  facet normal 0 0 1
    outer loop
      vertex 86.8895 82.0662 62.5
      vertex 84.4586 82.6498 62.5
      vertex 86.8042 81.7639 62.5
    endloop
  endfacet
  facet normal 0 0 1
    outer loop
      vertex 84.2135 83.8817 62.5
      vertex 86.2361 85.3511 62.5
      vertex 86.0416 85.5978 62.5
    endloop
  endfacet
  facet normal -0 0 1
    outer loop
      vertex 84.4266 82.5365 62.5
      vertex 86.8042 81.7639 62.5
      vertex 84.4586 82.6498 62.5
    endloop
  endfacet
  facet normal 0 0 1
    outer loop
      vertex 84.1406 83.9742 62.5
      vertex 86.0416 85.5978 62.5
      vertex 85.8284 85.8284 62.5
    endloop
  endfacet
  facet normal 0 0 1
    outer loop
      vertex 86.8042 81.7639 62.5
      vertex 84.4266 82.5365 62.5
      vertex 86.6955 81.4693 62.5
    endloop
  endfacet
  facet normal 0 0 1
    outer loop
      vertex 84.0607 84.0607 62.5
      vertex 85.8284 85.8284 62.5
      vertex 85.5978 86.0416 62.5
    endloop
  endfacet
  facet normal -0 0 1
    outer loop
      vertex 84.3858 82.426 62.5
      vertex 86.6955 81.4693 62.5
      vertex 84.4266 82.5365 62.5
    endloop
  endfacet
  facet normal 0 0 1
    outer loop
      vertex 83.9742 84.1406 62.5
      vertex 85.5978 86.0416 62.5
      vertex 85.3511 86.2361 62.5
    endloop
  endfacet
  facet normal 0 0 1
    outer loop
      vertex 86.6955 81.4693 62.5
      vertex 84.3858 82.426 62.5
      vertex 86.564 81.184 62.5
    endloop
  endfacet
  facet normal 0 0 1
    outer loop
      vertex 83.8817 84.2135 62.5
      vertex 85.3511 86.2361 62.5
      vertex 85.09 86.4106 62.5
    endloop
  endfacet
  facet normal -0 0 1
    outer loop
      vertex 84.3365 82.319 62.5
      vertex 86.564 81.184 62.5
      vertex 84.3858 82.426 62.5
    endloop
  endfacet
  facet normal 0 0 1
    outer loop
      vertex 83.7837 84.279 62.5
      vertex 85.09 86.4106 62.5
      vertex 84.816 86.564 62.5
    endloop
  endfacet
  facet normal 0 0 1
    outer loop
      vertex 86.564 81.184 62.5
      vertex 84.3365 82.319 62.5
      vertex 86.4106 80.91 62.5
    endloop
  endfacet
  facet normal 0 0 1
    outer loop
      vertex 83.681 84.3365 62.5
      vertex 84.816 86.564 62.5
      vertex 84.5307 86.6955 62.5
    endloop
  endfacet
  facet normal -0 0 1
    outer loop
      vertex 84.279 82.2163 62.5
      vertex 86.4106 80.91 62.5
      vertex 84.3365 82.319 62.5
    endloop
  endfacet
  facet normal 0 0 1
    outer loop
      vertex 86.4106 80.91 62.5
      vertex 84.279 82.2163 62.5
      vertex 86.2361 80.6489 62.5
    endloop
  endfacet
  facet normal 0 0 1
    outer loop
      vertex 86.9877 83.3138 62.5
      vertex 84.4954 83.1177 62.5
      vertex 84.5 83 62.5
    endloop
  endfacet
  facet normal 0 0 1
    outer loop
      vertex 86.9508 83.6257 62.5
      vertex 84.4815 83.2346 62.5
      vertex 84.4954 83.1177 62.5
    endloop
  endfacet
  facet normal 0 0 1
    outer loop
      vertex 86.8895 83.9338 62.5
      vertex 84.4586 83.3502 62.5
      vertex 84.4815 83.2346 62.5
    endloop
  endfacet
  facet normal 0 0 1
    outer loop
      vertex 86.8042 84.2361 62.5
      vertex 84.4266 83.4635 62.5
      vertex 84.4586 83.3502 62.5
    endloop
  endfacet
  facet normal 0 0 1
    outer loop
      vertex 86.6955 84.5307 62.5
      vertex 84.3858 83.574 62.5
      vertex 84.4266 83.4635 62.5
    endloop
  endfacet
  facet normal 0 0 1
    outer loop
      vertex 86.564 84.816 62.5
      vertex 84.3365 83.681 62.5
      vertex 84.3858 83.574 62.5
    endloop
  endfacet
  facet normal 0 0 1
    outer loop
      vertex 86.4106 85.09 62.5
      vertex 84.279 83.7837 62.5
      vertex 84.3365 83.681 62.5
    endloop
  endfacet
  facet normal 0 0 1
    outer loop
      vertex 83.574 84.3858 62.5
      vertex 84.5307 86.6955 62.5
      vertex 84.2361 86.8042 62.5
    endloop
  endfacet
  facet normal 0 0 1
    outer loop
      vertex 86.2361 85.3511 62.5
      vertex 84.2135 83.8817 62.5
      vertex 84.279 83.7837 62.5
    endloop
  endfacet
  facet normal 0 0 1
    outer loop
      vertex 86.0416 85.5978 62.5
      vertex 84.1406 83.9742 62.5
      vertex 84.2135 83.8817 62.5
    endloop
  endfacet
  facet normal 0 0 1
    outer loop
      vertex 85.8284 85.8284 62.5
      vertex 84.0607 84.0607 62.5
      vertex 84.1406 83.9742 62.5
    endloop
  endfacet
  facet normal 0 0 1
    outer loop
      vertex 85.5978 86.0416 62.5
      vertex 83.9742 84.1406 62.5
      vertex 84.0607 84.0607 62.5
    endloop
  endfacet
  facet normal 0 0 1
    outer loop
      vertex 83.4635 84.4266 62.5
      vertex 84.2361 86.8042 62.5
      vertex 83.9338 86.8895 62.5
    endloop
  endfacet
  facet normal 0 0 1
    outer loop
      vertex 85.3511 86.2361 62.5
      vertex 83.8817 84.2135 62.5
      vertex 83.9742 84.1406 62.5
    endloop
  endfacet
  facet normal 0 0 1
    outer loop
      vertex 85.09 86.4106 62.5
      vertex 83.7837 84.279 62.5
      vertex 83.8817 84.2135 62.5
    endloop
  endfacet
  facet normal 0 0 1
    outer loop
      vertex 84.816 86.564 62.5
      vertex 83.681 84.3365 62.5
      vertex 83.7837 84.279 62.5
    endloop
  endfacet
  facet normal 0 0 1
    outer loop
      vertex 83.3502 84.4586 62.5
      vertex 83.9338 86.8895 62.5
      vertex 83.6257 86.9508 62.5
    endloop
  endfacet
  facet normal 0 0 1
    outer loop
      vertex 84.5307 86.6955 62.5
      vertex 83.574 84.3858 62.5
      vertex 83.681 84.3365 62.5
    endloop
  endfacet
  facet normal 0 0 1
    outer loop
      vertex 84.2361 86.8042 62.5
      vertex 83.4635 84.4266 62.5
      vertex 83.574 84.3858 62.5
    endloop
  endfacet
  facet normal 0 0 1
    outer loop
      vertex 83.9338 86.8895 62.5
      vertex 83.3502 84.4586 62.5
      vertex 83.4635 84.4266 62.5
    endloop
  endfacet
  facet normal 0 0 1
    outer loop
      vertex 83.2346 84.4815 62.5
      vertex 83.6257 86.9508 62.5
      vertex 83.3138 86.9877 62.5
    endloop
  endfacet
  facet normal 0 0 1
    outer loop
      vertex 83.6257 86.9508 62.5
      vertex 83.2346 84.4815 62.5
      vertex 83.3502 84.4586 62.5
    endloop
  endfacet
  facet normal 0 0 1
    outer loop
      vertex 83.3138 86.9877 62.5
      vertex 83.1177 84.4954 62.5
      vertex 83.2346 84.4815 62.5
    endloop
  endfacet
  facet normal 0 0 1
    outer loop
      vertex 83 87 62.5
      vertex 83.1177 84.4954 62.5
      vertex 83.3138 86.9877 62.5
    endloop
  endfacet
  facet normal 0 0 1
    outer loop
      vertex 83 87 62.5
      vertex 83 84.5 62.5
      vertex 83.1177 84.4954 62.5
    endloop
  endfacet
  facet normal 0 0 1
    outer loop
      vertex 83 87 62.5
      vertex 82.8823 84.4954 62.5
      vertex 83 84.5 62.5
    endloop
  endfacet
  facet normal -0 0 1
    outer loop
      vertex 82.6862 86.9877 62.5
      vertex 82.8823 84.4954 62.5
      vertex 83 87 62.5
    endloop
  endfacet
  facet normal 0 0 1
    outer loop
      vertex 82.8823 84.4954 62.5
      vertex 82.6862 86.9877 62.5
      vertex 82.7654 84.4815 62.5
    endloop
  endfacet
  facet normal -0 0 1
    outer loop
      vertex 82.3743 86.9508 62.5
      vertex 82.7654 84.4815 62.5
      vertex 82.6862 86.9877 62.5
    endloop
  endfacet
  facet normal 0 0 1
    outer loop
      vertex 82.7654 84.4815 62.5
      vertex 82.3743 86.9508 62.5
      vertex 82.6498 84.4586 62.5
    endloop
  endfacet
  facet normal -0 0 1
    outer loop
      vertex 82.0662 86.8895 62.5
      vertex 82.6498 84.4586 62.5
      vertex 82.3743 86.9508 62.5
    endloop
  endfacet
  facet normal 0 0 1
    outer loop
      vertex 82.6498 84.4586 62.5
      vertex 82.0662 86.8895 62.5
      vertex 82.5365 84.4266 62.5
    endloop
  endfacet
  facet normal -0 0 1
    outer loop
      vertex 81.7639 86.8042 62.5
      vertex 82.5365 84.4266 62.5
      vertex 82.0662 86.8895 62.5
    endloop
  endfacet
  facet normal 0 0 1
    outer loop
      vertex 82.5365 84.4266 62.5
      vertex 81.7639 86.8042 62.5
      vertex 82.426 84.3858 62.5
    endloop
  endfacet
  facet normal -0 0 1
    outer loop
      vertex 81.4693 86.6955 62.5
      vertex 82.426 84.3858 62.5
      vertex 81.7639 86.8042 62.5
    endloop
  endfacet
  facet normal 0 0 1
    outer loop
      vertex 82.426 84.3858 62.5
      vertex 81.4693 86.6955 62.5
      vertex 82.319 84.3365 62.5
    endloop
  endfacet
  facet normal -0 0 1
    outer loop
      vertex 81.184 86.564 62.5
      vertex 82.319 84.3365 62.5
      vertex 81.4693 86.6955 62.5
    endloop
  endfacet
  facet normal 0 0 1
    outer loop
      vertex 82.319 84.3365 62.5
      vertex 81.184 86.564 62.5
      vertex 82.2163 84.279 62.5
    endloop
  endfacet
  facet normal -0 0 1
    outer loop
      vertex 80.91 86.4106 62.5
      vertex 82.2163 84.279 62.5
      vertex 81.184 86.564 62.5
    endloop
  endfacet
  facet normal 0 0 1
    outer loop
      vertex 82.2163 84.279 62.5
      vertex 80.91 86.4106 62.5
      vertex 82.1183 84.2135 62.5
    endloop
  endfacet
  facet normal -0 0 1
    outer loop
      vertex 80.6489 86.2361 62.5
      vertex 82.1183 84.2135 62.5
      vertex 80.91 86.4106 62.5
    endloop
  endfacet
  facet normal 0 0 1
    outer loop
      vertex 82.1183 84.2135 62.5
      vertex 80.6489 86.2361 62.5
      vertex 82.0258 84.1406 62.5
    endloop
  endfacet
  facet normal -0 0 1
    outer loop
      vertex 80.4022 86.0416 62.5
      vertex 82.0258 84.1406 62.5
      vertex 80.6489 86.2361 62.5
    endloop
  endfacet
  facet normal 0 0 1
    outer loop
      vertex 82.0258 84.1406 62.5
      vertex 80.4022 86.0416 62.5
      vertex 81.9393 84.0607 62.5
    endloop
  endfacet
  facet normal -0 0 1
    outer loop
      vertex 80.1716 85.8284 62.5
      vertex 81.9393 84.0607 62.5
      vertex 80.4022 86.0416 62.5
    endloop
  endfacet
  facet normal 0 0 1
    outer loop
      vertex 81.9393 84.0607 62.5
      vertex 80.1716 85.8284 62.5
      vertex 81.8594 83.9742 62.5
    endloop
  endfacet
  facet normal -0 0 1
    outer loop
      vertex 79.9584 85.5978 62.5
      vertex 81.8594 83.9742 62.5
      vertex 80.1716 85.8284 62.5
    endloop
  endfacet
  facet normal 0 0 1
    outer loop
      vertex 81.8594 83.9742 62.5
      vertex 79.9584 85.5978 62.5
      vertex 81.7865 83.8817 62.5
    endloop
  endfacet
  facet normal 0 0 1
    outer loop
      vertex 81.7865 83.8817 62.5
      vertex 79.7639 85.3511 62.5
      vertex 81.721 83.7837 62.5
    endloop
  endfacet
  facet normal -0 0 1
    outer loop
      vertex 79.7639 85.3511 62.5
      vertex 81.7865 83.8817 62.5
      vertex 79.9584 85.5978 62.5
    endloop
  endfacet
  facet normal -0 0 1
    outer loop
      vertex 84.2135 82.1183 62.5
      vertex 86.2361 80.6489 62.5
      vertex 84.279 82.2163 62.5
    endloop
  endfacet
  facet normal 0 0 1
    outer loop
      vertex 86.2361 80.6489 62.5
      vertex 84.2135 82.1183 62.5
      vertex 86.0416 80.4022 62.5
    endloop
  endfacet
  facet normal -0 0 1
    outer loop
      vertex 84.1406 82.0258 62.5
      vertex 86.0416 80.4022 62.5
      vertex 84.2135 82.1183 62.5
    endloop
  endfacet
  facet normal 0 0 1
    outer loop
      vertex 86.0416 80.4022 62.5
      vertex 84.1406 82.0258 62.5
      vertex 85.8284 80.1716 62.5
    endloop
  endfacet
  facet normal -0 0 1
    outer loop
      vertex 84.0607 81.9393 62.5
      vertex 85.8284 80.1716 62.5
      vertex 84.1406 82.0258 62.5
    endloop
  endfacet
  facet normal 0 0 1
    outer loop
      vertex 85.8284 80.1716 62.5
      vertex 84.0607 81.9393 62.5
      vertex 85.5978 79.9584 62.5
    endloop
  endfacet
  facet normal -0 0 1
    outer loop
      vertex 83.9742 81.8594 62.5
      vertex 85.5978 79.9584 62.5
      vertex 84.0607 81.9393 62.5
    endloop
  endfacet
  facet normal 0 0 1
    outer loop
      vertex 85.5978 79.9584 62.5
      vertex 83.9742 81.8594 62.5
      vertex 85.3511 79.7639 62.5
    endloop
  endfacet
  facet normal -0 0 1
    outer loop
      vertex 83.8817 81.7865 62.5
      vertex 85.3511 79.7639 62.5
      vertex 83.9742 81.8594 62.5
    endloop
  endfacet
  facet normal 0 0 1
    outer loop
      vertex 85.3511 79.7639 62.5
      vertex 83.8817 81.7865 62.5
      vertex 85.09 79.5894 62.5
    endloop
  endfacet
  facet normal -0 0 1
    outer loop
      vertex 83.7837 81.721 62.5
      vertex 85.09 79.5894 62.5
      vertex 83.8817 81.7865 62.5
    endloop
  endfacet
  facet normal 0 0 1
    outer loop
      vertex 85.09 79.5894 62.5
      vertex 83.7837 81.721 62.5
      vertex 84.816 79.436 62.5
    endloop
  endfacet
  facet normal -0 0 1
    outer loop
      vertex 83.681 81.6635 62.5
      vertex 84.816 79.436 62.5
      vertex 83.7837 81.721 62.5
    endloop
  endfacet
  facet normal 0 0 1
    outer loop
      vertex 84.816 79.436 62.5
      vertex 83.681 81.6635 62.5
      vertex 84.5307 79.3045 62.5
    endloop
  endfacet
  facet normal -0 0 1
    outer loop
      vertex 83.574 81.6142 62.5
      vertex 84.5307 79.3045 62.5
      vertex 83.681 81.6635 62.5
    endloop
  endfacet
  facet normal 0 0 1
    outer loop
      vertex 84.5307 79.3045 62.5
      vertex 83.574 81.6142 62.5
      vertex 84.2361 79.1958 62.5
    endloop
  endfacet
  facet normal -0 0 1
    outer loop
      vertex 83.4635 81.5734 62.5
      vertex 84.2361 79.1958 62.5
      vertex 83.574 81.6142 62.5
    endloop
  endfacet
  facet normal 0 0 1
    outer loop
      vertex 84.2361 79.1958 62.5
      vertex 83.4635 81.5734 62.5
      vertex 83.9338 79.1105 62.5
    endloop
  endfacet
  facet normal -0 0 1
    outer loop
      vertex 83.3502 81.5414 62.5
      vertex 83.9338 79.1105 62.5
      vertex 83.4635 81.5734 62.5
    endloop
  endfacet
  facet normal 0 0 1
    outer loop
      vertex 83.9338 79.1105 62.5
      vertex 83.3502 81.5414 62.5
      vertex 83.6257 79.0492 62.5
    endloop
  endfacet
  facet normal -0 0 1
    outer loop
      vertex 83.2346 81.5185 62.5
      vertex 83.6257 79.0492 62.5
      vertex 83.3502 81.5414 62.5
    endloop
  endfacet
  facet normal 0 0 1
    outer loop
      vertex 83.6257 79.0492 62.5
      vertex 83.2346 81.5185 62.5
      vertex 83.3138 79.0123 62.5
    endloop
  endfacet
  facet normal -0 0 1
    outer loop
      vertex 83.1177 81.5046 62.5
      vertex 83.3138 79.0123 62.5
      vertex 83.2346 81.5185 62.5
    endloop
  endfacet
  facet normal -0 0 1
    outer loop
      vertex 83 81.5 62.5
      vertex 83.3138 79.0123 62.5
      vertex 83.1177 81.5046 62.5
    endloop
  endfacet
  facet normal 0 0 1
    outer loop
      vertex 83 81.5 62.5
      vertex 83 79 62.5
      vertex 83.3138 79.0123 62.5
    endloop
  endfacet
  facet normal 0 0 1
    outer loop
      vertex 82.8823 81.5046 62.5
      vertex 83 79 62.5
      vertex 83 81.5 62.5
    endloop
  endfacet
  facet normal 0 0 1
    outer loop
      vertex 82.6862 79.0123 62.5
      vertex 82.8823 81.5046 62.5
      vertex 82.7654 81.5185 62.5
    endloop
  endfacet
  facet normal 0 0 1
    outer loop
      vertex 82.8823 81.5046 62.5
      vertex 82.6862 79.0123 62.5
      vertex 83 79 62.5
    endloop
  endfacet
  facet normal 0 0 1
    outer loop
      vertex 82.3743 79.0492 62.5
      vertex 82.7654 81.5185 62.5
      vertex 82.6498 81.5414 62.5
    endloop
  endfacet
  facet normal 0 0 1
    outer loop
      vertex 82.0662 79.1105 62.5
      vertex 82.6498 81.5414 62.5
      vertex 82.5365 81.5734 62.5
    endloop
  endfacet
  facet normal 0 0 1
    outer loop
      vertex 81.7639 79.1958 62.5
      vertex 82.5365 81.5734 62.5
      vertex 82.426 81.6142 62.5
    endloop
  endfacet
  facet normal 0 0 1
    outer loop
      vertex 82.7654 81.5185 62.5
      vertex 82.3743 79.0492 62.5
      vertex 82.6862 79.0123 62.5
    endloop
  endfacet
  facet normal 0 0 1
    outer loop
      vertex 81.4693 79.3045 62.5
      vertex 82.426 81.6142 62.5
      vertex 82.319 81.6635 62.5
    endloop
  endfacet
  facet normal 0 0 1
    outer loop
      vertex 81.184 79.436 62.5
      vertex 82.319 81.6635 62.5
      vertex 82.2163 81.721 62.5
    endloop
  endfacet
  facet normal 0 0 1
    outer loop
      vertex 80.91 79.5894 62.5
      vertex 82.2163 81.721 62.5
      vertex 82.1183 81.7865 62.5
    endloop
  endfacet
  facet normal 0 0 1
    outer loop
      vertex 82.6498 81.5414 62.5
      vertex 82.0662 79.1105 62.5
      vertex 82.3743 79.0492 62.5
    endloop
  endfacet
  facet normal 0 0 1
    outer loop
      vertex 80.6489 79.7639 62.5
      vertex 82.1183 81.7865 62.5
      vertex 82.0258 81.8594 62.5
    endloop
  endfacet
  facet normal 0 0 1
    outer loop
      vertex 80.4022 79.9584 62.5
      vertex 82.0258 81.8594 62.5
      vertex 81.9393 81.9393 62.5
    endloop
  endfacet
  facet normal 0 0 1
    outer loop
      vertex 80.1716 80.1716 62.5
      vertex 81.9393 81.9393 62.5
      vertex 81.8594 82.0258 62.5
    endloop
  endfacet
  facet normal 0 0 1
    outer loop
      vertex 79.9584 80.4022 62.5
      vertex 81.8594 82.0258 62.5
      vertex 81.7865 82.1183 62.5
    endloop
  endfacet
  facet normal 0 0 1
    outer loop
      vertex 82.5365 81.5734 62.5
      vertex 81.7639 79.1958 62.5
      vertex 82.0662 79.1105 62.5
    endloop
  endfacet
  facet normal 0 0 1
    outer loop
      vertex 79.7639 80.6489 62.5
      vertex 81.7865 82.1183 62.5
      vertex 81.721 82.2163 62.5
    endloop
  endfacet
  facet normal 0 0 1
    outer loop
      vertex 79.5894 80.91 62.5
      vertex 81.721 82.2163 62.5
      vertex 81.6635 82.319 62.5
    endloop
  endfacet
  facet normal 0 0 1
    outer loop
      vertex 79.436 81.184 62.5
      vertex 81.6635 82.319 62.5
      vertex 81.6142 82.426 62.5
    endloop
  endfacet
  facet normal 0 0 1
    outer loop
      vertex 79.3045 81.4693 62.5
      vertex 81.6142 82.426 62.5
      vertex 81.5734 82.5365 62.5
    endloop
  endfacet
  facet normal 0 0 1
    outer loop
      vertex 79.1958 81.7639 62.5
      vertex 81.5734 82.5365 62.5
      vertex 81.5414 82.6498 62.5
    endloop
  endfacet
  facet normal 0 0 1
    outer loop
      vertex 79.1105 82.0662 62.5
      vertex 81.5414 82.6498 62.5
      vertex 81.5185 82.7654 62.5
    endloop
  endfacet
  facet normal 0 0 1
    outer loop
      vertex 79.0492 82.3743 62.5
      vertex 81.5185 82.7654 62.5
      vertex 81.5046 82.8823 62.5
    endloop
  endfacet
  facet normal 0 0 1
    outer loop
      vertex 82.426 81.6142 62.5
      vertex 81.4693 79.3045 62.5
      vertex 81.7639 79.1958 62.5
    endloop
  endfacet
  facet normal 0 0 1
    outer loop
      vertex 79.0123 82.6862 62.5
      vertex 81.5046 82.8823 62.5
      vertex 81.5 83 62.5
    endloop
  endfacet
  facet normal -0 0 1
    outer loop
      vertex 79.5894 85.09 62.5
      vertex 81.721 83.7837 62.5
      vertex 79.7639 85.3511 62.5
    endloop
  endfacet
  facet normal 0 0 1
    outer loop
      vertex 81.721 83.7837 62.5
      vertex 79.5894 85.09 62.5
      vertex 81.6635 83.681 62.5
    endloop
  endfacet
  facet normal 0 0 1
    outer loop
      vertex 82.319 81.6635 62.5
      vertex 81.184 79.436 62.5
      vertex 81.4693 79.3045 62.5
    endloop
  endfacet
  facet normal -0 0 1
    outer loop
      vertex 79.436 84.816 62.5
      vertex 81.6635 83.681 62.5
      vertex 79.5894 85.09 62.5
    endloop
  endfacet
  facet normal 0 0 1
    outer loop
      vertex 82.2163 81.721 62.5
      vertex 80.91 79.5894 62.5
      vertex 81.184 79.436 62.5
    endloop
  endfacet
  facet normal 0 0 1
    outer loop
      vertex 81.6635 83.681 62.5
      vertex 79.436 84.816 62.5
      vertex 81.6142 83.574 62.5
    endloop
  endfacet
  facet normal 0 0 1
    outer loop
      vertex 82.1183 81.7865 62.5
      vertex 80.6489 79.7639 62.5
      vertex 80.91 79.5894 62.5
    endloop
  endfacet
  facet normal -0 0 1
    outer loop
      vertex 79.3045 84.5307 62.5
      vertex 81.6142 83.574 62.5
      vertex 79.436 84.816 62.5
    endloop
  endfacet
  facet normal 0 0 1
    outer loop
      vertex 82.0258 81.8594 62.5
      vertex 80.4022 79.9584 62.5
      vertex 80.6489 79.7639 62.5
    endloop
  endfacet
  facet normal 0 0 1
    outer loop
      vertex 81.6142 83.574 62.5
      vertex 79.3045 84.5307 62.5
      vertex 81.5734 83.4635 62.5
    endloop
  endfacet
  facet normal 0 0 1
    outer loop
      vertex 81.9393 81.9393 62.5
      vertex 80.1716 80.1716 62.5
      vertex 80.4022 79.9584 62.5
    endloop
  endfacet
  facet normal -0 0 1
    outer loop
      vertex 79.1958 84.2361 62.5
      vertex 81.5734 83.4635 62.5
      vertex 79.3045 84.5307 62.5
    endloop
  endfacet
  facet normal 0 0 1
    outer loop
      vertex 81.8594 82.0258 62.5
      vertex 79.9584 80.4022 62.5
      vertex 80.1716 80.1716 62.5
    endloop
  endfacet
  facet normal 0 0 1
    outer loop
      vertex 81.5734 83.4635 62.5
      vertex 79.1958 84.2361 62.5
      vertex 81.5414 83.3502 62.5
    endloop
  endfacet
  facet normal 0 0 1
    outer loop
      vertex 81.7865 82.1183 62.5
      vertex 79.7639 80.6489 62.5
      vertex 79.9584 80.4022 62.5
    endloop
  endfacet
  facet normal -0 0 1
    outer loop
      vertex 79.1105 83.9338 62.5
      vertex 81.5414 83.3502 62.5
      vertex 79.1958 84.2361 62.5
    endloop
  endfacet
  facet normal 0 0 1
    outer loop
      vertex 81.721 82.2163 62.5
      vertex 79.5894 80.91 62.5
      vertex 79.7639 80.6489 62.5
    endloop
  endfacet
  facet normal 0 0 1
    outer loop
      vertex 81.5414 83.3502 62.5
      vertex 79.1105 83.9338 62.5
      vertex 81.5185 83.2346 62.5
    endloop
  endfacet
  facet normal 0 0 1
    outer loop
      vertex 81.6635 82.319 62.5
      vertex 79.436 81.184 62.5
      vertex 79.5894 80.91 62.5
    endloop
  endfacet
  facet normal -0 0 1
    outer loop
      vertex 79.0492 83.6257 62.5
      vertex 81.5185 83.2346 62.5
      vertex 79.1105 83.9338 62.5
    endloop
  endfacet
  facet normal 0 0 1
    outer loop
      vertex 81.6142 82.426 62.5
      vertex 79.3045 81.4693 62.5
      vertex 79.436 81.184 62.5
    endloop
  endfacet
  facet normal 0 0 1
    outer loop
      vertex 81.5185 83.2346 62.5
      vertex 79.0492 83.6257 62.5
      vertex 81.5046 83.1177 62.5
    endloop
  endfacet
  facet normal 0 0 1
    outer loop
      vertex 81.5734 82.5365 62.5
      vertex 79.1958 81.7639 62.5
      vertex 79.3045 81.4693 62.5
    endloop
  endfacet
  facet normal -0 0 1
    outer loop
      vertex 79.0123 83.3138 62.5
      vertex 81.5046 83.1177 62.5
      vertex 79.0492 83.6257 62.5
    endloop
  endfacet
  facet normal 0 0 1
    outer loop
      vertex 81.5414 82.6498 62.5
      vertex 79.1105 82.0662 62.5
      vertex 79.1958 81.7639 62.5
    endloop
  endfacet
  facet normal 0 0 1
    outer loop
      vertex 81.5046 83.1177 62.5
      vertex 79.0123 83.3138 62.5
      vertex 81.5 83 62.5
    endloop
  endfacet
  facet normal 0 0 1
    outer loop
      vertex 81.5185 82.7654 62.5
      vertex 79.0492 82.3743 62.5
      vertex 79.1105 82.0662 62.5
    endloop
  endfacet
  facet normal 0 0 1
    outer loop
      vertex 79 83 62.5
      vertex 81.5 83 62.5
      vertex 79.0123 83.3138 62.5
    endloop
  endfacet
  facet normal 0 0 1
    outer loop
      vertex 81.5046 82.8823 62.5
      vertex 79.0123 82.6862 62.5
      vertex 79.0492 82.3743 62.5
    endloop
  endfacet
  facet normal 0 0 1
    outer loop
      vertex 81.5 83 62.5
      vertex 79 83 62.5
      vertex 79.0123 82.6862 62.5
    endloop
  endfacet
  facet normal -0.488506 0.87256 0
    outer loop
      vertex 81.184 86.564 4
      vertex 80.91 86.4106 62.5
      vertex 81.184 86.564 62.5
    endloop
  endfacet
  facet normal -0.488506 0.87256 0
    outer loop
      vertex 80.91 86.4106 62.5
      vertex 81.184 86.564 4
      vertex 80.91 86.4106 4
    endloop
  endfacet
  facet normal -0.0391669 0.999233 0
    outer loop
      vertex 83 87 4
      vertex 82.6862 86.9877 62.5
      vertex 83 87 62.5
    endloop
  endfacet
  facet normal -0.0391669 0.999233 0
    outer loop
      vertex 82.6862 86.9877 62.5
      vertex 83 87 4
      vertex 82.6862 86.9877 4
    endloop
  endfacet
  facet normal 0.999233 -0.0391669 0
    outer loop
      vertex 86.9877 82.6862 62.5
      vertex 87 83 4
      vertex 87 83 62.5
    endloop
  endfacet
  facet normal 0.999233 -0.0391669 0
    outer loop
      vertex 87 83 4
      vertex 86.9877 82.6862 62.5
      vertex 86.9877 82.6862 4
    endloop
  endfacet
  facet normal 0.0391669 -0.999233 0
    outer loop
      vertex 83 79 4
      vertex 83.3138 79.0123 62.5
      vertex 83 79 62.5
    endloop
  endfacet
  facet normal 0.0391669 -0.999233 0
    outer loop
      vertex 83.3138 79.0123 62.5
      vertex 83 79 4
      vertex 83.3138 79.0123 4
    endloop
  endfacet
  facet normal 0.195137 -0.980776 0
    outer loop
      vertex 83.6257 79.0492 4
      vertex 83.9338 79.1105 62.5
      vertex 83.6257 79.0492 62.5
    endloop
  endfacet
  facet normal 0.195137 -0.980776 0
    outer loop
      vertex 83.9338 79.1105 62.5
      vertex 83.6257 79.0492 4
      vertex 83.9338 79.1105 4
    endloop
  endfacet
  facet normal 0.346163 -0.938174 0
    outer loop
      vertex 84.2361 79.1958 4
      vertex 84.5307 79.3045 62.5
      vertex 84.2361 79.1958 62.5
    endloop
  endfacet
  facet normal 0.346163 -0.938174 0
    outer loop
      vertex 84.5307 79.3045 62.5
      vertex 84.2361 79.1958 4
      vertex 84.5307 79.3045 4
    endloop
  endfacet
  facet normal 0.619128 -0.78529 0
    outer loop
      vertex 85.3511 79.7639 4
      vertex 85.5978 79.9584 62.5
      vertex 85.3511 79.7639 62.5
    endloop
  endfacet
  facet normal 0.619128 -0.78529 0
    outer loop
      vertex 85.5978 79.9584 62.5
      vertex 85.3511 79.7639 4
      vertex 85.5978 79.9584 4
    endloop
  endfacet
  facet normal 0.734266 -0.678862 0
    outer loop
      vertex 85.8284 80.1716 62.5
      vertex 86.0416 80.4022 4
      vertex 86.0416 80.4022 62.5
    endloop
  endfacet
  facet normal 0.734266 -0.678862 0
    outer loop
      vertex 86.0416 80.4022 4
      vertex 85.8284 80.1716 62.5
      vertex 85.8284 80.1716 4
    endloop
  endfacet
  facet normal 0.555655 -0.831413 0
    outer loop
      vertex 85.09 79.5894 4
      vertex 85.3511 79.7639 62.5
      vertex 85.09 79.5894 62.5
    endloop
  endfacet
  facet normal 0.555655 -0.831413 0
    outer loop
      vertex 85.3511 79.7639 62.5
      vertex 85.09 79.5894 4
      vertex 85.3511 79.7639 4
    endloop
  endfacet
  facet normal 0.831413 -0.555655 0
    outer loop
      vertex 86.2361 80.6489 62.5
      vertex 86.4106 80.91 4
      vertex 86.4106 80.91 62.5
    endloop
  endfacet
  facet normal 0.831413 -0.555655 0
    outer loop
      vertex 86.4106 80.91 4
      vertex 86.2361 80.6489 62.5
      vertex 86.2361 80.6489 4
    endloop
  endfacet
  facet normal 0.980776 -0.195137 0
    outer loop
      vertex 86.8895 82.0662 62.5
      vertex 86.9508 82.3743 4
      vertex 86.9508 82.3743 62.5
    endloop
  endfacet
  facet normal 0.980776 -0.195137 0
    outer loop
      vertex 86.9508 82.3743 4
      vertex 86.8895 82.0662 62.5
      vertex 86.8895 82.0662 4
    endloop
  endfacet
  facet normal 0.96242 -0.271566 0
    outer loop
      vertex 86.8042 81.7639 62.5
      vertex 86.8895 82.0662 4
      vertex 86.8895 82.0662 62.5
    endloop
  endfacet
  facet normal 0.96242 -0.271566 0
    outer loop
      vertex 86.8895 82.0662 4
      vertex 86.8042 81.7639 62.5
      vertex 86.8042 81.7639 4
    endloop
  endfacet
  facet normal 0.993074 -0.117488 0
    outer loop
      vertex 86.9508 82.3743 62.5
      vertex 86.9877 82.6862 4
      vertex 86.9877 82.6862 62.5
    endloop
  endfacet
  facet normal 0.993074 -0.117488 0
    outer loop
      vertex 86.9877 82.6862 4
      vertex 86.9508 82.3743 62.5
      vertex 86.9508 82.3743 4
    endloop
  endfacet
  facet normal -0.619128 -0.78529 0
    outer loop
      vertex 80.4022 79.9584 4
      vertex 80.6489 79.7639 62.5
      vertex 80.4022 79.9584 62.5
    endloop
  endfacet
  facet normal -0.619128 -0.78529 -0
    outer loop
      vertex 80.6489 79.7639 62.5
      vertex 80.4022 79.9584 4
      vertex 80.6489 79.7639 4
    endloop
  endfacet
  facet normal -0.418594 -0.908174 0
    outer loop
      vertex 81.184 79.436 4
      vertex 81.4693 79.3045 62.5
      vertex 81.184 79.436 62.5
    endloop
  endfacet
  facet normal -0.418594 -0.908174 -0
    outer loop
      vertex 81.4693 79.3045 62.5
      vertex 81.184 79.436 4
      vertex 81.4693 79.3045 4
    endloop
  endfacet
  facet normal -0.555655 -0.831413 0
    outer loop
      vertex 80.6489 79.7639 4
      vertex 80.91 79.5894 62.5
      vertex 80.6489 79.7639 62.5
    endloop
  endfacet
  facet normal -0.555655 -0.831413 -0
    outer loop
      vertex 80.91 79.5894 62.5
      vertex 80.6489 79.7639 4
      vertex 80.91 79.5894 4
    endloop
  endfacet
  facet normal -0.271566 -0.96242 0
    outer loop
      vertex 81.7639 79.1958 4
      vertex 82.0662 79.1105 62.5
      vertex 81.7639 79.1958 62.5
    endloop
  endfacet
  facet normal -0.271566 -0.96242 -0
    outer loop
      vertex 82.0662 79.1105 62.5
      vertex 81.7639 79.1958 4
      vertex 82.0662 79.1105 4
    endloop
  endfacet
  facet normal -0.117488 -0.993074 0
    outer loop
      vertex 82.3743 79.0492 4
      vertex 82.6862 79.0123 62.5
      vertex 82.3743 79.0492 62.5
    endloop
  endfacet
  facet normal -0.117488 -0.993074 -0
    outer loop
      vertex 82.6862 79.0123 62.5
      vertex 82.3743 79.0492 4
      vertex 82.6862 79.0123 4
    endloop
  endfacet
  facet normal -0.87256 -0.488506 0
    outer loop
      vertex 79.5894 80.91 4
      vertex 79.436 81.184 62.5
      vertex 79.436 81.184 4
    endloop
  endfacet
  facet normal -0.87256 -0.488506 0
    outer loop
      vertex 79.436 81.184 62.5
      vertex 79.5894 80.91 4
      vertex 79.5894 80.91 62.5
    endloop
  endfacet
  facet normal -0.980776 -0.195137 0
    outer loop
      vertex 79.1105 82.0662 4
      vertex 79.0492 82.3743 62.5
      vertex 79.0492 82.3743 4
    endloop
  endfacet
  facet normal -0.980776 -0.195137 0
    outer loop
      vertex 79.0492 82.3743 62.5
      vertex 79.1105 82.0662 4
      vertex 79.1105 82.0662 62.5
    endloop
  endfacet
  facet normal -0.999233 -0.0391669 0
    outer loop
      vertex 79.0123 82.6862 4
      vertex 79 83 62.5
      vertex 79 83 4
    endloop
  endfacet
  facet normal -0.999233 -0.0391669 0
    outer loop
      vertex 79 83 62.5
      vertex 79.0123 82.6862 4
      vertex 79.0123 82.6862 62.5
    endloop
  endfacet
  facet normal 0.117488 -0.993074 0
    outer loop
      vertex 83.3138 79.0123 4
      vertex 83.6257 79.0492 62.5
      vertex 83.3138 79.0123 62.5
    endloop
  endfacet
  facet normal 0.117488 -0.993074 0
    outer loop
      vertex 83.6257 79.0492 62.5
      vertex 83.3138 79.0123 4
      vertex 83.6257 79.0492 4
    endloop
  endfacet
  facet normal 0.678862 -0.734266 0
    outer loop
      vertex 85.5978 79.9584 4
      vertex 85.8284 80.1716 62.5
      vertex 85.5978 79.9584 62.5
    endloop
  endfacet
  facet normal 0.678862 -0.734266 0
    outer loop
      vertex 85.8284 80.1716 62.5
      vertex 85.5978 79.9584 4
      vertex 85.8284 80.1716 4
    endloop
  endfacet
  facet normal 0.87256 -0.488506 0
    outer loop
      vertex 86.4106 80.91 62.5
      vertex 86.564 81.184 4
      vertex 86.564 81.184 62.5
    endloop
  endfacet
  facet normal 0.87256 -0.488506 0
    outer loop
      vertex 86.564 81.184 4
      vertex 86.4106 80.91 62.5
      vertex 86.4106 80.91 4
    endloop
  endfacet
  facet normal -0.488506 -0.87256 0
    outer loop
      vertex 80.91 79.5894 4
      vertex 81.184 79.436 62.5
      vertex 80.91 79.5894 62.5
    endloop
  endfacet
  facet normal -0.488506 -0.87256 -0
    outer loop
      vertex 81.184 79.436 62.5
      vertex 80.91 79.5894 4
      vertex 81.184 79.436 4
    endloop
  endfacet
  facet normal -0.831413 -0.555655 0
    outer loop
      vertex 79.7639 80.6489 4
      vertex 79.5894 80.91 62.5
      vertex 79.5894 80.91 4
    endloop
  endfacet
  facet normal -0.831413 -0.555655 0
    outer loop
      vertex 79.5894 80.91 62.5
      vertex 79.7639 80.6489 4
      vertex 79.7639 80.6489 62.5
    endloop
  endfacet
  facet normal -0.993074 -0.117488 0
    outer loop
      vertex 79.0492 82.3743 4
      vertex 79.0123 82.6862 62.5
      vertex 79.0123 82.6862 4
    endloop
  endfacet
  facet normal -0.993074 -0.117488 0
    outer loop
      vertex 79.0123 82.6862 62.5
      vertex 79.0492 82.3743 4
      vertex 79.0492 82.3743 62.5
    endloop
  endfacet
  facet normal -0.999237 -0.0390526 0
    outer loop
      vertex 84.5 83 4
      vertex 84.4954 83.1177 62.5
      vertex 84.4954 83.1177 4
    endloop
  endfacet
  facet normal -0.999237 -0.0390526 0
    outer loop
      vertex 84.4954 83.1177 62.5
      vertex 84.5 83 4
      vertex 84.5 83 62.5
    endloop
  endfacet
  facet normal 0.999237 -0.0390526 0
    outer loop
      vertex 81.5 83 62.5
      vertex 81.5046 83.1177 4
      vertex 81.5046 83.1177 62.5
    endloop
  endfacet
  facet normal 0.999237 -0.0390526 0
    outer loop
      vertex 81.5046 83.1177 4
      vertex 81.5 83 62.5
      vertex 81.5 83 4
    endloop
  endfacet
  facet normal -0.0390526 -0.999237 0
    outer loop
      vertex 83 84.5 4
      vertex 83.1177 84.4954 62.5
      vertex 83 84.5 62.5
    endloop
  endfacet
  facet normal -0.0390526 -0.999237 -0
    outer loop
      vertex 83.1177 84.4954 62.5
      vertex 83 84.5 4
      vertex 83.1177 84.4954 4
    endloop
  endfacet
  facet normal -0.678527 -0.734575 0
    outer loop
      vertex 83.9742 84.1406 4
      vertex 84.0607 84.0607 62.5
      vertex 83.9742 84.1406 62.5
    endloop
  endfacet
  facet normal -0.678527 -0.734575 -0
    outer loop
      vertex 84.0607 84.0607 62.5
      vertex 83.9742 84.1406 4
      vertex 84.0607 84.0607 4
    endloop
  endfacet
  facet normal 0.678527 -0.734575 0
    outer loop
      vertex 81.9393 84.0607 4
      vertex 82.0258 84.1406 62.5
      vertex 81.9393 84.0607 62.5
    endloop
  endfacet
  facet normal 0.678527 -0.734575 0
    outer loop
      vertex 82.0258 84.1406 62.5
      vertex 81.9393 84.0607 4
      vertex 82.0258 84.1406 4
    endloop
  endfacet
  facet normal 0.346374 -0.938096 0
    outer loop
      vertex 82.426 84.3858 4
      vertex 82.5365 84.4266 62.5
      vertex 82.426 84.3858 62.5
    endloop
  endfacet
  facet normal 0.346374 -0.938096 0
    outer loop
      vertex 82.5365 84.4266 62.5
      vertex 82.426 84.3858 4
      vertex 82.5365 84.4266 4
    endloop
  endfacet
  facet normal -0.908232 -0.418466 0
    outer loop
      vertex 84.3858 83.574 4
      vertex 84.3365 83.681 62.5
      vertex 84.3365 83.681 4
    endloop
  endfacet
  facet normal -0.908232 -0.418466 0
    outer loop
      vertex 84.3365 83.681 62.5
      vertex 84.3858 83.574 4
      vertex 84.3858 83.574 62.5
    endloop
  endfacet
  facet normal -0.346374 -0.938096 0
    outer loop
      vertex 83.4635 84.4266 4
      vertex 83.574 84.3858 62.5
      vertex 83.4635 84.4266 62.5
    endloop
  endfacet
  facet normal -0.346374 -0.938096 -0
    outer loop
      vertex 83.574 84.3858 62.5
      vertex 83.4635 84.4266 4
      vertex 83.574 84.3858 4
    endloop
  endfacet
  facet normal -0.555679 -0.831397 0
    outer loop
      vertex 83.7837 84.279 4
      vertex 83.8817 84.2135 62.5
      vertex 83.7837 84.279 62.5
    endloop
  endfacet
  facet normal -0.555679 -0.831397 -0
    outer loop
      vertex 83.8817 84.2135 62.5
      vertex 83.7837 84.279 4
      vertex 83.8817 84.2135 4
    endloop
  endfacet
  facet normal 0.908232 -0.418466 0
    outer loop
      vertex 81.6142 83.574 62.5
      vertex 81.6635 83.681 4
      vertex 81.6635 83.681 62.5
    endloop
  endfacet
  facet normal 0.908232 -0.418466 0
    outer loop
      vertex 81.6635 83.681 4
      vertex 81.6142 83.574 62.5
      vertex 81.6142 83.574 4
    endloop
  endfacet
  facet normal 0.118073 -0.993005 0
    outer loop
      vertex 82.7654 84.4815 4
      vertex 82.8823 84.4954 62.5
      vertex 82.7654 84.4815 62.5
    endloop
  endfacet
  facet normal 0.118073 -0.993005 0
    outer loop
      vertex 82.8823 84.4954 62.5
      vertex 82.7654 84.4815 4
      vertex 82.8823 84.4954 4
    endloop
  endfacet
  facet normal -0.938096 0.346374 0
    outer loop
      vertex 84.3858 82.426 4
      vertex 84.4266 82.5365 62.5
      vertex 84.4266 82.5365 4
    endloop
  endfacet
  facet normal -0.938096 0.346374 0
    outer loop
      vertex 84.4266 82.5365 62.5
      vertex 84.3858 82.426 4
      vertex 84.3858 82.426 62.5
    endloop
  endfacet
  facet normal -0.418466 0.908232 0
    outer loop
      vertex 83.681 81.6635 4
      vertex 83.574 81.6142 62.5
      vertex 83.681 81.6635 62.5
    endloop
  endfacet
  facet normal -0.418466 0.908232 0
    outer loop
      vertex 83.574 81.6142 62.5
      vertex 83.681 81.6635 4
      vertex 83.574 81.6142 4
    endloop
  endfacet
  facet normal -0.962353 0.271803 0
    outer loop
      vertex 84.4266 82.5365 4
      vertex 84.4586 82.6498 62.5
      vertex 84.4586 82.6498 4
    endloop
  endfacet
  facet normal -0.962353 0.271803 0
    outer loop
      vertex 84.4586 82.6498 62.5
      vertex 84.4266 82.5365 4
      vertex 84.4266 82.5365 62.5
    endloop
  endfacet
  facet normal -0.962353 -0.271803 0
    outer loop
      vertex 84.4586 83.3502 4
      vertex 84.4266 83.4635 62.5
      vertex 84.4266 83.4635 4
    endloop
  endfacet
  facet normal -0.962353 -0.271803 0
    outer loop
      vertex 84.4266 83.4635 62.5
      vertex 84.4586 83.3502 4
      vertex 84.4586 83.3502 62.5
    endloop
  endfacet
  facet normal -0.993005 -0.118073 0
    outer loop
      vertex 84.4954 83.1177 4
      vertex 84.4815 83.2346 62.5
      vertex 84.4815 83.2346 4
    endloop
  endfacet
  facet normal -0.993005 -0.118073 0
    outer loop
      vertex 84.4815 83.2346 62.5
      vertex 84.4954 83.1177 4
      vertex 84.4954 83.1177 62.5
    endloop
  endfacet
  facet normal -0.938096 -0.346374 0
    outer loop
      vertex 84.4266 83.4635 4
      vertex 84.3858 83.574 62.5
      vertex 84.3858 83.574 4
    endloop
  endfacet
  facet normal -0.938096 -0.346374 0
    outer loop
      vertex 84.3858 83.574 62.5
      vertex 84.4266 83.4635 4
      vertex 84.4266 83.4635 62.5
    endloop
  endfacet
  facet normal -0.785404 -0.618983 0
    outer loop
      vertex 84.2135 83.8817 4
      vertex 84.1406 83.9742 62.5
      vertex 84.1406 83.9742 4
    endloop
  endfacet
  facet normal -0.785404 -0.618983 0
    outer loop
      vertex 84.1406 83.9742 62.5
      vertex 84.2135 83.8817 4
      vertex 84.2135 83.8817 62.5
    endloop
  endfacet
  facet normal -0.734575 -0.678527 0
    outer loop
      vertex 84.1406 83.9742 4
      vertex 84.0607 84.0607 62.5
      vertex 84.0607 84.0607 4
    endloop
  endfacet
  facet normal -0.734575 -0.678527 0
    outer loop
      vertex 84.0607 84.0607 62.5
      vertex 84.1406 83.9742 4
      vertex 84.1406 83.9742 62.5
    endloop
  endfacet
  facet normal -0.872549 -0.488526 0
    outer loop
      vertex 84.3365 83.681 4
      vertex 84.279 83.7837 62.5
      vertex 84.279 83.7837 4
    endloop
  endfacet
  facet normal -0.872549 -0.488526 0
    outer loop
      vertex 84.279 83.7837 62.5
      vertex 84.3365 83.681 4
      vertex 84.3365 83.681 62.5
    endloop
  endfacet
  facet normal -0.194321 -0.980938 0
    outer loop
      vertex 83.2346 84.4815 4
      vertex 83.3502 84.4586 62.5
      vertex 83.2346 84.4815 62.5
    endloop
  endfacet
  facet normal -0.194321 -0.980938 -0
    outer loop
      vertex 83.3502 84.4586 62.5
      vertex 83.2346 84.4815 4
      vertex 83.3502 84.4586 4
    endloop
  endfacet
  facet normal -0.271803 -0.962353 0
    outer loop
      vertex 83.3502 84.4586 4
      vertex 83.4635 84.4266 62.5
      vertex 83.3502 84.4586 62.5
    endloop
  endfacet
  facet normal -0.271803 -0.962353 -0
    outer loop
      vertex 83.4635 84.4266 62.5
      vertex 83.3502 84.4586 4
      vertex 83.4635 84.4266 4
    endloop
  endfacet
  facet normal -0.118073 -0.993005 0
    outer loop
      vertex 83.1177 84.4954 4
      vertex 83.2346 84.4815 62.5
      vertex 83.1177 84.4954 62.5
    endloop
  endfacet
  facet normal -0.118073 -0.993005 -0
    outer loop
      vertex 83.2346 84.4815 62.5
      vertex 83.1177 84.4954 4
      vertex 83.2346 84.4815 4
    endloop
  endfacet
  facet normal -0.488526 -0.872549 0
    outer loop
      vertex 83.681 84.3365 4
      vertex 83.7837 84.279 62.5
      vertex 83.681 84.3365 62.5
    endloop
  endfacet
  facet normal -0.488526 -0.872549 -0
    outer loop
      vertex 83.7837 84.279 62.5
      vertex 83.681 84.3365 4
      vertex 83.7837 84.279 4
    endloop
  endfacet
  facet normal -0.618983 -0.785404 0
    outer loop
      vertex 83.8817 84.2135 4
      vertex 83.9742 84.1406 62.5
      vertex 83.8817 84.2135 62.5
    endloop
  endfacet
  facet normal -0.618983 -0.785404 -0
    outer loop
      vertex 83.9742 84.1406 62.5
      vertex 83.8817 84.2135 4
      vertex 83.9742 84.1406 4
    endloop
  endfacet
  facet normal 0.980938 -0.194321 0
    outer loop
      vertex 81.5185 83.2346 62.5
      vertex 81.5414 83.3502 4
      vertex 81.5414 83.3502 62.5
    endloop
  endfacet
  facet normal 0.980938 -0.194321 0
    outer loop
      vertex 81.5414 83.3502 4
      vertex 81.5185 83.2346 62.5
      vertex 81.5185 83.2346 4
    endloop
  endfacet
  facet normal 0.831397 -0.555679 0
    outer loop
      vertex 81.721 83.7837 62.5
      vertex 81.7865 83.8817 4
      vertex 81.7865 83.8817 62.5
    endloop
  endfacet
  facet normal 0.831397 -0.555679 0
    outer loop
      vertex 81.7865 83.8817 4
      vertex 81.721 83.7837 62.5
      vertex 81.721 83.7837 4
    endloop
  endfacet
  facet normal 0.734575 -0.678527 0
    outer loop
      vertex 81.8594 83.9742 62.5
      vertex 81.9393 84.0607 4
      vertex 81.9393 84.0607 62.5
    endloop
  endfacet
  facet normal 0.734575 -0.678527 0
    outer loop
      vertex 81.9393 84.0607 4
      vertex 81.8594 83.9742 62.5
      vertex 81.8594 83.9742 4
    endloop
  endfacet
  facet normal 0.872549 -0.488526 0
    outer loop
      vertex 81.6635 83.681 62.5
      vertex 81.721 83.7837 4
      vertex 81.721 83.7837 62.5
    endloop
  endfacet
  facet normal 0.872549 -0.488526 0
    outer loop
      vertex 81.721 83.7837 4
      vertex 81.6635 83.681 62.5
      vertex 81.6635 83.681 4
    endloop
  endfacet
  facet normal 0.938096 -0.346374 0
    outer loop
      vertex 81.5734 83.4635 62.5
      vertex 81.6142 83.574 4
      vertex 81.6142 83.574 62.5
    endloop
  endfacet
  facet normal 0.938096 -0.346374 0
    outer loop
      vertex 81.6142 83.574 4
      vertex 81.5734 83.4635 62.5
      vertex 81.5734 83.4635 4
    endloop
  endfacet
  facet normal 0.993005 -0.118073 0
    outer loop
      vertex 81.5046 83.1177 62.5
      vertex 81.5185 83.2346 4
      vertex 81.5185 83.2346 62.5
    endloop
  endfacet
  facet normal 0.993005 -0.118073 0
    outer loop
      vertex 81.5185 83.2346 4
      vertex 81.5046 83.1177 62.5
      vertex 81.5046 83.1177 4
    endloop
  endfacet
  facet normal 0.488526 -0.872549 0
    outer loop
      vertex 82.2163 84.279 4
      vertex 82.319 84.3365 62.5
      vertex 82.2163 84.279 62.5
    endloop
  endfacet
  facet normal 0.488526 -0.872549 0
    outer loop
      vertex 82.319 84.3365 62.5
      vertex 82.2163 84.279 4
      vertex 82.319 84.3365 4
    endloop
  endfacet
  facet normal 0.418466 -0.908232 0
    outer loop
      vertex 82.319 84.3365 4
      vertex 82.426 84.3858 62.5
      vertex 82.319 84.3365 62.5
    endloop
  endfacet
  facet normal 0.418466 -0.908232 0
    outer loop
      vertex 82.426 84.3858 62.5
      vertex 82.319 84.3365 4
      vertex 82.426 84.3858 4
    endloop
  endfacet
  facet normal 0.0390526 -0.999237 0
    outer loop
      vertex 82.8823 84.4954 4
      vertex 83 84.5 62.5
      vertex 82.8823 84.4954 62.5
    endloop
  endfacet
  facet normal 0.0390526 -0.999237 0
    outer loop
      vertex 83 84.5 62.5
      vertex 82.8823 84.4954 4
      vertex 83 84.5 4
    endloop
  endfacet
  facet normal -0.271803 0.962353 0
    outer loop
      vertex 83.4635 81.5734 4
      vertex 83.3502 81.5414 62.5
      vertex 83.4635 81.5734 62.5
    endloop
  endfacet
  facet normal -0.271803 0.962353 0
    outer loop
      vertex 83.3502 81.5414 62.5
      vertex 83.4635 81.5734 4
      vertex 83.3502 81.5414 4
    endloop
  endfacet
  facet normal -0.618983 0.785404 0
    outer loop
      vertex 83.9742 81.8594 4
      vertex 83.8817 81.7865 62.5
      vertex 83.9742 81.8594 62.5
    endloop
  endfacet
  facet normal -0.618983 0.785404 0
    outer loop
      vertex 83.8817 81.7865 62.5
      vertex 83.9742 81.8594 4
      vertex 83.8817 81.7865 4
    endloop
  endfacet
  facet normal -0.678527 0.734575 0
    outer loop
      vertex 84.0607 81.9393 4
      vertex 83.9742 81.8594 62.5
      vertex 84.0607 81.9393 62.5
    endloop
  endfacet
  facet normal -0.678527 0.734575 0
    outer loop
      vertex 83.9742 81.8594 62.5
      vertex 84.0607 81.9393 4
      vertex 83.9742 81.8594 4
    endloop
  endfacet
  facet normal -0.488526 0.872549 0
    outer loop
      vertex 83.7837 81.721 4
      vertex 83.681 81.6635 62.5
      vertex 83.7837 81.721 62.5
    endloop
  endfacet
  facet normal -0.488526 0.872549 0
    outer loop
      vertex 83.681 81.6635 62.5
      vertex 83.7837 81.721 4
      vertex 83.681 81.6635 4
    endloop
  endfacet
  facet normal -0.785404 0.618983 0
    outer loop
      vertex 84.1406 82.0258 4
      vertex 84.2135 82.1183 62.5
      vertex 84.2135 82.1183 4
    endloop
  endfacet
  facet normal -0.785404 0.618983 0
    outer loop
      vertex 84.2135 82.1183 62.5
      vertex 84.1406 82.0258 4
      vertex 84.1406 82.0258 62.5
    endloop
  endfacet
  facet normal -0.872549 0.488526 0
    outer loop
      vertex 84.279 82.2163 4
      vertex 84.3365 82.319 62.5
      vertex 84.3365 82.319 4
    endloop
  endfacet
  facet normal -0.872549 0.488526 0
    outer loop
      vertex 84.3365 82.319 62.5
      vertex 84.279 82.2163 4
      vertex 84.279 82.2163 62.5
    endloop
  endfacet
  facet normal 0.194321 0.980938 -0
    outer loop
      vertex 82.7654 81.5185 4
      vertex 82.6498 81.5414 62.5
      vertex 82.7654 81.5185 62.5
    endloop
  endfacet
  facet normal 0.194321 0.980938 0
    outer loop
      vertex 82.6498 81.5414 62.5
      vertex 82.7654 81.5185 4
      vertex 82.6498 81.5414 4
    endloop
  endfacet
  facet normal 0.555679 0.831397 -0
    outer loop
      vertex 82.2163 81.721 4
      vertex 82.1183 81.7865 62.5
      vertex 82.2163 81.721 62.5
    endloop
  endfacet
  facet normal 0.555679 0.831397 0
    outer loop
      vertex 82.1183 81.7865 62.5
      vertex 82.2163 81.721 4
      vertex 82.1183 81.7865 4
    endloop
  endfacet
  facet normal 0.678527 0.734575 -0
    outer loop
      vertex 82.0258 81.8594 4
      vertex 81.9393 81.9393 62.5
      vertex 82.0258 81.8594 62.5
    endloop
  endfacet
  facet normal 0.678527 0.734575 0
    outer loop
      vertex 81.9393 81.9393 62.5
      vertex 82.0258 81.8594 4
      vertex 81.9393 81.9393 4
    endloop
  endfacet
  facet normal 0.488526 0.872549 -0
    outer loop
      vertex 82.319 81.6635 4
      vertex 82.2163 81.721 62.5
      vertex 82.319 81.6635 62.5
    endloop
  endfacet
  facet normal 0.488526 0.872549 0
    outer loop
      vertex 82.2163 81.721 62.5
      vertex 82.319 81.6635 4
      vertex 82.2163 81.721 4
    endloop
  endfacet
  facet normal 0.346374 0.938096 -0
    outer loop
      vertex 82.5365 81.5734 4
      vertex 82.426 81.6142 62.5
      vertex 82.5365 81.5734 62.5
    endloop
  endfacet
  facet normal 0.346374 0.938096 0
    outer loop
      vertex 82.426 81.6142 62.5
      vertex 82.5365 81.5734 4
      vertex 82.426 81.6142 4
    endloop
  endfacet
  facet normal 0.118073 0.993005 -0
    outer loop
      vertex 82.8823 81.5046 4
      vertex 82.7654 81.5185 62.5
      vertex 82.8823 81.5046 62.5
    endloop
  endfacet
  facet normal 0.118073 0.993005 0
    outer loop
      vertex 82.7654 81.5185 62.5
      vertex 82.8823 81.5046 4
      vertex 82.7654 81.5185 4
    endloop
  endfacet
  facet normal 0.908232 0.418466 0
    outer loop
      vertex 81.6635 82.319 62.5
      vertex 81.6142 82.426 4
      vertex 81.6142 82.426 62.5
    endloop
  endfacet
  facet normal 0.908232 0.418466 0
    outer loop
      vertex 81.6142 82.426 4
      vertex 81.6635 82.319 62.5
      vertex 81.6635 82.319 4
    endloop
  endfacet
  facet normal 0.999237 0.0390526 0
    outer loop
      vertex 81.5046 82.8823 62.5
      vertex 81.5 83 4
      vertex 81.5 83 62.5
    endloop
  endfacet
  facet normal 0.999237 0.0390526 0
    outer loop
      vertex 81.5 83 4
      vertex 81.5046 82.8823 62.5
      vertex 81.5046 82.8823 4
    endloop
  endfacet
  facet normal -0.980938 -0.194321 0
    outer loop
      vertex 84.4815 83.2346 4
      vertex 84.4586 83.3502 62.5
      vertex 84.4586 83.3502 4
    endloop
  endfacet
  facet normal -0.980938 -0.194321 0
    outer loop
      vertex 84.4586 83.3502 62.5
      vertex 84.4815 83.2346 4
      vertex 84.4815 83.2346 62.5
    endloop
  endfacet
  facet normal -0.831397 -0.555679 0
    outer loop
      vertex 84.279 83.7837 4
      vertex 84.2135 83.8817 62.5
      vertex 84.2135 83.8817 4
    endloop
  endfacet
  facet normal -0.831397 -0.555679 0
    outer loop
      vertex 84.2135 83.8817 62.5
      vertex 84.279 83.7837 4
      vertex 84.279 83.7837 62.5
    endloop
  endfacet
  facet normal -0.418466 -0.908232 0
    outer loop
      vertex 83.574 84.3858 4
      vertex 83.681 84.3365 62.5
      vertex 83.574 84.3858 62.5
    endloop
  endfacet
  facet normal -0.418466 -0.908232 -0
    outer loop
      vertex 83.681 84.3365 62.5
      vertex 83.574 84.3858 4
      vertex 83.681 84.3365 4
    endloop
  endfacet
  facet normal 0.785404 -0.618983 0
    outer loop
      vertex 81.7865 83.8817 62.5
      vertex 81.8594 83.9742 4
      vertex 81.8594 83.9742 62.5
    endloop
  endfacet
  facet normal 0.785404 -0.618983 0
    outer loop
      vertex 81.8594 83.9742 4
      vertex 81.7865 83.8817 62.5
      vertex 81.7865 83.8817 4
    endloop
  endfacet
  facet normal 0.962353 -0.271803 0
    outer loop
      vertex 81.5414 83.3502 62.5
      vertex 81.5734 83.4635 4
      vertex 81.5734 83.4635 62.5
    endloop
  endfacet
  facet normal 0.962353 -0.271803 0
    outer loop
      vertex 81.5734 83.4635 4
      vertex 81.5414 83.3502 62.5
      vertex 81.5414 83.3502 4
    endloop
  endfacet
  facet normal 0.555679 -0.831397 0
    outer loop
      vertex 82.1183 84.2135 4
      vertex 82.2163 84.279 62.5
      vertex 82.1183 84.2135 62.5
    endloop
  endfacet
  facet normal 0.555679 -0.831397 0
    outer loop
      vertex 82.2163 84.279 62.5
      vertex 82.1183 84.2135 4
      vertex 82.2163 84.279 4
    endloop
  endfacet
  facet normal 0.618983 -0.785404 0
    outer loop
      vertex 82.0258 84.1406 4
      vertex 82.1183 84.2135 62.5
      vertex 82.0258 84.1406 62.5
    endloop
  endfacet
  facet normal 0.618983 -0.785404 0
    outer loop
      vertex 82.1183 84.2135 62.5
      vertex 82.0258 84.1406 4
      vertex 82.1183 84.2135 4
    endloop
  endfacet
  facet normal 0.194321 -0.980938 0
    outer loop
      vertex 82.6498 84.4586 4
      vertex 82.7654 84.4815 62.5
      vertex 82.6498 84.4586 62.5
    endloop
  endfacet
  facet normal 0.194321 -0.980938 0
    outer loop
      vertex 82.7654 84.4815 62.5
      vertex 82.6498 84.4586 4
      vertex 82.7654 84.4815 4
    endloop
  endfacet
  facet normal 0.271803 -0.962353 0
    outer loop
      vertex 82.5365 84.4266 4
      vertex 82.6498 84.4586 62.5
      vertex 82.5365 84.4266 62.5
    endloop
  endfacet
  facet normal 0.271803 -0.962353 0
    outer loop
      vertex 82.6498 84.4586 62.5
      vertex 82.5365 84.4266 4
      vertex 82.6498 84.4586 4
    endloop
  endfacet
  facet normal -0.999237 0.0390526 0
    outer loop
      vertex 84.4954 82.8823 4
      vertex 84.5 83 62.5
      vertex 84.5 83 4
    endloop
  endfacet
  facet normal -0.999237 0.0390526 0
    outer loop
      vertex 84.5 83 62.5
      vertex 84.4954 82.8823 4
      vertex 84.4954 82.8823 62.5
    endloop
  endfacet
  facet normal -0.0390526 0.999237 0
    outer loop
      vertex 83.1177 81.5046 4
      vertex 83 81.5 62.5
      vertex 83.1177 81.5046 62.5
    endloop
  endfacet
  facet normal -0.0390526 0.999237 0
    outer loop
      vertex 83 81.5 62.5
      vertex 83.1177 81.5046 4
      vertex 83 81.5 4
    endloop
  endfacet
  facet normal -0.194321 0.980938 0
    outer loop
      vertex 83.3502 81.5414 4
      vertex 83.2346 81.5185 62.5
      vertex 83.3502 81.5414 62.5
    endloop
  endfacet
  facet normal -0.194321 0.980938 0
    outer loop
      vertex 83.2346 81.5185 62.5
      vertex 83.3502 81.5414 4
      vertex 83.2346 81.5185 4
    endloop
  endfacet
  facet normal -0.346374 0.938096 0
    outer loop
      vertex 83.574 81.6142 4
      vertex 83.4635 81.5734 62.5
      vertex 83.574 81.6142 62.5
    endloop
  endfacet
  facet normal -0.346374 0.938096 0
    outer loop
      vertex 83.4635 81.5734 62.5
      vertex 83.574 81.6142 4
      vertex 83.4635 81.5734 4
    endloop
  endfacet
  facet normal -0.734575 0.678527 0
    outer loop
      vertex 84.0607 81.9393 4
      vertex 84.1406 82.0258 62.5
      vertex 84.1406 82.0258 4
    endloop
  endfacet
  facet normal -0.734575 0.678527 0
    outer loop
      vertex 84.1406 82.0258 62.5
      vertex 84.0607 81.9393 4
      vertex 84.0607 81.9393 62.5
    endloop
  endfacet
  facet normal -0.555679 0.831397 0
    outer loop
      vertex 83.8817 81.7865 4
      vertex 83.7837 81.721 62.5
      vertex 83.8817 81.7865 62.5
    endloop
  endfacet
  facet normal -0.555679 0.831397 0
    outer loop
      vertex 83.7837 81.721 62.5
      vertex 83.8817 81.7865 4
      vertex 83.7837 81.721 4
    endloop
  endfacet
  facet normal -0.831397 0.555679 0
    outer loop
      vertex 84.2135 82.1183 4
      vertex 84.279 82.2163 62.5
      vertex 84.279 82.2163 4
    endloop
  endfacet
  facet normal -0.831397 0.555679 0
    outer loop
      vertex 84.279 82.2163 62.5
      vertex 84.2135 82.1183 4
      vertex 84.2135 82.1183 62.5
    endloop
  endfacet
  facet normal -0.908232 0.418466 0
    outer loop
      vertex 84.3365 82.319 4
      vertex 84.3858 82.426 62.5
      vertex 84.3858 82.426 4
    endloop
  endfacet
  facet normal -0.908232 0.418466 0
    outer loop
      vertex 84.3858 82.426 62.5
      vertex 84.3365 82.319 4
      vertex 84.3365 82.319 62.5
    endloop
  endfacet
  facet normal -0.980938 0.194321 0
    outer loop
      vertex 84.4586 82.6498 4
      vertex 84.4815 82.7654 62.5
      vertex 84.4815 82.7654 4
    endloop
  endfacet
  facet normal -0.980938 0.194321 0
    outer loop
      vertex 84.4815 82.7654 62.5
      vertex 84.4586 82.6498 4
      vertex 84.4586 82.6498 62.5
    endloop
  endfacet
  facet normal -0.993005 0.118073 0
    outer loop
      vertex 84.4815 82.7654 4
      vertex 84.4954 82.8823 62.5
      vertex 84.4954 82.8823 4
    endloop
  endfacet
  facet normal -0.993005 0.118073 0
    outer loop
      vertex 84.4954 82.8823 62.5
      vertex 84.4815 82.7654 4
      vertex 84.4815 82.7654 62.5
    endloop
  endfacet
  facet normal 0.618983 0.785404 -0
    outer loop
      vertex 82.1183 81.7865 4
      vertex 82.0258 81.8594 62.5
      vertex 82.1183 81.7865 62.5
    endloop
  endfacet
  facet normal 0.618983 0.785404 0
    outer loop
      vertex 82.0258 81.8594 62.5
      vertex 82.1183 81.7865 4
      vertex 82.0258 81.8594 4
    endloop
  endfacet
  facet normal 0.418466 0.908232 -0
    outer loop
      vertex 82.426 81.6142 4
      vertex 82.319 81.6635 62.5
      vertex 82.426 81.6142 62.5
    endloop
  endfacet
  facet normal 0.418466 0.908232 0
    outer loop
      vertex 82.319 81.6635 62.5
      vertex 82.426 81.6142 4
      vertex 82.319 81.6635 4
    endloop
  endfacet
  facet normal 0.271803 0.962353 -0
    outer loop
      vertex 82.6498 81.5414 4
      vertex 82.5365 81.5734 62.5
      vertex 82.6498 81.5414 62.5
    endloop
  endfacet
  facet normal 0.271803 0.962353 0
    outer loop
      vertex 82.5365 81.5734 62.5
      vertex 82.6498 81.5414 4
      vertex 82.5365 81.5734 4
    endloop
  endfacet
  facet normal 0.0390526 0.999237 -0
    outer loop
      vertex 83 81.5 4
      vertex 82.8823 81.5046 62.5
      vertex 83 81.5 62.5
    endloop
  endfacet
  facet normal 0.0390526 0.999237 0
    outer loop
      vertex 82.8823 81.5046 62.5
      vertex 83 81.5 4
      vertex 82.8823 81.5046 4
    endloop
  endfacet
  facet normal 0.872549 0.488526 0
    outer loop
      vertex 81.721 82.2163 62.5
      vertex 81.6635 82.319 4
      vertex 81.6635 82.319 62.5
    endloop
  endfacet
  facet normal 0.872549 0.488526 0
    outer loop
      vertex 81.6635 82.319 4
      vertex 81.721 82.2163 62.5
      vertex 81.721 82.2163 4
    endloop
  endfacet
  facet normal 0.831397 0.555679 0
    outer loop
      vertex 81.7865 82.1183 62.5
      vertex 81.721 82.2163 4
      vertex 81.721 82.2163 62.5
    endloop
  endfacet
  facet normal 0.831397 0.555679 0
    outer loop
      vertex 81.721 82.2163 4
      vertex 81.7865 82.1183 62.5
      vertex 81.7865 82.1183 4
    endloop
  endfacet
  facet normal 0.734575 0.678527 0
    outer loop
      vertex 81.9393 81.9393 62.5
      vertex 81.8594 82.0258 4
      vertex 81.8594 82.0258 62.5
    endloop
  endfacet
  facet normal 0.734575 0.678527 0
    outer loop
      vertex 81.8594 82.0258 4
      vertex 81.9393 81.9393 62.5
      vertex 81.9393 81.9393 4
    endloop
  endfacet
  facet normal 0.980938 0.194321 0
    outer loop
      vertex 81.5414 82.6498 62.5
      vertex 81.5185 82.7654 4
      vertex 81.5185 82.7654 62.5
    endloop
  endfacet
  facet normal 0.980938 0.194321 0
    outer loop
      vertex 81.5185 82.7654 4
      vertex 81.5414 82.6498 62.5
      vertex 81.5414 82.6498 4
    endloop
  endfacet
  facet normal 0.938096 0.346374 0
    outer loop
      vertex 81.6142 82.426 62.5
      vertex 81.5734 82.5365 4
      vertex 81.5734 82.5365 62.5
    endloop
  endfacet
  facet normal 0.938096 0.346374 0
    outer loop
      vertex 81.5734 82.5365 4
      vertex 81.6142 82.426 62.5
      vertex 81.6142 82.426 4
    endloop
  endfacet
  facet normal 0.993005 0.118073 0
    outer loop
      vertex 81.5185 82.7654 62.5
      vertex 81.5046 82.8823 4
      vertex 81.5046 82.8823 62.5
    endloop
  endfacet
  facet normal 0.993005 0.118073 0
    outer loop
      vertex 81.5046 82.8823 4
      vertex 81.5185 82.7654 62.5
      vertex 81.5185 82.7654 4
    endloop
  endfacet
  facet normal -0.118073 0.993005 0
    outer loop
      vertex 83.2346 81.5185 4
      vertex 83.1177 81.5046 62.5
      vertex 83.2346 81.5185 62.5
    endloop
  endfacet
  facet normal -0.118073 0.993005 0
    outer loop
      vertex 83.1177 81.5046 62.5
      vertex 83.2346 81.5185 4
      vertex 83.1177 81.5046 4
    endloop
  endfacet
  facet normal 0.785404 0.618983 0
    outer loop
      vertex 81.8594 82.0258 62.5
      vertex 81.7865 82.1183 4
      vertex 81.7865 82.1183 62.5
    endloop
  endfacet
  facet normal 0.785404 0.618983 0
    outer loop
      vertex 81.7865 82.1183 4
      vertex 81.8594 82.0258 62.5
      vertex 81.8594 82.0258 4
    endloop
  endfacet
  facet normal 0.962353 0.271803 0
    outer loop
      vertex 81.5734 82.5365 62.5
      vertex 81.5414 82.6498 4
      vertex 81.5414 82.6498 62.5
    endloop
  endfacet
  facet normal 0.962353 0.271803 0
    outer loop
      vertex 81.5414 82.6498 4
      vertex 81.5734 82.5365 62.5
      vertex 81.5734 82.5365 4
    endloop
  endfacet
  facet normal -0.999237 -0.0390526 0
    outer loop
      vertex 25.5 33 0
      vertex 25.4954 33.1177 4
      vertex 25.4954 33.1177 0
    endloop
  endfacet
  facet normal -0.999237 -0.0390526 0
    outer loop
      vertex 25.4954 33.1177 4
      vertex 25.5 33 0
      vertex 25.5 33 4
    endloop
  endfacet
  facet normal 0.999237 0.0390526 0
    outer loop
      vertex 22.5046 32.8823 4
      vertex 22.5 33 0
      vertex 22.5 33 4
    endloop
  endfacet
  facet normal 0.999237 0.0390526 0
    outer loop
      vertex 22.5 33 0
      vertex 22.5046 32.8823 4
      vertex 22.5046 32.8823 0
    endloop
  endfacet
  facet normal 0.0390526 -0.999237 0
    outer loop
      vertex 23.8823 34.4954 0
      vertex 24 34.5 4
      vertex 23.8823 34.4954 4
    endloop
  endfacet
  facet normal 0.0390526 -0.999237 0
    outer loop
      vertex 24 34.5 4
      vertex 23.8823 34.4954 0
      vertex 24 34.5 0
    endloop
  endfacet
  facet normal -0.0390526 0.999237 0
    outer loop
      vertex 24.1177 31.5046 0
      vertex 24 31.5 4
      vertex 24.1177 31.5046 4
    endloop
  endfacet
  facet normal -0.0390526 0.999237 0
    outer loop
      vertex 24 31.5 4
      vertex 24.1177 31.5046 0
      vertex 24 31.5 0
    endloop
  endfacet
  facet normal 0.678527 0.734575 -0
    outer loop
      vertex 23.0258 31.8594 0
      vertex 22.9393 31.9393 4
      vertex 23.0258 31.8594 4
    endloop
  endfacet
  facet normal 0.678527 0.734575 0
    outer loop
      vertex 22.9393 31.9393 4
      vertex 23.0258 31.8594 0
      vertex 22.9393 31.9393 0
    endloop
  endfacet
  facet normal -0.678527 -0.734575 0
    outer loop
      vertex 24.9742 34.1406 0
      vertex 25.0607 34.0607 4
      vertex 24.9742 34.1406 4
    endloop
  endfacet
  facet normal -0.678527 -0.734575 -0
    outer loop
      vertex 25.0607 34.0607 4
      vertex 24.9742 34.1406 0
      vertex 25.0607 34.0607 0
    endloop
  endfacet
  facet normal 0.734575 -0.678527 0
    outer loop
      vertex 22.8594 33.9742 4
      vertex 22.9393 34.0607 0
      vertex 22.9393 34.0607 4
    endloop
  endfacet
  facet normal 0.734575 -0.678527 0
    outer loop
      vertex 22.9393 34.0607 0
      vertex 22.8594 33.9742 4
      vertex 22.8594 33.9742 0
    endloop
  endfacet
  facet normal 0.418466 -0.908232 0
    outer loop
      vertex 23.319 34.3365 0
      vertex 23.426 34.3858 4
      vertex 23.319 34.3365 4
    endloop
  endfacet
  facet normal 0.418466 -0.908232 0
    outer loop
      vertex 23.426 34.3858 4
      vertex 23.319 34.3365 0
      vertex 23.426 34.3858 0
    endloop
  endfacet
  facet normal -0.908232 -0.418466 0
    outer loop
      vertex 25.3858 33.574 0
      vertex 25.3365 33.681 4
      vertex 25.3365 33.681 0
    endloop
  endfacet
  facet normal -0.908232 -0.418466 0
    outer loop
      vertex 25.3365 33.681 4
      vertex 25.3858 33.574 0
      vertex 25.3858 33.574 4
    endloop
  endfacet
  facet normal -0.346374 -0.938096 0
    outer loop
      vertex 24.4635 34.4266 0
      vertex 24.574 34.3858 4
      vertex 24.4635 34.4266 4
    endloop
  endfacet
  facet normal -0.346374 -0.938096 -0
    outer loop
      vertex 24.574 34.3858 4
      vertex 24.4635 34.4266 0
      vertex 24.574 34.3858 0
    endloop
  endfacet
  facet normal -0.555679 -0.831397 0
    outer loop
      vertex 24.7837 34.279 0
      vertex 24.8817 34.2135 4
      vertex 24.7837 34.279 4
    endloop
  endfacet
  facet normal -0.555679 -0.831397 -0
    outer loop
      vertex 24.8817 34.2135 4
      vertex 24.7837 34.279 0
      vertex 24.8817 34.2135 0
    endloop
  endfacet
  facet normal 0.938096 -0.346374 0
    outer loop
      vertex 22.5734 33.4635 4
      vertex 22.6142 33.574 0
      vertex 22.6142 33.574 4
    endloop
  endfacet
  facet normal 0.938096 -0.346374 0
    outer loop
      vertex 22.6142 33.574 0
      vertex 22.5734 33.4635 4
      vertex 22.5734 33.4635 0
    endloop
  endfacet
  facet normal 0.271803 -0.962353 0
    outer loop
      vertex 23.5365 34.4266 0
      vertex 23.6498 34.4586 4
      vertex 23.5365 34.4266 4
    endloop
  endfacet
  facet normal 0.271803 -0.962353 0
    outer loop
      vertex 23.6498 34.4586 4
      vertex 23.5365 34.4266 0
      vertex 23.6498 34.4586 0
    endloop
  endfacet
  facet normal -0.938096 0.346374 0
    outer loop
      vertex 25.3858 32.426 0
      vertex 25.4266 32.5365 4
      vertex 25.4266 32.5365 0
    endloop
  endfacet
  facet normal -0.938096 0.346374 0
    outer loop
      vertex 25.4266 32.5365 4
      vertex 25.3858 32.426 0
      vertex 25.3858 32.426 4
    endloop
  endfacet
  facet normal 0.980906 0.194483 0
    outer loop
      vertex 22.5414 32.6498 4
      vertex 22.5185 32.7653 0
      vertex 22.5185 32.7653 4
    endloop
  endfacet
  facet normal 0.980906 0.194483 0
    outer loop
      vertex 22.5185 32.7653 0
      vertex 22.5414 32.6498 4
      vertex 22.5414 32.6498 0
    endloop
  endfacet
  facet normal -0.962353 -0.271803 0
    outer loop
      vertex 25.4586 33.3502 0
      vertex 25.4266 33.4635 4
      vertex 25.4266 33.4635 0
    endloop
  endfacet
  facet normal -0.962353 -0.271803 0
    outer loop
      vertex 25.4266 33.4635 4
      vertex 25.4586 33.3502 0
      vertex 25.4586 33.3502 4
    endloop
  endfacet
  facet normal -0.993005 -0.118073 0
    outer loop
      vertex 25.4954 33.1177 0
      vertex 25.4815 33.2346 4
      vertex 25.4815 33.2346 0
    endloop
  endfacet
  facet normal -0.993005 -0.118073 0
    outer loop
      vertex 25.4815 33.2346 4
      vertex 25.4954 33.1177 0
      vertex 25.4954 33.1177 4
    endloop
  endfacet
  facet normal -0.938096 -0.346374 0
    outer loop
      vertex 25.4266 33.4635 0
      vertex 25.3858 33.574 4
      vertex 25.3858 33.574 0
    endloop
  endfacet
  facet normal -0.938096 -0.346374 0
    outer loop
      vertex 25.3858 33.574 4
      vertex 25.4266 33.4635 0
      vertex 25.4266 33.4635 4
    endloop
  endfacet
  facet normal -0.785404 -0.618983 0
    outer loop
      vertex 25.2135 33.8817 0
      vertex 25.1406 33.9742 4
      vertex 25.1406 33.9742 0
    endloop
  endfacet
  facet normal -0.785404 -0.618983 0
    outer loop
      vertex 25.1406 33.9742 4
      vertex 25.2135 33.8817 0
      vertex 25.2135 33.8817 4
    endloop
  endfacet
  facet normal -0.734575 -0.678527 0
    outer loop
      vertex 25.1406 33.9742 0
      vertex 25.0607 34.0607 4
      vertex 25.0607 34.0607 0
    endloop
  endfacet
  facet normal -0.734575 -0.678527 0
    outer loop
      vertex 25.0607 34.0607 4
      vertex 25.1406 33.9742 0
      vertex 25.1406 33.9742 4
    endloop
  endfacet
  facet normal -0.872549 -0.488526 0
    outer loop
      vertex 25.3365 33.681 0
      vertex 25.279 33.7837 4
      vertex 25.279 33.7837 0
    endloop
  endfacet
  facet normal -0.872549 -0.488526 0
    outer loop
      vertex 25.279 33.7837 4
      vertex 25.3365 33.681 0
      vertex 25.3365 33.681 4
    endloop
  endfacet
  facet normal -0.194483 -0.980906 0
    outer loop
      vertex 24.2347 34.4815 0
      vertex 24.3502 34.4586 4
      vertex 24.2347 34.4815 4
    endloop
  endfacet
  facet normal -0.194483 -0.980906 -0
    outer loop
      vertex 24.3502 34.4586 4
      vertex 24.2347 34.4815 0
      vertex 24.3502 34.4586 0
    endloop
  endfacet
  facet normal -0.271803 -0.962353 0
    outer loop
      vertex 24.3502 34.4586 0
      vertex 24.4635 34.4266 4
      vertex 24.3502 34.4586 4
    endloop
  endfacet
  facet normal -0.271803 -0.962353 -0
    outer loop
      vertex 24.4635 34.4266 4
      vertex 24.3502 34.4586 0
      vertex 24.4635 34.4266 0
    endloop
  endfacet
  facet normal -0.488526 -0.872549 0
    outer loop
      vertex 24.681 34.3365 0
      vertex 24.7837 34.279 4
      vertex 24.681 34.3365 4
    endloop
  endfacet
  facet normal -0.488526 -0.872549 -0
    outer loop
      vertex 24.7837 34.279 4
      vertex 24.681 34.3365 0
      vertex 24.7837 34.279 0
    endloop
  endfacet
  facet normal -0.618983 -0.785404 0
    outer loop
      vertex 24.8817 34.2135 0
      vertex 24.9742 34.1406 4
      vertex 24.8817 34.2135 4
    endloop
  endfacet
  facet normal -0.618983 -0.785404 -0
    outer loop
      vertex 24.9742 34.1406 4
      vertex 24.8817 34.2135 0
      vertex 24.9742 34.1406 0
    endloop
  endfacet
  facet normal 0.980938 -0.194321 0
    outer loop
      vertex 22.5185 33.2346 4
      vertex 22.5414 33.3502 0
      vertex 22.5414 33.3502 4
    endloop
  endfacet
  facet normal 0.980938 -0.194321 0
    outer loop
      vertex 22.5414 33.3502 0
      vertex 22.5185 33.2346 4
      vertex 22.5185 33.2346 0
    endloop
  endfacet
  facet normal 0.831397 -0.555679 0
    outer loop
      vertex 22.721 33.7837 4
      vertex 22.7865 33.8817 0
      vertex 22.7865 33.8817 4
    endloop
  endfacet
  facet normal 0.831397 -0.555679 0
    outer loop
      vertex 22.7865 33.8817 0
      vertex 22.721 33.7837 4
      vertex 22.721 33.7837 0
    endloop
  endfacet
  facet normal 0.785404 -0.618983 0
    outer loop
      vertex 22.7865 33.8817 4
      vertex 22.8594 33.9742 0
      vertex 22.8594 33.9742 4
    endloop
  endfacet
  facet normal 0.785404 -0.618983 0
    outer loop
      vertex 22.8594 33.9742 0
      vertex 22.7865 33.8817 4
      vertex 22.7865 33.8817 0
    endloop
  endfacet
  facet normal 0.872549 -0.488526 0
    outer loop
      vertex 22.6635 33.681 4
      vertex 22.721 33.7837 0
      vertex 22.721 33.7837 4
    endloop
  endfacet
  facet normal 0.872549 -0.488526 0
    outer loop
      vertex 22.721 33.7837 0
      vertex 22.6635 33.681 4
      vertex 22.6635 33.681 0
    endloop
  endfacet
  facet normal 0.962353 -0.271803 0
    outer loop
      vertex 22.5414 33.3502 4
      vertex 22.5734 33.4635 0
      vertex 22.5734 33.4635 4
    endloop
  endfacet
  facet normal 0.962353 -0.271803 0
    outer loop
      vertex 22.5734 33.4635 0
      vertex 22.5414 33.3502 4
      vertex 22.5414 33.3502 0
    endloop
  endfacet
  facet normal 0.993005 -0.118073 0
    outer loop
      vertex 22.5046 33.1177 4
      vertex 22.5185 33.2346 0
      vertex 22.5185 33.2346 4
    endloop
  endfacet
  facet normal 0.993005 -0.118073 0
    outer loop
      vertex 22.5185 33.2346 0
      vertex 22.5046 33.1177 4
      vertex 22.5046 33.1177 0
    endloop
  endfacet
  facet normal 0.618983 -0.785404 0
    outer loop
      vertex 23.0258 34.1406 0
      vertex 23.1183 34.2135 4
      vertex 23.0258 34.1406 4
    endloop
  endfacet
  facet normal 0.618983 -0.785404 0
    outer loop
      vertex 23.1183 34.2135 4
      vertex 23.0258 34.1406 0
      vertex 23.1183 34.2135 0
    endloop
  endfacet
  facet normal 0.488526 -0.872549 0
    outer loop
      vertex 23.2163 34.279 0
      vertex 23.319 34.3365 4
      vertex 23.2163 34.279 4
    endloop
  endfacet
  facet normal 0.488526 -0.872549 0
    outer loop
      vertex 23.319 34.3365 4
      vertex 23.2163 34.279 0
      vertex 23.319 34.3365 0
    endloop
  endfacet
  facet normal 0.678527 -0.734575 0
    outer loop
      vertex 22.9393 34.0607 0
      vertex 23.0258 34.1406 4
      vertex 22.9393 34.0607 4
    endloop
  endfacet
  facet normal 0.678527 -0.734575 0
    outer loop
      vertex 23.0258 34.1406 4
      vertex 22.9393 34.0607 0
      vertex 23.0258 34.1406 0
    endloop
  endfacet
  facet normal 0.346374 -0.938096 0
    outer loop
      vertex 23.426 34.3858 0
      vertex 23.5365 34.4266 4
      vertex 23.426 34.3858 4
    endloop
  endfacet
  facet normal 0.346374 -0.938096 0
    outer loop
      vertex 23.5365 34.4266 4
      vertex 23.426 34.3858 0
      vertex 23.5365 34.4266 0
    endloop
  endfacet
  facet normal 0.117974 -0.993017 0
    outer loop
      vertex 23.7653 34.4815 0
      vertex 23.8823 34.4954 4
      vertex 23.7653 34.4815 4
    endloop
  endfacet
  facet normal 0.117974 -0.993017 0
    outer loop
      vertex 23.8823 34.4954 4
      vertex 23.7653 34.4815 0
      vertex 23.8823 34.4954 0
    endloop
  endfacet
  facet normal -0.117974 0.993017 0
    outer loop
      vertex 24.2347 31.5185 0
      vertex 24.1177 31.5046 4
      vertex 24.2347 31.5185 4
    endloop
  endfacet
  facet normal -0.117974 0.993017 0
    outer loop
      vertex 24.1177 31.5046 4
      vertex 24.2347 31.5185 0
      vertex 24.1177 31.5046 0
    endloop
  endfacet
  facet normal -0.346374 0.938096 0
    outer loop
      vertex 24.574 31.6142 0
      vertex 24.4635 31.5734 4
      vertex 24.574 31.6142 4
    endloop
  endfacet
  facet normal -0.346374 0.938096 0
    outer loop
      vertex 24.4635 31.5734 4
      vertex 24.574 31.6142 0
      vertex 24.4635 31.5734 0
    endloop
  endfacet
  facet normal -0.678527 0.734575 0
    outer loop
      vertex 25.0607 31.9393 0
      vertex 24.9742 31.8594 4
      vertex 25.0607 31.9393 4
    endloop
  endfacet
  facet normal -0.678527 0.734575 0
    outer loop
      vertex 24.9742 31.8594 4
      vertex 25.0607 31.9393 0
      vertex 24.9742 31.8594 0
    endloop
  endfacet
  facet normal -0.488526 0.872549 0
    outer loop
      vertex 24.7837 31.721 0
      vertex 24.681 31.6635 4
      vertex 24.7837 31.721 4
    endloop
  endfacet
  facet normal -0.488526 0.872549 0
    outer loop
      vertex 24.681 31.6635 4
      vertex 24.7837 31.721 0
      vertex 24.681 31.6635 0
    endloop
  endfacet
  facet normal -0.785404 0.618983 0
    outer loop
      vertex 25.1406 32.0258 0
      vertex 25.2135 32.1183 4
      vertex 25.2135 32.1183 0
    endloop
  endfacet
  facet normal -0.785404 0.618983 0
    outer loop
      vertex 25.2135 32.1183 4
      vertex 25.1406 32.0258 0
      vertex 25.1406 32.0258 4
    endloop
  endfacet
  facet normal -0.872549 0.488526 0
    outer loop
      vertex 25.279 32.2163 0
      vertex 25.3365 32.319 4
      vertex 25.3365 32.319 0
    endloop
  endfacet
  facet normal -0.872549 0.488526 0
    outer loop
      vertex 25.3365 32.319 4
      vertex 25.279 32.2163 0
      vertex 25.279 32.2163 4
    endloop
  endfacet
  facet normal 0.618983 0.785404 -0
    outer loop
      vertex 23.1183 31.7865 0
      vertex 23.0258 31.8594 4
      vertex 23.1183 31.7865 4
    endloop
  endfacet
  facet normal 0.618983 0.785404 0
    outer loop
      vertex 23.0258 31.8594 4
      vertex 23.1183 31.7865 0
      vertex 23.0258 31.8594 0
    endloop
  endfacet
  facet normal 0.346374 0.938096 -0
    outer loop
      vertex 23.5365 31.5734 0
      vertex 23.426 31.6142 4
      vertex 23.5365 31.5734 4
    endloop
  endfacet
  facet normal 0.346374 0.938096 0
    outer loop
      vertex 23.426 31.6142 4
      vertex 23.5365 31.5734 0
      vertex 23.426 31.6142 0
    endloop
  endfacet
  facet normal 0.488526 0.872549 -0
    outer loop
      vertex 23.319 31.6635 0
      vertex 23.2163 31.721 4
      vertex 23.319 31.6635 4
    endloop
  endfacet
  facet normal 0.488526 0.872549 0
    outer loop
      vertex 23.2163 31.721 4
      vertex 23.319 31.6635 0
      vertex 23.2163 31.721 0
    endloop
  endfacet
  facet normal 0.271803 0.962353 -0
    outer loop
      vertex 23.6498 31.5414 0
      vertex 23.5365 31.5734 4
      vertex 23.6498 31.5414 4
    endloop
  endfacet
  facet normal 0.271803 0.962353 0
    outer loop
      vertex 23.5365 31.5734 4
      vertex 23.6498 31.5414 0
      vertex 23.5365 31.5734 0
    endloop
  endfacet
  facet normal 0.117974 0.993017 -0
    outer loop
      vertex 23.8823 31.5046 0
      vertex 23.7653 31.5185 4
      vertex 23.8823 31.5046 4
    endloop
  endfacet
  facet normal 0.117974 0.993017 0
    outer loop
      vertex 23.7653 31.5185 4
      vertex 23.8823 31.5046 0
      vertex 23.7653 31.5185 0
    endloop
  endfacet
  facet normal 0.872549 0.488526 0
    outer loop
      vertex 22.721 32.2163 4
      vertex 22.6635 32.319 0
      vertex 22.6635 32.319 4
    endloop
  endfacet
  facet normal 0.872549 0.488526 0
    outer loop
      vertex 22.6635 32.319 0
      vertex 22.721 32.2163 4
      vertex 22.721 32.2163 0
    endloop
  endfacet
  facet normal 0.734575 0.678527 0
    outer loop
      vertex 22.9393 31.9393 4
      vertex 22.8594 32.0258 0
      vertex 22.8594 32.0258 4
    endloop
  endfacet
  facet normal 0.734575 0.678527 0
    outer loop
      vertex 22.8594 32.0258 0
      vertex 22.9393 31.9393 4
      vertex 22.9393 31.9393 0
    endloop
  endfacet
  facet normal 0.938096 0.346374 0
    outer loop
      vertex 22.6142 32.426 4
      vertex 22.5734 32.5365 0
      vertex 22.5734 32.5365 4
    endloop
  endfacet
  facet normal 0.938096 0.346374 0
    outer loop
      vertex 22.5734 32.5365 0
      vertex 22.6142 32.426 4
      vertex 22.6142 32.426 0
    endloop
  endfacet
  facet normal 0.908232 0.418466 0
    outer loop
      vertex 22.6635 32.319 4
      vertex 22.6142 32.426 0
      vertex 22.6142 32.426 4
    endloop
  endfacet
  facet normal 0.908232 0.418466 0
    outer loop
      vertex 22.6142 32.426 0
      vertex 22.6635 32.319 4
      vertex 22.6635 32.319 0
    endloop
  endfacet
  facet normal 0.993017 0.117974 0
    outer loop
      vertex 22.5185 32.7653 4
      vertex 22.5046 32.8823 0
      vertex 22.5046 32.8823 4
    endloop
  endfacet
  facet normal 0.993017 0.117974 0
    outer loop
      vertex 22.5046 32.8823 0
      vertex 22.5185 32.7653 4
      vertex 22.5185 32.7653 0
    endloop
  endfacet
  facet normal -0.980938 -0.194321 0
    outer loop
      vertex 25.4815 33.2346 0
      vertex 25.4586 33.3502 4
      vertex 25.4586 33.3502 0
    endloop
  endfacet
  facet normal -0.980938 -0.194321 0
    outer loop
      vertex 25.4586 33.3502 4
      vertex 25.4815 33.2346 0
      vertex 25.4815 33.2346 4
    endloop
  endfacet
  facet normal -0.0390526 -0.999237 0
    outer loop
      vertex 24 34.5 0
      vertex 24.1177 34.4954 4
      vertex 24 34.5 4
    endloop
  endfacet
  facet normal -0.0390526 -0.999237 -0
    outer loop
      vertex 24.1177 34.4954 4
      vertex 24 34.5 0
      vertex 24.1177 34.4954 0
    endloop
  endfacet
  facet normal -0.418466 -0.908232 0
    outer loop
      vertex 24.574 34.3858 0
      vertex 24.681 34.3365 4
      vertex 24.574 34.3858 4
    endloop
  endfacet
  facet normal -0.418466 -0.908232 -0
    outer loop
      vertex 24.681 34.3365 4
      vertex 24.574 34.3858 0
      vertex 24.681 34.3365 0
    endloop
  endfacet
  facet normal 0.908232 -0.418466 0
    outer loop
      vertex 22.6142 33.574 4
      vertex 22.6635 33.681 0
      vertex 22.6635 33.681 4
    endloop
  endfacet
  facet normal 0.908232 -0.418466 0
    outer loop
      vertex 22.6635 33.681 0
      vertex 22.6142 33.574 4
      vertex 22.6142 33.574 0
    endloop
  endfacet
  facet normal 0.999237 -0.0390526 0
    outer loop
      vertex 22.5 33 4
      vertex 22.5046 33.1177 0
      vertex 22.5046 33.1177 4
    endloop
  endfacet
  facet normal 0.999237 -0.0390526 0
    outer loop
      vertex 22.5046 33.1177 0
      vertex 22.5 33 4
      vertex 22.5 33 0
    endloop
  endfacet
  facet normal 0.555679 -0.831397 0
    outer loop
      vertex 23.1183 34.2135 0
      vertex 23.2163 34.279 4
      vertex 23.1183 34.2135 4
    endloop
  endfacet
  facet normal 0.555679 -0.831397 0
    outer loop
      vertex 23.2163 34.279 4
      vertex 23.1183 34.2135 0
      vertex 23.2163 34.279 0
    endloop
  endfacet
  facet normal 0.194483 -0.980906 0
    outer loop
      vertex 23.6498 34.4586 0
      vertex 23.7653 34.4815 4
      vertex 23.6498 34.4586 4
    endloop
  endfacet
  facet normal 0.194483 -0.980906 0
    outer loop
      vertex 23.7653 34.4815 4
      vertex 23.6498 34.4586 0
      vertex 23.7653 34.4815 0
    endloop
  endfacet
  facet normal -0.999237 0.0390526 0
    outer loop
      vertex 25.4954 32.8823 0
      vertex 25.5 33 4
      vertex 25.5 33 0
    endloop
  endfacet
  facet normal -0.999237 0.0390526 0
    outer loop
      vertex 25.5 33 4
      vertex 25.4954 32.8823 0
      vertex 25.4954 32.8823 4
    endloop
  endfacet
  facet normal -0.194483 0.980906 0
    outer loop
      vertex 24.3502 31.5414 0
      vertex 24.2347 31.5185 4
      vertex 24.3502 31.5414 4
    endloop
  endfacet
  facet normal -0.194483 0.980906 0
    outer loop
      vertex 24.2347 31.5185 4
      vertex 24.3502 31.5414 0
      vertex 24.2347 31.5185 0
    endloop
  endfacet
  facet normal -0.418466 0.908232 0
    outer loop
      vertex 24.681 31.6635 0
      vertex 24.574 31.6142 4
      vertex 24.681 31.6635 4
    endloop
  endfacet
  facet normal -0.418466 0.908232 0
    outer loop
      vertex 24.574 31.6142 4
      vertex 24.681 31.6635 0
      vertex 24.574 31.6142 0
    endloop
  endfacet
  facet normal -0.734575 0.678527 0
    outer loop
      vertex 25.0607 31.9393 0
      vertex 25.1406 32.0258 4
      vertex 25.1406 32.0258 0
    endloop
  endfacet
  facet normal -0.734575 0.678527 0
    outer loop
      vertex 25.1406 32.0258 4
      vertex 25.0607 31.9393 0
      vertex 25.0607 31.9393 4
    endloop
  endfacet
  facet normal -0.555679 0.831397 0
    outer loop
      vertex 24.8817 31.7865 0
      vertex 24.7837 31.721 4
      vertex 24.8817 31.7865 4
    endloop
  endfacet
  facet normal -0.555679 0.831397 0
    outer loop
      vertex 24.7837 31.721 4
      vertex 24.8817 31.7865 0
      vertex 24.7837 31.721 0
    endloop
  endfacet
  facet normal -0.618983 0.785404 0
    outer loop
      vertex 24.9742 31.8594 0
      vertex 24.8817 31.7865 4
      vertex 24.9742 31.8594 4
    endloop
  endfacet
  facet normal -0.618983 0.785404 0
    outer loop
      vertex 24.8817 31.7865 4
      vertex 24.9742 31.8594 0
      vertex 24.8817 31.7865 0
    endloop
  endfacet
  facet normal -0.831397 0.555679 0
    outer loop
      vertex 25.2135 32.1183 0
      vertex 25.279 32.2163 4
      vertex 25.279 32.2163 0
    endloop
  endfacet
  facet normal -0.831397 0.555679 0
    outer loop
      vertex 25.279 32.2163 4
      vertex 25.2135 32.1183 0
      vertex 25.2135 32.1183 4
    endloop
  endfacet
  facet normal -0.908232 0.418466 0
    outer loop
      vertex 25.3365 32.319 0
      vertex 25.3858 32.426 4
      vertex 25.3858 32.426 0
    endloop
  endfacet
  facet normal -0.908232 0.418466 0
    outer loop
      vertex 25.3858 32.426 4
      vertex 25.3365 32.319 0
      vertex 25.3365 32.319 4
    endloop
  endfacet
  facet normal -0.980906 0.194483 0
    outer loop
      vertex 25.4586 32.6498 0
      vertex 25.4815 32.7653 4
      vertex 25.4815 32.7653 0
    endloop
  endfacet
  facet normal -0.980906 0.194483 0
    outer loop
      vertex 25.4815 32.7653 4
      vertex 25.4586 32.6498 0
      vertex 25.4586 32.6498 4
    endloop
  endfacet
  facet normal -0.962353 0.271803 0
    outer loop
      vertex 25.4266 32.5365 0
      vertex 25.4586 32.6498 4
      vertex 25.4586 32.6498 0
    endloop
  endfacet
  facet normal -0.962353 0.271803 0
    outer loop
      vertex 25.4586 32.6498 4
      vertex 25.4266 32.5365 0
      vertex 25.4266 32.5365 4
    endloop
  endfacet
  facet normal -0.993017 0.117974 0
    outer loop
      vertex 25.4815 32.7653 0
      vertex 25.4954 32.8823 4
      vertex 25.4954 32.8823 0
    endloop
  endfacet
  facet normal -0.993017 0.117974 0
    outer loop
      vertex 25.4954 32.8823 4
      vertex 25.4815 32.7653 0
      vertex 25.4815 32.7653 4
    endloop
  endfacet
  facet normal 0.555679 0.831397 -0
    outer loop
      vertex 23.2163 31.721 0
      vertex 23.1183 31.7865 4
      vertex 23.2163 31.721 4
    endloop
  endfacet
  facet normal 0.555679 0.831397 0
    outer loop
      vertex 23.1183 31.7865 4
      vertex 23.2163 31.721 0
      vertex 23.1183 31.7865 0
    endloop
  endfacet
  facet normal 0.418466 0.908232 -0
    outer loop
      vertex 23.426 31.6142 0
      vertex 23.319 31.6635 4
      vertex 23.426 31.6142 4
    endloop
  endfacet
  facet normal 0.418466 0.908232 0
    outer loop
      vertex 23.319 31.6635 4
      vertex 23.426 31.6142 0
      vertex 23.319 31.6635 0
    endloop
  endfacet
  facet normal 0.194483 0.980906 -0
    outer loop
      vertex 23.7653 31.5185 0
      vertex 23.6498 31.5414 4
      vertex 23.7653 31.5185 4
    endloop
  endfacet
  facet normal 0.194483 0.980906 0
    outer loop
      vertex 23.6498 31.5414 4
      vertex 23.7653 31.5185 0
      vertex 23.6498 31.5414 0
    endloop
  endfacet
  facet normal 0.0390526 0.999237 -0
    outer loop
      vertex 24 31.5 0
      vertex 23.8823 31.5046 4
      vertex 24 31.5 4
    endloop
  endfacet
  facet normal 0.0390526 0.999237 0
    outer loop
      vertex 23.8823 31.5046 4
      vertex 24 31.5 0
      vertex 23.8823 31.5046 0
    endloop
  endfacet
  facet normal 0.831397 0.555679 0
    outer loop
      vertex 22.7865 32.1183 4
      vertex 22.721 32.2163 0
      vertex 22.721 32.2163 4
    endloop
  endfacet
  facet normal 0.831397 0.555679 0
    outer loop
      vertex 22.721 32.2163 0
      vertex 22.7865 32.1183 4
      vertex 22.7865 32.1183 0
    endloop
  endfacet
  facet normal -0.831397 -0.555679 0
    outer loop
      vertex 25.279 33.7837 0
      vertex 25.2135 33.8817 4
      vertex 25.2135 33.8817 0
    endloop
  endfacet
  facet normal -0.831397 -0.555679 0
    outer loop
      vertex 25.2135 33.8817 4
      vertex 25.279 33.7837 0
      vertex 25.279 33.7837 4
    endloop
  endfacet
  facet normal -0.117974 -0.993017 0
    outer loop
      vertex 24.1177 34.4954 0
      vertex 24.2347 34.4815 4
      vertex 24.1177 34.4954 4
    endloop
  endfacet
  facet normal -0.117974 -0.993017 -0
    outer loop
      vertex 24.2347 34.4815 4
      vertex 24.1177 34.4954 0
      vertex 24.2347 34.4815 0
    endloop
  endfacet
  facet normal -0.271803 0.962353 0
    outer loop
      vertex 24.4635 31.5734 0
      vertex 24.3502 31.5414 4
      vertex 24.4635 31.5734 4
    endloop
  endfacet
  facet normal -0.271803 0.962353 0
    outer loop
      vertex 24.3502 31.5414 4
      vertex 24.4635 31.5734 0
      vertex 24.3502 31.5414 0
    endloop
  endfacet
  facet normal 0.785404 0.618983 0
    outer loop
      vertex 22.8594 32.0258 4
      vertex 22.7865 32.1183 0
      vertex 22.7865 32.1183 4
    endloop
  endfacet
  facet normal 0.785404 0.618983 0
    outer loop
      vertex 22.7865 32.1183 0
      vertex 22.8594 32.0258 4
      vertex 22.8594 32.0258 0
    endloop
  endfacet
  facet normal 0.962353 0.271803 0
    outer loop
      vertex 22.5734 32.5365 4
      vertex 22.5414 32.6498 0
      vertex 22.5414 32.6498 4
    endloop
  endfacet
  facet normal 0.962353 0.271803 0
    outer loop
      vertex 22.5414 32.6498 0
      vertex 22.5734 32.5365 4
      vertex 22.5734 32.5365 0
    endloop
  endfacet
  facet normal -0.999237 -0.0390526 0
    outer loop
      vertex 25.5 77 0
      vertex 25.4954 77.1177 4
      vertex 25.4954 77.1177 0
    endloop
  endfacet
  facet normal -0.999237 -0.0390526 0
    outer loop
      vertex 25.4954 77.1177 4
      vertex 25.5 77 0
      vertex 25.5 77 4
    endloop
  endfacet
  facet normal 0.999237 0.0390526 0
    outer loop
      vertex 22.5046 76.8823 4
      vertex 22.5 77 0
      vertex 22.5 77 4
    endloop
  endfacet
  facet normal 0.999237 0.0390526 0
    outer loop
      vertex 22.5 77 0
      vertex 22.5046 76.8823 4
      vertex 22.5046 76.8823 0
    endloop
  endfacet
  facet normal 0.0390526 -0.999237 0
    outer loop
      vertex 23.8823 78.4954 0
      vertex 24 78.5 4
      vertex 23.8823 78.4954 4
    endloop
  endfacet
  facet normal 0.0390526 -0.999237 0
    outer loop
      vertex 24 78.5 4
      vertex 23.8823 78.4954 0
      vertex 24 78.5 0
    endloop
  endfacet
  facet normal -0.678527 -0.734575 0
    outer loop
      vertex 24.9742 78.1406 0
      vertex 25.0607 78.0607 4
      vertex 24.9742 78.1406 4
    endloop
  endfacet
  facet normal -0.678527 -0.734575 -0
    outer loop
      vertex 25.0607 78.0607 4
      vertex 24.9742 78.1406 0
      vertex 25.0607 78.0607 0
    endloop
  endfacet
  facet normal 0.734575 -0.678527 0
    outer loop
      vertex 22.8594 77.9742 4
      vertex 22.9393 78.0607 0
      vertex 22.9393 78.0607 4
    endloop
  endfacet
  facet normal 0.734575 -0.678527 0
    outer loop
      vertex 22.9393 78.0607 0
      vertex 22.8594 77.9742 4
      vertex 22.8594 77.9742 0
    endloop
  endfacet
  facet normal 0.418466 -0.908232 0
    outer loop
      vertex 23.319 78.3365 0
      vertex 23.426 78.3858 4
      vertex 23.319 78.3365 4
    endloop
  endfacet
  facet normal 0.418466 -0.908232 0
    outer loop
      vertex 23.426 78.3858 4
      vertex 23.319 78.3365 0
      vertex 23.426 78.3858 0
    endloop
  endfacet
  facet normal -0.908232 -0.418466 0
    outer loop
      vertex 25.3858 77.574 0
      vertex 25.3365 77.681 4
      vertex 25.3365 77.681 0
    endloop
  endfacet
  facet normal -0.908232 -0.418466 0
    outer loop
      vertex 25.3365 77.681 4
      vertex 25.3858 77.574 0
      vertex 25.3858 77.574 4
    endloop
  endfacet
  facet normal -0.346374 -0.938096 0
    outer loop
      vertex 24.4635 78.4266 0
      vertex 24.574 78.3858 4
      vertex 24.4635 78.4266 4
    endloop
  endfacet
  facet normal -0.346374 -0.938096 -0
    outer loop
      vertex 24.574 78.3858 4
      vertex 24.4635 78.4266 0
      vertex 24.574 78.3858 0
    endloop
  endfacet
  facet normal -0.555679 -0.831397 0
    outer loop
      vertex 24.7837 78.279 0
      vertex 24.8817 78.2135 4
      vertex 24.7837 78.279 4
    endloop
  endfacet
  facet normal -0.555679 -0.831397 -0
    outer loop
      vertex 24.8817 78.2135 4
      vertex 24.7837 78.279 0
      vertex 24.8817 78.2135 0
    endloop
  endfacet
  facet normal 0.938096 -0.346374 0
    outer loop
      vertex 22.5734 77.4635 4
      vertex 22.6142 77.574 0
      vertex 22.6142 77.574 4
    endloop
  endfacet
  facet normal 0.938096 -0.346374 0
    outer loop
      vertex 22.6142 77.574 0
      vertex 22.5734 77.4635 4
      vertex 22.5734 77.4635 0
    endloop
  endfacet
  facet normal 0.271803 -0.962353 0
    outer loop
      vertex 23.5365 78.4266 0
      vertex 23.6498 78.4586 4
      vertex 23.5365 78.4266 4
    endloop
  endfacet
  facet normal 0.271803 -0.962353 0
    outer loop
      vertex 23.6498 78.4586 4
      vertex 23.5365 78.4266 0
      vertex 23.6498 78.4586 0
    endloop
  endfacet
  facet normal -0.962353 0.271803 0
    outer loop
      vertex 25.4266 76.5365 0
      vertex 25.4586 76.6498 4
      vertex 25.4586 76.6498 0
    endloop
  endfacet
  facet normal -0.962353 0.271803 0
    outer loop
      vertex 25.4586 76.6498 4
      vertex 25.4266 76.5365 0
      vertex 25.4266 76.5365 4
    endloop
  endfacet
  facet normal 0.678527 0.734575 -0
    outer loop
      vertex 23.0258 75.8594 0
      vertex 22.9393 75.9393 4
      vertex 23.0258 75.8594 4
    endloop
  endfacet
  facet normal 0.678527 0.734575 0
    outer loop
      vertex 22.9393 75.9393 4
      vertex 23.0258 75.8594 0
      vertex 22.9393 75.9393 0
    endloop
  endfacet
  facet normal 0.980938 0.194321 0
    outer loop
      vertex 22.5414 76.6498 4
      vertex 22.5185 76.7654 0
      vertex 22.5185 76.7654 4
    endloop
  endfacet
  facet normal 0.980938 0.194321 0
    outer loop
      vertex 22.5185 76.7654 0
      vertex 22.5414 76.6498 4
      vertex 22.5414 76.6498 0
    endloop
  endfacet
  facet normal -0.980938 -0.194321 0
    outer loop
      vertex 25.4815 77.2346 0
      vertex 25.4586 77.3502 4
      vertex 25.4586 77.3502 0
    endloop
  endfacet
  facet normal -0.980938 -0.194321 0
    outer loop
      vertex 25.4586 77.3502 4
      vertex 25.4815 77.2346 0
      vertex 25.4815 77.2346 4
    endloop
  endfacet
  facet normal -0.993005 -0.118073 0
    outer loop
      vertex 25.4954 77.1177 0
      vertex 25.4815 77.2346 4
      vertex 25.4815 77.2346 0
    endloop
  endfacet
  facet normal -0.993005 -0.118073 0
    outer loop
      vertex 25.4815 77.2346 4
      vertex 25.4954 77.1177 0
      vertex 25.4954 77.1177 4
    endloop
  endfacet
  facet normal -0.938096 -0.346374 0
    outer loop
      vertex 25.4266 77.4635 0
      vertex 25.3858 77.574 4
      vertex 25.3858 77.574 0
    endloop
  endfacet
  facet normal -0.938096 -0.346374 0
    outer loop
      vertex 25.3858 77.574 4
      vertex 25.4266 77.4635 0
      vertex 25.4266 77.4635 4
    endloop
  endfacet
  facet normal -0.785404 -0.618983 0
    outer loop
      vertex 25.2135 77.8817 0
      vertex 25.1406 77.9742 4
      vertex 25.1406 77.9742 0
    endloop
  endfacet
  facet normal -0.785404 -0.618983 0
    outer loop
      vertex 25.1406 77.9742 4
      vertex 25.2135 77.8817 0
      vertex 25.2135 77.8817 4
    endloop
  endfacet
  facet normal -0.734575 -0.678527 0
    outer loop
      vertex 25.1406 77.9742 0
      vertex 25.0607 78.0607 4
      vertex 25.0607 78.0607 0
    endloop
  endfacet
  facet normal -0.734575 -0.678527 0
    outer loop
      vertex 25.0607 78.0607 4
      vertex 25.1406 77.9742 0
      vertex 25.1406 77.9742 4
    endloop
  endfacet
  facet normal -0.872549 -0.488526 0
    outer loop
      vertex 25.3365 77.681 0
      vertex 25.279 77.7837 4
      vertex 25.279 77.7837 0
    endloop
  endfacet
  facet normal -0.872549 -0.488526 0
    outer loop
      vertex 25.279 77.7837 4
      vertex 25.3365 77.681 0
      vertex 25.3365 77.681 4
    endloop
  endfacet
  facet normal -0.194483 -0.980906 0
    outer loop
      vertex 24.2347 78.4815 0
      vertex 24.3502 78.4586 4
      vertex 24.2347 78.4815 4
    endloop
  endfacet
  facet normal -0.194483 -0.980906 -0
    outer loop
      vertex 24.3502 78.4586 4
      vertex 24.2347 78.4815 0
      vertex 24.3502 78.4586 0
    endloop
  endfacet
  facet normal -0.271803 -0.962353 0
    outer loop
      vertex 24.3502 78.4586 0
      vertex 24.4635 78.4266 4
      vertex 24.3502 78.4586 4
    endloop
  endfacet
  facet normal -0.271803 -0.962353 -0
    outer loop
      vertex 24.4635 78.4266 4
      vertex 24.3502 78.4586 0
      vertex 24.4635 78.4266 0
    endloop
  endfacet
  facet normal -0.488526 -0.872549 0
    outer loop
      vertex 24.681 78.3365 0
      vertex 24.7837 78.279 4
      vertex 24.681 78.3365 4
    endloop
  endfacet
  facet normal -0.488526 -0.872549 -0
    outer loop
      vertex 24.7837 78.279 4
      vertex 24.681 78.3365 0
      vertex 24.7837 78.279 0
    endloop
  endfacet
  facet normal -0.618983 -0.785404 0
    outer loop
      vertex 24.8817 78.2135 0
      vertex 24.9742 78.1406 4
      vertex 24.8817 78.2135 4
    endloop
  endfacet
  facet normal -0.618983 -0.785404 -0
    outer loop
      vertex 24.9742 78.1406 4
      vertex 24.8817 78.2135 0
      vertex 24.9742 78.1406 0
    endloop
  endfacet
  facet normal 0.980938 -0.194321 0
    outer loop
      vertex 22.5185 77.2346 4
      vertex 22.5414 77.3502 0
      vertex 22.5414 77.3502 4
    endloop
  endfacet
  facet normal 0.980938 -0.194321 0
    outer loop
      vertex 22.5414 77.3502 0
      vertex 22.5185 77.2346 4
      vertex 22.5185 77.2346 0
    endloop
  endfacet
  facet normal 0.831397 -0.555679 0
    outer loop
      vertex 22.721 77.7837 4
      vertex 22.7865 77.8817 0
      vertex 22.7865 77.8817 4
    endloop
  endfacet
  facet normal 0.831397 -0.555679 0
    outer loop
      vertex 22.7865 77.8817 0
      vertex 22.721 77.7837 4
      vertex 22.721 77.7837 0
    endloop
  endfacet
  facet normal 0.785404 -0.618983 0
    outer loop
      vertex 22.7865 77.8817 4
      vertex 22.8594 77.9742 0
      vertex 22.8594 77.9742 4
    endloop
  endfacet
  facet normal 0.785404 -0.618983 0
    outer loop
      vertex 22.8594 77.9742 0
      vertex 22.7865 77.8817 4
      vertex 22.7865 77.8817 0
    endloop
  endfacet
  facet normal 0.872549 -0.488526 0
    outer loop
      vertex 22.6635 77.681 4
      vertex 22.721 77.7837 0
      vertex 22.721 77.7837 4
    endloop
  endfacet
  facet normal 0.872549 -0.488526 0
    outer loop
      vertex 22.721 77.7837 0
      vertex 22.6635 77.681 4
      vertex 22.6635 77.681 0
    endloop
  endfacet
  facet normal 0.962353 -0.271803 0
    outer loop
      vertex 22.5414 77.3502 4
      vertex 22.5734 77.4635 0
      vertex 22.5734 77.4635 4
    endloop
  endfacet
  facet normal 0.962353 -0.271803 0
    outer loop
      vertex 22.5734 77.4635 0
      vertex 22.5414 77.3502 4
      vertex 22.5414 77.3502 0
    endloop
  endfacet
  facet normal 0.993005 -0.118073 0
    outer loop
      vertex 22.5046 77.1177 4
      vertex 22.5185 77.2346 0
      vertex 22.5185 77.2346 4
    endloop
  endfacet
  facet normal 0.993005 -0.118073 0
    outer loop
      vertex 22.5185 77.2346 0
      vertex 22.5046 77.1177 4
      vertex 22.5046 77.1177 0
    endloop
  endfacet
  facet normal 0.555679 -0.831397 0
    outer loop
      vertex 23.1183 78.2135 0
      vertex 23.2163 78.279 4
      vertex 23.1183 78.2135 4
    endloop
  endfacet
  facet normal 0.555679 -0.831397 0
    outer loop
      vertex 23.2163 78.279 4
      vertex 23.1183 78.2135 0
      vertex 23.2163 78.279 0
    endloop
  endfacet
  facet normal 0.488526 -0.872549 0
    outer loop
      vertex 23.2163 78.279 0
      vertex 23.319 78.3365 4
      vertex 23.2163 78.279 4
    endloop
  endfacet
  facet normal 0.488526 -0.872549 0
    outer loop
      vertex 23.319 78.3365 4
      vertex 23.2163 78.279 0
      vertex 23.319 78.3365 0
    endloop
  endfacet
  facet normal 0.678527 -0.734575 0
    outer loop
      vertex 22.9393 78.0607 0
      vertex 23.0258 78.1406 4
      vertex 22.9393 78.0607 4
    endloop
  endfacet
  facet normal 0.678527 -0.734575 0
    outer loop
      vertex 23.0258 78.1406 4
      vertex 22.9393 78.0607 0
      vertex 23.0258 78.1406 0
    endloop
  endfacet
  facet normal 0.346374 -0.938096 0
    outer loop
      vertex 23.426 78.3858 0
      vertex 23.5365 78.4266 4
      vertex 23.426 78.3858 4
    endloop
  endfacet
  facet normal 0.346374 -0.938096 0
    outer loop
      vertex 23.5365 78.4266 4
      vertex 23.426 78.3858 0
      vertex 23.5365 78.4266 0
    endloop
  endfacet
  facet normal 0.117974 -0.993017 0
    outer loop
      vertex 23.7653 78.4815 0
      vertex 23.8823 78.4954 4
      vertex 23.7653 78.4815 4
    endloop
  endfacet
  facet normal 0.117974 -0.993017 0
    outer loop
      vertex 23.8823 78.4954 4
      vertex 23.7653 78.4815 0
      vertex 23.8823 78.4954 0
    endloop
  endfacet
  facet normal -0.194483 0.980906 0
    outer loop
      vertex 24.3502 75.5414 0
      vertex 24.2347 75.5185 4
      vertex 24.3502 75.5414 4
    endloop
  endfacet
  facet normal -0.194483 0.980906 0
    outer loop
      vertex 24.2347 75.5185 4
      vertex 24.3502 75.5414 0
      vertex 24.2347 75.5185 0
    endloop
  endfacet
  facet normal -0.117974 0.993017 0
    outer loop
      vertex 24.2347 75.5185 0
      vertex 24.1177 75.5046 4
      vertex 24.2347 75.5185 4
    endloop
  endfacet
  facet normal -0.117974 0.993017 0
    outer loop
      vertex 24.1177 75.5046 4
      vertex 24.2347 75.5185 0
      vertex 24.1177 75.5046 0
    endloop
  endfacet
  facet normal -0.346374 0.938096 0
    outer loop
      vertex 24.574 75.6142 0
      vertex 24.4635 75.5734 4
      vertex 24.574 75.6142 4
    endloop
  endfacet
  facet normal -0.346374 0.938096 0
    outer loop
      vertex 24.4635 75.5734 4
      vertex 24.574 75.6142 0
      vertex 24.4635 75.5734 0
    endloop
  endfacet
  facet normal -0.678527 0.734575 0
    outer loop
      vertex 25.0607 75.9393 0
      vertex 24.9742 75.8594 4
      vertex 25.0607 75.9393 4
    endloop
  endfacet
  facet normal -0.678527 0.734575 0
    outer loop
      vertex 24.9742 75.8594 4
      vertex 25.0607 75.9393 0
      vertex 24.9742 75.8594 0
    endloop
  endfacet
  facet normal -0.618983 0.785404 0
    outer loop
      vertex 24.9742 75.8594 0
      vertex 24.8817 75.7865 4
      vertex 24.9742 75.8594 4
    endloop
  endfacet
  facet normal -0.618983 0.785404 0
    outer loop
      vertex 24.8817 75.7865 4
      vertex 24.9742 75.8594 0
      vertex 24.8817 75.7865 0
    endloop
  endfacet
  facet normal -0.488526 0.872549 0
    outer loop
      vertex 24.7837 75.721 0
      vertex 24.681 75.6635 4
      vertex 24.7837 75.721 4
    endloop
  endfacet
  facet normal -0.488526 0.872549 0
    outer loop
      vertex 24.681 75.6635 4
      vertex 24.7837 75.721 0
      vertex 24.681 75.6635 0
    endloop
  endfacet
  facet normal -0.785404 0.618983 0
    outer loop
      vertex 25.1406 76.0258 0
      vertex 25.2135 76.1183 4
      vertex 25.2135 76.1183 0
    endloop
  endfacet
  facet normal -0.785404 0.618983 0
    outer loop
      vertex 25.2135 76.1183 4
      vertex 25.1406 76.0258 0
      vertex 25.1406 76.0258 4
    endloop
  endfacet
  facet normal -0.938096 0.346374 0
    outer loop
      vertex 25.3858 76.426 0
      vertex 25.4266 76.5365 4
      vertex 25.4266 76.5365 0
    endloop
  endfacet
  facet normal -0.938096 0.346374 0
    outer loop
      vertex 25.4266 76.5365 4
      vertex 25.3858 76.426 0
      vertex 25.3858 76.426 4
    endloop
  endfacet
  facet normal -0.872752 0.488164 0
    outer loop
      vertex 25.279 76.2162 0
      vertex 25.3365 76.319 4
      vertex 25.3365 76.319 0
    endloop
  endfacet
  facet normal -0.872752 0.488164 0
    outer loop
      vertex 25.3365 76.319 4
      vertex 25.279 76.2162 0
      vertex 25.279 76.2162 4
    endloop
  endfacet
  facet normal 0.618983 0.785404 -0
    outer loop
      vertex 23.1183 75.7865 0
      vertex 23.0258 75.8594 4
      vertex 23.1183 75.7865 4
    endloop
  endfacet
  facet normal 0.618983 0.785404 0
    outer loop
      vertex 23.0258 75.8594 4
      vertex 23.1183 75.7865 0
      vertex 23.0258 75.8594 0
    endloop
  endfacet
  facet normal 0.346374 0.938096 -0
    outer loop
      vertex 23.5365 75.5734 0
      vertex 23.426 75.6142 4
      vertex 23.5365 75.5734 4
    endloop
  endfacet
  facet normal 0.346374 0.938096 0
    outer loop
      vertex 23.426 75.6142 4
      vertex 23.5365 75.5734 0
      vertex 23.426 75.6142 0
    endloop
  endfacet
  facet normal 0.488526 0.872549 -0
    outer loop
      vertex 23.319 75.6635 0
      vertex 23.2163 75.721 4
      vertex 23.319 75.6635 4
    endloop
  endfacet
  facet normal 0.488526 0.872549 0
    outer loop
      vertex 23.2163 75.721 4
      vertex 23.319 75.6635 0
      vertex 23.2163 75.721 0
    endloop
  endfacet
  facet normal 0.271803 0.962353 -0
    outer loop
      vertex 23.6498 75.5414 0
      vertex 23.5365 75.5734 4
      vertex 23.6498 75.5414 4
    endloop
  endfacet
  facet normal 0.271803 0.962353 0
    outer loop
      vertex 23.5365 75.5734 4
      vertex 23.6498 75.5414 0
      vertex 23.5365 75.5734 0
    endloop
  endfacet
  facet normal 0.117974 0.993017 -0
    outer loop
      vertex 23.8823 75.5046 0
      vertex 23.7653 75.5185 4
      vertex 23.8823 75.5046 4
    endloop
  endfacet
  facet normal 0.117974 0.993017 0
    outer loop
      vertex 23.7653 75.5185 4
      vertex 23.8823 75.5046 0
      vertex 23.7653 75.5185 0
    endloop
  endfacet
  facet normal 0.785404 0.618983 0
    outer loop
      vertex 22.8594 76.0258 4
      vertex 22.7865 76.1183 0
      vertex 22.7865 76.1183 4
    endloop
  endfacet
  facet normal 0.785404 0.618983 0
    outer loop
      vertex 22.7865 76.1183 0
      vertex 22.8594 76.0258 4
      vertex 22.8594 76.0258 0
    endloop
  endfacet
  facet normal 0.872752 0.488164 0
    outer loop
      vertex 22.721 76.2162 4
      vertex 22.6635 76.319 0
      vertex 22.6635 76.319 4
    endloop
  endfacet
  facet normal 0.872752 0.488164 0
    outer loop
      vertex 22.6635 76.319 0
      vertex 22.721 76.2162 4
      vertex 22.721 76.2162 0
    endloop
  endfacet
  facet normal 0.734575 0.678527 0
    outer loop
      vertex 22.9393 75.9393 4
      vertex 22.8594 76.0258 0
      vertex 22.8594 76.0258 4
    endloop
  endfacet
  facet normal 0.734575 0.678527 0
    outer loop
      vertex 22.8594 76.0258 0
      vertex 22.9393 75.9393 4
      vertex 22.9393 75.9393 0
    endloop
  endfacet
  facet normal 0.938096 0.346374 0
    outer loop
      vertex 22.6142 76.426 4
      vertex 22.5734 76.5365 0
      vertex 22.5734 76.5365 4
    endloop
  endfacet
  facet normal 0.938096 0.346374 0
    outer loop
      vertex 22.5734 76.5365 0
      vertex 22.6142 76.426 4
      vertex 22.6142 76.426 0
    endloop
  endfacet
  facet normal 0.908232 0.418466 0
    outer loop
      vertex 22.6635 76.319 4
      vertex 22.6142 76.426 0
      vertex 22.6142 76.426 4
    endloop
  endfacet
  facet normal 0.908232 0.418466 0
    outer loop
      vertex 22.6142 76.426 0
      vertex 22.6635 76.319 4
      vertex 22.6635 76.319 0
    endloop
  endfacet
  facet normal 0.993005 0.118073 0
    outer loop
      vertex 22.5185 76.7654 4
      vertex 22.5046 76.8823 0
      vertex 22.5046 76.8823 4
    endloop
  endfacet
  facet normal 0.993005 0.118073 0
    outer loop
      vertex 22.5046 76.8823 0
      vertex 22.5185 76.7654 4
      vertex 22.5185 76.7654 0
    endloop
  endfacet
  facet normal -0.962353 -0.271803 0
    outer loop
      vertex 25.4586 77.3502 0
      vertex 25.4266 77.4635 4
      vertex 25.4266 77.4635 0
    endloop
  endfacet
  facet normal -0.962353 -0.271803 0
    outer loop
      vertex 25.4266 77.4635 4
      vertex 25.4586 77.3502 0
      vertex 25.4586 77.3502 4
    endloop
  endfacet
  facet normal -0.117974 -0.993017 0
    outer loop
      vertex 24.1177 78.4954 0
      vertex 24.2347 78.4815 4
      vertex 24.1177 78.4954 4
    endloop
  endfacet
  facet normal -0.117974 -0.993017 -0
    outer loop
      vertex 24.2347 78.4815 4
      vertex 24.1177 78.4954 0
      vertex 24.2347 78.4815 0
    endloop
  endfacet
  facet normal -0.0390526 -0.999237 0
    outer loop
      vertex 24 78.5 0
      vertex 24.1177 78.4954 4
      vertex 24 78.5 4
    endloop
  endfacet
  facet normal -0.0390526 -0.999237 -0
    outer loop
      vertex 24.1177 78.4954 4
      vertex 24 78.5 0
      vertex 24.1177 78.4954 0
    endloop
  endfacet
  facet normal 0.908232 -0.418466 0
    outer loop
      vertex 22.6142 77.574 4
      vertex 22.6635 77.681 0
      vertex 22.6635 77.681 4
    endloop
  endfacet
  facet normal 0.908232 -0.418466 0
    outer loop
      vertex 22.6635 77.681 0
      vertex 22.6142 77.574 4
      vertex 22.6142 77.574 0
    endloop
  endfacet
  facet normal 0.999237 -0.0390526 0
    outer loop
      vertex 22.5 77 4
      vertex 22.5046 77.1177 0
      vertex 22.5046 77.1177 4
    endloop
  endfacet
  facet normal 0.999237 -0.0390526 0
    outer loop
      vertex 22.5046 77.1177 0
      vertex 22.5 77 4
      vertex 22.5 77 0
    endloop
  endfacet
  facet normal 0.618983 -0.785404 0
    outer loop
      vertex 23.0258 78.1406 0
      vertex 23.1183 78.2135 4
      vertex 23.0258 78.1406 4
    endloop
  endfacet
  facet normal 0.618983 -0.785404 0
    outer loop
      vertex 23.1183 78.2135 4
      vertex 23.0258 78.1406 0
      vertex 23.1183 78.2135 0
    endloop
  endfacet
  facet normal -0.418466 0.908232 0
    outer loop
      vertex 24.681 75.6635 0
      vertex 24.574 75.6142 4
      vertex 24.681 75.6635 4
    endloop
  endfacet
  facet normal -0.418466 0.908232 0
    outer loop
      vertex 24.574 75.6142 4
      vertex 24.681 75.6635 0
      vertex 24.574 75.6142 0
    endloop
  endfacet
  facet normal -0.734575 0.678527 0
    outer loop
      vertex 25.0607 75.9393 0
      vertex 25.1406 76.0258 4
      vertex 25.1406 76.0258 0
    endloop
  endfacet
  facet normal -0.734575 0.678527 0
    outer loop
      vertex 25.1406 76.0258 4
      vertex 25.0607 75.9393 0
      vertex 25.0607 75.9393 4
    endloop
  endfacet
  facet normal -0.555679 0.831397 0
    outer loop
      vertex 24.8817 75.7865 0
      vertex 24.7837 75.721 4
      vertex 24.8817 75.7865 4
    endloop
  endfacet
  facet normal -0.555679 0.831397 0
    outer loop
      vertex 24.7837 75.721 4
      vertex 24.8817 75.7865 0
      vertex 24.7837 75.721 0
    endloop
  endfacet
  facet normal -0.831135 0.556071 0
    outer loop
      vertex 25.2135 76.1183 0
      vertex 25.279 76.2162 4
      vertex 25.279 76.2162 0
    endloop
  endfacet
  facet normal -0.831135 0.556071 0
    outer loop
      vertex 25.279 76.2162 4
      vertex 25.2135 76.1183 0
      vertex 25.2135 76.1183 4
    endloop
  endfacet
  facet normal -0.908232 0.418466 0
    outer loop
      vertex 25.3365 76.319 0
      vertex 25.3858 76.426 4
      vertex 25.3858 76.426 0
    endloop
  endfacet
  facet normal -0.908232 0.418466 0
    outer loop
      vertex 25.3858 76.426 4
      vertex 25.3365 76.319 0
      vertex 25.3365 76.319 4
    endloop
  endfacet
  facet normal -0.980938 0.194321 0
    outer loop
      vertex 25.4586 76.6498 0
      vertex 25.4815 76.7654 4
      vertex 25.4815 76.7654 0
    endloop
  endfacet
  facet normal -0.980938 0.194321 0
    outer loop
      vertex 25.4815 76.7654 4
      vertex 25.4586 76.6498 0
      vertex 25.4586 76.6498 4
    endloop
  endfacet
  facet normal -0.993005 0.118073 0
    outer loop
      vertex 25.4815 76.7654 0
      vertex 25.4954 76.8823 4
      vertex 25.4954 76.8823 0
    endloop
  endfacet
  facet normal -0.993005 0.118073 0
    outer loop
      vertex 25.4954 76.8823 4
      vertex 25.4815 76.7654 0
      vertex 25.4815 76.7654 4
    endloop
  endfacet
  facet normal 0.555679 0.831397 -0
    outer loop
      vertex 23.2163 75.721 0
      vertex 23.1183 75.7865 4
      vertex 23.2163 75.721 4
    endloop
  endfacet
  facet normal 0.555679 0.831397 0
    outer loop
      vertex 23.1183 75.7865 4
      vertex 23.2163 75.721 0
      vertex 23.1183 75.7865 0
    endloop
  endfacet
  facet normal 0.418466 0.908232 -0
    outer loop
      vertex 23.426 75.6142 0
      vertex 23.319 75.6635 4
      vertex 23.426 75.6142 4
    endloop
  endfacet
  facet normal 0.418466 0.908232 0
    outer loop
      vertex 23.319 75.6635 4
      vertex 23.426 75.6142 0
      vertex 23.319 75.6635 0
    endloop
  endfacet
  facet normal 0.194483 0.980906 -0
    outer loop
      vertex 23.7653 75.5185 0
      vertex 23.6498 75.5414 4
      vertex 23.7653 75.5185 4
    endloop
  endfacet
  facet normal 0.194483 0.980906 0
    outer loop
      vertex 23.6498 75.5414 4
      vertex 23.7653 75.5185 0
      vertex 23.6498 75.5414 0
    endloop
  endfacet
  facet normal 0.0390526 0.999237 -0
    outer loop
      vertex 24 75.5 0
      vertex 23.8823 75.5046 4
      vertex 24 75.5 4
    endloop
  endfacet
  facet normal 0.0390526 0.999237 0
    outer loop
      vertex 23.8823 75.5046 4
      vertex 24 75.5 0
      vertex 23.8823 75.5046 0
    endloop
  endfacet
  facet normal 0.831135 0.556071 0
    outer loop
      vertex 22.7865 76.1183 4
      vertex 22.721 76.2162 0
      vertex 22.721 76.2162 4
    endloop
  endfacet
  facet normal 0.831135 0.556071 0
    outer loop
      vertex 22.721 76.2162 0
      vertex 22.7865 76.1183 4
      vertex 22.7865 76.1183 0
    endloop
  endfacet
  facet normal 0.962353 0.271803 0
    outer loop
      vertex 22.5734 76.5365 4
      vertex 22.5414 76.6498 0
      vertex 22.5414 76.6498 4
    endloop
  endfacet
  facet normal 0.962353 0.271803 0
    outer loop
      vertex 22.5414 76.6498 0
      vertex 22.5734 76.5365 4
      vertex 22.5734 76.5365 0
    endloop
  endfacet
  facet normal -0.831397 -0.555679 0
    outer loop
      vertex 25.279 77.7837 0
      vertex 25.2135 77.8817 4
      vertex 25.2135 77.8817 0
    endloop
  endfacet
  facet normal -0.831397 -0.555679 0
    outer loop
      vertex 25.2135 77.8817 4
      vertex 25.279 77.7837 0
      vertex 25.279 77.7837 4
    endloop
  endfacet
  facet normal -0.418466 -0.908232 0
    outer loop
      vertex 24.574 78.3858 0
      vertex 24.681 78.3365 4
      vertex 24.574 78.3858 4
    endloop
  endfacet
  facet normal -0.418466 -0.908232 -0
    outer loop
      vertex 24.681 78.3365 4
      vertex 24.574 78.3858 0
      vertex 24.681 78.3365 0
    endloop
  endfacet
  facet normal 0.194483 -0.980906 0
    outer loop
      vertex 23.6498 78.4586 0
      vertex 23.7653 78.4815 4
      vertex 23.6498 78.4586 4
    endloop
  endfacet
  facet normal 0.194483 -0.980906 0
    outer loop
      vertex 23.7653 78.4815 4
      vertex 23.6498 78.4586 0
      vertex 23.7653 78.4815 0
    endloop
  endfacet
  facet normal -0.271803 0.962353 0
    outer loop
      vertex 24.4635 75.5734 0
      vertex 24.3502 75.5414 4
      vertex 24.4635 75.5734 4
    endloop
  endfacet
  facet normal -0.271803 0.962353 0
    outer loop
      vertex 24.3502 75.5414 4
      vertex 24.4635 75.5734 0
      vertex 24.3502 75.5414 0
    endloop
  endfacet
  facet normal -0.999237 0.0390526 0
    outer loop
      vertex 25.4954 76.8823 0
      vertex 25.5 77 4
      vertex 25.5 77 0
    endloop
  endfacet
  facet normal -0.999237 0.0390526 0
    outer loop
      vertex 25.5 77 4
      vertex 25.4954 76.8823 0
      vertex 25.4954 76.8823 4
    endloop
  endfacet
  facet normal -0.0390526 0.999237 0
    outer loop
      vertex 24.1177 75.5046 0
      vertex 24 75.5 4
      vertex 24.1177 75.5046 4
    endloop
  endfacet
  facet normal -0.0390526 0.999237 0
    outer loop
      vertex 24 75.5 4
      vertex 24.1177 75.5046 0
      vertex 24 75.5 0
    endloop
  endfacet
  facet normal -0.999237 -0.0390526 0
    outer loop
      vertex 69.5 33 0
      vertex 69.4954 33.1177 4
      vertex 69.4954 33.1177 0
    endloop
  endfacet
  facet normal -0.999237 -0.0390526 0
    outer loop
      vertex 69.4954 33.1177 4
      vertex 69.5 33 0
      vertex 69.5 33 4
    endloop
  endfacet
  facet normal 0.0390526 -0.999237 0
    outer loop
      vertex 67.8823 34.4954 0
      vertex 68 34.5 4
      vertex 67.8823 34.4954 4
    endloop
  endfacet
  facet normal 0.0390526 -0.999237 0
    outer loop
      vertex 68 34.5 4
      vertex 67.8823 34.4954 0
      vertex 68 34.5 0
    endloop
  endfacet
  facet normal 0.678527 0.734575 -0
    outer loop
      vertex 67.0258 31.8594 0
      vertex 66.9393 31.9393 4
      vertex 67.0258 31.8594 4
    endloop
  endfacet
  facet normal 0.678527 0.734575 0
    outer loop
      vertex 66.9393 31.9393 4
      vertex 67.0258 31.8594 0
      vertex 66.9393 31.9393 0
    endloop
  endfacet
  facet normal -0.678527 -0.734575 0
    outer loop
      vertex 68.9742 34.1406 0
      vertex 69.0607 34.0607 4
      vertex 68.9742 34.1406 4
    endloop
  endfacet
  facet normal -0.678527 -0.734575 -0
    outer loop
      vertex 69.0607 34.0607 4
      vertex 68.9742 34.1406 0
      vertex 69.0607 34.0607 0
    endloop
  endfacet
  facet normal 0.734575 -0.678527 0
    outer loop
      vertex 66.8594 33.9742 4
      vertex 66.9393 34.0607 0
      vertex 66.9393 34.0607 4
    endloop
  endfacet
  facet normal 0.734575 -0.678527 0
    outer loop
      vertex 66.9393 34.0607 0
      vertex 66.8594 33.9742 4
      vertex 66.8594 33.9742 0
    endloop
  endfacet
  facet normal 0.418466 -0.908232 0
    outer loop
      vertex 67.319 34.3365 0
      vertex 67.426 34.3858 4
      vertex 67.319 34.3365 4
    endloop
  endfacet
  facet normal 0.418466 -0.908232 0
    outer loop
      vertex 67.426 34.3858 4
      vertex 67.319 34.3365 0
      vertex 67.426 34.3858 0
    endloop
  endfacet
  facet normal 0.938096 0.346374 0
    outer loop
      vertex 66.6142 32.426 4
      vertex 66.5734 32.5365 0
      vertex 66.5734 32.5365 4
    endloop
  endfacet
  facet normal 0.938096 0.346374 0
    outer loop
      vertex 66.5734 32.5365 0
      vertex 66.6142 32.426 4
      vertex 66.6142 32.426 0
    endloop
  endfacet
  facet normal -0.908232 -0.418466 0
    outer loop
      vertex 69.3858 33.574 0
      vertex 69.3365 33.681 4
      vertex 69.3365 33.681 0
    endloop
  endfacet
  facet normal -0.908232 -0.418466 0
    outer loop
      vertex 69.3365 33.681 4
      vertex 69.3858 33.574 0
      vertex 69.3858 33.574 4
    endloop
  endfacet
  facet normal -0.418466 -0.908232 0
    outer loop
      vertex 68.574 34.3858 0
      vertex 68.681 34.3365 4
      vertex 68.574 34.3858 4
    endloop
  endfacet
  facet normal -0.418466 -0.908232 -0
    outer loop
      vertex 68.681 34.3365 4
      vertex 68.574 34.3858 0
      vertex 68.681 34.3365 0
    endloop
  endfacet
  facet normal 0.872549 -0.488526 0
    outer loop
      vertex 66.6635 33.681 4
      vertex 66.721 33.7837 0
      vertex 66.721 33.7837 4
    endloop
  endfacet
  facet normal 0.872549 -0.488526 0
    outer loop
      vertex 66.721 33.7837 0
      vertex 66.6635 33.681 4
      vertex 66.6635 33.681 0
    endloop
  endfacet
  facet normal 0.831397 -0.555679 0
    outer loop
      vertex 66.721 33.7837 4
      vertex 66.7865 33.8817 0
      vertex 66.7865 33.8817 4
    endloop
  endfacet
  facet normal 0.831397 -0.555679 0
    outer loop
      vertex 66.7865 33.8817 0
      vertex 66.721 33.7837 4
      vertex 66.721 33.7837 0
    endloop
  endfacet
  facet normal 0.194321 -0.980938 0
    outer loop
      vertex 67.6498 34.4586 0
      vertex 67.7654 34.4815 4
      vertex 67.6498 34.4586 4
    endloop
  endfacet
  facet normal 0.194321 -0.980938 0
    outer loop
      vertex 67.7654 34.4815 4
      vertex 67.6498 34.4586 0
      vertex 67.7654 34.4815 0
    endloop
  endfacet
  facet normal -0.872549 0.488526 0
    outer loop
      vertex 69.279 32.2163 0
      vertex 69.3365 32.319 4
      vertex 69.3365 32.319 0
    endloop
  endfacet
  facet normal -0.872549 0.488526 0
    outer loop
      vertex 69.3365 32.319 4
      vertex 69.279 32.2163 0
      vertex 69.279 32.2163 4
    endloop
  endfacet
  facet normal -0.346374 0.938096 0
    outer loop
      vertex 68.574 31.6142 0
      vertex 68.4635 31.5734 4
      vertex 68.574 31.6142 4
    endloop
  endfacet
  facet normal -0.346374 0.938096 0
    outer loop
      vertex 68.4635 31.5734 4
      vertex 68.574 31.6142 0
      vertex 68.4635 31.5734 0
    endloop
  endfacet
  facet normal -0.734575 0.678527 0
    outer loop
      vertex 69.0607 31.9393 0
      vertex 69.1406 32.0258 4
      vertex 69.1406 32.0258 0
    endloop
  endfacet
  facet normal -0.734575 0.678527 0
    outer loop
      vertex 69.1406 32.0258 4
      vertex 69.0607 31.9393 0
      vertex 69.0607 31.9393 4
    endloop
  endfacet
  facet normal -0.962353 0.271803 0
    outer loop
      vertex 69.4266 32.5365 0
      vertex 69.4586 32.6498 4
      vertex 69.4586 32.6498 0
    endloop
  endfacet
  facet normal -0.962353 0.271803 0
    outer loop
      vertex 69.4586 32.6498 4
      vertex 69.4266 32.5365 0
      vertex 69.4266 32.5365 4
    endloop
  endfacet
  facet normal 0.271803 0.962353 -0
    outer loop
      vertex 67.6498 31.5414 0
      vertex 67.5365 31.5734 4
      vertex 67.6498 31.5414 4
    endloop
  endfacet
  facet normal 0.271803 0.962353 0
    outer loop
      vertex 67.5365 31.5734 4
      vertex 67.6498 31.5414 0
      vertex 67.5365 31.5734 0
    endloop
  endfacet
  facet normal 0.734575 0.678527 0
    outer loop
      vertex 66.9393 31.9393 4
      vertex 66.8594 32.0258 0
      vertex 66.8594 32.0258 4
    endloop
  endfacet
  facet normal 0.734575 0.678527 0
    outer loop
      vertex 66.8594 32.0258 0
      vertex 66.9393 31.9393 4
      vertex 66.9393 31.9393 0
    endloop
  endfacet
  facet normal -0.993005 -0.118073 0
    outer loop
      vertex 69.4954 33.1177 0
      vertex 69.4815 33.2346 4
      vertex 69.4815 33.2346 0
    endloop
  endfacet
  facet normal -0.993005 -0.118073 0
    outer loop
      vertex 69.4815 33.2346 4
      vertex 69.4954 33.1177 0
      vertex 69.4954 33.1177 4
    endloop
  endfacet
  facet normal -0.938096 -0.346374 0
    outer loop
      vertex 69.4266 33.4635 0
      vertex 69.3858 33.574 4
      vertex 69.3858 33.574 0
    endloop
  endfacet
  facet normal -0.938096 -0.346374 0
    outer loop
      vertex 69.3858 33.574 4
      vertex 69.4266 33.4635 0
      vertex 69.4266 33.4635 4
    endloop
  endfacet
  facet normal -0.872549 -0.488526 0
    outer loop
      vertex 69.3365 33.681 0
      vertex 69.279 33.7837 4
      vertex 69.279 33.7837 0
    endloop
  endfacet
  facet normal -0.872549 -0.488526 0
    outer loop
      vertex 69.279 33.7837 4
      vertex 69.3365 33.681 0
      vertex 69.3365 33.681 4
    endloop
  endfacet
  facet normal -0.194321 -0.980938 0
    outer loop
      vertex 68.2346 34.4815 0
      vertex 68.3502 34.4586 4
      vertex 68.2346 34.4815 4
    endloop
  endfacet
  facet normal -0.194321 -0.980938 -0
    outer loop
      vertex 68.3502 34.4586 4
      vertex 68.2346 34.4815 0
      vertex 68.3502 34.4586 0
    endloop
  endfacet
  facet normal -0.555679 -0.831397 0
    outer loop
      vertex 68.7837 34.279 0
      vertex 68.8817 34.2135 4
      vertex 68.7837 34.279 4
    endloop
  endfacet
  facet normal -0.555679 -0.831397 -0
    outer loop
      vertex 68.8817 34.2135 4
      vertex 68.7837 34.279 0
      vertex 68.8817 34.2135 0
    endloop
  endfacet
  facet normal -0.618983 -0.785404 0
    outer loop
      vertex 68.8817 34.2135 0
      vertex 68.9742 34.1406 4
      vertex 68.8817 34.2135 4
    endloop
  endfacet
  facet normal -0.618983 -0.785404 -0
    outer loop
      vertex 68.9742 34.1406 4
      vertex 68.8817 34.2135 0
      vertex 68.9742 34.1406 0
    endloop
  endfacet
  facet normal 0.980938 -0.194321 0
    outer loop
      vertex 66.5185 33.2346 4
      vertex 66.5414 33.3502 0
      vertex 66.5414 33.3502 4
    endloop
  endfacet
  facet normal 0.980938 -0.194321 0
    outer loop
      vertex 66.5414 33.3502 0
      vertex 66.5185 33.2346 4
      vertex 66.5185 33.2346 0
    endloop
  endfacet
  facet normal 0.993005 -0.118073 0
    outer loop
      vertex 66.5046 33.1177 4
      vertex 66.5185 33.2346 0
      vertex 66.5185 33.2346 4
    endloop
  endfacet
  facet normal 0.993005 -0.118073 0
    outer loop
      vertex 66.5185 33.2346 0
      vertex 66.5046 33.1177 4
      vertex 66.5046 33.1177 0
    endloop
  endfacet
  facet normal 0.618983 -0.785404 0
    outer loop
      vertex 67.0258 34.1406 0
      vertex 67.1183 34.2135 4
      vertex 67.0258 34.1406 4
    endloop
  endfacet
  facet normal 0.618983 -0.785404 0
    outer loop
      vertex 67.1183 34.2135 4
      vertex 67.0258 34.1406 0
      vertex 67.1183 34.2135 0
    endloop
  endfacet
  facet normal 0.488164 -0.872752 0
    outer loop
      vertex 67.2162 34.279 0
      vertex 67.319 34.3365 4
      vertex 67.2162 34.279 4
    endloop
  endfacet
  facet normal 0.488164 -0.872752 0
    outer loop
      vertex 67.319 34.3365 4
      vertex 67.2162 34.279 0
      vertex 67.319 34.3365 0
    endloop
  endfacet
  facet normal 0.118073 -0.993005 0
    outer loop
      vertex 67.7654 34.4815 0
      vertex 67.8823 34.4954 4
      vertex 67.7654 34.4815 4
    endloop
  endfacet
  facet normal 0.118073 -0.993005 0
    outer loop
      vertex 67.8823 34.4954 4
      vertex 67.7654 34.4815 0
      vertex 67.8823 34.4954 0
    endloop
  endfacet
  facet normal -0.118073 0.993005 0
    outer loop
      vertex 68.2346 31.5185 0
      vertex 68.1177 31.5046 4
      vertex 68.2346 31.5185 4
    endloop
  endfacet
  facet normal -0.118073 0.993005 0
    outer loop
      vertex 68.1177 31.5046 4
      vertex 68.2346 31.5185 0
      vertex 68.1177 31.5046 0
    endloop
  endfacet
  facet normal -0.488526 0.872549 0
    outer loop
      vertex 68.7837 31.721 0
      vertex 68.681 31.6635 4
      vertex 68.7837 31.721 4
    endloop
  endfacet
  facet normal -0.488526 0.872549 0
    outer loop
      vertex 68.681 31.6635 4
      vertex 68.7837 31.721 0
      vertex 68.681 31.6635 0
    endloop
  endfacet
  facet normal -0.678527 0.734575 0
    outer loop
      vertex 69.0607 31.9393 0
      vertex 68.9742 31.8594 4
      vertex 69.0607 31.9393 4
    endloop
  endfacet
  facet normal -0.678527 0.734575 0
    outer loop
      vertex 68.9742 31.8594 4
      vertex 69.0607 31.9393 0
      vertex 68.9742 31.8594 0
    endloop
  endfacet
  facet normal -0.785404 0.618983 0
    outer loop
      vertex 69.1406 32.0258 0
      vertex 69.2135 32.1183 4
      vertex 69.2135 32.1183 0
    endloop
  endfacet
  facet normal -0.785404 0.618983 0
    outer loop
      vertex 69.2135 32.1183 4
      vertex 69.1406 32.0258 0
      vertex 69.1406 32.0258 4
    endloop
  endfacet
  facet normal -0.831397 0.555679 0
    outer loop
      vertex 69.2135 32.1183 0
      vertex 69.279 32.2163 4
      vertex 69.279 32.2163 0
    endloop
  endfacet
  facet normal -0.831397 0.555679 0
    outer loop
      vertex 69.279 32.2163 4
      vertex 69.2135 32.1183 0
      vertex 69.2135 32.1183 4
    endloop
  endfacet
  facet normal 0.618983 0.785404 -0
    outer loop
      vertex 67.1183 31.7865 0
      vertex 67.0258 31.8594 4
      vertex 67.1183 31.7865 4
    endloop
  endfacet
  facet normal 0.618983 0.785404 0
    outer loop
      vertex 67.0258 31.8594 4
      vertex 67.1183 31.7865 0
      vertex 67.0258 31.8594 0
    endloop
  endfacet
  facet normal 0.556071 0.831135 -0
    outer loop
      vertex 67.2162 31.721 0
      vertex 67.1183 31.7865 4
      vertex 67.2162 31.721 4
    endloop
  endfacet
  facet normal 0.556071 0.831135 0
    outer loop
      vertex 67.1183 31.7865 4
      vertex 67.2162 31.721 0
      vertex 67.1183 31.7865 0
    endloop
  endfacet
  facet normal 0.488164 0.872752 -0
    outer loop
      vertex 67.319 31.6635 0
      vertex 67.2162 31.721 4
      vertex 67.319 31.6635 4
    endloop
  endfacet
  facet normal 0.488164 0.872752 0
    outer loop
      vertex 67.2162 31.721 4
      vertex 67.319 31.6635 0
      vertex 67.2162 31.721 0
    endloop
  endfacet
  facet normal 0.118073 0.993005 -0
    outer loop
      vertex 67.8823 31.5046 0
      vertex 67.7654 31.5185 4
      vertex 67.8823 31.5046 4
    endloop
  endfacet
  facet normal 0.118073 0.993005 0
    outer loop
      vertex 67.7654 31.5185 4
      vertex 67.8823 31.5046 0
      vertex 67.7654 31.5185 0
    endloop
  endfacet
  facet normal 0.872549 0.488526 0
    outer loop
      vertex 66.721 32.2163 4
      vertex 66.6635 32.319 0
      vertex 66.6635 32.319 4
    endloop
  endfacet
  facet normal 0.872549 0.488526 0
    outer loop
      vertex 66.6635 32.319 0
      vertex 66.721 32.2163 4
      vertex 66.721 32.2163 0
    endloop
  endfacet
  facet normal 0.908232 0.418466 0
    outer loop
      vertex 66.6635 32.319 4
      vertex 66.6142 32.426 0
      vertex 66.6142 32.426 4
    endloop
  endfacet
  facet normal 0.908232 0.418466 0
    outer loop
      vertex 66.6142 32.426 0
      vertex 66.6635 32.319 4
      vertex 66.6635 32.319 0
    endloop
  endfacet
  facet normal 0.993017 0.117974 0
    outer loop
      vertex 66.5185 32.7653 4
      vertex 66.5046 32.8823 0
      vertex 66.5046 32.8823 4
    endloop
  endfacet
  facet normal 0.993017 0.117974 0
    outer loop
      vertex 66.5046 32.8823 0
      vertex 66.5185 32.7653 4
      vertex 66.5185 32.7653 0
    endloop
  endfacet
  facet normal -0.962353 -0.271803 0
    outer loop
      vertex 69.4586 33.3502 0
      vertex 69.4266 33.4635 4
      vertex 69.4266 33.4635 0
    endloop
  endfacet
  facet normal -0.962353 -0.271803 0
    outer loop
      vertex 69.4266 33.4635 4
      vertex 69.4586 33.3502 0
      vertex 69.4586 33.3502 4
    endloop
  endfacet
  facet normal -0.980938 -0.194321 0
    outer loop
      vertex 69.4815 33.2346 0
      vertex 69.4586 33.3502 4
      vertex 69.4586 33.3502 0
    endloop
  endfacet
  facet normal -0.980938 -0.194321 0
    outer loop
      vertex 69.4586 33.3502 4
      vertex 69.4815 33.2346 0
      vertex 69.4815 33.2346 4
    endloop
  endfacet
  facet normal -0.734575 -0.678527 0
    outer loop
      vertex 69.1406 33.9742 0
      vertex 69.0607 34.0607 4
      vertex 69.0607 34.0607 0
    endloop
  endfacet
  facet normal -0.734575 -0.678527 0
    outer loop
      vertex 69.0607 34.0607 4
      vertex 69.1406 33.9742 0
      vertex 69.1406 33.9742 4
    endloop
  endfacet
  facet normal -0.785404 -0.618983 0
    outer loop
      vertex 69.2135 33.8817 0
      vertex 69.1406 33.9742 4
      vertex 69.1406 33.9742 0
    endloop
  endfacet
  facet normal -0.785404 -0.618983 0
    outer loop
      vertex 69.1406 33.9742 4
      vertex 69.2135 33.8817 0
      vertex 69.2135 33.8817 4
    endloop
  endfacet
  facet normal -0.831397 -0.555679 0
    outer loop
      vertex 69.279 33.7837 0
      vertex 69.2135 33.8817 4
      vertex 69.2135 33.8817 0
    endloop
  endfacet
  facet normal -0.831397 -0.555679 0
    outer loop
      vertex 69.2135 33.8817 4
      vertex 69.279 33.7837 0
      vertex 69.279 33.7837 4
    endloop
  endfacet
  facet normal -0.271803 -0.962353 0
    outer loop
      vertex 68.3502 34.4586 0
      vertex 68.4635 34.4266 4
      vertex 68.3502 34.4586 4
    endloop
  endfacet
  facet normal -0.271803 -0.962353 -0
    outer loop
      vertex 68.4635 34.4266 4
      vertex 68.3502 34.4586 0
      vertex 68.4635 34.4266 0
    endloop
  endfacet
  facet normal -0.118073 -0.993005 0
    outer loop
      vertex 68.1177 34.4954 0
      vertex 68.2346 34.4815 4
      vertex 68.1177 34.4954 4
    endloop
  endfacet
  facet normal -0.118073 -0.993005 -0
    outer loop
      vertex 68.2346 34.4815 4
      vertex 68.1177 34.4954 0
      vertex 68.2346 34.4815 0
    endloop
  endfacet
  facet normal -0.0390526 -0.999237 0
    outer loop
      vertex 68 34.5 0
      vertex 68.1177 34.4954 4
      vertex 68 34.5 4
    endloop
  endfacet
  facet normal -0.0390526 -0.999237 -0
    outer loop
      vertex 68.1177 34.4954 4
      vertex 68 34.5 0
      vertex 68.1177 34.4954 0
    endloop
  endfacet
  facet normal -0.346374 -0.938096 0
    outer loop
      vertex 68.4635 34.4266 0
      vertex 68.574 34.3858 4
      vertex 68.4635 34.4266 4
    endloop
  endfacet
  facet normal -0.346374 -0.938096 -0
    outer loop
      vertex 68.574 34.3858 4
      vertex 68.4635 34.4266 0
      vertex 68.574 34.3858 0
    endloop
  endfacet
  facet normal -0.488526 -0.872549 0
    outer loop
      vertex 68.681 34.3365 0
      vertex 68.7837 34.279 4
      vertex 68.681 34.3365 4
    endloop
  endfacet
  facet normal -0.488526 -0.872549 -0
    outer loop
      vertex 68.7837 34.279 4
      vertex 68.681 34.3365 0
      vertex 68.7837 34.279 0
    endloop
  endfacet
  facet normal 0.785404 -0.618983 0
    outer loop
      vertex 66.7865 33.8817 4
      vertex 66.8594 33.9742 0
      vertex 66.8594 33.9742 4
    endloop
  endfacet
  facet normal 0.785404 -0.618983 0
    outer loop
      vertex 66.8594 33.9742 0
      vertex 66.7865 33.8817 4
      vertex 66.7865 33.8817 0
    endloop
  endfacet
  facet normal 0.938096 -0.346374 0
    outer loop
      vertex 66.5734 33.4635 4
      vertex 66.6142 33.574 0
      vertex 66.6142 33.574 4
    endloop
  endfacet
  facet normal 0.938096 -0.346374 0
    outer loop
      vertex 66.6142 33.574 0
      vertex 66.5734 33.4635 4
      vertex 66.5734 33.4635 0
    endloop
  endfacet
  facet normal 0.908232 -0.418466 0
    outer loop
      vertex 66.6142 33.574 4
      vertex 66.6635 33.681 0
      vertex 66.6635 33.681 4
    endloop
  endfacet
  facet normal 0.908232 -0.418466 0
    outer loop
      vertex 66.6635 33.681 0
      vertex 66.6142 33.574 4
      vertex 66.6142 33.574 0
    endloop
  endfacet
  facet normal 0.962353 -0.271803 0
    outer loop
      vertex 66.5414 33.3502 4
      vertex 66.5734 33.4635 0
      vertex 66.5734 33.4635 4
    endloop
  endfacet
  facet normal 0.962353 -0.271803 0
    outer loop
      vertex 66.5734 33.4635 0
      vertex 66.5414 33.3502 4
      vertex 66.5414 33.3502 0
    endloop
  endfacet
  facet normal 0.999237 -0.0390526 0
    outer loop
      vertex 66.5 33 4
      vertex 66.5046 33.1177 0
      vertex 66.5046 33.1177 4
    endloop
  endfacet
  facet normal 0.999237 -0.0390526 0
    outer loop
      vertex 66.5046 33.1177 0
      vertex 66.5 33 4
      vertex 66.5 33 0
    endloop
  endfacet
  facet normal 0.678527 -0.734575 0
    outer loop
      vertex 66.9393 34.0607 0
      vertex 67.0258 34.1406 4
      vertex 66.9393 34.0607 4
    endloop
  endfacet
  facet normal 0.678527 -0.734575 0
    outer loop
      vertex 67.0258 34.1406 4
      vertex 66.9393 34.0607 0
      vertex 67.0258 34.1406 0
    endloop
  endfacet
  facet normal 0.556071 -0.831135 0
    outer loop
      vertex 67.1183 34.2135 0
      vertex 67.2162 34.279 4
      vertex 67.1183 34.2135 4
    endloop
  endfacet
  facet normal 0.556071 -0.831135 0
    outer loop
      vertex 67.2162 34.279 4
      vertex 67.1183 34.2135 0
      vertex 67.2162 34.279 0
    endloop
  endfacet
  facet normal 0.346374 -0.938096 0
    outer loop
      vertex 67.426 34.3858 0
      vertex 67.5365 34.4266 4
      vertex 67.426 34.3858 4
    endloop
  endfacet
  facet normal 0.346374 -0.938096 0
    outer loop
      vertex 67.5365 34.4266 4
      vertex 67.426 34.3858 0
      vertex 67.5365 34.4266 0
    endloop
  endfacet
  facet normal 0.271803 -0.962353 0
    outer loop
      vertex 67.5365 34.4266 0
      vertex 67.6498 34.4586 4
      vertex 67.5365 34.4266 4
    endloop
  endfacet
  facet normal 0.271803 -0.962353 0
    outer loop
      vertex 67.6498 34.4586 4
      vertex 67.5365 34.4266 0
      vertex 67.6498 34.4586 0
    endloop
  endfacet
  facet normal -0.194321 0.980938 0
    outer loop
      vertex 68.3502 31.5414 0
      vertex 68.2346 31.5185 4
      vertex 68.3502 31.5414 4
    endloop
  endfacet
  facet normal -0.194321 0.980938 0
    outer loop
      vertex 68.2346 31.5185 4
      vertex 68.3502 31.5414 0
      vertex 68.2346 31.5185 0
    endloop
  endfacet
  facet normal -0.418466 0.908232 0
    outer loop
      vertex 68.681 31.6635 0
      vertex 68.574 31.6142 4
      vertex 68.681 31.6635 4
    endloop
  endfacet
  facet normal -0.418466 0.908232 0
    outer loop
      vertex 68.574 31.6142 4
      vertex 68.681 31.6635 0
      vertex 68.574 31.6142 0
    endloop
  endfacet
  facet normal -0.555679 0.831397 0
    outer loop
      vertex 68.8817 31.7865 0
      vertex 68.7837 31.721 4
      vertex 68.8817 31.7865 4
    endloop
  endfacet
  facet normal -0.555679 0.831397 0
    outer loop
      vertex 68.7837 31.721 4
      vertex 68.8817 31.7865 0
      vertex 68.7837 31.721 0
    endloop
  endfacet
  facet normal -0.618983 0.785404 0
    outer loop
      vertex 68.9742 31.8594 0
      vertex 68.8817 31.7865 4
      vertex 68.9742 31.8594 4
    endloop
  endfacet
  facet normal -0.618983 0.785404 0
    outer loop
      vertex 68.8817 31.7865 4
      vertex 68.9742 31.8594 0
      vertex 68.8817 31.7865 0
    endloop
  endfacet
  facet normal -0.938096 0.346374 0
    outer loop
      vertex 69.3858 32.426 0
      vertex 69.4266 32.5365 4
      vertex 69.4266 32.5365 0
    endloop
  endfacet
  facet normal -0.938096 0.346374 0
    outer loop
      vertex 69.4266 32.5365 4
      vertex 69.3858 32.426 0
      vertex 69.3858 32.426 4
    endloop
  endfacet
  facet normal -0.908232 0.418466 0
    outer loop
      vertex 69.3365 32.319 0
      vertex 69.3858 32.426 4
      vertex 69.3858 32.426 0
    endloop
  endfacet
  facet normal -0.908232 0.418466 0
    outer loop
      vertex 69.3858 32.426 4
      vertex 69.3365 32.319 0
      vertex 69.3365 32.319 4
    endloop
  endfacet
  facet normal -0.980906 0.194483 0
    outer loop
      vertex 69.4586 32.6498 0
      vertex 69.4815 32.7653 4
      vertex 69.4815 32.7653 0
    endloop
  endfacet
  facet normal -0.980906 0.194483 0
    outer loop
      vertex 69.4815 32.7653 4
      vertex 69.4586 32.6498 0
      vertex 69.4586 32.6498 4
    endloop
  endfacet
  facet normal -0.993017 0.117974 0
    outer loop
      vertex 69.4815 32.7653 0
      vertex 69.4954 32.8823 4
      vertex 69.4954 32.8823 0
    endloop
  endfacet
  facet normal -0.993017 0.117974 0
    outer loop
      vertex 69.4954 32.8823 4
      vertex 69.4815 32.7653 0
      vertex 69.4815 32.7653 4
    endloop
  endfacet
  facet normal 0.418466 0.908232 -0
    outer loop
      vertex 67.426 31.6142 0
      vertex 67.319 31.6635 4
      vertex 67.426 31.6142 4
    endloop
  endfacet
  facet normal 0.418466 0.908232 0
    outer loop
      vertex 67.319 31.6635 4
      vertex 67.426 31.6142 0
      vertex 67.319 31.6635 0
    endloop
  endfacet
  facet normal 0.194321 0.980938 -0
    outer loop
      vertex 67.7654 31.5185 0
      vertex 67.6498 31.5414 4
      vertex 67.7654 31.5185 4
    endloop
  endfacet
  facet normal 0.194321 0.980938 0
    outer loop
      vertex 67.6498 31.5414 4
      vertex 67.7654 31.5185 0
      vertex 67.6498 31.5414 0
    endloop
  endfacet
  facet normal 0.0390526 0.999237 -0
    outer loop
      vertex 68 31.5 0
      vertex 67.8823 31.5046 4
      vertex 68 31.5 4
    endloop
  endfacet
  facet normal 0.0390526 0.999237 0
    outer loop
      vertex 67.8823 31.5046 4
      vertex 68 31.5 0
      vertex 67.8823 31.5046 0
    endloop
  endfacet
  facet normal 0.831397 0.555679 0
    outer loop
      vertex 66.7865 32.1183 4
      vertex 66.721 32.2163 0
      vertex 66.721 32.2163 4
    endloop
  endfacet
  facet normal 0.831397 0.555679 0
    outer loop
      vertex 66.721 32.2163 0
      vertex 66.7865 32.1183 4
      vertex 66.7865 32.1183 0
    endloop
  endfacet
  facet normal 0.980906 0.194483 0
    outer loop
      vertex 66.5414 32.6498 4
      vertex 66.5185 32.7653 0
      vertex 66.5185 32.7653 4
    endloop
  endfacet
  facet normal 0.980906 0.194483 0
    outer loop
      vertex 66.5185 32.7653 0
      vertex 66.5414 32.6498 4
      vertex 66.5414 32.6498 0
    endloop
  endfacet
  facet normal 0.999237 0.0390526 0
    outer loop
      vertex 66.5046 32.8823 4
      vertex 66.5 33 0
      vertex 66.5 33 4
    endloop
  endfacet
  facet normal 0.999237 0.0390526 0
    outer loop
      vertex 66.5 33 0
      vertex 66.5046 32.8823 4
      vertex 66.5046 32.8823 0
    endloop
  endfacet
  facet normal -0.271803 0.962353 0
    outer loop
      vertex 68.4635 31.5734 0
      vertex 68.3502 31.5414 4
      vertex 68.4635 31.5734 4
    endloop
  endfacet
  facet normal -0.271803 0.962353 0
    outer loop
      vertex 68.3502 31.5414 4
      vertex 68.4635 31.5734 0
      vertex 68.3502 31.5414 0
    endloop
  endfacet
  facet normal -0.999237 0.0390526 0
    outer loop
      vertex 69.4954 32.8823 0
      vertex 69.5 33 4
      vertex 69.5 33 0
    endloop
  endfacet
  facet normal -0.999237 0.0390526 0
    outer loop
      vertex 69.5 33 4
      vertex 69.4954 32.8823 0
      vertex 69.4954 32.8823 4
    endloop
  endfacet
  facet normal 0.346374 0.938096 -0
    outer loop
      vertex 67.5365 31.5734 0
      vertex 67.426 31.6142 4
      vertex 67.5365 31.5734 4
    endloop
  endfacet
  facet normal 0.346374 0.938096 0
    outer loop
      vertex 67.426 31.6142 4
      vertex 67.5365 31.5734 0
      vertex 67.426 31.6142 0
    endloop
  endfacet
  facet normal -0.0390526 0.999237 0
    outer loop
      vertex 68.1177 31.5046 0
      vertex 68 31.5 4
      vertex 68.1177 31.5046 4
    endloop
  endfacet
  facet normal -0.0390526 0.999237 0
    outer loop
      vertex 68 31.5 4
      vertex 68.1177 31.5046 0
      vertex 68 31.5 0
    endloop
  endfacet
  facet normal 0.785404 0.618983 0
    outer loop
      vertex 66.8594 32.0258 4
      vertex 66.7865 32.1183 0
      vertex 66.7865 32.1183 4
    endloop
  endfacet
  facet normal 0.785404 0.618983 0
    outer loop
      vertex 66.7865 32.1183 0
      vertex 66.8594 32.0258 4
      vertex 66.8594 32.0258 0
    endloop
  endfacet
  facet normal 0.962353 0.271803 0
    outer loop
      vertex 66.5734 32.5365 4
      vertex 66.5414 32.6498 0
      vertex 66.5414 32.6498 4
    endloop
  endfacet
  facet normal 0.962353 0.271803 0
    outer loop
      vertex 66.5414 32.6498 0
      vertex 66.5734 32.5365 4
      vertex 66.5734 32.5365 0
    endloop
  endfacet
  facet normal -0.999237 -0.0390526 0
    outer loop
      vertex 69.5 77 0
      vertex 69.4954 77.1177 4
      vertex 69.4954 77.1177 0
    endloop
  endfacet
  facet normal -0.999237 -0.0390526 0
    outer loop
      vertex 69.4954 77.1177 4
      vertex 69.5 77 0
      vertex 69.5 77 4
    endloop
  endfacet
  facet normal 0.0390526 -0.999237 0
    outer loop
      vertex 67.8823 78.4954 0
      vertex 68 78.5 4
      vertex 67.8823 78.4954 4
    endloop
  endfacet
  facet normal 0.0390526 -0.999237 0
    outer loop
      vertex 68 78.5 4
      vertex 67.8823 78.4954 0
      vertex 68 78.5 0
    endloop
  endfacet
  facet normal -0.678527 -0.734575 0
    outer loop
      vertex 68.9742 78.1406 0
      vertex 69.0607 78.0607 4
      vertex 68.9742 78.1406 4
    endloop
  endfacet
  facet normal -0.678527 -0.734575 -0
    outer loop
      vertex 69.0607 78.0607 4
      vertex 68.9742 78.1406 0
      vertex 69.0607 78.0607 0
    endloop
  endfacet
  facet normal 0.734575 -0.678527 0
    outer loop
      vertex 66.8594 77.9742 4
      vertex 66.9393 78.0607 0
      vertex 66.9393 78.0607 4
    endloop
  endfacet
  facet normal 0.734575 -0.678527 0
    outer loop
      vertex 66.9393 78.0607 0
      vertex 66.8594 77.9742 4
      vertex 66.8594 77.9742 0
    endloop
  endfacet
  facet normal 0.418466 -0.908232 0
    outer loop
      vertex 67.319 78.3365 0
      vertex 67.426 78.3858 4
      vertex 67.319 78.3365 4
    endloop
  endfacet
  facet normal 0.418466 -0.908232 0
    outer loop
      vertex 67.426 78.3858 4
      vertex 67.319 78.3365 0
      vertex 67.426 78.3858 0
    endloop
  endfacet
  facet normal 0.938096 0.346374 0
    outer loop
      vertex 66.6142 76.426 4
      vertex 66.5734 76.5365 0
      vertex 66.5734 76.5365 4
    endloop
  endfacet
  facet normal 0.938096 0.346374 0
    outer loop
      vertex 66.5734 76.5365 0
      vertex 66.6142 76.426 4
      vertex 66.6142 76.426 0
    endloop
  endfacet
  facet normal -0.908232 -0.418466 0
    outer loop
      vertex 69.3858 77.574 0
      vertex 69.3365 77.681 4
      vertex 69.3365 77.681 0
    endloop
  endfacet
  facet normal -0.908232 -0.418466 0
    outer loop
      vertex 69.3365 77.681 4
      vertex 69.3858 77.574 0
      vertex 69.3858 77.574 4
    endloop
  endfacet
  facet normal 0.872549 -0.488526 0
    outer loop
      vertex 66.6635 77.681 4
      vertex 66.721 77.7837 0
      vertex 66.721 77.7837 4
    endloop
  endfacet
  facet normal 0.872549 -0.488526 0
    outer loop
      vertex 66.721 77.7837 0
      vertex 66.6635 77.681 4
      vertex 66.6635 77.681 0
    endloop
  endfacet
  facet normal 0.831397 -0.555679 0
    outer loop
      vertex 66.721 77.7837 4
      vertex 66.7865 77.8817 0
      vertex 66.7865 77.8817 4
    endloop
  endfacet
  facet normal 0.831397 -0.555679 0
    outer loop
      vertex 66.7865 77.8817 0
      vertex 66.721 77.7837 4
      vertex 66.721 77.7837 0
    endloop
  endfacet
  facet normal 0.194321 -0.980938 0
    outer loop
      vertex 67.6498 78.4586 0
      vertex 67.7654 78.4815 4
      vertex 67.6498 78.4586 4
    endloop
  endfacet
  facet normal 0.194321 -0.980938 0
    outer loop
      vertex 67.7654 78.4815 4
      vertex 67.6498 78.4586 0
      vertex 67.7654 78.4815 0
    endloop
  endfacet
  facet normal -0.872752 0.488164 0
    outer loop
      vertex 69.279 76.2162 0
      vertex 69.3365 76.319 4
      vertex 69.3365 76.319 0
    endloop
  endfacet
  facet normal -0.872752 0.488164 0
    outer loop
      vertex 69.3365 76.319 4
      vertex 69.279 76.2162 0
      vertex 69.279 76.2162 4
    endloop
  endfacet
  facet normal -0.346374 0.938096 0
    outer loop
      vertex 68.574 75.6142 0
      vertex 68.4635 75.5734 4
      vertex 68.574 75.6142 4
    endloop
  endfacet
  facet normal -0.346374 0.938096 0
    outer loop
      vertex 68.4635 75.5734 4
      vertex 68.574 75.6142 0
      vertex 68.4635 75.5734 0
    endloop
  endfacet
  facet normal -0.734575 0.678527 0
    outer loop
      vertex 69.0607 75.9393 0
      vertex 69.1406 76.0258 4
      vertex 69.1406 76.0258 0
    endloop
  endfacet
  facet normal -0.734575 0.678527 0
    outer loop
      vertex 69.1406 76.0258 4
      vertex 69.0607 75.9393 0
      vertex 69.0607 75.9393 4
    endloop
  endfacet
  facet normal -0.962353 0.271803 0
    outer loop
      vertex 69.4266 76.5365 0
      vertex 69.4586 76.6498 4
      vertex 69.4586 76.6498 0
    endloop
  endfacet
  facet normal -0.962353 0.271803 0
    outer loop
      vertex 69.4586 76.6498 4
      vertex 69.4266 76.5365 0
      vertex 69.4266 76.5365 4
    endloop
  endfacet
  facet normal 0.271803 0.962353 -0
    outer loop
      vertex 67.6498 75.5414 0
      vertex 67.5365 75.5734 4
      vertex 67.6498 75.5414 4
    endloop
  endfacet
  facet normal 0.271803 0.962353 0
    outer loop
      vertex 67.5365 75.5734 4
      vertex 67.6498 75.5414 0
      vertex 67.5365 75.5734 0
    endloop
  endfacet
  facet normal 0.678527 0.734575 -0
    outer loop
      vertex 67.0258 75.8594 0
      vertex 66.9393 75.9393 4
      vertex 67.0258 75.8594 4
    endloop
  endfacet
  facet normal 0.678527 0.734575 0
    outer loop
      vertex 66.9393 75.9393 4
      vertex 67.0258 75.8594 0
      vertex 66.9393 75.9393 0
    endloop
  endfacet
  facet normal 0.734575 0.678527 0
    outer loop
      vertex 66.9393 75.9393 4
      vertex 66.8594 76.0258 0
      vertex 66.8594 76.0258 4
    endloop
  endfacet
  facet normal 0.734575 0.678527 0
    outer loop
      vertex 66.8594 76.0258 0
      vertex 66.9393 75.9393 4
      vertex 66.9393 75.9393 0
    endloop
  endfacet
  facet normal 0.962353 0.271803 0
    outer loop
      vertex 66.5734 76.5365 4
      vertex 66.5414 76.6498 0
      vertex 66.5414 76.6498 4
    endloop
  endfacet
  facet normal 0.962353 0.271803 0
    outer loop
      vertex 66.5414 76.6498 0
      vertex 66.5734 76.5365 4
      vertex 66.5734 76.5365 0
    endloop
  endfacet
  facet normal -0.993005 -0.118073 0
    outer loop
      vertex 69.4954 77.1177 0
      vertex 69.4815 77.2346 4
      vertex 69.4815 77.2346 0
    endloop
  endfacet
  facet normal -0.993005 -0.118073 0
    outer loop
      vertex 69.4815 77.2346 4
      vertex 69.4954 77.1177 0
      vertex 69.4954 77.1177 4
    endloop
  endfacet
  facet normal -0.938096 -0.346374 0
    outer loop
      vertex 69.4266 77.4635 0
      vertex 69.3858 77.574 4
      vertex 69.3858 77.574 0
    endloop
  endfacet
  facet normal -0.938096 -0.346374 0
    outer loop
      vertex 69.3858 77.574 4
      vertex 69.4266 77.4635 0
      vertex 69.4266 77.4635 4
    endloop
  endfacet
  facet normal -0.734575 -0.678527 0
    outer loop
      vertex 69.1406 77.9742 0
      vertex 69.0607 78.0607 4
      vertex 69.0607 78.0607 0
    endloop
  endfacet
  facet normal -0.734575 -0.678527 0
    outer loop
      vertex 69.0607 78.0607 4
      vertex 69.1406 77.9742 0
      vertex 69.1406 77.9742 4
    endloop
  endfacet
  facet normal -0.872549 -0.488526 0
    outer loop
      vertex 69.3365 77.681 0
      vertex 69.279 77.7837 4
      vertex 69.279 77.7837 0
    endloop
  endfacet
  facet normal -0.872549 -0.488526 0
    outer loop
      vertex 69.279 77.7837 4
      vertex 69.3365 77.681 0
      vertex 69.3365 77.681 4
    endloop
  endfacet
  facet normal -0.194321 -0.980938 0
    outer loop
      vertex 68.2346 78.4815 0
      vertex 68.3502 78.4586 4
      vertex 68.2346 78.4815 4
    endloop
  endfacet
  facet normal -0.194321 -0.980938 -0
    outer loop
      vertex 68.3502 78.4586 4
      vertex 68.2346 78.4815 0
      vertex 68.3502 78.4586 0
    endloop
  endfacet
  facet normal -0.271803 -0.962353 0
    outer loop
      vertex 68.3502 78.4586 0
      vertex 68.4635 78.4266 4
      vertex 68.3502 78.4586 4
    endloop
  endfacet
  facet normal -0.271803 -0.962353 -0
    outer loop
      vertex 68.4635 78.4266 4
      vertex 68.3502 78.4586 0
      vertex 68.4635 78.4266 0
    endloop
  endfacet
  facet normal -0.555679 -0.831397 0
    outer loop
      vertex 68.7837 78.279 0
      vertex 68.8817 78.2135 4
      vertex 68.7837 78.279 4
    endloop
  endfacet
  facet normal -0.555679 -0.831397 -0
    outer loop
      vertex 68.8817 78.2135 4
      vertex 68.7837 78.279 0
      vertex 68.8817 78.2135 0
    endloop
  endfacet
  facet normal -0.618983 -0.785404 0
    outer loop
      vertex 68.8817 78.2135 0
      vertex 68.9742 78.1406 4
      vertex 68.8817 78.2135 4
    endloop
  endfacet
  facet normal -0.618983 -0.785404 -0
    outer loop
      vertex 68.9742 78.1406 4
      vertex 68.8817 78.2135 0
      vertex 68.9742 78.1406 0
    endloop
  endfacet
  facet normal 0.980938 -0.194321 0
    outer loop
      vertex 66.5185 77.2346 4
      vertex 66.5414 77.3502 0
      vertex 66.5414 77.3502 4
    endloop
  endfacet
  facet normal 0.980938 -0.194321 0
    outer loop
      vertex 66.5414 77.3502 0
      vertex 66.5185 77.2346 4
      vertex 66.5185 77.2346 0
    endloop
  endfacet
  facet normal 0.785404 -0.618983 0
    outer loop
      vertex 66.7865 77.8817 4
      vertex 66.8594 77.9742 0
      vertex 66.8594 77.9742 4
    endloop
  endfacet
  facet normal 0.785404 -0.618983 0
    outer loop
      vertex 66.8594 77.9742 0
      vertex 66.7865 77.8817 4
      vertex 66.7865 77.8817 0
    endloop
  endfacet
  facet normal 0.962353 -0.271803 0
    outer loop
      vertex 66.5414 77.3502 4
      vertex 66.5734 77.4635 0
      vertex 66.5734 77.4635 4
    endloop
  endfacet
  facet normal 0.962353 -0.271803 0
    outer loop
      vertex 66.5734 77.4635 0
      vertex 66.5414 77.3502 4
      vertex 66.5414 77.3502 0
    endloop
  endfacet
  facet normal 0.993005 -0.118073 0
    outer loop
      vertex 66.5046 77.1177 4
      vertex 66.5185 77.2346 0
      vertex 66.5185 77.2346 4
    endloop
  endfacet
  facet normal 0.993005 -0.118073 0
    outer loop
      vertex 66.5185 77.2346 0
      vertex 66.5046 77.1177 4
      vertex 66.5046 77.1177 0
    endloop
  endfacet
  facet normal 0.618983 -0.785404 0
    outer loop
      vertex 67.0258 78.1406 0
      vertex 67.1183 78.2135 4
      vertex 67.0258 78.1406 4
    endloop
  endfacet
  facet normal 0.618983 -0.785404 0
    outer loop
      vertex 67.1183 78.2135 4
      vertex 67.0258 78.1406 0
      vertex 67.1183 78.2135 0
    endloop
  endfacet
  facet normal 0.488164 -0.872752 0
    outer loop
      vertex 67.2162 78.279 0
      vertex 67.319 78.3365 4
      vertex 67.2162 78.279 4
    endloop
  endfacet
  facet normal 0.488164 -0.872752 0
    outer loop
      vertex 67.319 78.3365 4
      vertex 67.2162 78.279 0
      vertex 67.319 78.3365 0
    endloop
  endfacet
  facet normal 0.678527 -0.734575 0
    outer loop
      vertex 66.9393 78.0607 0
      vertex 67.0258 78.1406 4
      vertex 66.9393 78.0607 4
    endloop
  endfacet
  facet normal 0.678527 -0.734575 0
    outer loop
      vertex 67.0258 78.1406 4
      vertex 66.9393 78.0607 0
      vertex 67.0258 78.1406 0
    endloop
  endfacet
  facet normal 0.346374 -0.938096 0
    outer loop
      vertex 67.426 78.3858 0
      vertex 67.5365 78.4266 4
      vertex 67.426 78.3858 4
    endloop
  endfacet
  facet normal 0.346374 -0.938096 0
    outer loop
      vertex 67.5365 78.4266 4
      vertex 67.426 78.3858 0
      vertex 67.5365 78.4266 0
    endloop
  endfacet
  facet normal 0.118073 -0.993005 0
    outer loop
      vertex 67.7654 78.4815 0
      vertex 67.8823 78.4954 4
      vertex 67.7654 78.4815 4
    endloop
  endfacet
  facet normal 0.118073 -0.993005 0
    outer loop
      vertex 67.8823 78.4954 4
      vertex 67.7654 78.4815 0
      vertex 67.8823 78.4954 0
    endloop
  endfacet
  facet normal -0.118073 0.993005 0
    outer loop
      vertex 68.2346 75.5185 0
      vertex 68.1177 75.5046 4
      vertex 68.2346 75.5185 4
    endloop
  endfacet
  facet normal -0.118073 0.993005 0
    outer loop
      vertex 68.1177 75.5046 4
      vertex 68.2346 75.5185 0
      vertex 68.1177 75.5046 0
    endloop
  endfacet
  facet normal -0.488526 0.872549 0
    outer loop
      vertex 68.7837 75.721 0
      vertex 68.681 75.6635 4
      vertex 68.7837 75.721 4
    endloop
  endfacet
  facet normal -0.488526 0.872549 0
    outer loop
      vertex 68.681 75.6635 4
      vertex 68.7837 75.721 0
      vertex 68.681 75.6635 0
    endloop
  endfacet
  facet normal -0.678527 0.734575 0
    outer loop
      vertex 69.0607 75.9393 0
      vertex 68.9742 75.8594 4
      vertex 69.0607 75.9393 4
    endloop
  endfacet
  facet normal -0.678527 0.734575 0
    outer loop
      vertex 68.9742 75.8594 4
      vertex 69.0607 75.9393 0
      vertex 68.9742 75.8594 0
    endloop
  endfacet
  facet normal -0.785404 0.618983 0
    outer loop
      vertex 69.1406 76.0258 0
      vertex 69.2135 76.1183 4
      vertex 69.2135 76.1183 0
    endloop
  endfacet
  facet normal -0.785404 0.618983 0
    outer loop
      vertex 69.2135 76.1183 4
      vertex 69.1406 76.0258 0
      vertex 69.1406 76.0258 4
    endloop
  endfacet
  facet normal -0.831135 0.556071 0
    outer loop
      vertex 69.2135 76.1183 0
      vertex 69.279 76.2162 4
      vertex 69.279 76.2162 0
    endloop
  endfacet
  facet normal -0.831135 0.556071 0
    outer loop
      vertex 69.279 76.2162 4
      vertex 69.2135 76.1183 0
      vertex 69.2135 76.1183 4
    endloop
  endfacet
  facet normal 0.618983 0.785404 -0
    outer loop
      vertex 67.1183 75.7865 0
      vertex 67.0258 75.8594 4
      vertex 67.1183 75.7865 4
    endloop
  endfacet
  facet normal 0.618983 0.785404 0
    outer loop
      vertex 67.0258 75.8594 4
      vertex 67.1183 75.7865 0
      vertex 67.0258 75.8594 0
    endloop
  endfacet
  facet normal 0.556071 0.831135 -0
    outer loop
      vertex 67.2162 75.721 0
      vertex 67.1183 75.7865 4
      vertex 67.2162 75.721 4
    endloop
  endfacet
  facet normal 0.556071 0.831135 0
    outer loop
      vertex 67.1183 75.7865 4
      vertex 67.2162 75.721 0
      vertex 67.1183 75.7865 0
    endloop
  endfacet
  facet normal 0.488164 0.872752 -0
    outer loop
      vertex 67.319 75.6635 0
      vertex 67.2162 75.721 4
      vertex 67.319 75.6635 4
    endloop
  endfacet
  facet normal 0.488164 0.872752 0
    outer loop
      vertex 67.2162 75.721 4
      vertex 67.319 75.6635 0
      vertex 67.2162 75.721 0
    endloop
  endfacet
  facet normal 0.118073 0.993005 -0
    outer loop
      vertex 67.8823 75.5046 0
      vertex 67.7654 75.5185 4
      vertex 67.8823 75.5046 4
    endloop
  endfacet
  facet normal 0.118073 0.993005 0
    outer loop
      vertex 67.7654 75.5185 4
      vertex 67.8823 75.5046 0
      vertex 67.7654 75.5185 0
    endloop
  endfacet
  facet normal 0.872752 0.488164 0
    outer loop
      vertex 66.721 76.2162 4
      vertex 66.6635 76.319 0
      vertex 66.6635 76.319 4
    endloop
  endfacet
  facet normal 0.872752 0.488164 0
    outer loop
      vertex 66.6635 76.319 0
      vertex 66.721 76.2162 4
      vertex 66.721 76.2162 0
    endloop
  endfacet
  facet normal 0.785404 0.618983 0
    outer loop
      vertex 66.8594 76.0258 4
      vertex 66.7865 76.1183 0
      vertex 66.7865 76.1183 4
    endloop
  endfacet
  facet normal 0.785404 0.618983 0
    outer loop
      vertex 66.7865 76.1183 0
      vertex 66.8594 76.0258 4
      vertex 66.8594 76.0258 0
    endloop
  endfacet
  facet normal 0.908232 0.418466 0
    outer loop
      vertex 66.6635 76.319 4
      vertex 66.6142 76.426 0
      vertex 66.6142 76.426 4
    endloop
  endfacet
  facet normal 0.908232 0.418466 0
    outer loop
      vertex 66.6142 76.426 0
      vertex 66.6635 76.319 4
      vertex 66.6635 76.319 0
    endloop
  endfacet
  facet normal 0.993005 0.118073 0
    outer loop
      vertex 66.5185 76.7654 4
      vertex 66.5046 76.8823 0
      vertex 66.5046 76.8823 4
    endloop
  endfacet
  facet normal 0.993005 0.118073 0
    outer loop
      vertex 66.5046 76.8823 0
      vertex 66.5185 76.7654 4
      vertex 66.5185 76.7654 0
    endloop
  endfacet
  facet normal -0.962353 -0.271803 0
    outer loop
      vertex 69.4586 77.3502 0
      vertex 69.4266 77.4635 4
      vertex 69.4266 77.4635 0
    endloop
  endfacet
  facet normal -0.962353 -0.271803 0
    outer loop
      vertex 69.4266 77.4635 4
      vertex 69.4586 77.3502 0
      vertex 69.4586 77.3502 4
    endloop
  endfacet
  facet normal -0.980938 -0.194321 0
    outer loop
      vertex 69.4815 77.2346 0
      vertex 69.4586 77.3502 4
      vertex 69.4586 77.3502 0
    endloop
  endfacet
  facet normal -0.980938 -0.194321 0
    outer loop
      vertex 69.4586 77.3502 4
      vertex 69.4815 77.2346 0
      vertex 69.4815 77.2346 4
    endloop
  endfacet
  facet normal -0.785404 -0.618983 0
    outer loop
      vertex 69.2135 77.8817 0
      vertex 69.1406 77.9742 4
      vertex 69.1406 77.9742 0
    endloop
  endfacet
  facet normal -0.785404 -0.618983 0
    outer loop
      vertex 69.1406 77.9742 4
      vertex 69.2135 77.8817 0
      vertex 69.2135 77.8817 4
    endloop
  endfacet
  facet normal -0.831397 -0.555679 0
    outer loop
      vertex 69.279 77.7837 0
      vertex 69.2135 77.8817 4
      vertex 69.2135 77.8817 0
    endloop
  endfacet
  facet normal -0.831397 -0.555679 0
    outer loop
      vertex 69.2135 77.8817 4
      vertex 69.279 77.7837 0
      vertex 69.279 77.7837 4
    endloop
  endfacet
  facet normal -0.118073 -0.993005 0
    outer loop
      vertex 68.1177 78.4954 0
      vertex 68.2346 78.4815 4
      vertex 68.1177 78.4954 4
    endloop
  endfacet
  facet normal -0.118073 -0.993005 -0
    outer loop
      vertex 68.2346 78.4815 4
      vertex 68.1177 78.4954 0
      vertex 68.2346 78.4815 0
    endloop
  endfacet
  facet normal -0.0390526 -0.999237 0
    outer loop
      vertex 68 78.5 0
      vertex 68.1177 78.4954 4
      vertex 68 78.5 4
    endloop
  endfacet
  facet normal -0.0390526 -0.999237 -0
    outer loop
      vertex 68.1177 78.4954 4
      vertex 68 78.5 0
      vertex 68.1177 78.4954 0
    endloop
  endfacet
  facet normal -0.346374 -0.938096 0
    outer loop
      vertex 68.4635 78.4266 0
      vertex 68.574 78.3858 4
      vertex 68.4635 78.4266 4
    endloop
  endfacet
  facet normal -0.346374 -0.938096 -0
    outer loop
      vertex 68.574 78.3858 4
      vertex 68.4635 78.4266 0
      vertex 68.574 78.3858 0
    endloop
  endfacet
  facet normal -0.488526 -0.872549 0
    outer loop
      vertex 68.681 78.3365 0
      vertex 68.7837 78.279 4
      vertex 68.681 78.3365 4
    endloop
  endfacet
  facet normal -0.488526 -0.872549 -0
    outer loop
      vertex 68.7837 78.279 4
      vertex 68.681 78.3365 0
      vertex 68.7837 78.279 0
    endloop
  endfacet
  facet normal 0.938096 -0.346374 0
    outer loop
      vertex 66.5734 77.4635 4
      vertex 66.6142 77.574 0
      vertex 66.6142 77.574 4
    endloop
  endfacet
  facet normal 0.938096 -0.346374 0
    outer loop
      vertex 66.6142 77.574 0
      vertex 66.5734 77.4635 4
      vertex 66.5734 77.4635 0
    endloop
  endfacet
  facet normal 0.999237 -0.0390526 0
    outer loop
      vertex 66.5 77 4
      vertex 66.5046 77.1177 0
      vertex 66.5046 77.1177 4
    endloop
  endfacet
  facet normal 0.999237 -0.0390526 0
    outer loop
      vertex 66.5046 77.1177 0
      vertex 66.5 77 4
      vertex 66.5 77 0
    endloop
  endfacet
  facet normal 0.556071 -0.831135 0
    outer loop
      vertex 67.1183 78.2135 0
      vertex 67.2162 78.279 4
      vertex 67.1183 78.2135 4
    endloop
  endfacet
  facet normal 0.556071 -0.831135 0
    outer loop
      vertex 67.2162 78.279 4
      vertex 67.1183 78.2135 0
      vertex 67.2162 78.279 0
    endloop
  endfacet
  facet normal 0.271803 -0.962353 0
    outer loop
      vertex 67.5365 78.4266 0
      vertex 67.6498 78.4586 4
      vertex 67.5365 78.4266 4
    endloop
  endfacet
  facet normal 0.271803 -0.962353 0
    outer loop
      vertex 67.6498 78.4586 4
      vertex 67.5365 78.4266 0
      vertex 67.6498 78.4586 0
    endloop
  endfacet
  facet normal -0.271803 0.962353 0
    outer loop
      vertex 68.4635 75.5734 0
      vertex 68.3502 75.5414 4
      vertex 68.4635 75.5734 4
    endloop
  endfacet
  facet normal -0.271803 0.962353 0
    outer loop
      vertex 68.3502 75.5414 4
      vertex 68.4635 75.5734 0
      vertex 68.3502 75.5414 0
    endloop
  endfacet
  facet normal -0.194321 0.980938 0
    outer loop
      vertex 68.3502 75.5414 0
      vertex 68.2346 75.5185 4
      vertex 68.3502 75.5414 4
    endloop
  endfacet
  facet normal -0.194321 0.980938 0
    outer loop
      vertex 68.2346 75.5185 4
      vertex 68.3502 75.5414 0
      vertex 68.2346 75.5185 0
    endloop
  endfacet
  facet normal -0.418466 0.908232 0
    outer loop
      vertex 68.681 75.6635 0
      vertex 68.574 75.6142 4
      vertex 68.681 75.6635 4
    endloop
  endfacet
  facet normal -0.418466 0.908232 0
    outer loop
      vertex 68.574 75.6142 4
      vertex 68.681 75.6635 0
      vertex 68.574 75.6142 0
    endloop
  endfacet
  facet normal -0.555679 0.831397 0
    outer loop
      vertex 68.8817 75.7865 0
      vertex 68.7837 75.721 4
      vertex 68.8817 75.7865 4
    endloop
  endfacet
  facet normal -0.555679 0.831397 0
    outer loop
      vertex 68.7837 75.721 4
      vertex 68.8817 75.7865 0
      vertex 68.7837 75.721 0
    endloop
  endfacet
  facet normal -0.908232 0.418466 0
    outer loop
      vertex 69.3365 76.319 0
      vertex 69.3858 76.426 4
      vertex 69.3858 76.426 0
    endloop
  endfacet
  facet normal -0.908232 0.418466 0
    outer loop
      vertex 69.3858 76.426 4
      vertex 69.3365 76.319 0
      vertex 69.3365 76.319 4
    endloop
  endfacet
  facet normal -0.938096 0.346374 0
    outer loop
      vertex 69.3858 76.426 0
      vertex 69.4266 76.5365 4
      vertex 69.4266 76.5365 0
    endloop
  endfacet
  facet normal -0.938096 0.346374 0
    outer loop
      vertex 69.4266 76.5365 4
      vertex 69.3858 76.426 0
      vertex 69.3858 76.426 4
    endloop
  endfacet
  facet normal -0.980938 0.194321 0
    outer loop
      vertex 69.4586 76.6498 0
      vertex 69.4815 76.7654 4
      vertex 69.4815 76.7654 0
    endloop
  endfacet
  facet normal -0.980938 0.194321 0
    outer loop
      vertex 69.4815 76.7654 4
      vertex 69.4586 76.6498 0
      vertex 69.4586 76.6498 4
    endloop
  endfacet
  facet normal -0.993005 0.118073 0
    outer loop
      vertex 69.4815 76.7654 0
      vertex 69.4954 76.8823 4
      vertex 69.4954 76.8823 0
    endloop
  endfacet
  facet normal -0.993005 0.118073 0
    outer loop
      vertex 69.4954 76.8823 4
      vertex 69.4815 76.7654 0
      vertex 69.4815 76.7654 4
    endloop
  endfacet
  facet normal 0.418466 0.908232 -0
    outer loop
      vertex 67.426 75.6142 0
      vertex 67.319 75.6635 4
      vertex 67.426 75.6142 4
    endloop
  endfacet
  facet normal 0.418466 0.908232 0
    outer loop
      vertex 67.319 75.6635 4
      vertex 67.426 75.6142 0
      vertex 67.319 75.6635 0
    endloop
  endfacet
  facet normal 0.194321 0.980938 -0
    outer loop
      vertex 67.7654 75.5185 0
      vertex 67.6498 75.5414 4
      vertex 67.7654 75.5185 4
    endloop
  endfacet
  facet normal 0.194321 0.980938 0
    outer loop
      vertex 67.6498 75.5414 4
      vertex 67.7654 75.5185 0
      vertex 67.6498 75.5414 0
    endloop
  endfacet
  facet normal 0.0390526 0.999237 -0
    outer loop
      vertex 68 75.5 0
      vertex 67.8823 75.5046 4
      vertex 68 75.5 4
    endloop
  endfacet
  facet normal 0.0390526 0.999237 0
    outer loop
      vertex 67.8823 75.5046 4
      vertex 68 75.5 0
      vertex 67.8823 75.5046 0
    endloop
  endfacet
  facet normal 0.831135 0.556071 0
    outer loop
      vertex 66.7865 76.1183 4
      vertex 66.721 76.2162 0
      vertex 66.721 76.2162 4
    endloop
  endfacet
  facet normal 0.831135 0.556071 0
    outer loop
      vertex 66.721 76.2162 0
      vertex 66.7865 76.1183 4
      vertex 66.7865 76.1183 0
    endloop
  endfacet
  facet normal 0.980938 0.194321 0
    outer loop
      vertex 66.5414 76.6498 4
      vertex 66.5185 76.7654 0
      vertex 66.5185 76.7654 4
    endloop
  endfacet
  facet normal 0.980938 0.194321 0
    outer loop
      vertex 66.5185 76.7654 0
      vertex 66.5414 76.6498 4
      vertex 66.5414 76.6498 0
    endloop
  endfacet
  facet normal -0.418466 -0.908232 0
    outer loop
      vertex 68.574 78.3858 0
      vertex 68.681 78.3365 4
      vertex 68.574 78.3858 4
    endloop
  endfacet
  facet normal -0.418466 -0.908232 -0
    outer loop
      vertex 68.681 78.3365 4
      vertex 68.574 78.3858 0
      vertex 68.681 78.3365 0
    endloop
  endfacet
  facet normal 0.908232 -0.418466 0
    outer loop
      vertex 66.6142 77.574 4
      vertex 66.6635 77.681 0
      vertex 66.6635 77.681 4
    endloop
  endfacet
  facet normal 0.908232 -0.418466 0
    outer loop
      vertex 66.6635 77.681 0
      vertex 66.6142 77.574 4
      vertex 66.6142 77.574 0
    endloop
  endfacet
  facet normal 0.999237 0.0390526 0
    outer loop
      vertex 66.5046 76.8823 4
      vertex 66.5 77 0
      vertex 66.5 77 4
    endloop
  endfacet
  facet normal 0.999237 0.0390526 0
    outer loop
      vertex 66.5 77 0
      vertex 66.5046 76.8823 4
      vertex 66.5046 76.8823 0
    endloop
  endfacet
  facet normal -0.618983 0.785404 0
    outer loop
      vertex 68.9742 75.8594 0
      vertex 68.8817 75.7865 4
      vertex 68.9742 75.8594 4
    endloop
  endfacet
  facet normal -0.618983 0.785404 0
    outer loop
      vertex 68.8817 75.7865 4
      vertex 68.9742 75.8594 0
      vertex 68.8817 75.7865 0
    endloop
  endfacet
  facet normal -0.999237 0.0390526 0
    outer loop
      vertex 69.4954 76.8823 0
      vertex 69.5 77 4
      vertex 69.5 77 0
    endloop
  endfacet
  facet normal -0.999237 0.0390526 0
    outer loop
      vertex 69.5 77 4
      vertex 69.4954 76.8823 0
      vertex 69.4954 76.8823 4
    endloop
  endfacet
  facet normal 0.346374 0.938096 -0
    outer loop
      vertex 67.5365 75.5734 0
      vertex 67.426 75.6142 4
      vertex 67.5365 75.5734 4
    endloop
  endfacet
  facet normal 0.346374 0.938096 0
    outer loop
      vertex 67.426 75.6142 4
      vertex 67.5365 75.5734 0
      vertex 67.426 75.6142 0
    endloop
  endfacet
  facet normal -0.0390526 0.999237 0
    outer loop
      vertex 68.1177 75.5046 0
      vertex 68 75.5 4
      vertex 68.1177 75.5046 4
    endloop
  endfacet
  facet normal -0.0390526 0.999237 0
    outer loop
      vertex 68 75.5 4
      vertex 68.1177 75.5046 0
      vertex 68 75.5 0
    endloop
  endfacet
  facet normal -0.99923 -0.0392364 0
    outer loop
      vertex 72 55 0
      vertex 71.9199 57.0399 2
      vertex 71.9199 57.0399 0
    endloop
  endfacet
  facet normal -0.99923 -0.0392364 0
    outer loop
      vertex 71.9199 57.0399 2
      vertex 72 55 0
      vertex 72 55 2
    endloop
  endfacet
  facet normal 0.0392364 -0.99923 0
    outer loop
      vertex 43.9601 80.9199 0
      vertex 46 81 2
      vertex 43.9601 80.9199 2
    endloop
  endfacet
  facet normal 0.0392364 -0.99923 0
    outer loop
      vertex 46 81 2
      vertex 43.9601 80.9199 0
      vertex 46 81 0
    endloop
  endfacet
  facet normal -0.678813 -0.734311 0
    outer loop
      vertex 62.8857 74.7706 0
      vertex 64.3848 73.3848 2
      vertex 62.8857 74.7706 2
    endloop
  endfacet
  facet normal -0.678813 -0.734311 -0
    outer loop
      vertex 64.3848 73.3848 2
      vertex 62.8857 74.7706 0
      vertex 64.3848 73.3848 0
    endloop
  endfacet
  facet normal 0.734311 -0.678813 0
    outer loop
      vertex 26.2294 71.8857 2
      vertex 27.6152 73.3848 0
      vertex 27.6152 73.3848 2
    endloop
  endfacet
  facet normal 0.734311 -0.678813 0
    outer loop
      vertex 27.6152 73.3848 0
      vertex 26.2294 71.8857 2
      vertex 26.2294 71.8857 0
    endloop
  endfacet
  facet normal 0.418657 -0.908144 0
    outer loop
      vertex 34.1962 78.1662 0
      vertex 36.0502 79.0209 2
      vertex 34.1962 78.1662 2
    endloop
  endfacet
  facet normal 0.418657 -0.908144 0
    outer loop
      vertex 36.0502 79.0209 2
      vertex 34.1962 78.1662 0
      vertex 36.0502 79.0209 0
    endloop
  endfacet
  facet normal -0.908144 -0.418657 0
    outer loop
      vertex 70.0209 64.9498 0
      vertex 69.1662 66.8038 2
      vertex 69.1662 66.8038 0
    endloop
  endfacet
  facet normal -0.908144 -0.418657 0
    outer loop
      vertex 69.1662 66.8038 2
      vertex 70.0209 64.9498 0
      vertex 70.0209 64.9498 2
    endloop
  endfacet
  facet normal -0.346105 -0.938196 0
    outer loop
      vertex 54.0344 79.7275 0
      vertex 55.9498 79.0209 2
      vertex 54.0344 79.7275 2
    endloop
  endfacet
  facet normal -0.346105 -0.938196 -0
    outer loop
      vertex 55.9498 79.0209 2
      vertex 54.0344 79.7275 0
      vertex 55.9498 79.0209 0
    endloop
  endfacet
  facet normal 0.908144 -0.418657 0
    outer loop
      vertex 21.9791 64.9498 2
      vertex 22.8338 66.8038 0
      vertex 22.8338 66.8038 2
    endloop
  endfacet
  facet normal 0.908144 -0.418657 0
    outer loop
      vertex 22.8338 66.8038 0
      vertex 21.9791 64.9498 2
      vertex 21.9791 64.9498 0
    endloop
  endfacet
  facet normal 0.872479 -0.488651 0
    outer loop
      vertex 22.8338 66.8038 2
      vertex 23.8314 68.585 0
      vertex 23.8314 68.585 2
    endloop
  endfacet
  facet normal 0.872479 -0.488651 0
    outer loop
      vertex 23.8314 68.585 0
      vertex 22.8338 66.8038 2
      vertex 22.8338 66.8038 0
    endloop
  endfacet
  facet normal 0.195099 -0.980784 0
    outer loop
      vertex 39.9304 80.2816 0
      vertex 41.9327 80.6799 2
      vertex 39.9304 80.2816 2
    endloop
  endfacet
  facet normal 0.195099 -0.980784 0
    outer loop
      vertex 41.9327 80.6799 2
      vertex 39.9304 80.2816 0
      vertex 41.9327 80.6799 0
    endloop
  endfacet
  facet normal -0.908144 0.418657 0
    outer loop
      vertex 69.1662 43.1962 0
      vertex 70.0209 45.0502 2
      vertex 70.0209 45.0502 0
    endloop
  endfacet
  facet normal -0.908144 0.418657 0
    outer loop
      vertex 70.0209 45.0502 2
      vertex 69.1662 43.1962 0
      vertex 69.1662 43.1962 2
    endloop
  endfacet
  facet normal -0.271426 0.962459 0
    outer loop
      vertex 54.0344 30.2725 0
      vertex 52.0696 29.7184 2
      vertex 54.0344 30.2725 2
    endloop
  endfacet
  facet normal -0.271426 0.962459 0
    outer loop
      vertex 52.0696 29.7184 2
      vertex 54.0344 30.2725 0
      vertex 52.0696 29.7184 0
    endloop
  endfacet
  facet normal -0.734311 0.678813 0
    outer loop
      vertex 64.3848 36.6152 0
      vertex 65.7706 38.1143 2
      vertex 65.7706 38.1143 0
    endloop
  endfacet
  facet normal -0.734311 0.678813 0
    outer loop
      vertex 65.7706 38.1143 2
      vertex 64.3848 36.6152 0
      vertex 64.3848 36.6152 2
    endloop
  endfacet
  facet normal 0.271426 0.962459 -0
    outer loop
      vertex 39.9304 29.7184 0
      vertex 37.9656 30.2725 2
      vertex 39.9304 29.7184 2
    endloop
  endfacet
  facet normal 0.271426 0.962459 0
    outer loop
      vertex 37.9656 30.2725 2
      vertex 39.9304 29.7184 0
      vertex 37.9656 30.2725 0
    endloop
  endfacet
  facet normal 0.734311 0.678813 0
    outer loop
      vertex 27.6152 36.6152 2
      vertex 26.2294 38.1143 0
      vertex 26.2294 38.1143 2
    endloop
  endfacet
  facet normal 0.734311 0.678813 0
    outer loop
      vertex 26.2294 38.1143 0
      vertex 27.6152 36.6152 2
      vertex 27.6152 36.6152 0
    endloop
  endfacet
  facet normal -0.980784 -0.195099 0
    outer loop
      vertex 71.6799 59.0673 0
      vertex 71.2816 61.0696 2
      vertex 71.2816 61.0696 0
    endloop
  endfacet
  facet normal -0.980784 -0.195099 0
    outer loop
      vertex 71.2816 61.0696 2
      vertex 71.6799 59.0673 0
      vertex 71.6799 59.0673 2
    endloop
  endfacet
  facet normal -0.993066 -0.117557 0
    outer loop
      vertex 71.9199 57.0399 0
      vertex 71.6799 59.0673 2
      vertex 71.6799 59.0673 0
    endloop
  endfacet
  facet normal -0.993066 -0.117557 0
    outer loop
      vertex 71.6799 59.0673 2
      vertex 71.9199 57.0399 0
      vertex 71.9199 57.0399 2
    endloop
  endfacet
  facet normal -0.962459 -0.271426 0
    outer loop
      vertex 71.2816 61.0696 0
      vertex 70.7275 63.0344 2
      vertex 70.7275 63.0344 0
    endloop
  endfacet
  facet normal -0.962459 -0.271426 0
    outer loop
      vertex 70.7275 63.0344 2
      vertex 71.2816 61.0696 0
      vertex 71.2816 61.0696 2
    endloop
  endfacet
  facet normal -0.734311 -0.678813 0
    outer loop
      vertex 65.7706 71.8857 0
      vertex 64.3848 73.3848 2
      vertex 64.3848 73.3848 0
    endloop
  endfacet
  facet normal -0.734311 -0.678813 0
    outer loop
      vertex 64.3848 73.3848 2
      vertex 65.7706 71.8857 0
      vertex 65.7706 71.8857 2
    endloop
  endfacet
  facet normal -0.872479 -0.488651 0
    outer loop
      vertex 69.1662 66.8038 0
      vertex 68.1686 68.585 2
      vertex 68.1686 68.585 0
    endloop
  endfacet
  facet normal -0.872479 -0.488651 0
    outer loop
      vertex 68.1686 68.585 2
      vertex 69.1662 66.8038 0
      vertex 69.1662 66.8038 2
    endloop
  endfacet
  facet normal -0.117557 -0.993066 0
    outer loop
      vertex 48.0399 80.9199 0
      vertex 50.0673 80.6799 2
      vertex 48.0399 80.9199 2
    endloop
  endfacet
  facet normal -0.117557 -0.993066 -0
    outer loop
      vertex 50.0673 80.6799 2
      vertex 48.0399 80.9199 0
      vertex 50.0673 80.6799 0
    endloop
  endfacet
  facet normal -0.0392364 -0.99923 0
    outer loop
      vertex 46 81 0
      vertex 48.0399 80.9199 2
      vertex 46 81 2
    endloop
  endfacet
  facet normal -0.0392364 -0.99923 -0
    outer loop
      vertex 48.0399 80.9199 2
      vertex 46 81 0
      vertex 48.0399 80.9199 0
    endloop
  endfacet
  facet normal -0.488651 -0.872479 0
    outer loop
      vertex 57.8038 78.1662 0
      vertex 59.585 77.1686 2
      vertex 57.8038 78.1662 2
    endloop
  endfacet
  facet normal -0.488651 -0.872479 -0
    outer loop
      vertex 59.585 77.1686 2
      vertex 57.8038 78.1662 0
      vertex 59.585 77.1686 0
    endloop
  endfacet
  facet normal 0.993066 -0.117557 0
    outer loop
      vertex 20.0801 57.0399 2
      vertex 20.3201 59.0673 0
      vertex 20.3201 59.0673 2
    endloop
  endfacet
  facet normal 0.993066 -0.117557 0
    outer loop
      vertex 20.3201 59.0673 0
      vertex 20.0801 57.0399 2
      vertex 20.0801 57.0399 0
    endloop
  endfacet
  facet normal 0.938196 -0.346105 0
    outer loop
      vertex 21.2725 63.0344 2
      vertex 21.9791 64.9498 0
      vertex 21.9791 64.9498 2
    endloop
  endfacet
  facet normal 0.938196 -0.346105 0
    outer loop
      vertex 21.9791 64.9498 0
      vertex 21.2725 63.0344 2
      vertex 21.2725 63.0344 0
    endloop
  endfacet
  facet normal 0.99923 -0.0392364 0
    outer loop
      vertex 20 55 2
      vertex 20.0801 57.0399 0
      vertex 20.0801 57.0399 2
    endloop
  endfacet
  facet normal 0.99923 -0.0392364 0
    outer loop
      vertex 20.0801 57.0399 0
      vertex 20 55 2
      vertex 20 55 0
    endloop
  endfacet
  facet normal 0.619052 -0.78535 0
    outer loop
      vertex 29.1143 74.7706 0
      vertex 30.7176 76.0344 2
      vertex 29.1143 74.7706 2
    endloop
  endfacet
  facet normal 0.619052 -0.78535 0
    outer loop
      vertex 30.7176 76.0344 2
      vertex 29.1143 74.7706 0
      vertex 30.7176 76.0344 0
    endloop
  endfacet
  facet normal 0.488651 -0.872479 0
    outer loop
      vertex 32.415 77.1686 0
      vertex 34.1962 78.1662 2
      vertex 32.415 77.1686 2
    endloop
  endfacet
  facet normal 0.488651 -0.872479 0
    outer loop
      vertex 34.1962 78.1662 2
      vertex 32.415 77.1686 0
      vertex 34.1962 78.1662 0
    endloop
  endfacet
  facet normal 0.678813 -0.734311 0
    outer loop
      vertex 27.6152 73.3848 0
      vertex 29.1143 74.7706 2
      vertex 27.6152 73.3848 2
    endloop
  endfacet
  facet normal 0.678813 -0.734311 0
    outer loop
      vertex 29.1143 74.7706 2
      vertex 27.6152 73.3848 0
      vertex 29.1143 74.7706 0
    endloop
  endfacet
  facet normal 0.117557 -0.993066 0
    outer loop
      vertex 41.9327 80.6799 0
      vertex 43.9601 80.9199 2
      vertex 41.9327 80.6799 2
    endloop
  endfacet
  facet normal 0.117557 -0.993066 0
    outer loop
      vertex 43.9601 80.9199 2
      vertex 41.9327 80.6799 0
      vertex 43.9601 80.9199 0
    endloop
  endfacet
  facet normal -0.99923 0.0392364 0
    outer loop
      vertex 71.9199 52.9601 0
      vertex 72 55 2
      vertex 72 55 0
    endloop
  endfacet
  facet normal -0.99923 0.0392364 0
    outer loop
      vertex 72 55 2
      vertex 71.9199 52.9601 0
      vertex 71.9199 52.9601 2
    endloop
  endfacet
  facet normal -0.117557 0.993066 0
    outer loop
      vertex 50.0673 29.3201 0
      vertex 48.0399 29.0801 2
      vertex 50.0673 29.3201 2
    endloop
  endfacet
  facet normal -0.117557 0.993066 0
    outer loop
      vertex 48.0399 29.0801 2
      vertex 50.0673 29.3201 0
      vertex 48.0399 29.0801 0
    endloop
  endfacet
  facet normal -0.488651 0.872479 0
    outer loop
      vertex 59.585 32.8314 0
      vertex 57.8038 31.8338 2
      vertex 59.585 32.8314 2
    endloop
  endfacet
  facet normal -0.488651 0.872479 0
    outer loop
      vertex 57.8038 31.8338 2
      vertex 59.585 32.8314 0
      vertex 57.8038 31.8338 0
    endloop
  endfacet
  facet normal -0.678813 0.734311 0
    outer loop
      vertex 64.3848 36.6152 0
      vertex 62.8857 35.2294 2
      vertex 64.3848 36.6152 2
    endloop
  endfacet
  facet normal -0.678813 0.734311 0
    outer loop
      vertex 62.8857 35.2294 2
      vertex 64.3848 36.6152 0
      vertex 62.8857 35.2294 0
    endloop
  endfacet
  facet normal -0.872479 0.488651 0
    outer loop
      vertex 68.1686 41.415 0
      vertex 69.1662 43.1962 2
      vertex 69.1662 43.1962 0
    endloop
  endfacet
  facet normal -0.872479 0.488651 0
    outer loop
      vertex 69.1662 43.1962 2
      vertex 68.1686 41.415 0
      vertex 68.1686 41.415 2
    endloop
  endfacet
  facet normal 0.488651 0.872479 -0
    outer loop
      vertex 34.1962 31.8338 0
      vertex 32.415 32.8314 2
      vertex 34.1962 31.8338 2
    endloop
  endfacet
  facet normal 0.488651 0.872479 0
    outer loop
      vertex 32.415 32.8314 2
      vertex 34.1962 31.8338 0
      vertex 32.415 32.8314 0
    endloop
  endfacet
  facet normal 0.418657 0.908144 -0
    outer loop
      vertex 36.0502 30.9791 0
      vertex 34.1962 31.8338 2
      vertex 36.0502 30.9791 2
    endloop
  endfacet
  facet normal 0.418657 0.908144 0
    outer loop
      vertex 34.1962 31.8338 2
      vertex 36.0502 30.9791 0
      vertex 34.1962 31.8338 0
    endloop
  endfacet
  facet normal 0.0392364 0.99923 -0
    outer loop
      vertex 46 29 0
      vertex 43.9601 29.0801 2
      vertex 46 29 2
    endloop
  endfacet
  facet normal 0.0392364 0.99923 0
    outer loop
      vertex 43.9601 29.0801 2
      vertex 46 29 0
      vertex 43.9601 29.0801 0
    endloop
  endfacet
  facet normal 0.872479 0.488651 0
    outer loop
      vertex 23.8314 41.415 2
      vertex 22.8338 43.1962 0
      vertex 22.8338 43.1962 2
    endloop
  endfacet
  facet normal 0.872479 0.488651 0
    outer loop
      vertex 22.8338 43.1962 0
      vertex 23.8314 41.415 2
      vertex 23.8314 41.415 0
    endloop
  endfacet
  facet normal 0.78535 0.619052 0
    outer loop
      vertex 26.2294 38.1143 2
      vertex 24.9656 39.7176 0
      vertex 24.9656 39.7176 2
    endloop
  endfacet
  facet normal 0.78535 0.619052 0
    outer loop
      vertex 24.9656 39.7176 0
      vertex 26.2294 38.1143 2
      vertex 26.2294 38.1143 0
    endloop
  endfacet
  facet normal 0.993066 0.117557 0
    outer loop
      vertex 20.3201 50.9327 2
      vertex 20.0801 52.9601 0
      vertex 20.0801 52.9601 2
    endloop
  endfacet
  facet normal 0.993066 0.117557 0
    outer loop
      vertex 20.0801 52.9601 0
      vertex 20.3201 50.9327 2
      vertex 20.3201 50.9327 0
    endloop
  endfacet
  facet normal -0.938196 -0.346105 0
    outer loop
      vertex 70.7275 63.0344 0
      vertex 70.0209 64.9498 2
      vertex 70.0209 64.9498 0
    endloop
  endfacet
  facet normal -0.938196 -0.346105 0
    outer loop
      vertex 70.0209 64.9498 2
      vertex 70.7275 63.0344 0
      vertex 70.7275 63.0344 2
    endloop
  endfacet
  facet normal -0.78535 -0.619052 0
    outer loop
      vertex 67.0344 70.2824 0
      vertex 65.7706 71.8857 2
      vertex 65.7706 71.8857 0
    endloop
  endfacet
  facet normal -0.78535 -0.619052 0
    outer loop
      vertex 65.7706 71.8857 2
      vertex 67.0344 70.2824 0
      vertex 67.0344 70.2824 2
    endloop
  endfacet
  facet normal -0.831462 -0.555582 0
    outer loop
      vertex 68.1686 68.585 0
      vertex 67.0344 70.2824 2
      vertex 67.0344 70.2824 0
    endloop
  endfacet
  facet normal -0.831462 -0.555582 0
    outer loop
      vertex 67.0344 70.2824 2
      vertex 68.1686 68.585 0
      vertex 68.1686 68.585 2
    endloop
  endfacet
  facet normal -0.271426 -0.962459 0
    outer loop
      vertex 52.0696 80.2816 0
      vertex 54.0344 79.7275 2
      vertex 52.0696 80.2816 2
    endloop
  endfacet
  facet normal -0.271426 -0.962459 -0
    outer loop
      vertex 54.0344 79.7275 2
      vertex 52.0696 80.2816 0
      vertex 54.0344 79.7275 0
    endloop
  endfacet
  facet normal -0.195099 -0.980784 0
    outer loop
      vertex 50.0673 80.6799 0
      vertex 52.0696 80.2816 2
      vertex 50.0673 80.6799 2
    endloop
  endfacet
  facet normal -0.195099 -0.980784 -0
    outer loop
      vertex 52.0696 80.2816 2
      vertex 50.0673 80.6799 0
      vertex 52.0696 80.2816 0
    endloop
  endfacet
  facet normal -0.418657 -0.908144 0
    outer loop
      vertex 55.9498 79.0209 0
      vertex 57.8038 78.1662 2
      vertex 55.9498 79.0209 2
    endloop
  endfacet
  facet normal -0.418657 -0.908144 -0
    outer loop
      vertex 57.8038 78.1662 2
      vertex 55.9498 79.0209 0
      vertex 57.8038 78.1662 0
    endloop
  endfacet
  facet normal -0.555582 -0.831462 0
    outer loop
      vertex 59.585 77.1686 0
      vertex 61.2824 76.0344 2
      vertex 59.585 77.1686 2
    endloop
  endfacet
  facet normal -0.555582 -0.831462 -0
    outer loop
      vertex 61.2824 76.0344 2
      vertex 59.585 77.1686 0
      vertex 61.2824 76.0344 0
    endloop
  endfacet
  facet normal -0.619052 -0.78535 0
    outer loop
      vertex 61.2824 76.0344 0
      vertex 62.8857 74.7706 2
      vertex 61.2824 76.0344 2
    endloop
  endfacet
  facet normal -0.619052 -0.78535 -0
    outer loop
      vertex 62.8857 74.7706 2
      vertex 61.2824 76.0344 0
      vertex 62.8857 74.7706 0
    endloop
  endfacet
  facet normal 0.78535 -0.619052 0
    outer loop
      vertex 24.9656 70.2824 2
      vertex 26.2294 71.8857 0
      vertex 26.2294 71.8857 2
    endloop
  endfacet
  facet normal 0.78535 -0.619052 0
    outer loop
      vertex 26.2294 71.8857 0
      vertex 24.9656 70.2824 2
      vertex 24.9656 70.2824 0
    endloop
  endfacet
  facet normal 0.831462 -0.555582 0
    outer loop
      vertex 23.8314 68.585 2
      vertex 24.9656 70.2824 0
      vertex 24.9656 70.2824 2
    endloop
  endfacet
  facet normal 0.831462 -0.555582 0
    outer loop
      vertex 24.9656 70.2824 0
      vertex 23.8314 68.585 2
      vertex 23.8314 68.585 0
    endloop
  endfacet
  facet normal 0.962459 -0.271426 0
    outer loop
      vertex 20.7184 61.0696 2
      vertex 21.2725 63.0344 0
      vertex 21.2725 63.0344 2
    endloop
  endfacet
  facet normal 0.962459 -0.271426 0
    outer loop
      vertex 21.2725 63.0344 0
      vertex 20.7184 61.0696 2
      vertex 20.7184 61.0696 0
    endloop
  endfacet
  facet normal 0.980784 -0.195099 0
    outer loop
      vertex 20.3201 59.0673 2
      vertex 20.7184 61.0696 0
      vertex 20.7184 61.0696 2
    endloop
  endfacet
  facet normal 0.980784 -0.195099 0
    outer loop
      vertex 20.7184 61.0696 0
      vertex 20.3201 59.0673 2
      vertex 20.3201 59.0673 0
    endloop
  endfacet
  facet normal 0.99923 0.0392364 0
    outer loop
      vertex 20.0801 52.9601 2
      vertex 20 55 0
      vertex 20 55 2
    endloop
  endfacet
  facet normal 0.99923 0.0392364 0
    outer loop
      vertex 20 55 0
      vertex 20.0801 52.9601 2
      vertex 20.0801 52.9601 0
    endloop
  endfacet
  facet normal 0.555582 -0.831462 0
    outer loop
      vertex 30.7176 76.0344 0
      vertex 32.415 77.1686 2
      vertex 30.7176 76.0344 2
    endloop
  endfacet
  facet normal 0.555582 -0.831462 0
    outer loop
      vertex 32.415 77.1686 2
      vertex 30.7176 76.0344 0
      vertex 32.415 77.1686 0
    endloop
  endfacet
  facet normal 0.271426 -0.962459 0
    outer loop
      vertex 37.9656 79.7275 0
      vertex 39.9304 80.2816 2
      vertex 37.9656 79.7275 2
    endloop
  endfacet
  facet normal 0.271426 -0.962459 0
    outer loop
      vertex 39.9304 80.2816 2
      vertex 37.9656 79.7275 0
      vertex 39.9304 80.2816 0
    endloop
  endfacet
  facet normal 0.346105 -0.938196 0
    outer loop
      vertex 36.0502 79.0209 0
      vertex 37.9656 79.7275 2
      vertex 36.0502 79.0209 2
    endloop
  endfacet
  facet normal 0.346105 -0.938196 0
    outer loop
      vertex 37.9656 79.7275 2
      vertex 36.0502 79.0209 0
      vertex 37.9656 79.7275 0
    endloop
  endfacet
  facet normal -0.195099 0.980784 0
    outer loop
      vertex 52.0696 29.7184 0
      vertex 50.0673 29.3201 2
      vertex 52.0696 29.7184 2
    endloop
  endfacet
  facet normal -0.195099 0.980784 0
    outer loop
      vertex 50.0673 29.3201 2
      vertex 52.0696 29.7184 0
      vertex 50.0673 29.3201 0
    endloop
  endfacet
  facet normal -0.418657 0.908144 0
    outer loop
      vertex 57.8038 31.8338 0
      vertex 55.9498 30.9791 2
      vertex 57.8038 31.8338 2
    endloop
  endfacet
  facet normal -0.418657 0.908144 0
    outer loop
      vertex 55.9498 30.9791 2
      vertex 57.8038 31.8338 0
      vertex 55.9498 30.9791 0
    endloop
  endfacet
  facet normal -0.555582 0.831462 0
    outer loop
      vertex 61.2824 33.9656 0
      vertex 59.585 32.8314 2
      vertex 61.2824 33.9656 2
    endloop
  endfacet
  facet normal -0.555582 0.831462 0
    outer loop
      vertex 59.585 32.8314 2
      vertex 61.2824 33.9656 0
      vertex 59.585 32.8314 0
    endloop
  endfacet
  facet normal -0.78535 0.619052 0
    outer loop
      vertex 65.7706 38.1143 0
      vertex 67.0344 39.7176 2
      vertex 67.0344 39.7176 0
    endloop
  endfacet
  facet normal -0.78535 0.619052 0
    outer loop
      vertex 67.0344 39.7176 2
      vertex 65.7706 38.1143 0
      vertex 65.7706 38.1143 2
    endloop
  endfacet
  facet normal -0.938196 0.346105 0
    outer loop
      vertex 70.0209 45.0502 0
      vertex 70.7275 46.9656 2
      vertex 70.7275 46.9656 0
    endloop
  endfacet
  facet normal -0.938196 0.346105 0
    outer loop
      vertex 70.7275 46.9656 2
      vertex 70.0209 45.0502 0
      vertex 70.0209 45.0502 2
    endloop
  endfacet
  facet normal -0.993066 0.117557 0
    outer loop
      vertex 71.6799 50.9327 0
      vertex 71.9199 52.9601 2
      vertex 71.9199 52.9601 0
    endloop
  endfacet
  facet normal -0.993066 0.117557 0
    outer loop
      vertex 71.9199 52.9601 2
      vertex 71.6799 50.9327 0
      vertex 71.6799 50.9327 2
    endloop
  endfacet
  facet normal -0.962459 0.271426 0
    outer loop
      vertex 70.7275 46.9656 0
      vertex 71.2816 48.9304 2
      vertex 71.2816 48.9304 0
    endloop
  endfacet
  facet normal -0.962459 0.271426 0
    outer loop
      vertex 71.2816 48.9304 2
      vertex 70.7275 46.9656 0
      vertex 70.7275 46.9656 2
    endloop
  endfacet
  facet normal 0.619052 0.78535 -0
    outer loop
      vertex 30.7176 33.9656 0
      vertex 29.1143 35.2294 2
      vertex 30.7176 33.9656 2
    endloop
  endfacet
  facet normal 0.619052 0.78535 0
    outer loop
      vertex 29.1143 35.2294 2
      vertex 30.7176 33.9656 0
      vertex 29.1143 35.2294 0
    endloop
  endfacet
  facet normal 0.346105 0.938196 -0
    outer loop
      vertex 37.9656 30.2725 0
      vertex 36.0502 30.9791 2
      vertex 37.9656 30.2725 2
    endloop
  endfacet
  facet normal 0.346105 0.938196 0
    outer loop
      vertex 36.0502 30.9791 2
      vertex 37.9656 30.2725 0
      vertex 36.0502 30.9791 0
    endloop
  endfacet
  facet normal 0.117557 0.993066 -0
    outer loop
      vertex 43.9601 29.0801 0
      vertex 41.9327 29.3201 2
      vertex 43.9601 29.0801 2
    endloop
  endfacet
  facet normal 0.117557 0.993066 0
    outer loop
      vertex 41.9327 29.3201 2
      vertex 43.9601 29.0801 0
      vertex 41.9327 29.3201 0
    endloop
  endfacet
  facet normal -0.0392364 0.99923 0
    outer loop
      vertex 48.0399 29.0801 0
      vertex 46 29 2
      vertex 48.0399 29.0801 2
    endloop
  endfacet
  facet normal -0.0392364 0.99923 0
    outer loop
      vertex 46 29 2
      vertex 48.0399 29.0801 0
      vertex 46 29 0
    endloop
  endfacet
  facet normal 0.678813 0.734311 -0
    outer loop
      vertex 29.1143 35.2294 0
      vertex 27.6152 36.6152 2
      vertex 29.1143 35.2294 2
    endloop
  endfacet
  facet normal 0.678813 0.734311 0
    outer loop
      vertex 27.6152 36.6152 2
      vertex 29.1143 35.2294 0
      vertex 27.6152 36.6152 0
    endloop
  endfacet
  facet normal 0.831462 0.555582 0
    outer loop
      vertex 24.9656 39.7176 2
      vertex 23.8314 41.415 0
      vertex 23.8314 41.415 2
    endloop
  endfacet
  facet normal 0.831462 0.555582 0
    outer loop
      vertex 23.8314 41.415 0
      vertex 24.9656 39.7176 2
      vertex 24.9656 39.7176 0
    endloop
  endfacet
  facet normal 0.962459 0.271426 0
    outer loop
      vertex 21.2725 46.9656 2
      vertex 20.7184 48.9304 0
      vertex 20.7184 48.9304 2
    endloop
  endfacet
  facet normal 0.962459 0.271426 0
    outer loop
      vertex 20.7184 48.9304 0
      vertex 21.2725 46.9656 2
      vertex 21.2725 46.9656 0
    endloop
  endfacet
  facet normal 0.908144 0.418657 0
    outer loop
      vertex 22.8338 43.1962 2
      vertex 21.9791 45.0502 0
      vertex 21.9791 45.0502 2
    endloop
  endfacet
  facet normal 0.908144 0.418657 0
    outer loop
      vertex 21.9791 45.0502 0
      vertex 22.8338 43.1962 2
      vertex 22.8338 43.1962 0
    endloop
  endfacet
  facet normal 0.980784 0.195099 0
    outer loop
      vertex 20.7184 48.9304 2
      vertex 20.3201 50.9327 0
      vertex 20.3201 50.9327 2
    endloop
  endfacet
  facet normal 0.980784 0.195099 0
    outer loop
      vertex 20.3201 50.9327 0
      vertex 20.7184 48.9304 2
      vertex 20.7184 48.9304 0
    endloop
  endfacet
  facet normal -0.346105 0.938196 0
    outer loop
      vertex 55.9498 30.9791 0
      vertex 54.0344 30.2725 2
      vertex 55.9498 30.9791 2
    endloop
  endfacet
  facet normal -0.346105 0.938196 0
    outer loop
      vertex 54.0344 30.2725 2
      vertex 55.9498 30.9791 0
      vertex 54.0344 30.2725 0
    endloop
  endfacet
  facet normal -0.619052 0.78535 0
    outer loop
      vertex 62.8857 35.2294 0
      vertex 61.2824 33.9656 2
      vertex 62.8857 35.2294 2
    endloop
  endfacet
  facet normal -0.619052 0.78535 0
    outer loop
      vertex 61.2824 33.9656 2
      vertex 62.8857 35.2294 0
      vertex 61.2824 33.9656 0
    endloop
  endfacet
  facet normal -0.831462 0.555582 0
    outer loop
      vertex 67.0344 39.7176 0
      vertex 68.1686 41.415 2
      vertex 68.1686 41.415 0
    endloop
  endfacet
  facet normal -0.831462 0.555582 0
    outer loop
      vertex 68.1686 41.415 2
      vertex 67.0344 39.7176 0
      vertex 67.0344 39.7176 2
    endloop
  endfacet
  facet normal -0.980784 0.195099 0
    outer loop
      vertex 71.2816 48.9304 0
      vertex 71.6799 50.9327 2
      vertex 71.6799 50.9327 0
    endloop
  endfacet
  facet normal -0.980784 0.195099 0
    outer loop
      vertex 71.6799 50.9327 2
      vertex 71.2816 48.9304 0
      vertex 71.2816 48.9304 2
    endloop
  endfacet
  facet normal 0.555582 0.831462 -0
    outer loop
      vertex 32.415 32.8314 0
      vertex 30.7176 33.9656 2
      vertex 32.415 32.8314 2
    endloop
  endfacet
  facet normal 0.555582 0.831462 0
    outer loop
      vertex 30.7176 33.9656 2
      vertex 32.415 32.8314 0
      vertex 30.7176 33.9656 0
    endloop
  endfacet
  facet normal 0.195099 0.980784 -0
    outer loop
      vertex 41.9327 29.3201 0
      vertex 39.9304 29.7184 2
      vertex 41.9327 29.3201 2
    endloop
  endfacet
  facet normal 0.195099 0.980784 0
    outer loop
      vertex 39.9304 29.7184 2
      vertex 41.9327 29.3201 0
      vertex 39.9304 29.7184 0
    endloop
  endfacet
  facet normal 0.938196 0.346105 0
    outer loop
      vertex 21.9791 45.0502 2
      vertex 21.2725 46.9656 0
      vertex 21.2725 46.9656 2
    endloop
  endfacet
  facet normal 0.938196 0.346105 0
    outer loop
      vertex 21.2725 46.9656 0
      vertex 21.9791 45.0502 2
      vertex 21.9791 45.0502 0
    endloop
  endfacet
  facet normal -0.999228 -0.0392806 0
    outer loop
      vertex 73.3 55 2
      vertex 73.2158 57.1419 4
      vertex 73.2158 57.1419 2
    endloop
  endfacet
  facet normal -0.999228 -0.0392806 0
    outer loop
      vertex 73.2158 57.1419 4
      vertex 73.3 55 2
      vertex 73.3 55 4
    endloop
  endfacet
  facet normal 0.0392806 -0.999228 0
    outer loop
      vertex 43.8581 82.2158 2
      vertex 46 82.3 4
      vertex 43.8581 82.2158 4
    endloop
  endfacet
  facet normal 0.0392806 -0.999228 0
    outer loop
      vertex 46 82.3 4
      vertex 43.8581 82.2158 2
      vertex 46 82.3 2
    endloop
  endfacet
  facet normal 0.678805 0.734319 -0
    outer loop
      vertex 28.2701 34.2409 2
      vertex 26.696 35.696 4
      vertex 28.2701 34.2409 4
    endloop
  endfacet
  facet normal 0.678805 0.734319 0
    outer loop
      vertex 26.696 35.696 4
      vertex 28.2701 34.2409 2
      vertex 26.696 35.696 2
    endloop
  endfacet
  facet normal -0.678805 -0.734319 0
    outer loop
      vertex 63.7299 75.7591 2
      vertex 65.304 74.304 4
      vertex 63.7299 75.7591 4
    endloop
  endfacet
  facet normal -0.678805 -0.734319 -0
    outer loop
      vertex 65.304 74.304 4
      vertex 63.7299 75.7591 2
      vertex 65.304 74.304 2
    endloop
  endfacet
  facet normal 0.734319 -0.678805 0
    outer loop
      vertex 25.2409 72.7299 4
      vertex 26.696 74.304 2
      vertex 26.696 74.304 4
    endloop
  endfacet
  facet normal 0.734319 -0.678805 0
    outer loop
      vertex 26.696 74.304 2
      vertex 25.2409 72.7299 4
      vertex 25.2409 72.7299 2
    endloop
  endfacet
  facet normal 0.418662 -0.908142 0
    outer loop
      vertex 33.6061 79.3245 2
      vertex 35.5527 80.2219 4
      vertex 33.6061 79.3245 4
    endloop
  endfacet
  facet normal 0.418662 -0.908142 0
    outer loop
      vertex 35.5527 80.2219 4
      vertex 33.6061 79.3245 2
      vertex 35.5527 80.2219 2
    endloop
  endfacet
  facet normal 0.938196 0.346103 0
    outer loop
      vertex 20.7781 44.5527 4
      vertex 20.0362 46.5638 2
      vertex 20.0362 46.5638 4
    endloop
  endfacet
  facet normal 0.938196 0.346103 0
    outer loop
      vertex 20.0362 46.5638 2
      vertex 20.7781 44.5527 4
      vertex 20.7781 44.5527 2
    endloop
  endfacet
  facet normal -0.908142 -0.418662 0
    outer loop
      vertex 71.2219 65.4473 2
      vertex 70.3245 67.3939 4
      vertex 70.3245 67.3939 2
    endloop
  endfacet
  facet normal -0.908142 -0.418662 0
    outer loop
      vertex 70.3245 67.3939 4
      vertex 71.2219 65.4473 2
      vertex 71.2219 65.4473 4
    endloop
  endfacet
  facet normal -0.346103 -0.938196 0
    outer loop
      vertex 54.4362 80.9638 2
      vertex 56.4473 80.2219 4
      vertex 54.4362 80.9638 4
    endloop
  endfacet
  facet normal -0.346103 -0.938196 -0
    outer loop
      vertex 56.4473 80.2219 4
      vertex 54.4362 80.9638 2
      vertex 56.4473 80.2219 2
    endloop
  endfacet
  facet normal 0.8725 -0.488615 0
    outer loop
      vertex 21.6755 67.3939 4
      vertex 22.7229 69.2642 2
      vertex 22.7229 69.2642 4
    endloop
  endfacet
  facet normal 0.8725 -0.488615 0
    outer loop
      vertex 22.7229 69.2642 2
      vertex 21.6755 67.3939 4
      vertex 21.6755 67.3939 2
    endloop
  endfacet
  facet normal 0.831468 -0.555572 0
    outer loop
      vertex 22.7229 69.2642 4
      vertex 23.9138 71.0465 2
      vertex 23.9138 71.0465 4
    endloop
  endfacet
  facet normal 0.831468 -0.555572 0
    outer loop
      vertex 23.9138 71.0465 2
      vertex 22.7229 69.2642 4
      vertex 22.7229 69.2642 2
    endloop
  endfacet
  facet normal 0.27146 -0.96245 0
    outer loop
      vertex 37.5638 80.9638 2
      vertex 39.6269 81.5457 4
      vertex 37.5638 80.9638 4
    endloop
  endfacet
  facet normal 0.27146 -0.96245 0
    outer loop
      vertex 39.6269 81.5457 4
      vertex 37.5638 80.9638 2
      vertex 39.6269 81.5457 2
    endloop
  endfacet
  facet normal -0.8725 0.488615 0
    outer loop
      vertex 69.2771 40.7358 2
      vertex 70.3245 42.6061 4
      vertex 70.3245 42.6061 2
    endloop
  endfacet
  facet normal -0.8725 0.488615 0
    outer loop
      vertex 70.3245 42.6061 4
      vertex 69.2771 40.7358 2
      vertex 69.2771 40.7358 4
    endloop
  endfacet
  facet normal -0.346103 0.938196 0
    outer loop
      vertex 56.4473 29.7781 2
      vertex 54.4362 29.0362 4
      vertex 56.4473 29.7781 4
    endloop
  endfacet
  facet normal -0.346103 0.938196 0
    outer loop
      vertex 54.4362 29.0362 4
      vertex 56.4473 29.7781 2
      vertex 54.4362 29.0362 2
    endloop
  endfacet
  facet normal -0.734319 0.678805 0
    outer loop
      vertex 65.304 35.696 2
      vertex 66.7591 37.2701 4
      vertex 66.7591 37.2701 2
    endloop
  endfacet
  facet normal -0.734319 0.678805 0
    outer loop
      vertex 66.7591 37.2701 4
      vertex 65.304 35.696 2
      vertex 65.304 35.696 4
    endloop
  endfacet
  facet normal 0.27146 0.96245 -0
    outer loop
      vertex 39.6269 28.4543 2
      vertex 37.5638 29.0362 4
      vertex 39.6269 28.4543 4
    endloop
  endfacet
  facet normal 0.27146 0.96245 0
    outer loop
      vertex 37.5638 29.0362 4
      vertex 39.6269 28.4543 2
      vertex 37.5638 29.0362 2
    endloop
  endfacet
  facet normal 0.734319 0.678805 0
    outer loop
      vertex 26.696 35.696 4
      vertex 25.2409 37.2701 2
      vertex 25.2409 37.2701 4
    endloop
  endfacet
  facet normal 0.734319 0.678805 0
    outer loop
      vertex 25.2409 37.2701 2
      vertex 26.696 35.696 4
      vertex 26.696 35.696 2
    endloop
  endfacet
  facet normal -0.96245 -0.27146 0
    outer loop
      vertex 72.5457 61.3731 2
      vertex 71.9638 63.4362 4
      vertex 71.9638 63.4362 2
    endloop
  endfacet
  facet normal -0.96245 -0.27146 0
    outer loop
      vertex 71.9638 63.4362 4
      vertex 72.5457 61.3731 2
      vertex 72.5457 61.3731 4
    endloop
  endfacet
  facet normal -0.938196 -0.346103 0
    outer loop
      vertex 71.9638 63.4362 2
      vertex 71.2219 65.4473 4
      vertex 71.2219 65.4473 2
    endloop
  endfacet
  facet normal -0.938196 -0.346103 0
    outer loop
      vertex 71.2219 65.4473 4
      vertex 71.9638 63.4362 2
      vertex 71.9638 63.4362 4
    endloop
  endfacet
  facet normal -0.8725 -0.488615 0
    outer loop
      vertex 70.3245 67.3939 2
      vertex 69.2771 69.2642 4
      vertex 69.2771 69.2642 2
    endloop
  endfacet
  facet normal -0.8725 -0.488615 0
    outer loop
      vertex 69.2771 69.2642 4
      vertex 70.3245 67.3939 2
      vertex 70.3245 67.3939 4
    endloop
  endfacet
  facet normal -0.11751 -0.993072 0
    outer loop
      vertex 48.1419 82.2158 2
      vertex 50.2707 81.9639 4
      vertex 48.1419 82.2158 4
    endloop
  endfacet
  facet normal -0.11751 -0.993072 -0
    outer loop
      vertex 50.2707 81.9639 4
      vertex 48.1419 82.2158 2
      vertex 50.2707 81.9639 2
    endloop
  endfacet
  facet normal -0.27146 -0.96245 0
    outer loop
      vertex 52.3731 81.5457 2
      vertex 54.4362 80.9638 4
      vertex 52.3731 81.5457 4
    endloop
  endfacet
  facet normal -0.27146 -0.96245 -0
    outer loop
      vertex 54.4362 80.9638 4
      vertex 52.3731 81.5457 2
      vertex 54.4362 80.9638 2
    endloop
  endfacet
  facet normal -0.0392806 -0.999228 0
    outer loop
      vertex 46 82.3 2
      vertex 48.1419 82.2158 4
      vertex 46 82.3 4
    endloop
  endfacet
  facet normal -0.0392806 -0.999228 -0
    outer loop
      vertex 48.1419 82.2158 4
      vertex 46 82.3 2
      vertex 48.1419 82.2158 2
    endloop
  endfacet
  facet normal -0.555572 -0.831468 0
    outer loop
      vertex 60.2642 78.2771 2
      vertex 62.0465 77.0862 4
      vertex 60.2642 78.2771 4
    endloop
  endfacet
  facet normal -0.555572 -0.831468 -0
    outer loop
      vertex 62.0465 77.0862 4
      vertex 60.2642 78.2771 2
      vertex 62.0465 77.0862 2
    endloop
  endfacet
  facet normal -0.418662 -0.908142 0
    outer loop
      vertex 56.4473 80.2219 2
      vertex 58.3939 79.3245 4
      vertex 56.4473 80.2219 4
    endloop
  endfacet
  facet normal -0.418662 -0.908142 -0
    outer loop
      vertex 58.3939 79.3245 4
      vertex 56.4473 80.2219 2
      vertex 58.3939 79.3245 2
    endloop
  endfacet
  facet normal -0.619098 -0.785314 0
    outer loop
      vertex 62.0465 77.0862 2
      vertex 63.7299 75.7591 4
      vertex 62.0465 77.0862 4
    endloop
  endfacet
  facet normal -0.619098 -0.785314 -0
    outer loop
      vertex 63.7299 75.7591 4
      vertex 62.0465 77.0862 2
      vertex 63.7299 75.7591 2
    endloop
  endfacet
  facet normal 0 0 1
    outer loop
      vertex 72 55 2
      vertex 73.3 55 2
      vertex 73.2158 57.1419 2
    endloop
  endfacet
  facet normal 0 0 1
    outer loop
      vertex 71.9199 57.0399 2
      vertex 73.2158 57.1419 2
      vertex 72.9639 59.2707 2
    endloop
  endfacet
  facet normal 0 0 1
    outer loop
      vertex 73.3 55 2
      vertex 72 55 2
      vertex 73.2158 52.8581 2
    endloop
  endfacet
  facet normal 0 0 1
    outer loop
      vertex 71.6799 59.0673 2
      vertex 72.9639 59.2707 2
      vertex 72.5457 61.3731 2
    endloop
  endfacet
  facet normal -0 0 1
    outer loop
      vertex 71.9199 52.9601 2
      vertex 73.2158 52.8581 2
      vertex 72 55 2
    endloop
  endfacet
  facet normal 0 0 1
    outer loop
      vertex 73.2158 52.8581 2
      vertex 71.9199 52.9601 2
      vertex 72.9639 50.7293 2
    endloop
  endfacet
  facet normal 0 0 1
    outer loop
      vertex 71.2816 61.0696 2
      vertex 72.5457 61.3731 2
      vertex 71.9638 63.4362 2
    endloop
  endfacet
  facet normal 0 0 1
    outer loop
      vertex 73.2158 57.1419 2
      vertex 71.9199 57.0399 2
      vertex 72 55 2
    endloop
  endfacet
  facet normal 0 0 1
    outer loop
      vertex 72.9639 59.2707 2
      vertex 71.6799 59.0673 2
      vertex 71.9199 57.0399 2
    endloop
  endfacet
  facet normal 0 0 1
    outer loop
      vertex 72.5457 61.3731 2
      vertex 71.2816 61.0696 2
      vertex 71.6799 59.0673 2
    endloop
  endfacet
  facet normal 0 0 1
    outer loop
      vertex 70.7275 63.0344 2
      vertex 71.9638 63.4362 2
      vertex 71.2219 65.4473 2
    endloop
  endfacet
  facet normal 0 0 1
    outer loop
      vertex 71.9638 63.4362 2
      vertex 70.7275 63.0344 2
      vertex 71.2816 61.0696 2
    endloop
  endfacet
  facet normal 0 0 1
    outer loop
      vertex 70.0209 64.9498 2
      vertex 71.2219 65.4473 2
      vertex 70.3245 67.3939 2
    endloop
  endfacet
  facet normal 0 0 1
    outer loop
      vertex 71.2219 65.4473 2
      vertex 70.0209 64.9498 2
      vertex 70.7275 63.0344 2
    endloop
  endfacet
  facet normal 0 0 1
    outer loop
      vertex 69.1662 66.8038 2
      vertex 70.3245 67.3939 2
      vertex 69.2771 69.2642 2
    endloop
  endfacet
  facet normal 0 0 1
    outer loop
      vertex 70.3245 67.3939 2
      vertex 69.1662 66.8038 2
      vertex 70.0209 64.9498 2
    endloop
  endfacet
  facet normal 0 0 1
    outer loop
      vertex 69.2771 69.2642 2
      vertex 68.1686 68.585 2
      vertex 69.1662 66.8038 2
    endloop
  endfacet
  facet normal 0 0 1
    outer loop
      vertex 68.0862 71.0465 2
      vertex 68.1686 68.585 2
      vertex 69.2771 69.2642 2
    endloop
  endfacet
  facet normal 0 0 1
    outer loop
      vertex 68.0862 71.0465 2
      vertex 67.0344 70.2824 2
      vertex 68.1686 68.585 2
    endloop
  endfacet
  facet normal 0 0 1
    outer loop
      vertex 66.7591 72.7299 2
      vertex 67.0344 70.2824 2
      vertex 68.0862 71.0465 2
    endloop
  endfacet
  facet normal 0 0 1
    outer loop
      vertex 66.7591 72.7299 2
      vertex 65.7706 71.8857 2
      vertex 67.0344 70.2824 2
    endloop
  endfacet
  facet normal 0 0 1
    outer loop
      vertex 65.304 74.304 2
      vertex 65.7706 71.8857 2
      vertex 66.7591 72.7299 2
    endloop
  endfacet
  facet normal 0 0 1
    outer loop
      vertex 65.304 74.304 2
      vertex 64.3848 73.3848 2
      vertex 65.7706 71.8857 2
    endloop
  endfacet
  facet normal 0 0 1
    outer loop
      vertex 63.7299 75.7591 2
      vertex 64.3848 73.3848 2
      vertex 65.304 74.304 2
    endloop
  endfacet
  facet normal 0 0 1
    outer loop
      vertex 63.7299 75.7591 2
      vertex 62.8857 74.7706 2
      vertex 64.3848 73.3848 2
    endloop
  endfacet
  facet normal 0 0 1
    outer loop
      vertex 62.0465 77.0862 2
      vertex 62.8857 74.7706 2
      vertex 63.7299 75.7591 2
    endloop
  endfacet
  facet normal 0 0 1
    outer loop
      vertex 62.0465 77.0862 2
      vertex 61.2824 76.0344 2
      vertex 62.8857 74.7706 2
    endloop
  endfacet
  facet normal 0 0 1
    outer loop
      vertex 60.2642 78.2771 2
      vertex 61.2824 76.0344 2
      vertex 62.0465 77.0862 2
    endloop
  endfacet
  facet normal 0 0 1
    outer loop
      vertex 60.2642 78.2771 2
      vertex 59.585 77.1686 2
      vertex 61.2824 76.0344 2
    endloop
  endfacet
  facet normal 0 0 1
    outer loop
      vertex 58.3939 79.3245 2
      vertex 59.585 77.1686 2
      vertex 60.2642 78.2771 2
    endloop
  endfacet
  facet normal 0 0 1
    outer loop
      vertex 58.3939 79.3245 2
      vertex 57.8038 78.1662 2
      vertex 59.585 77.1686 2
    endloop
  endfacet
  facet normal 0 0 1
    outer loop
      vertex 56.4473 80.2219 2
      vertex 57.8038 78.1662 2
      vertex 58.3939 79.3245 2
    endloop
  endfacet
  facet normal 0 0 1
    outer loop
      vertex 56.4473 80.2219 2
      vertex 55.9498 79.0209 2
      vertex 57.8038 78.1662 2
    endloop
  endfacet
  facet normal 0 0 1
    outer loop
      vertex 54.4362 80.9638 2
      vertex 55.9498 79.0209 2
      vertex 56.4473 80.2219 2
    endloop
  endfacet
  facet normal 0 0 1
    outer loop
      vertex 54.4362 80.9638 2
      vertex 54.0344 79.7275 2
      vertex 55.9498 79.0209 2
    endloop
  endfacet
  facet normal 0 0 1
    outer loop
      vertex 52.3731 81.5457 2
      vertex 54.0344 79.7275 2
      vertex 54.4362 80.9638 2
    endloop
  endfacet
  facet normal 0 0 1
    outer loop
      vertex 52.3731 81.5457 2
      vertex 52.0696 80.2816 2
      vertex 54.0344 79.7275 2
    endloop
  endfacet
  facet normal 0 0 1
    outer loop
      vertex 50.2707 81.9639 2
      vertex 52.0696 80.2816 2
      vertex 52.3731 81.5457 2
    endloop
  endfacet
  facet normal 0 0 1
    outer loop
      vertex 50.2707 81.9639 2
      vertex 50.0673 80.6799 2
      vertex 52.0696 80.2816 2
    endloop
  endfacet
  facet normal 0 0 1
    outer loop
      vertex 48.1419 82.2158 2
      vertex 50.0673 80.6799 2
      vertex 50.2707 81.9639 2
    endloop
  endfacet
  facet normal 0 0 1
    outer loop
      vertex 48.1419 82.2158 2
      vertex 48.0399 80.9199 2
      vertex 50.0673 80.6799 2
    endloop
  endfacet
  facet normal 0 0 1
    outer loop
      vertex 46 82.3 2
      vertex 48.0399 80.9199 2
      vertex 48.1419 82.2158 2
    endloop
  endfacet
  facet normal 0 0 1
    outer loop
      vertex 46 82.3 2
      vertex 46 81 2
      vertex 48.0399 80.9199 2
    endloop
  endfacet
  facet normal 0 0 1
    outer loop
      vertex 46 82.3 2
      vertex 43.9601 80.9199 2
      vertex 46 81 2
    endloop
  endfacet
  facet normal -0 0 1
    outer loop
      vertex 43.8581 82.2158 2
      vertex 43.9601 80.9199 2
      vertex 46 82.3 2
    endloop
  endfacet
  facet normal 0 0 1
    outer loop
      vertex 43.8581 82.2158 2
      vertex 41.9327 80.6799 2
      vertex 43.9601 80.9199 2
    endloop
  endfacet
  facet normal -0 0 1
    outer loop
      vertex 41.7293 81.9639 2
      vertex 41.9327 80.6799 2
      vertex 43.8581 82.2158 2
    endloop
  endfacet
  facet normal 0 0 1
    outer loop
      vertex 41.7293 81.9639 2
      vertex 39.9304 80.2816 2
      vertex 41.9327 80.6799 2
    endloop
  endfacet
  facet normal -0 0 1
    outer loop
      vertex 39.6269 81.5457 2
      vertex 39.9304 80.2816 2
      vertex 41.7293 81.9639 2
    endloop
  endfacet
  facet normal 0 0 1
    outer loop
      vertex 39.6269 81.5457 2
      vertex 37.9656 79.7275 2
      vertex 39.9304 80.2816 2
    endloop
  endfacet
  facet normal -0 0 1
    outer loop
      vertex 37.5638 80.9638 2
      vertex 37.9656 79.7275 2
      vertex 39.6269 81.5457 2
    endloop
  endfacet
  facet normal 0 0 1
    outer loop
      vertex 37.5638 80.9638 2
      vertex 36.0502 79.0209 2
      vertex 37.9656 79.7275 2
    endloop
  endfacet
  facet normal -0 0 1
    outer loop
      vertex 35.5527 80.2219 2
      vertex 36.0502 79.0209 2
      vertex 37.5638 80.9638 2
    endloop
  endfacet
  facet normal 0 0 1
    outer loop
      vertex 35.5527 80.2219 2
      vertex 34.1962 78.1662 2
      vertex 36.0502 79.0209 2
    endloop
  endfacet
  facet normal -0 0 1
    outer loop
      vertex 33.6061 79.3245 2
      vertex 34.1962 78.1662 2
      vertex 35.5527 80.2219 2
    endloop
  endfacet
  facet normal 0 0 1
    outer loop
      vertex 33.6061 79.3245 2
      vertex 32.415 77.1686 2
      vertex 34.1962 78.1662 2
    endloop
  endfacet
  facet normal -0 0 1
    outer loop
      vertex 31.7358 78.2771 2
      vertex 32.415 77.1686 2
      vertex 33.6061 79.3245 2
    endloop
  endfacet
  facet normal 0 0 1
    outer loop
      vertex 31.7358 78.2771 2
      vertex 30.7176 76.0344 2
      vertex 32.415 77.1686 2
    endloop
  endfacet
  facet normal -0 0 1
    outer loop
      vertex 29.9535 77.0862 2
      vertex 30.7176 76.0344 2
      vertex 31.7358 78.2771 2
    endloop
  endfacet
  facet normal 0 0 1
    outer loop
      vertex 29.9535 77.0862 2
      vertex 29.1143 74.7706 2
      vertex 30.7176 76.0344 2
    endloop
  endfacet
  facet normal -0 0 1
    outer loop
      vertex 28.2701 75.7591 2
      vertex 29.1143 74.7706 2
      vertex 29.9535 77.0862 2
    endloop
  endfacet
  facet normal 0 0 1
    outer loop
      vertex 28.2701 75.7591 2
      vertex 27.6152 73.3848 2
      vertex 29.1143 74.7706 2
    endloop
  endfacet
  facet normal -0 0 1
    outer loop
      vertex 26.696 74.304 2
      vertex 27.6152 73.3848 2
      vertex 28.2701 75.7591 2
    endloop
  endfacet
  facet normal 0 0 1
    outer loop
      vertex 26.696 74.304 2
      vertex 26.2294 71.8857 2
      vertex 27.6152 73.3848 2
    endloop
  endfacet
  facet normal -0 0 1
    outer loop
      vertex 25.2409 72.7299 2
      vertex 26.2294 71.8857 2
      vertex 26.696 74.304 2
    endloop
  endfacet
  facet normal 0 0 1
    outer loop
      vertex 25.2409 72.7299 2
      vertex 24.9656 70.2824 2
      vertex 26.2294 71.8857 2
    endloop
  endfacet
  facet normal -0 0 1
    outer loop
      vertex 23.9138 71.0465 2
      vertex 24.9656 70.2824 2
      vertex 25.2409 72.7299 2
    endloop
  endfacet
  facet normal 0 0 1
    outer loop
      vertex 23.9138 71.0465 2
      vertex 23.8314 68.585 2
      vertex 24.9656 70.2824 2
    endloop
  endfacet
  facet normal -0 0 1
    outer loop
      vertex 22.7229 69.2642 2
      vertex 23.8314 68.585 2
      vertex 23.9138 71.0465 2
    endloop
  endfacet
  facet normal 0 0 1
    outer loop
      vertex 23.8314 68.585 2
      vertex 22.7229 69.2642 2
      vertex 22.8338 66.8038 2
    endloop
  endfacet
  facet normal -0 0 1
    outer loop
      vertex 21.6755 67.3939 2
      vertex 22.8338 66.8038 2
      vertex 22.7229 69.2642 2
    endloop
  endfacet
  facet normal 0 0 1
    outer loop
      vertex 22.8338 66.8038 2
      vertex 21.6755 67.3939 2
      vertex 21.9791 64.9498 2
    endloop
  endfacet
  facet normal -0 0 1
    outer loop
      vertex 20.7781 65.4473 2
      vertex 21.9791 64.9498 2
      vertex 21.6755 67.3939 2
    endloop
  endfacet
  facet normal 0 0 1
    outer loop
      vertex 21.9791 64.9498 2
      vertex 20.7781 65.4473 2
      vertex 21.2725 63.0344 2
    endloop
  endfacet
  facet normal -0 0 1
    outer loop
      vertex 20.0362 63.4362 2
      vertex 21.2725 63.0344 2
      vertex 20.7781 65.4473 2
    endloop
  endfacet
  facet normal 0 0 1
    outer loop
      vertex 21.2725 63.0344 2
      vertex 20.0362 63.4362 2
      vertex 20.7184 61.0696 2
    endloop
  endfacet
  facet normal -0 0 1
    outer loop
      vertex 19.4543 61.3731 2
      vertex 20.7184 61.0696 2
      vertex 20.0362 63.4362 2
    endloop
  endfacet
  facet normal 0 0 1
    outer loop
      vertex 20.7184 61.0696 2
      vertex 19.4543 61.3731 2
      vertex 20.3201 59.0673 2
    endloop
  endfacet
  facet normal -0 0 1
    outer loop
      vertex 19.0361 59.2707 2
      vertex 20.3201 59.0673 2
      vertex 19.4543 61.3731 2
    endloop
  endfacet
  facet normal 0 0 1
    outer loop
      vertex 20.3201 59.0673 2
      vertex 19.0361 59.2707 2
      vertex 20.0801 57.0399 2
    endloop
  endfacet
  facet normal -0 0 1
    outer loop
      vertex 71.6799 50.9327 2
      vertex 72.9639 50.7293 2
      vertex 71.9199 52.9601 2
    endloop
  endfacet
  facet normal 0 0 1
    outer loop
      vertex 72.9639 50.7293 2
      vertex 71.6799 50.9327 2
      vertex 72.5457 48.6269 2
    endloop
  endfacet
  facet normal -0 0 1
    outer loop
      vertex 71.2816 48.9304 2
      vertex 72.5457 48.6269 2
      vertex 71.6799 50.9327 2
    endloop
  endfacet
  facet normal 0 0 1
    outer loop
      vertex 72.5457 48.6269 2
      vertex 71.2816 48.9304 2
      vertex 71.9638 46.5638 2
    endloop
  endfacet
  facet normal -0 0 1
    outer loop
      vertex 70.7275 46.9656 2
      vertex 71.9638 46.5638 2
      vertex 71.2816 48.9304 2
    endloop
  endfacet
  facet normal 0 0 1
    outer loop
      vertex 71.9638 46.5638 2
      vertex 70.7275 46.9656 2
      vertex 71.2219 44.5527 2
    endloop
  endfacet
  facet normal -0 0 1
    outer loop
      vertex 70.0209 45.0502 2
      vertex 71.2219 44.5527 2
      vertex 70.7275 46.9656 2
    endloop
  endfacet
  facet normal 0 0 1
    outer loop
      vertex 71.2219 44.5527 2
      vertex 70.0209 45.0502 2
      vertex 70.3245 42.6061 2
    endloop
  endfacet
  facet normal -0 0 1
    outer loop
      vertex 69.1662 43.1962 2
      vertex 70.3245 42.6061 2
      vertex 70.0209 45.0502 2
    endloop
  endfacet
  facet normal 0 0 1
    outer loop
      vertex 70.3245 42.6061 2
      vertex 69.1662 43.1962 2
      vertex 69.2771 40.7358 2
    endloop
  endfacet
  facet normal -0 0 1
    outer loop
      vertex 68.1686 41.415 2
      vertex 69.2771 40.7358 2
      vertex 69.1662 43.1962 2
    endloop
  endfacet
  facet normal 0 0 1
    outer loop
      vertex 68.1686 41.415 2
      vertex 68.0862 38.9535 2
      vertex 69.2771 40.7358 2
    endloop
  endfacet
  facet normal -0 0 1
    outer loop
      vertex 67.0344 39.7176 2
      vertex 68.0862 38.9535 2
      vertex 68.1686 41.415 2
    endloop
  endfacet
  facet normal 0 0 1
    outer loop
      vertex 67.0344 39.7176 2
      vertex 66.7591 37.2701 2
      vertex 68.0862 38.9535 2
    endloop
  endfacet
  facet normal -0 0 1
    outer loop
      vertex 65.7706 38.1143 2
      vertex 66.7591 37.2701 2
      vertex 67.0344 39.7176 2
    endloop
  endfacet
  facet normal 0 0 1
    outer loop
      vertex 65.7706 38.1143 2
      vertex 65.304 35.696 2
      vertex 66.7591 37.2701 2
    endloop
  endfacet
  facet normal -0 0 1
    outer loop
      vertex 64.3848 36.6152 2
      vertex 65.304 35.696 2
      vertex 65.7706 38.1143 2
    endloop
  endfacet
  facet normal 0 0 1
    outer loop
      vertex 64.3848 36.6152 2
      vertex 63.7299 34.2409 2
      vertex 65.304 35.696 2
    endloop
  endfacet
  facet normal -0 0 1
    outer loop
      vertex 62.8857 35.2294 2
      vertex 63.7299 34.2409 2
      vertex 64.3848 36.6152 2
    endloop
  endfacet
  facet normal 0 0 1
    outer loop
      vertex 62.8857 35.2294 2
      vertex 62.0465 32.9138 2
      vertex 63.7299 34.2409 2
    endloop
  endfacet
  facet normal -0 0 1
    outer loop
      vertex 61.2824 33.9656 2
      vertex 62.0465 32.9138 2
      vertex 62.8857 35.2294 2
    endloop
  endfacet
  facet normal 0 0 1
    outer loop
      vertex 61.2824 33.9656 2
      vertex 60.2642 31.7229 2
      vertex 62.0465 32.9138 2
    endloop
  endfacet
  facet normal -0 0 1
    outer loop
      vertex 59.585 32.8314 2
      vertex 60.2642 31.7229 2
      vertex 61.2824 33.9656 2
    endloop
  endfacet
  facet normal 0 0 1
    outer loop
      vertex 59.585 32.8314 2
      vertex 58.3939 30.6755 2
      vertex 60.2642 31.7229 2
    endloop
  endfacet
  facet normal -0 0 1
    outer loop
      vertex 57.8038 31.8338 2
      vertex 58.3939 30.6755 2
      vertex 59.585 32.8314 2
    endloop
  endfacet
  facet normal 0 0 1
    outer loop
      vertex 57.8038 31.8338 2
      vertex 56.4473 29.7781 2
      vertex 58.3939 30.6755 2
    endloop
  endfacet
  facet normal -0 0 1
    outer loop
      vertex 55.9498 30.9791 2
      vertex 56.4473 29.7781 2
      vertex 57.8038 31.8338 2
    endloop
  endfacet
  facet normal 0 0 1
    outer loop
      vertex 55.9498 30.9791 2
      vertex 54.4362 29.0362 2
      vertex 56.4473 29.7781 2
    endloop
  endfacet
  facet normal -0 0 1
    outer loop
      vertex 54.0344 30.2725 2
      vertex 54.4362 29.0362 2
      vertex 55.9498 30.9791 2
    endloop
  endfacet
  facet normal 0 0 1
    outer loop
      vertex 54.0344 30.2725 2
      vertex 52.3731 28.4543 2
      vertex 54.4362 29.0362 2
    endloop
  endfacet
  facet normal -0 0 1
    outer loop
      vertex 52.0696 29.7184 2
      vertex 52.3731 28.4543 2
      vertex 54.0344 30.2725 2
    endloop
  endfacet
  facet normal 0 0 1
    outer loop
      vertex 52.0696 29.7184 2
      vertex 50.2707 28.0361 2
      vertex 52.3731 28.4543 2
    endloop
  endfacet
  facet normal -0 0 1
    outer loop
      vertex 50.0673 29.3201 2
      vertex 50.2707 28.0361 2
      vertex 52.0696 29.7184 2
    endloop
  endfacet
  facet normal 0 0 1
    outer loop
      vertex 50.0673 29.3201 2
      vertex 48.1419 27.7842 2
      vertex 50.2707 28.0361 2
    endloop
  endfacet
  facet normal -0 0 1
    outer loop
      vertex 48.0399 29.0801 2
      vertex 48.1419 27.7842 2
      vertex 50.0673 29.3201 2
    endloop
  endfacet
  facet normal -0 0 1
    outer loop
      vertex 46 29 2
      vertex 48.1419 27.7842 2
      vertex 48.0399 29.0801 2
    endloop
  endfacet
  facet normal 0 0 1
    outer loop
      vertex 46 29 2
      vertex 46 27.7 2
      vertex 48.1419 27.7842 2
    endloop
  endfacet
  facet normal 0 0 1
    outer loop
      vertex 43.9601 29.0801 2
      vertex 46 27.7 2
      vertex 46 29 2
    endloop
  endfacet
  facet normal 0 0 1
    outer loop
      vertex 43.9601 29.0801 2
      vertex 43.8581 27.7842 2
      vertex 46 27.7 2
    endloop
  endfacet
  facet normal 0 0 1
    outer loop
      vertex 41.9327 29.3201 2
      vertex 43.8581 27.7842 2
      vertex 43.9601 29.0801 2
    endloop
  endfacet
  facet normal 0 0 1
    outer loop
      vertex 41.9327 29.3201 2
      vertex 41.7293 28.0361 2
      vertex 43.8581 27.7842 2
    endloop
  endfacet
  facet normal 0 0 1
    outer loop
      vertex 39.9304 29.7184 2
      vertex 41.7293 28.0361 2
      vertex 41.9327 29.3201 2
    endloop
  endfacet
  facet normal 0 0 1
    outer loop
      vertex 39.9304 29.7184 2
      vertex 39.6269 28.4543 2
      vertex 41.7293 28.0361 2
    endloop
  endfacet
  facet normal 0 0 1
    outer loop
      vertex 37.9656 30.2725 2
      vertex 39.6269 28.4543 2
      vertex 39.9304 29.7184 2
    endloop
  endfacet
  facet normal 0 0 1
    outer loop
      vertex 37.9656 30.2725 2
      vertex 37.5638 29.0362 2
      vertex 39.6269 28.4543 2
    endloop
  endfacet
  facet normal 0 0 1
    outer loop
      vertex 36.0502 30.9791 2
      vertex 37.5638 29.0362 2
      vertex 37.9656 30.2725 2
    endloop
  endfacet
  facet normal 0 0 1
    outer loop
      vertex 36.0502 30.9791 2
      vertex 35.5527 29.7781 2
      vertex 37.5638 29.0362 2
    endloop
  endfacet
  facet normal 0 0 1
    outer loop
      vertex 34.1962 31.8338 2
      vertex 35.5527 29.7781 2
      vertex 36.0502 30.9791 2
    endloop
  endfacet
  facet normal 0 0 1
    outer loop
      vertex 34.1962 31.8338 2
      vertex 33.6061 30.6755 2
      vertex 35.5527 29.7781 2
    endloop
  endfacet
  facet normal 0 0 1
    outer loop
      vertex 32.415 32.8314 2
      vertex 33.6061 30.6755 2
      vertex 34.1962 31.8338 2
    endloop
  endfacet
  facet normal 0 0 1
    outer loop
      vertex 32.415 32.8314 2
      vertex 31.7358 31.7229 2
      vertex 33.6061 30.6755 2
    endloop
  endfacet
  facet normal 0 0 1
    outer loop
      vertex 30.7176 33.9656 2
      vertex 31.7358 31.7229 2
      vertex 32.415 32.8314 2
    endloop
  endfacet
  facet normal 0 0 1
    outer loop
      vertex 30.7176 33.9656 2
      vertex 29.9535 32.9138 2
      vertex 31.7358 31.7229 2
    endloop
  endfacet
  facet normal 0 0 1
    outer loop
      vertex 29.1143 35.2294 2
      vertex 29.9535 32.9138 2
      vertex 30.7176 33.9656 2
    endloop
  endfacet
  facet normal 0 0 1
    outer loop
      vertex 29.1143 35.2294 2
      vertex 28.2701 34.2409 2
      vertex 29.9535 32.9138 2
    endloop
  endfacet
  facet normal 0 0 1
    outer loop
      vertex 27.6152 36.6152 2
      vertex 28.2701 34.2409 2
      vertex 29.1143 35.2294 2
    endloop
  endfacet
  facet normal 0 0 1
    outer loop
      vertex 27.6152 36.6152 2
      vertex 26.696 35.696 2
      vertex 28.2701 34.2409 2
    endloop
  endfacet
  facet normal 0 0 1
    outer loop
      vertex 26.2294 38.1143 2
      vertex 26.696 35.696 2
      vertex 27.6152 36.6152 2
    endloop
  endfacet
  facet normal 0 0 1
    outer loop
      vertex 26.2294 38.1143 2
      vertex 25.2409 37.2701 2
      vertex 26.696 35.696 2
    endloop
  endfacet
  facet normal 0 0 1
    outer loop
      vertex 24.9656 39.7176 2
      vertex 25.2409 37.2701 2
      vertex 26.2294 38.1143 2
    endloop
  endfacet
  facet normal 0 0 1
    outer loop
      vertex 24.9656 39.7176 2
      vertex 23.9138 38.9535 2
      vertex 25.2409 37.2701 2
    endloop
  endfacet
  facet normal 0 0 1
    outer loop
      vertex 23.8314 41.415 2
      vertex 23.9138 38.9535 2
      vertex 24.9656 39.7176 2
    endloop
  endfacet
  facet normal 0 0 1
    outer loop
      vertex 22.7229 40.7358 2
      vertex 23.8314 41.415 2
      vertex 22.8338 43.1962 2
    endloop
  endfacet
  facet normal 0 0 1
    outer loop
      vertex 23.8314 41.415 2
      vertex 22.7229 40.7358 2
      vertex 23.9138 38.9535 2
    endloop
  endfacet
  facet normal 0 0 1
    outer loop
      vertex 21.6755 42.6061 2
      vertex 22.8338 43.1962 2
      vertex 21.9791 45.0502 2
    endloop
  endfacet
  facet normal 0 0 1
    outer loop
      vertex 22.8338 43.1962 2
      vertex 21.6755 42.6061 2
      vertex 22.7229 40.7358 2
    endloop
  endfacet
  facet normal 0 0 1
    outer loop
      vertex 20.7781 44.5527 2
      vertex 21.9791 45.0502 2
      vertex 21.2725 46.9656 2
    endloop
  endfacet
  facet normal 0 0 1
    outer loop
      vertex 21.9791 45.0502 2
      vertex 20.7781 44.5527 2
      vertex 21.6755 42.6061 2
    endloop
  endfacet
  facet normal 0 0 1
    outer loop
      vertex 20.0362 46.5638 2
      vertex 21.2725 46.9656 2
      vertex 20.7184 48.9304 2
    endloop
  endfacet
  facet normal 0 0 1
    outer loop
      vertex 19.4543 48.6269 2
      vertex 20.7184 48.9304 2
      vertex 20.3201 50.9327 2
    endloop
  endfacet
  facet normal 0 0 1
    outer loop
      vertex 19.0361 50.7293 2
      vertex 20.3201 50.9327 2
      vertex 20.0801 52.9601 2
    endloop
  endfacet
  facet normal 0 0 1
    outer loop
      vertex 21.2725 46.9656 2
      vertex 20.0362 46.5638 2
      vertex 20.7781 44.5527 2
    endloop
  endfacet
  facet normal 0 0 1
    outer loop
      vertex 18.7842 52.8581 2
      vertex 20.0801 52.9601 2
      vertex 20 55 2
    endloop
  endfacet
  facet normal -0 0 1
    outer loop
      vertex 18.7842 57.1419 2
      vertex 20.0801 57.0399 2
      vertex 19.0361 59.2707 2
    endloop
  endfacet
  facet normal 0 0 1
    outer loop
      vertex 20.7184 48.9304 2
      vertex 19.4543 48.6269 2
      vertex 20.0362 46.5638 2
    endloop
  endfacet
  facet normal 0 0 1
    outer loop
      vertex 20.0801 57.0399 2
      vertex 18.7842 57.1419 2
      vertex 20 55 2
    endloop
  endfacet
  facet normal 0 0 1
    outer loop
      vertex 20.3201 50.9327 2
      vertex 19.0361 50.7293 2
      vertex 19.4543 48.6269 2
    endloop
  endfacet
  facet normal 0 0 1
    outer loop
      vertex 18.7 55 2
      vertex 20 55 2
      vertex 18.7842 57.1419 2
    endloop
  endfacet
  facet normal 0 0 1
    outer loop
      vertex 20.0801 52.9601 2
      vertex 18.7842 52.8581 2
      vertex 19.0361 50.7293 2
    endloop
  endfacet
  facet normal 0 0 1
    outer loop
      vertex 20 55 2
      vertex 18.7 55 2
      vertex 18.7842 52.8581 2
    endloop
  endfacet
  facet normal 0.938196 -0.346103 0
    outer loop
      vertex 20.0362 63.4362 4
      vertex 20.7781 65.4473 2
      vertex 20.7781 65.4473 4
    endloop
  endfacet
  facet normal 0.938196 -0.346103 0
    outer loop
      vertex 20.7781 65.4473 2
      vertex 20.0362 63.4362 4
      vertex 20.0362 63.4362 2
    endloop
  endfacet
  facet normal 0.993072 -0.11751 0
    outer loop
      vertex 18.7842 57.1419 4
      vertex 19.0361 59.2707 2
      vertex 19.0361 59.2707 4
    endloop
  endfacet
  facet normal 0.993072 -0.11751 0
    outer loop
      vertex 19.0361 59.2707 2
      vertex 18.7842 57.1419 4
      vertex 18.7842 57.1419 2
    endloop
  endfacet
  facet normal 0.96245 -0.27146 0
    outer loop
      vertex 19.4543 61.3731 4
      vertex 20.0362 63.4362 2
      vertex 20.0362 63.4362 4
    endloop
  endfacet
  facet normal 0.96245 -0.27146 0
    outer loop
      vertex 20.0362 63.4362 2
      vertex 19.4543 61.3731 4
      vertex 19.4543 61.3731 2
    endloop
  endfacet
  facet normal 0.999228 -0.0392806 0
    outer loop
      vertex 18.7 55 4
      vertex 18.7842 57.1419 2
      vertex 18.7842 57.1419 4
    endloop
  endfacet
  facet normal 0.999228 -0.0392806 0
    outer loop
      vertex 18.7842 57.1419 2
      vertex 18.7 55 4
      vertex 18.7 55 2
    endloop
  endfacet
  facet normal 0.619098 -0.785314 0
    outer loop
      vertex 28.2701 75.7591 2
      vertex 29.9535 77.0862 4
      vertex 28.2701 75.7591 4
    endloop
  endfacet
  facet normal 0.619098 -0.785314 0
    outer loop
      vertex 29.9535 77.0862 4
      vertex 28.2701 75.7591 2
      vertex 29.9535 77.0862 2
    endloop
  endfacet
  facet normal 0.488615 -0.8725 0
    outer loop
      vertex 31.7358 78.2771 2
      vertex 33.6061 79.3245 4
      vertex 31.7358 78.2771 4
    endloop
  endfacet
  facet normal 0.488615 -0.8725 0
    outer loop
      vertex 33.6061 79.3245 4
      vertex 31.7358 78.2771 2
      vertex 33.6061 79.3245 2
    endloop
  endfacet
  facet normal 0.195093 -0.980785 0
    outer loop
      vertex 39.6269 81.5457 2
      vertex 41.7293 81.9639 4
      vertex 39.6269 81.5457 4
    endloop
  endfacet
  facet normal 0.195093 -0.980785 0
    outer loop
      vertex 41.7293 81.9639 4
      vertex 39.6269 81.5457 2
      vertex 41.7293 81.9639 2
    endloop
  endfacet
  facet normal -0.999228 0.0392806 0
    outer loop
      vertex 73.2158 52.8581 2
      vertex 73.3 55 4
      vertex 73.3 55 2
    endloop
  endfacet
  facet normal -0.999228 0.0392806 0
    outer loop
      vertex 73.3 55 4
      vertex 73.2158 52.8581 2
      vertex 73.2158 52.8581 4
    endloop
  endfacet
  facet normal -0.488615 0.8725 0
    outer loop
      vertex 60.2642 31.7229 2
      vertex 58.3939 30.6755 4
      vertex 60.2642 31.7229 4
    endloop
  endfacet
  facet normal -0.488615 0.8725 0
    outer loop
      vertex 58.3939 30.6755 4
      vertex 60.2642 31.7229 2
      vertex 58.3939 30.6755 2
    endloop
  endfacet
  facet normal -0.678805 0.734319 0
    outer loop
      vertex 65.304 35.696 2
      vertex 63.7299 34.2409 4
      vertex 65.304 35.696 4
    endloop
  endfacet
  facet normal -0.678805 0.734319 0
    outer loop
      vertex 63.7299 34.2409 4
      vertex 65.304 35.696 2
      vertex 63.7299 34.2409 2
    endloop
  endfacet
  facet normal -0.785314 0.619098 0
    outer loop
      vertex 66.7591 37.2701 2
      vertex 68.0862 38.9535 4
      vertex 68.0862 38.9535 2
    endloop
  endfacet
  facet normal -0.785314 0.619098 0
    outer loop
      vertex 68.0862 38.9535 4
      vertex 66.7591 37.2701 2
      vertex 66.7591 37.2701 4
    endloop
  endfacet
  facet normal -0.831468 0.555572 0
    outer loop
      vertex 68.0862 38.9535 2
      vertex 69.2771 40.7358 4
      vertex 69.2771 40.7358 2
    endloop
  endfacet
  facet normal -0.831468 0.555572 0
    outer loop
      vertex 69.2771 40.7358 4
      vertex 68.0862 38.9535 2
      vertex 68.0862 38.9535 4
    endloop
  endfacet
  facet normal -0.96245 0.27146 0
    outer loop
      vertex 71.9638 46.5638 2
      vertex 72.5457 48.6269 4
      vertex 72.5457 48.6269 2
    endloop
  endfacet
  facet normal -0.96245 0.27146 0
    outer loop
      vertex 72.5457 48.6269 4
      vertex 71.9638 46.5638 2
      vertex 71.9638 46.5638 4
    endloop
  endfacet
  facet normal 0.619098 0.785314 -0
    outer loop
      vertex 29.9535 32.9138 2
      vertex 28.2701 34.2409 4
      vertex 29.9535 32.9138 4
    endloop
  endfacet
  facet normal 0.619098 0.785314 0
    outer loop
      vertex 28.2701 34.2409 4
      vertex 29.9535 32.9138 2
      vertex 28.2701 34.2409 2
    endloop
  endfacet
  facet normal 0.555572 0.831468 -0
    outer loop
      vertex 31.7358 31.7229 2
      vertex 29.9535 32.9138 4
      vertex 31.7358 31.7229 4
    endloop
  endfacet
  facet normal 0.555572 0.831468 0
    outer loop
      vertex 29.9535 32.9138 4
      vertex 31.7358 31.7229 2
      vertex 29.9535 32.9138 2
    endloop
  endfacet
  facet normal 0.0392806 0.999228 -0
    outer loop
      vertex 46 27.7 2
      vertex 43.8581 27.7842 4
      vertex 46 27.7 4
    endloop
  endfacet
  facet normal 0.0392806 0.999228 0
    outer loop
      vertex 43.8581 27.7842 4
      vertex 46 27.7 2
      vertex 43.8581 27.7842 2
    endloop
  endfacet
  facet normal 0.8725 0.488615 0
    outer loop
      vertex 22.7229 40.7358 4
      vertex 21.6755 42.6061 2
      vertex 21.6755 42.6061 4
    endloop
  endfacet
  facet normal 0.8725 0.488615 0
    outer loop
      vertex 21.6755 42.6061 2
      vertex 22.7229 40.7358 4
      vertex 22.7229 40.7358 2
    endloop
  endfacet
  facet normal 0.908142 0.418662 0
    outer loop
      vertex 21.6755 42.6061 4
      vertex 20.7781 44.5527 2
      vertex 20.7781 44.5527 4
    endloop
  endfacet
  facet normal 0.908142 0.418662 0
    outer loop
      vertex 20.7781 44.5527 2
      vertex 21.6755 42.6061 4
      vertex 21.6755 42.6061 2
    endloop
  endfacet
  facet normal -0.980785 -0.195093 0
    outer loop
      vertex 72.9639 59.2707 2
      vertex 72.5457 61.3731 4
      vertex 72.5457 61.3731 2
    endloop
  endfacet
  facet normal -0.980785 -0.195093 0
    outer loop
      vertex 72.5457 61.3731 4
      vertex 72.9639 59.2707 2
      vertex 72.9639 59.2707 4
    endloop
  endfacet
  facet normal -0.993072 -0.11751 0
    outer loop
      vertex 73.2158 57.1419 2
      vertex 72.9639 59.2707 4
      vertex 72.9639 59.2707 2
    endloop
  endfacet
  facet normal -0.993072 -0.11751 0
    outer loop
      vertex 72.9639 59.2707 4
      vertex 73.2158 57.1419 2
      vertex 73.2158 57.1419 4
    endloop
  endfacet
  facet normal -0.734319 -0.678805 0
    outer loop
      vertex 66.7591 72.7299 2
      vertex 65.304 74.304 4
      vertex 65.304 74.304 2
    endloop
  endfacet
  facet normal -0.734319 -0.678805 0
    outer loop
      vertex 65.304 74.304 4
      vertex 66.7591 72.7299 2
      vertex 66.7591 72.7299 4
    endloop
  endfacet
  facet normal -0.785314 -0.619098 0
    outer loop
      vertex 68.0862 71.0465 2
      vertex 66.7591 72.7299 4
      vertex 66.7591 72.7299 2
    endloop
  endfacet
  facet normal -0.785314 -0.619098 0
    outer loop
      vertex 66.7591 72.7299 4
      vertex 68.0862 71.0465 2
      vertex 68.0862 71.0465 4
    endloop
  endfacet
  facet normal -0.831468 -0.555572 0
    outer loop
      vertex 69.2771 69.2642 2
      vertex 68.0862 71.0465 4
      vertex 68.0862 71.0465 2
    endloop
  endfacet
  facet normal -0.831468 -0.555572 0
    outer loop
      vertex 68.0862 71.0465 4
      vertex 69.2771 69.2642 2
      vertex 69.2771 69.2642 4
    endloop
  endfacet
  facet normal -0.195093 -0.980785 0
    outer loop
      vertex 50.2707 81.9639 2
      vertex 52.3731 81.5457 4
      vertex 50.2707 81.9639 4
    endloop
  endfacet
  facet normal -0.195093 -0.980785 -0
    outer loop
      vertex 52.3731 81.5457 4
      vertex 50.2707 81.9639 2
      vertex 52.3731 81.5457 2
    endloop
  endfacet
  facet normal -0.488615 -0.8725 0
    outer loop
      vertex 58.3939 79.3245 2
      vertex 60.2642 78.2771 4
      vertex 58.3939 79.3245 4
    endloop
  endfacet
  facet normal -0.488615 -0.8725 -0
    outer loop
      vertex 60.2642 78.2771 4
      vertex 58.3939 79.3245 2
      vertex 60.2642 78.2771 2
    endloop
  endfacet
  facet normal 0.785314 -0.619098 0
    outer loop
      vertex 23.9138 71.0465 4
      vertex 25.2409 72.7299 2
      vertex 25.2409 72.7299 4
    endloop
  endfacet
  facet normal 0.785314 -0.619098 0
    outer loop
      vertex 25.2409 72.7299 2
      vertex 23.9138 71.0465 4
      vertex 23.9138 71.0465 2
    endloop
  endfacet
  facet normal 0.908142 -0.418662 0
    outer loop
      vertex 20.7781 65.4473 4
      vertex 21.6755 67.3939 2
      vertex 21.6755 67.3939 4
    endloop
  endfacet
  facet normal 0.908142 -0.418662 0
    outer loop
      vertex 21.6755 67.3939 2
      vertex 20.7781 65.4473 4
      vertex 20.7781 65.4473 2
    endloop
  endfacet
  facet normal 0.980785 -0.195093 0
    outer loop
      vertex 19.0361 59.2707 4
      vertex 19.4543 61.3731 2
      vertex 19.4543 61.3731 4
    endloop
  endfacet
  facet normal 0.980785 -0.195093 0
    outer loop
      vertex 19.4543 61.3731 2
      vertex 19.0361 59.2707 4
      vertex 19.0361 59.2707 2
    endloop
  endfacet
  facet normal 0.999228 0.0392806 0
    outer loop
      vertex 18.7842 52.8581 4
      vertex 18.7 55 2
      vertex 18.7 55 4
    endloop
  endfacet
  facet normal 0.999228 0.0392806 0
    outer loop
      vertex 18.7 55 2
      vertex 18.7842 52.8581 4
      vertex 18.7842 52.8581 2
    endloop
  endfacet
  facet normal 0.678805 -0.734319 0
    outer loop
      vertex 26.696 74.304 2
      vertex 28.2701 75.7591 4
      vertex 26.696 74.304 4
    endloop
  endfacet
  facet normal 0.678805 -0.734319 0
    outer loop
      vertex 28.2701 75.7591 4
      vertex 26.696 74.304 2
      vertex 28.2701 75.7591 2
    endloop
  endfacet
  facet normal 0.555572 -0.831468 0
    outer loop
      vertex 29.9535 77.0862 2
      vertex 31.7358 78.2771 4
      vertex 29.9535 77.0862 4
    endloop
  endfacet
  facet normal 0.555572 -0.831468 0
    outer loop
      vertex 31.7358 78.2771 4
      vertex 29.9535 77.0862 2
      vertex 31.7358 78.2771 2
    endloop
  endfacet
  facet normal 0.346103 -0.938196 0
    outer loop
      vertex 35.5527 80.2219 2
      vertex 37.5638 80.9638 4
      vertex 35.5527 80.2219 4
    endloop
  endfacet
  facet normal 0.346103 -0.938196 0
    outer loop
      vertex 37.5638 80.9638 4
      vertex 35.5527 80.2219 2
      vertex 37.5638 80.9638 2
    endloop
  endfacet
  facet normal 0.11751 -0.993072 0
    outer loop
      vertex 41.7293 81.9639 2
      vertex 43.8581 82.2158 4
      vertex 41.7293 81.9639 4
    endloop
  endfacet
  facet normal 0.11751 -0.993072 0
    outer loop
      vertex 43.8581 82.2158 4
      vertex 41.7293 81.9639 2
      vertex 43.8581 82.2158 2
    endloop
  endfacet
  facet normal -0.11751 0.993072 0
    outer loop
      vertex 50.2707 28.0361 2
      vertex 48.1419 27.7842 4
      vertex 50.2707 28.0361 4
    endloop
  endfacet
  facet normal -0.11751 0.993072 0
    outer loop
      vertex 48.1419 27.7842 4
      vertex 50.2707 28.0361 2
      vertex 48.1419 27.7842 2
    endloop
  endfacet
  facet normal -0.27146 0.96245 0
    outer loop
      vertex 54.4362 29.0362 2
      vertex 52.3731 28.4543 4
      vertex 54.4362 29.0362 4
    endloop
  endfacet
  facet normal -0.27146 0.96245 0
    outer loop
      vertex 52.3731 28.4543 4
      vertex 54.4362 29.0362 2
      vertex 52.3731 28.4543 2
    endloop
  endfacet
  facet normal -0.418662 0.908142 0
    outer loop
      vertex 58.3939 30.6755 2
      vertex 56.4473 29.7781 4
      vertex 58.3939 30.6755 4
    endloop
  endfacet
  facet normal -0.418662 0.908142 0
    outer loop
      vertex 56.4473 29.7781 4
      vertex 58.3939 30.6755 2
      vertex 56.4473 29.7781 2
    endloop
  endfacet
  facet normal -0.555572 0.831468 0
    outer loop
      vertex 62.0465 32.9138 2
      vertex 60.2642 31.7229 4
      vertex 62.0465 32.9138 4
    endloop
  endfacet
  facet normal -0.555572 0.831468 0
    outer loop
      vertex 60.2642 31.7229 4
      vertex 62.0465 32.9138 2
      vertex 60.2642 31.7229 2
    endloop
  endfacet
  facet normal -0.619098 0.785314 0
    outer loop
      vertex 63.7299 34.2409 2
      vertex 62.0465 32.9138 4
      vertex 63.7299 34.2409 4
    endloop
  endfacet
  facet normal -0.619098 0.785314 0
    outer loop
      vertex 62.0465 32.9138 4
      vertex 63.7299 34.2409 2
      vertex 62.0465 32.9138 2
    endloop
  endfacet
  facet normal -0.938196 0.346103 0
    outer loop
      vertex 71.2219 44.5527 2
      vertex 71.9638 46.5638 4
      vertex 71.9638 46.5638 2
    endloop
  endfacet
  facet normal -0.938196 0.346103 0
    outer loop
      vertex 71.9638 46.5638 4
      vertex 71.2219 44.5527 2
      vertex 71.2219 44.5527 4
    endloop
  endfacet
  facet normal -0.980785 0.195093 0
    outer loop
      vertex 72.5457 48.6269 2
      vertex 72.9639 50.7293 4
      vertex 72.9639 50.7293 2
    endloop
  endfacet
  facet normal -0.980785 0.195093 0
    outer loop
      vertex 72.9639 50.7293 4
      vertex 72.5457 48.6269 2
      vertex 72.5457 48.6269 4
    endloop
  endfacet
  facet normal 0.346103 0.938196 -0
    outer loop
      vertex 37.5638 29.0362 2
      vertex 35.5527 29.7781 4
      vertex 37.5638 29.0362 4
    endloop
  endfacet
  facet normal 0.346103 0.938196 0
    outer loop
      vertex 35.5527 29.7781 4
      vertex 37.5638 29.0362 2
      vertex 35.5527 29.7781 2
    endloop
  endfacet
  facet normal 0.488615 0.8725 -0
    outer loop
      vertex 33.6061 30.6755 2
      vertex 31.7358 31.7229 4
      vertex 33.6061 30.6755 4
    endloop
  endfacet
  facet normal 0.488615 0.8725 0
    outer loop
      vertex 31.7358 31.7229 4
      vertex 33.6061 30.6755 2
      vertex 31.7358 31.7229 2
    endloop
  endfacet
  facet normal 0.195093 0.980785 -0
    outer loop
      vertex 41.7293 28.0361 2
      vertex 39.6269 28.4543 4
      vertex 41.7293 28.0361 4
    endloop
  endfacet
  facet normal 0.195093 0.980785 0
    outer loop
      vertex 39.6269 28.4543 4
      vertex 41.7293 28.0361 2
      vertex 39.6269 28.4543 2
    endloop
  endfacet
  facet normal -0.0392806 0.999228 0
    outer loop
      vertex 48.1419 27.7842 2
      vertex 46 27.7 4
      vertex 48.1419 27.7842 4
    endloop
  endfacet
  facet normal -0.0392806 0.999228 0
    outer loop
      vertex 46 27.7 4
      vertex 48.1419 27.7842 2
      vertex 46 27.7 2
    endloop
  endfacet
  facet normal 0.831468 0.555572 0
    outer loop
      vertex 23.9138 38.9535 4
      vertex 22.7229 40.7358 2
      vertex 22.7229 40.7358 4
    endloop
  endfacet
  facet normal 0.831468 0.555572 0
    outer loop
      vertex 22.7229 40.7358 2
      vertex 23.9138 38.9535 4
      vertex 23.9138 38.9535 2
    endloop
  endfacet
  facet normal 0.96245 0.27146 0
    outer loop
      vertex 20.0362 46.5638 4
      vertex 19.4543 48.6269 2
      vertex 19.4543 48.6269 4
    endloop
  endfacet
  facet normal 0.96245 0.27146 0
    outer loop
      vertex 19.4543 48.6269 2
      vertex 20.0362 46.5638 4
      vertex 20.0362 46.5638 2
    endloop
  endfacet
  facet normal 0.993072 0.11751 0
    outer loop
      vertex 19.0361 50.7293 4
      vertex 18.7842 52.8581 2
      vertex 18.7842 52.8581 4
    endloop
  endfacet
  facet normal 0.993072 0.11751 0
    outer loop
      vertex 18.7842 52.8581 2
      vertex 19.0361 50.7293 4
      vertex 19.0361 50.7293 2
    endloop
  endfacet
  facet normal -0.195093 0.980785 0
    outer loop
      vertex 52.3731 28.4543 2
      vertex 50.2707 28.0361 4
      vertex 52.3731 28.4543 4
    endloop
  endfacet
  facet normal -0.195093 0.980785 0
    outer loop
      vertex 50.2707 28.0361 4
      vertex 52.3731 28.4543 2
      vertex 50.2707 28.0361 2
    endloop
  endfacet
  facet normal -0.908142 0.418662 0
    outer loop
      vertex 70.3245 42.6061 2
      vertex 71.2219 44.5527 4
      vertex 71.2219 44.5527 2
    endloop
  endfacet
  facet normal -0.908142 0.418662 0
    outer loop
      vertex 71.2219 44.5527 4
      vertex 70.3245 42.6061 2
      vertex 70.3245 42.6061 4
    endloop
  endfacet
  facet normal -0.993072 0.11751 0
    outer loop
      vertex 72.9639 50.7293 2
      vertex 73.2158 52.8581 4
      vertex 73.2158 52.8581 2
    endloop
  endfacet
  facet normal -0.993072 0.11751 0
    outer loop
      vertex 73.2158 52.8581 4
      vertex 72.9639 50.7293 2
      vertex 72.9639 50.7293 4
    endloop
  endfacet
  facet normal 0.418662 0.908142 -0
    outer loop
      vertex 35.5527 29.7781 2
      vertex 33.6061 30.6755 4
      vertex 35.5527 29.7781 4
    endloop
  endfacet
  facet normal 0.418662 0.908142 0
    outer loop
      vertex 33.6061 30.6755 4
      vertex 35.5527 29.7781 2
      vertex 33.6061 30.6755 2
    endloop
  endfacet
  facet normal 0.11751 0.993072 -0
    outer loop
      vertex 43.8581 27.7842 2
      vertex 41.7293 28.0361 4
      vertex 43.8581 27.7842 4
    endloop
  endfacet
  facet normal 0.11751 0.993072 0
    outer loop
      vertex 41.7293 28.0361 4
      vertex 43.8581 27.7842 2
      vertex 41.7293 28.0361 2
    endloop
  endfacet
  facet normal 0.785314 0.619098 0
    outer loop
      vertex 25.2409 37.2701 4
      vertex 23.9138 38.9535 2
      vertex 23.9138 38.9535 4
    endloop
  endfacet
  facet normal 0.785314 0.619098 0
    outer loop
      vertex 23.9138 38.9535 2
      vertex 25.2409 37.2701 4
      vertex 25.2409 37.2701 2
    endloop
  endfacet
  facet normal 0.980785 0.195093 0
    outer loop
      vertex 19.4543 48.6269 4
      vertex 19.0361 50.7293 2
      vertex 19.0361 50.7293 4
    endloop
  endfacet
  facet normal 0.980785 0.195093 0
    outer loop
      vertex 19.0361 50.7293 2
      vertex 19.4543 48.6269 4
      vertex 19.4543 48.6269 2
    endloop
  endfacet
  facet normal 0.999225 0.0393669 0
    outer loop
      vertex 40.517 17.5685 4.2
      vertex 40.5 18 0
      vertex 40.5 18 4.2
    endloop
  endfacet
  facet normal 0.999225 0.0393669 0
    outer loop
      vertex 40.5 18 0
      vertex 40.517 17.5685 4.2
      vertex 40.517 17.5685 0
    endloop
  endfacet
  facet normal 0.0393669 -0.999225 0
    outer loop
      vertex 45.5685 23.483 0
      vertex 46 23.5 4.2
      vertex 45.5685 23.483 4.2
    endloop
  endfacet
  facet normal 0.0393669 -0.999225 0
    outer loop
      vertex 46 23.5 4.2
      vertex 45.5685 23.483 0
      vertex 46 23.5 0
    endloop
  endfacet
  facet normal -0.0393669 0.999225 0
    outer loop
      vertex 46.4315 12.517 0
      vertex 46 12.5 4.2
      vertex 46.4315 12.517 4.2
    endloop
  endfacet
  facet normal -0.0393669 0.999225 0
    outer loop
      vertex 46 12.5 4.2
      vertex 46.4315 12.517 0
      vertex 46 12.5 0
    endloop
  endfacet
  facet normal 0.67877 0.73435 -0
    outer loop
      vertex 42.428 13.8178 0
      vertex 42.1109 14.1109 4.2
      vertex 42.428 13.8178 4.2
    endloop
  endfacet
  facet normal 0.67877 0.73435 0
    outer loop
      vertex 42.1109 14.1109 4.2
      vertex 42.428 13.8178 0
      vertex 42.1109 14.1109 0
    endloop
  endfacet
  facet normal 0.73435 -0.67877 0
    outer loop
      vertex 41.8178 21.572 4.2
      vertex 42.1109 21.8891 0
      vertex 42.1109 21.8891 4.2
    endloop
  endfacet
  facet normal 0.73435 -0.67877 0
    outer loop
      vertex 42.1109 21.8891 0
      vertex 41.8178 21.572 4.2
      vertex 41.8178 21.572 0
    endloop
  endfacet
  facet normal 0.418735 -0.908108 0
    outer loop
      vertex 43.5031 22.9005 0
      vertex 43.8952 23.0813 4.2
      vertex 43.5031 22.9005 4.2
    endloop
  endfacet
  facet normal 0.418735 -0.908108 0
    outer loop
      vertex 43.8952 23.0813 4.2
      vertex 43.5031 22.9005 0
      vertex 43.8952 23.0813 0
    endloop
  endfacet
  facet normal 0.908108 0.418735 0
    outer loop
      vertex 41.0995 15.5031 4.2
      vertex 40.9187 15.8952 0
      vertex 40.9187 15.8952 4.2
    endloop
  endfacet
  facet normal 0.908108 0.418735 0
    outer loop
      vertex 40.9187 15.8952 0
      vertex 41.0995 15.5031 4.2
      vertex 41.0995 15.5031 0
    endloop
  endfacet
  facet normal 0.938181 -0.346145 0
    outer loop
      vertex 40.7692 19.6996 4.2
      vertex 40.9187 20.1048 0
      vertex 40.9187 20.1048 4.2
    endloop
  endfacet
  facet normal 0.938181 -0.346145 0
    outer loop
      vertex 40.9187 20.1048 0
      vertex 40.7692 19.6996 4.2
      vertex 40.7692 19.6996 0
    endloop
  endfacet
  facet normal 0.195181 -0.980767 0
    outer loop
      vertex 44.716 23.348 0
      vertex 45.1396 23.4323 4.2
      vertex 44.716 23.348 4.2
    endloop
  endfacet
  facet normal 0.195181 -0.980767 0
    outer loop
      vertex 45.1396 23.4323 4.2
      vertex 44.716 23.348 0
      vertex 45.1396 23.4323 0
    endloop
  endfacet
  facet normal -0.938181 0.346145 0
    outer loop
      vertex 51.0813 15.8952 0
      vertex 51.2308 16.3004 4.2
      vertex 51.2308 16.3004 0
    endloop
  endfacet
  facet normal -0.938181 0.346145 0
    outer loop
      vertex 51.2308 16.3004 4.2
      vertex 51.0813 15.8952 0
      vertex 51.0813 15.8952 4.2
    endloop
  endfacet
  facet normal 0.980758 -0.195225 0
    outer loop
      vertex 40.5677 18.8604 4.2
      vertex 40.652 19.2839 0
      vertex 40.652 19.2839 4.2
    endloop
  endfacet
  facet normal 0.980758 -0.195225 0
    outer loop
      vertex 40.652 19.2839 0
      vertex 40.5677 18.8604 4.2
      vertex 40.5677 18.8604 0
    endloop
  endfacet
  facet normal 0.831516 -0.555501 0
    outer loop
      vertex 41.3105 20.8737 4.2
      vertex 41.5504 21.2328 0
      vertex 41.5504 21.2328 4.2
    endloop
  endfacet
  facet normal 0.831516 -0.555501 0
    outer loop
      vertex 41.5504 21.2328 0
      vertex 41.3105 20.8737 4.2
      vertex 41.3105 20.8737 0
    endloop
  endfacet
  facet normal 0.785321 -0.619089 0
    outer loop
      vertex 41.5504 21.2328 4.2
      vertex 41.8178 21.572 0
      vertex 41.8178 21.572 4.2
    endloop
  endfacet
  facet normal 0.785321 -0.619089 0
    outer loop
      vertex 41.8178 21.572 0
      vertex 41.5504 21.2328 4.2
      vertex 41.5504 21.2328 0
    endloop
  endfacet
  facet normal 0.962479 -0.271356 0
    outer loop
      vertex 40.652 19.2839 4.2
      vertex 40.7692 19.6996 0
      vertex 40.7692 19.6996 4.2
    endloop
  endfacet
  facet normal 0.962479 -0.271356 0
    outer loop
      vertex 40.7692 19.6996 0
      vertex 40.652 19.2839 4.2
      vertex 40.652 19.2839 0
    endloop
  endfacet
  facet normal 0.993086 -0.117392 0
    outer loop
      vertex 40.517 18.4315 4.2
      vertex 40.5677 18.8604 0
      vertex 40.5677 18.8604 4.2
    endloop
  endfacet
  facet normal 0.993086 -0.117392 0
    outer loop
      vertex 40.5677 18.8604 0
      vertex 40.517 18.4315 4.2
      vertex 40.517 18.4315 0
    endloop
  endfacet
  facet normal 0.619089 -0.785321 0
    outer loop
      vertex 42.428 22.1822 0
      vertex 42.7672 22.4496 4.2
      vertex 42.428 22.1822 4.2
    endloop
  endfacet
  facet normal 0.619089 -0.785321 0
    outer loop
      vertex 42.7672 22.4496 4.2
      vertex 42.428 22.1822 0
      vertex 42.7672 22.4496 0
    endloop
  endfacet
  facet normal 0.488589 -0.872514 0
    outer loop
      vertex 43.1263 22.6895 0
      vertex 43.5031 22.9005 4.2
      vertex 43.1263 22.6895 4.2
    endloop
  endfacet
  facet normal 0.488589 -0.872514 0
    outer loop
      vertex 43.5031 22.9005 4.2
      vertex 43.1263 22.6895 0
      vertex 43.5031 22.9005 0
    endloop
  endfacet
  facet normal 0.67877 -0.73435 0
    outer loop
      vertex 42.1109 21.8891 0
      vertex 42.428 22.1822 4.2
      vertex 42.1109 21.8891 4.2
    endloop
  endfacet
  facet normal 0.67877 -0.73435 0
    outer loop
      vertex 42.428 22.1822 4.2
      vertex 42.1109 21.8891 0
      vertex 42.428 22.1822 0
    endloop
  endfacet
  facet normal 0.117392 -0.993086 0
    outer loop
      vertex 45.1396 23.4323 0
      vertex 45.5685 23.483 4.2
      vertex 45.1396 23.4323 4.2
    endloop
  endfacet
  facet normal 0.117392 -0.993086 0
    outer loop
      vertex 45.5685 23.483 4.2
      vertex 45.1396 23.4323 0
      vertex 45.5685 23.483 0
    endloop
  endfacet
  facet normal -0.117392 0.993086 0
    outer loop
      vertex 46.8604 12.5677 0
      vertex 46.4315 12.517 4.2
      vertex 46.8604 12.5677 4.2
    endloop
  endfacet
  facet normal -0.117392 0.993086 0
    outer loop
      vertex 46.4315 12.517 4.2
      vertex 46.8604 12.5677 0
      vertex 46.4315 12.517 0
    endloop
  endfacet
  facet normal -0.67877 0.73435 0
    outer loop
      vertex 49.8891 14.1109 0
      vertex 49.572 13.8178 4.2
      vertex 49.8891 14.1109 4.2
    endloop
  endfacet
  facet normal -0.67877 0.73435 0
    outer loop
      vertex 49.572 13.8178 4.2
      vertex 49.8891 14.1109 0
      vertex 49.572 13.8178 0
    endloop
  endfacet
  facet normal -0.488589 0.872514 0
    outer loop
      vertex 48.8737 13.3105 0
      vertex 48.4969 13.0995 4.2
      vertex 48.8737 13.3105 4.2
    endloop
  endfacet
  facet normal -0.488589 0.872514 0
    outer loop
      vertex 48.4969 13.0995 4.2
      vertex 48.8737 13.3105 0
      vertex 48.4969 13.0995 0
    endloop
  endfacet
  facet normal -0.785321 0.619089 0
    outer loop
      vertex 50.1822 14.428 0
      vertex 50.4496 14.7672 4.2
      vertex 50.4496 14.7672 0
    endloop
  endfacet
  facet normal -0.785321 0.619089 0
    outer loop
      vertex 50.4496 14.7672 4.2
      vertex 50.1822 14.428 0
      vertex 50.1822 14.428 4.2
    endloop
  endfacet
  facet normal 0.619089 0.785321 -0
    outer loop
      vertex 42.7672 13.5504 0
      vertex 42.428 13.8178 4.2
      vertex 42.7672 13.5504 4.2
    endloop
  endfacet
  facet normal 0.619089 0.785321 0
    outer loop
      vertex 42.428 13.8178 4.2
      vertex 42.7672 13.5504 0
      vertex 42.428 13.8178 0
    endloop
  endfacet
  facet normal 0.271416 0.962462 -0
    outer loop
      vertex 44.716 12.652 0
      vertex 44.3004 12.7692 4.2
      vertex 44.716 12.652 4.2
    endloop
  endfacet
  facet normal 0.271416 0.962462 0
    outer loop
      vertex 44.3004 12.7692 4.2
      vertex 44.716 12.652 0
      vertex 44.3004 12.7692 0
    endloop
  endfacet
  facet normal 0.117392 0.993086 -0
    outer loop
      vertex 45.5685 12.517 0
      vertex 45.1396 12.5677 4.2
      vertex 45.5685 12.517 4.2
    endloop
  endfacet
  facet normal 0.117392 0.993086 0
    outer loop
      vertex 45.1396 12.5677 4.2
      vertex 45.5685 12.517 0
      vertex 45.1396 12.5677 0
    endloop
  endfacet
  facet normal 0.872514 0.488589 0
    outer loop
      vertex 41.3105 15.1263 4.2
      vertex 41.0995 15.5031 0
      vertex 41.0995 15.5031 4.2
    endloop
  endfacet
  facet normal 0.872514 0.488589 0
    outer loop
      vertex 41.0995 15.5031 0
      vertex 41.3105 15.1263 4.2
      vertex 41.3105 15.1263 0
    endloop
  endfacet
  facet normal 0.73435 0.67877 0
    outer loop
      vertex 42.1109 14.1109 4.2
      vertex 41.8178 14.428 0
      vertex 41.8178 14.428 4.2
    endloop
  endfacet
  facet normal 0.73435 0.67877 0
    outer loop
      vertex 41.8178 14.428 0
      vertex 42.1109 14.1109 4.2
      vertex 42.1109 14.1109 0
    endloop
  endfacet
  facet normal 0.993086 0.117392 0
    outer loop
      vertex 40.5677 17.1396 4.2
      vertex 40.517 17.5685 0
      vertex 40.517 17.5685 4.2
    endloop
  endfacet
  facet normal 0.993086 0.117392 0
    outer loop
      vertex 40.517 17.5685 0
      vertex 40.5677 17.1396 4.2
      vertex 40.5677 17.1396 0
    endloop
  endfacet
  facet normal 0.908108 -0.418735 0
    outer loop
      vertex 40.9187 20.1048 4.2
      vertex 41.0995 20.4969 0
      vertex 41.0995 20.4969 4.2
    endloop
  endfacet
  facet normal 0.908108 -0.418735 0
    outer loop
      vertex 41.0995 20.4969 0
      vertex 40.9187 20.1048 4.2
      vertex 40.9187 20.1048 0
    endloop
  endfacet
  facet normal 0.872514 -0.488589 0
    outer loop
      vertex 41.0995 20.4969 4.2
      vertex 41.3105 20.8737 0
      vertex 41.3105 20.8737 4.2
    endloop
  endfacet
  facet normal 0.872514 -0.488589 0
    outer loop
      vertex 41.3105 20.8737 0
      vertex 41.0995 20.4969 4.2
      vertex 41.0995 20.4969 0
    endloop
  endfacet
  facet normal 0.999225 -0.0393669 0
    outer loop
      vertex 40.5 18 4.2
      vertex 40.517 18.4315 0
      vertex 40.517 18.4315 4.2
    endloop
  endfacet
  facet normal 0.999225 -0.0393669 0
    outer loop
      vertex 40.517 18.4315 0
      vertex 40.5 18 4.2
      vertex 40.5 18 0
    endloop
  endfacet
  facet normal 0 0 -1
    outer loop
      vertex 51.348 16.716 4.2
      vertex 51.348 16.7161 4.2
      vertex 51.4323 17.1396 4.2
    endloop
  endfacet
  facet normal 0 -0 -1
    outer loop
      vertex 51.348 16.7161 4.2
      vertex 51.348 16.716 4.2
      vertex 51.2308 16.3004 4.2
    endloop
  endfacet
  facet normal 0 0 -1
    outer loop
      vertex 40.7692 16.3004 4.2
      vertex 40.652 16.716 4.2
      vertex 40.652 16.7161 4.2
    endloop
  endfacet
  facet normal 0 0 -1
    outer loop
      vertex 40.5677 17.1396 4.2
      vertex 40.652 16.7161 4.2
      vertex 40.652 16.716 4.2
    endloop
  endfacet
  facet normal 0.555501 -0.831516 0
    outer loop
      vertex 42.7672 22.4496 0
      vertex 43.1263 22.6895 4.2
      vertex 42.7672 22.4496 4.2
    endloop
  endfacet
  facet normal 0.555501 -0.831516 0
    outer loop
      vertex 43.1263 22.6895 4.2
      vertex 42.7672 22.4496 0
      vertex 43.1263 22.6895 0
    endloop
  endfacet
  facet normal 0.271416 -0.962462 0
    outer loop
      vertex 44.3004 23.2308 0
      vertex 44.716 23.348 4.2
      vertex 44.3004 23.2308 4.2
    endloop
  endfacet
  facet normal 0.271416 -0.962462 0
    outer loop
      vertex 44.716 23.348 4.2
      vertex 44.3004 23.2308 0
      vertex 44.716 23.348 0
    endloop
  endfacet
  facet normal 0.346145 -0.938181 0
    outer loop
      vertex 43.8952 23.0813 0
      vertex 44.3004 23.2308 4.2
      vertex 43.8952 23.0813 4.2
    endloop
  endfacet
  facet normal 0.346145 -0.938181 0
    outer loop
      vertex 44.3004 23.2308 4.2
      vertex 43.8952 23.0813 0
      vertex 44.3004 23.2308 0
    endloop
  endfacet
  facet normal -0.999225 0.0393669 0
    outer loop
      vertex 51.483 17.5685 0
      vertex 51.5 18 4.2
      vertex 51.5 18 0
    endloop
  endfacet
  facet normal -0.999225 0.0393669 0
    outer loop
      vertex 51.5 18 4.2
      vertex 51.483 17.5685 0
      vertex 51.483 17.5685 4.2
    endloop
  endfacet
  facet normal -0.195181 0.980767 0
    outer loop
      vertex 47.284 12.652 0
      vertex 46.8604 12.5677 4.2
      vertex 47.284 12.652 4.2
    endloop
  endfacet
  facet normal -0.195181 0.980767 0
    outer loop
      vertex 46.8604 12.5677 4.2
      vertex 47.284 12.652 0
      vertex 46.8604 12.5677 0
    endloop
  endfacet
  facet normal -0.418735 0.908108 0
    outer loop
      vertex 48.4969 13.0995 0
      vertex 48.1048 12.9187 4.2
      vertex 48.4969 13.0995 4.2
    endloop
  endfacet
  facet normal -0.418735 0.908108 0
    outer loop
      vertex 48.1048 12.9187 4.2
      vertex 48.4969 13.0995 0
      vertex 48.1048 12.9187 0
    endloop
  endfacet
  facet normal -0.271416 0.962462 0
    outer loop
      vertex 47.6996 12.7692 0
      vertex 47.284 12.652 4.2
      vertex 47.6996 12.7692 4.2
    endloop
  endfacet
  facet normal -0.271416 0.962462 0
    outer loop
      vertex 47.284 12.652 4.2
      vertex 47.6996 12.7692 0
      vertex 47.284 12.652 0
    endloop
  endfacet
  facet normal -0.73435 0.67877 0
    outer loop
      vertex 49.8891 14.1109 0
      vertex 50.1822 14.428 4.2
      vertex 50.1822 14.428 0
    endloop
  endfacet
  facet normal -0.73435 0.67877 0
    outer loop
      vertex 50.1822 14.428 4.2
      vertex 49.8891 14.1109 0
      vertex 49.8891 14.1109 4.2
    endloop
  endfacet
  facet normal -0.555501 0.831516 0
    outer loop
      vertex 49.2328 13.5504 0
      vertex 48.8737 13.3105 4.2
      vertex 49.2328 13.5504 4.2
    endloop
  endfacet
  facet normal -0.555501 0.831516 0
    outer loop
      vertex 48.8737 13.3105 4.2
      vertex 49.2328 13.5504 0
      vertex 48.8737 13.3105 0
    endloop
  endfacet
  facet normal -0.831516 0.555501 0
    outer loop
      vertex 50.4496 14.7672 0
      vertex 50.6895 15.1263 4.2
      vertex 50.6895 15.1263 0
    endloop
  endfacet
  facet normal -0.831516 0.555501 0
    outer loop
      vertex 50.6895 15.1263 4.2
      vertex 50.4496 14.7672 0
      vertex 50.4496 14.7672 4.2
    endloop
  endfacet
  facet normal -0.872514 0.488589 0
    outer loop
      vertex 50.6895 15.1263 0
      vertex 50.9005 15.5031 4.2
      vertex 50.9005 15.5031 0
    endloop
  endfacet
  facet normal -0.872514 0.488589 0
    outer loop
      vertex 50.9005 15.5031 4.2
      vertex 50.6895 15.1263 0
      vertex 50.6895 15.1263 4.2
    endloop
  endfacet
  facet normal -0.980767 0.195181 0
    outer loop
      vertex 51.348 16.716 0
      vertex 51.4323 17.1396 4.2
      vertex 51.4323 17.1396 0
    endloop
  endfacet
  facet normal -0.980767 0.195181 0
    outer loop
      vertex 51.4323 17.1396 4.2
      vertex 51.348 16.716 0
      vertex 51.348 16.716 4.2
    endloop
  endfacet
  facet normal -0.962462 0.271416 0
    outer loop
      vertex 51.2308 16.3004 0
      vertex 51.348 16.716 4.2
      vertex 51.348 16.716 0
    endloop
  endfacet
  facet normal -0.962462 0.271416 0
    outer loop
      vertex 51.348 16.716 4.2
      vertex 51.2308 16.3004 0
      vertex 51.2308 16.3004 4.2
    endloop
  endfacet
  facet normal -0.993086 0.117392 0
    outer loop
      vertex 51.4323 17.1396 0
      vertex 51.483 17.5685 4.2
      vertex 51.483 17.5685 0
    endloop
  endfacet
  facet normal -0.993086 0.117392 0
    outer loop
      vertex 51.483 17.5685 4.2
      vertex 51.4323 17.1396 0
      vertex 51.4323 17.1396 4.2
    endloop
  endfacet
  facet normal 0.555501 0.831516 -0
    outer loop
      vertex 43.1263 13.3105 0
      vertex 42.7672 13.5504 4.2
      vertex 43.1263 13.3105 4.2
    endloop
  endfacet
  facet normal 0.555501 0.831516 0
    outer loop
      vertex 42.7672 13.5504 4.2
      vertex 43.1263 13.3105 0
      vertex 42.7672 13.5504 0
    endloop
  endfacet
  facet normal 0.346145 0.938181 -0
    outer loop
      vertex 44.3004 12.7692 0
      vertex 43.8952 12.9187 4.2
      vertex 44.3004 12.7692 4.2
    endloop
  endfacet
  facet normal 0.346145 0.938181 0
    outer loop
      vertex 43.8952 12.9187 4.2
      vertex 44.3004 12.7692 0
      vertex 43.8952 12.9187 0
    endloop
  endfacet
  facet normal 0.488589 0.872514 -0
    outer loop
      vertex 43.5031 13.0995 0
      vertex 43.1263 13.3105 4.2
      vertex 43.5031 13.0995 4.2
    endloop
  endfacet
  facet normal 0.488589 0.872514 0
    outer loop
      vertex 43.1263 13.3105 4.2
      vertex 43.5031 13.0995 0
      vertex 43.1263 13.3105 0
    endloop
  endfacet
  facet normal 0.195181 0.980767 -0
    outer loop
      vertex 45.1396 12.5677 0
      vertex 44.716 12.652 4.2
      vertex 45.1396 12.5677 4.2
    endloop
  endfacet
  facet normal 0.195181 0.980767 0
    outer loop
      vertex 44.716 12.652 4.2
      vertex 45.1396 12.5677 0
      vertex 44.716 12.652 0
    endloop
  endfacet
  facet normal 0.0393669 0.999225 -0
    outer loop
      vertex 46 12.5 0
      vertex 45.5685 12.517 4.2
      vertex 46 12.5 4.2
    endloop
  endfacet
  facet normal 0.0393669 0.999225 0
    outer loop
      vertex 45.5685 12.517 4.2
      vertex 46 12.5 0
      vertex 45.5685 12.517 0
    endloop
  endfacet
  facet normal 0.831516 0.555501 0
    outer loop
      vertex 41.5504 14.7672 4.2
      vertex 41.3105 15.1263 0
      vertex 41.3105 15.1263 4.2
    endloop
  endfacet
  facet normal 0.831516 0.555501 0
    outer loop
      vertex 41.3105 15.1263 0
      vertex 41.5504 14.7672 4.2
      vertex 41.5504 14.7672 0
    endloop
  endfacet
  facet normal 0.962462 0.271416 0
    outer loop
      vertex 40.7692 16.3004 4.2
      vertex 40.652 16.716 0
      vertex 40.652 16.716 4.2
    endloop
  endfacet
  facet normal 0.962462 0.271416 0
    outer loop
      vertex 40.652 16.716 0
      vertex 40.7692 16.3004 4.2
      vertex 40.7692 16.3004 0
    endloop
  endfacet
  facet normal 0.980767 0.195181 0
    outer loop
      vertex 40.652 16.716 4.2
      vertex 40.5677 17.1396 0
      vertex 40.5677 17.1396 4.2
    endloop
  endfacet
  facet normal 0.980767 0.195181 0
    outer loop
      vertex 40.5677 17.1396 0
      vertex 40.652 16.716 4.2
      vertex 40.652 16.716 0
    endloop
  endfacet
  facet normal -0.346145 0.938181 0
    outer loop
      vertex 48.1048 12.9187 0
      vertex 47.6996 12.7692 4.2
      vertex 48.1048 12.9187 4.2
    endloop
  endfacet
  facet normal -0.346145 0.938181 0
    outer loop
      vertex 47.6996 12.7692 4.2
      vertex 48.1048 12.9187 0
      vertex 47.6996 12.7692 0
    endloop
  endfacet
  facet normal -0.619089 0.785321 0
    outer loop
      vertex 49.572 13.8178 0
      vertex 49.2328 13.5504 4.2
      vertex 49.572 13.8178 4.2
    endloop
  endfacet
  facet normal -0.619089 0.785321 0
    outer loop
      vertex 49.2328 13.5504 4.2
      vertex 49.572 13.8178 0
      vertex 49.2328 13.5504 0
    endloop
  endfacet
  facet normal -0.908108 0.418735 0
    outer loop
      vertex 50.9005 15.5031 0
      vertex 51.0813 15.8952 4.2
      vertex 51.0813 15.8952 0
    endloop
  endfacet
  facet normal -0.908108 0.418735 0
    outer loop
      vertex 51.0813 15.8952 4.2
      vertex 50.9005 15.5031 0
      vertex 50.9005 15.5031 4.2
    endloop
  endfacet
  facet normal 0.418735 0.908108 -0
    outer loop
      vertex 43.8952 12.9187 0
      vertex 43.5031 13.0995 4.2
      vertex 43.8952 12.9187 4.2
    endloop
  endfacet
  facet normal 0.418735 0.908108 0
    outer loop
      vertex 43.5031 13.0995 4.2
      vertex 43.8952 12.9187 0
      vertex 43.5031 13.0995 0
    endloop
  endfacet
  facet normal 0.785321 0.619089 0
    outer loop
      vertex 41.8178 14.428 4.2
      vertex 41.5504 14.7672 0
      vertex 41.5504 14.7672 4.2
    endloop
  endfacet
  facet normal 0.785321 0.619089 0
    outer loop
      vertex 41.5504 14.7672 0
      vertex 41.8178 14.428 4.2
      vertex 41.8178 14.428 0
    endloop
  endfacet
  facet normal 0.938181 0.346145 0
    outer loop
      vertex 40.9187 15.8952 4.2
      vertex 40.7692 16.3004 0
      vertex 40.7692 16.3004 4.2
    endloop
  endfacet
  facet normal 0.938181 0.346145 0
    outer loop
      vertex 40.7692 16.3004 0
      vertex 40.9187 15.8952 4.2
      vertex 40.9187 15.8952 0
    endloop
  endfacet
endsolid OpenSCAD_Model
