solid OpenSCAD_Model
  facet normal -0.993069 -0.117537 0
    outer loop
      vertex 0.0861807 5.90496 0
      vertex 0.0215778 6.45079 4
      vertex 0.0215778 6.45079 0
    endloop
  endfacet
  facet normal -0.993069 -0.117537 0
    outer loop
      vertex 0.0215778 6.45079 4
      vertex 0.0861807 5.90496 0
      vertex 0.0861807 5.90496 4
    endloop
  endfacet
  facet normal -0.980785 -0.19509 0
    outer loop
      vertex 0.19341 5.36588 0
      vertex 0.0861807 5.90496 4
      vertex 0.0861807 5.90496 0
    endloop
  endfacet
  facet normal -0.980785 -0.19509 0
    outer loop
      vertex 0.0861807 5.90496 4
      vertex 0.19341 5.36588 0
      vertex 0.19341 5.36588 4
    endloop
  endfacet
  facet normal -0 0 -1
    outer loop
      vertex 43.91 53.5894 0
      vertex 9.97417 10.1406 0
      vertex 43.6489 53.7639 0
    endloop
  endfacet
  facet normal 0 0 -1
    outer loop
      vertex 42.1105 56.0662 0
      vertex 10.4954 82.8823 0
      vertex 10.5 83 0
    endloop
  endfacet
  facet normal 0 0 -1
    outer loop
      vertex 9.88168 10.2135 0
      vertex 43.6489 53.7639 0
      vertex 9.97417 10.1406 0
    endloop
  endfacet
  facet normal 0 0 -1
    outer loop
      vertex 42.1105 56.0662 0
      vertex 10.4815 82.7654 0
      vertex 10.4954 82.8823 0
    endloop
  endfacet
  facet normal -0 0 -1
    outer loop
      vertex 43.6489 53.7639 0
      vertex 9.88168 10.2135 0
      vertex 43.4022 53.9584 0
    endloop
  endfacet
  facet normal 0 0 -1
    outer loop
      vertex 42.1105 56.0662 0
      vertex 10.4586 82.6498 0
      vertex 10.4815 82.7654 0
    endloop
  endfacet
  facet normal 0 0 -1
    outer loop
      vertex 9.78375 10.279 0
      vertex 43.4022 53.9584 0
      vertex 9.88168 10.2135 0
    endloop
  endfacet
  facet normal 0 0 -1
    outer loop
      vertex 42.1105 56.0662 0
      vertex 10.4266 82.5365 0
      vertex 10.4586 82.6498 0
    endloop
  endfacet
  facet normal -0 0 -1
    outer loop
      vertex 43.4022 53.9584 0
      vertex 9.78375 10.279 0
      vertex 43.1716 54.1716 0
    endloop
  endfacet
  facet normal 0 0 -1
    outer loop
      vertex 42.1105 56.0662 0
      vertex 10.3858 82.426 0
      vertex 10.4266 82.5365 0
    endloop
  endfacet
  facet normal 0 0 -1
    outer loop
      vertex 9.68099 10.3365 0
      vertex 43.1716 54.1716 0
      vertex 9.78375 10.279 0
    endloop
  endfacet
  facet normal 0 0 -1
    outer loop
      vertex 42.1105 56.0662 0
      vertex 10.3365 82.319 0
      vertex 10.3858 82.426 0
    endloop
  endfacet
  facet normal -0 0 -1
    outer loop
      vertex 43.1716 54.1716 0
      vertex 9.68099 10.3365 0
      vertex 42.9584 54.4022 0
    endloop
  endfacet
  facet normal 0 0 -1
    outer loop
      vertex 42.1105 56.0662 0
      vertex 10.279 82.2162 0
      vertex 10.3365 82.319 0
    endloop
  endfacet
  facet normal 0 0 -1
    outer loop
      vertex 9.57402 10.3858 0
      vertex 42.9584 54.4022 0
      vertex 9.68099 10.3365 0
    endloop
  endfacet
  facet normal 0 0 -1
    outer loop
      vertex 42.1105 56.0662 0
      vertex 10.2135 82.1183 0
      vertex 10.279 82.2162 0
    endloop
  endfacet
  facet normal -0 0 -1
    outer loop
      vertex 42.9584 54.4022 0
      vertex 9.57402 10.3858 0
      vertex 42.7639 54.6489 0
    endloop
  endfacet
  facet normal 0 0 -1
    outer loop
      vertex 42.1105 56.0662 0
      vertex 10.1406 82.0258 0
      vertex 10.2135 82.1183 0
    endloop
  endfacet
  facet normal 0 0 -1
    outer loop
      vertex 9.46352 10.4266 0
      vertex 42.7639 54.6489 0
      vertex 9.57402 10.3858 0
    endloop
  endfacet
  facet normal 0 0 -1
    outer loop
      vertex 42.1105 56.0662 0
      vertex 10.0607 81.9393 0
      vertex 10.1406 82.0258 0
    endloop
  endfacet
  facet normal -0 0 -1
    outer loop
      vertex 42.7639 54.6489 0
      vertex 9.46352 10.4266 0
      vertex 42.5894 54.91 0
    endloop
  endfacet
  facet normal 0 0 -1
    outer loop
      vertex 42.1105 56.0662 0
      vertex 9.97417 81.8594 0
      vertex 10.0607 81.9393 0
    endloop
  endfacet
  facet normal 0 0 -1
    outer loop
      vertex 9.35017 10.4586 0
      vertex 42.5894 54.91 0
      vertex 9.46352 10.4266 0
    endloop
  endfacet
  facet normal 0 0 -1
    outer loop
      vertex 42.1105 56.0662 0
      vertex 9.88168 81.7865 0
      vertex 9.97417 81.8594 0
    endloop
  endfacet
  facet normal -0 0 -1
    outer loop
      vertex 42.5894 54.91 0
      vertex 9.35017 10.4586 0
      vertex 42.436 55.184 0
    endloop
  endfacet
  facet normal 0 0 -1
    outer loop
      vertex 42.1105 56.0662 0
      vertex 9.78375 81.721 0
      vertex 9.88168 81.7865 0
    endloop
  endfacet
  facet normal 0 0 -1
    outer loop
      vertex 9.23465 10.4815 0
      vertex 42.436 55.184 0
      vertex 9.35017 10.4586 0
    endloop
  endfacet
  facet normal 0 0 -1
    outer loop
      vertex 42.1105 56.0662 0
      vertex 9.68099 81.6635 0
      vertex 9.78375 81.721 0
    endloop
  endfacet
  facet normal -0 0 -1
    outer loop
      vertex 42.436 55.184 0
      vertex 9.23465 10.4815 0
      vertex 42.3045 55.4693 0
    endloop
  endfacet
  facet normal 0 0 -1
    outer loop
      vertex 42.1105 56.0662 0
      vertex 9.57402 81.6142 0
      vertex 9.68099 81.6635 0
    endloop
  endfacet
  facet normal 0 0 -1
    outer loop
      vertex 9.11769 10.4954 0
      vertex 42.3045 55.4693 0
      vertex 9.23465 10.4815 0
    endloop
  endfacet
  facet normal 0 0 -1
    outer loop
      vertex 42.1105 56.0662 0
      vertex 9.46352 81.5734 0
      vertex 9.57402 81.6142 0
    endloop
  endfacet
  facet normal -0 0 -1
    outer loop
      vertex 42.3045 55.4693 0
      vertex 9.11769 10.4954 0
      vertex 42.1958 55.7639 0
    endloop
  endfacet
  facet normal 0 0 -1
    outer loop
      vertex 42.1105 56.0662 0
      vertex 9.35017 81.5414 0
      vertex 9.46352 81.5734 0
    endloop
  endfacet
  facet normal 0 0 -1
    outer loop
      vertex 9 10.5 0
      vertex 42.1958 55.7639 0
      vertex 9.11769 10.4954 0
    endloop
  endfacet
  facet normal 0 0 -1
    outer loop
      vertex 42.1105 56.0662 0
      vertex 9.23465 81.5185 0
      vertex 9.35017 81.5414 0
    endloop
  endfacet
  facet normal -0 0 -1
    outer loop
      vertex 42.1958 55.7639 0
      vertex 9 10.5 0
      vertex 42.1105 56.0662 0
    endloop
  endfacet
  facet normal 0 0 -1
    outer loop
      vertex 42.1105 56.0662 0
      vertex 9.11769 81.5046 0
      vertex 9.23465 81.5185 0
    endloop
  endfacet
  facet normal 0 0 -1
    outer loop
      vertex 9 81.5 0
      vertex 42.1105 56.0662 0
      vertex 9 10.5 0
    endloop
  endfacet
  facet normal 0 0 -1
    outer loop
      vertex 42.1105 56.0662 0
      vertex 9 81.5 0
      vertex 9.11769 81.5046 0
    endloop
  endfacet
  facet normal 0 0 -1
    outer loop
      vertex 8.88231 10.4954 0
      vertex 9 81.5 0
      vertex 9 10.5 0
    endloop
  endfacet
  facet normal 0 0 -1
    outer loop
      vertex 8.88231 10.4954 0
      vertex 8.88231 81.5046 0
      vertex 9 81.5 0
    endloop
  endfacet
  facet normal 0 0 -1
    outer loop
      vertex 8.76535 10.4815 0
      vertex 8.88231 81.5046 0
      vertex 8.88231 10.4954 0
    endloop
  endfacet
  facet normal 0 0 -1
    outer loop
      vertex 8.76535 10.4815 0
      vertex 8.76535 81.5185 0
      vertex 8.88231 81.5046 0
    endloop
  endfacet
  facet normal 0 0 -1
    outer loop
      vertex 8.64983 10.4586 0
      vertex 8.76535 81.5185 0
      vertex 8.76535 10.4815 0
    endloop
  endfacet
  facet normal 0 0 -1
    outer loop
      vertex 8.64983 10.4586 0
      vertex 8.64983 81.5414 0
      vertex 8.76535 81.5185 0
    endloop
  endfacet
  facet normal 0 0 -1
    outer loop
      vertex 8.53647 10.4266 0
      vertex 8.64983 81.5414 0
      vertex 8.64983 10.4586 0
    endloop
  endfacet
  facet normal 0 0 -1
    outer loop
      vertex 8.53647 10.4266 0
      vertex 8.53647 81.5734 0
      vertex 8.64983 81.5414 0
    endloop
  endfacet
  facet normal 0 0 -1
    outer loop
      vertex 8.42597 10.3858 0
      vertex 8.53647 81.5734 0
      vertex 8.53647 10.4266 0
    endloop
  endfacet
  facet normal 0 0 -1
    outer loop
      vertex 8.42597 10.3858 0
      vertex 8.42597 81.6142 0
      vertex 8.53647 81.5734 0
    endloop
  endfacet
  facet normal 0 0 -1
    outer loop
      vertex 8.31901 10.3365 0
      vertex 8.42597 81.6142 0
      vertex 8.42597 10.3858 0
    endloop
  endfacet
  facet normal 0 0 -1
    outer loop
      vertex 8.31901 10.3365 0
      vertex 8.31901 81.6635 0
      vertex 8.42597 81.6142 0
    endloop
  endfacet
  facet normal 0 0 -1
    outer loop
      vertex 0 7 0
      vertex 8.31901 10.3365 0
      vertex 8.21625 10.279 0
    endloop
  endfacet
  facet normal -0 0 -1
    outer loop
      vertex 8.31901 10.3365 0
      vertex 0 7 0
      vertex 8.31901 81.6635 0
    endloop
  endfacet
  facet normal 0 0 -1
    outer loop
      vertex 0 7 0
      vertex 8.21625 10.279 0
      vertex 8.11832 10.2135 0
    endloop
  endfacet
  facet normal 0 0 -1
    outer loop
      vertex 0 85 0
      vertex 8.31901 81.6635 0
      vertex 0 7 0
    endloop
  endfacet
  facet normal 0 0 -1
    outer loop
      vertex 0 7 0
      vertex 8.11832 10.2135 0
      vertex 8.02583 10.1406 0
    endloop
  endfacet
  facet normal 0 0 -1
    outer loop
      vertex 8.31901 81.6635 0
      vertex 0 85 0
      vertex 8.21625 81.721 0
    endloop
  endfacet
  facet normal 0 0 -1
    outer loop
      vertex 0 7 0
      vertex 8.02583 10.1406 0
      vertex 7.93934 10.0607 0
    endloop
  endfacet
  facet normal 0 0 -1
    outer loop
      vertex 8.21625 81.721 0
      vertex 0 85 0
      vertex 8.11832 81.7865 0
    endloop
  endfacet
  facet normal 0 0 -1
    outer loop
      vertex 0 7 0
      vertex 7.93934 10.0607 0
      vertex 7.85939 9.97417 0
    endloop
  endfacet
  facet normal 0 0 -1
    outer loop
      vertex 8.11832 81.7865 0
      vertex 0 85 0
      vertex 8.02583 81.8594 0
    endloop
  endfacet
  facet normal 0 0 -1
    outer loop
      vertex 0 7 0
      vertex 7.85939 9.97417 0
      vertex 7.78647 9.88168 0
    endloop
  endfacet
  facet normal 0 0 -1
    outer loop
      vertex 8.02583 81.8594 0
      vertex 0 85 0
      vertex 7.93934 81.9393 0
    endloop
  endfacet
  facet normal 0 0 -1
    outer loop
      vertex 0 7 0
      vertex 7.78647 9.88168 0
      vertex 7.72104 9.78375 0
    endloop
  endfacet
  facet normal 0 0 -1
    outer loop
      vertex 7.93934 81.9393 0
      vertex 0 85 0
      vertex 7.85939 82.0258 0
    endloop
  endfacet
  facet normal 0 0 -1
    outer loop
      vertex 0 7 0
      vertex 7.72104 9.78375 0
      vertex 7.66349 9.68099 0
    endloop
  endfacet
  facet normal 0 0 -1
    outer loop
      vertex 7.85939 82.0258 0
      vertex 0 85 0
      vertex 7.78647 82.1183 0
    endloop
  endfacet
  facet normal 0 0 -1
    outer loop
      vertex 0 7 0
      vertex 7.66349 9.68099 0
      vertex 7.61418 9.57402 0
    endloop
  endfacet
  facet normal 0 0 -1
    outer loop
      vertex 7.78647 82.1183 0
      vertex 0 85 0
      vertex 7.72104 82.2162 0
    endloop
  endfacet
  facet normal 0 0 -1
    outer loop
      vertex 0 7 0
      vertex 7.61418 9.57402 0
      vertex 7.57341 9.46352 0
    endloop
  endfacet
  facet normal 0 0 -1
    outer loop
      vertex 7.72104 82.2162 0
      vertex 0 85 0
      vertex 7.66349 82.319 0
    endloop
  endfacet
  facet normal 0 0 -1
    outer loop
      vertex 0 7 0
      vertex 7.57341 9.46352 0
      vertex 7.54144 9.35017 0
    endloop
  endfacet
  facet normal 0 0 -1
    outer loop
      vertex 7.66349 82.319 0
      vertex 0 85 0
      vertex 7.61418 82.426 0
    endloop
  endfacet
  facet normal 0 0 -1
    outer loop
      vertex 0 7 0
      vertex 7.54144 9.35017 0
      vertex 7.51847 9.23465 0
    endloop
  endfacet
  facet normal 0 0 -1
    outer loop
      vertex 7.61418 82.426 0
      vertex 0 85 0
      vertex 7.57341 82.5365 0
    endloop
  endfacet
  facet normal 0 0 -1
    outer loop
      vertex 0 7 0
      vertex 7.51847 9.23465 0
      vertex 7.50462 9.11769 0
    endloop
  endfacet
  facet normal 0 0 -1
    outer loop
      vertex 7.57341 82.5365 0
      vertex 0 85 0
      vertex 7.54144 82.6498 0
    endloop
  endfacet
  facet normal 0 0 -1
    outer loop
      vertex 0 7 0
      vertex 7.50462 9.11769 0
      vertex 7.5 9 0
    endloop
  endfacet
  facet normal 0 0 -1
    outer loop
      vertex 7.54144 82.6498 0
      vertex 0 85 0
      vertex 7.51847 82.7654 0
    endloop
  endfacet
  facet normal -0 0 -1
    outer loop
      vertex 44 60.461 0
      vertex 43.91 60.4106 0
      vertex 44 68.8 0
    endloop
  endfacet
  facet normal 0 0 -1
    outer loop
      vertex 84.4586 9.35017 0
      vertex 92 7 0
      vertex 84.4815 9.23465 0
    endloop
  endfacet
  facet normal 0 0 -1
    outer loop
      vertex 92 85 0
      vertex 84.4954 82.8823 0
      vertex 84.5 83 0
    endloop
  endfacet
  facet normal 0 0 -1
    outer loop
      vertex 84.4266 9.46352 0
      vertex 92 7 0
      vertex 84.4586 9.35017 0
    endloop
  endfacet
  facet normal 0 0 -1
    outer loop
      vertex 92 85 0
      vertex 84.4815 82.7654 0
      vertex 84.4954 82.8823 0
    endloop
  endfacet
  facet normal 0 0 -1
    outer loop
      vertex 84.3858 9.57402 0
      vertex 92 7 0
      vertex 84.4266 9.46352 0
    endloop
  endfacet
  facet normal 0 0 -1
    outer loop
      vertex 92 85 0
      vertex 84.4586 82.6498 0
      vertex 84.4815 82.7654 0
    endloop
  endfacet
  facet normal 0 0 -1
    outer loop
      vertex 84.3365 9.68099 0
      vertex 92 7 0
      vertex 84.3858 9.57402 0
    endloop
  endfacet
  facet normal 0 0 -1
    outer loop
      vertex 92 85 0
      vertex 84.4266 82.5365 0
      vertex 84.4586 82.6498 0
    endloop
  endfacet
  facet normal 0 0 -1
    outer loop
      vertex 84.279 9.78375 0
      vertex 92 7 0
      vertex 84.3365 9.68099 0
    endloop
  endfacet
  facet normal 0 0 -1
    outer loop
      vertex 92 85 0
      vertex 84.3858 82.426 0
      vertex 84.4266 82.5365 0
    endloop
  endfacet
  facet normal 0 0 -1
    outer loop
      vertex 84.2135 9.88168 0
      vertex 92 7 0
      vertex 84.279 9.78375 0
    endloop
  endfacet
  facet normal 0 0 -1
    outer loop
      vertex 92 85 0
      vertex 84.3365 82.319 0
      vertex 84.3858 82.426 0
    endloop
  endfacet
  facet normal 0 0 -1
    outer loop
      vertex 84.1406 9.97417 0
      vertex 92 7 0
      vertex 84.2135 9.88168 0
    endloop
  endfacet
  facet normal 0 0 -1
    outer loop
      vertex 92 85 0
      vertex 84.279 82.2162 0
      vertex 84.3365 82.319 0
    endloop
  endfacet
  facet normal 0 0 -1
    outer loop
      vertex 84.0607 10.0607 0
      vertex 92 7 0
      vertex 84.1406 9.97417 0
    endloop
  endfacet
  facet normal 0 0 -1
    outer loop
      vertex 92 85 0
      vertex 84.2135 82.1183 0
      vertex 84.279 82.2162 0
    endloop
  endfacet
  facet normal 0 0 -1
    outer loop
      vertex 83.9742 10.1406 0
      vertex 92 7 0
      vertex 84.0607 10.0607 0
    endloop
  endfacet
  facet normal 0 0 -1
    outer loop
      vertex 92 85 0
      vertex 84.1406 82.0258 0
      vertex 84.2135 82.1183 0
    endloop
  endfacet
  facet normal 0 0 -1
    outer loop
      vertex 83.8817 10.2135 0
      vertex 92 7 0
      vertex 83.9742 10.1406 0
    endloop
  endfacet
  facet normal 0 0 -1
    outer loop
      vertex 92 85 0
      vertex 84.0607 81.9393 0
      vertex 84.1406 82.0258 0
    endloop
  endfacet
  facet normal 0 0 -1
    outer loop
      vertex 83.7837 10.279 0
      vertex 92 7 0
      vertex 83.8817 10.2135 0
    endloop
  endfacet
  facet normal 0 0 -1
    outer loop
      vertex 92 85 0
      vertex 83.9742 81.8594 0
      vertex 84.0607 81.9393 0
    endloop
  endfacet
  facet normal 0 0 -1
    outer loop
      vertex 83.681 10.3365 0
      vertex 92 7 0
      vertex 83.7837 10.279 0
    endloop
  endfacet
  facet normal 0 0 -1
    outer loop
      vertex 92 85 0
      vertex 83.8817 81.7865 0
      vertex 83.9742 81.8594 0
    endloop
  endfacet
  facet normal 0 0 -1
    outer loop
      vertex 92 7 0
      vertex 83.681 10.3365 0
      vertex 92 85 0
    endloop
  endfacet
  facet normal 0 0 -1
    outer loop
      vertex 92 85 0
      vertex 83.7837 81.721 0
      vertex 83.8817 81.7865 0
    endloop
  endfacet
  facet normal 0 0 -1
    outer loop
      vertex 83.681 81.6635 0
      vertex 92 85 0
      vertex 83.681 10.3365 0
    endloop
  endfacet
  facet normal 0 0 -1
    outer loop
      vertex 92 85 0
      vertex 83.681 81.6635 0
      vertex 83.7837 81.721 0
    endloop
  endfacet
  facet normal 0 0 -1
    outer loop
      vertex 83.574 10.3858 0
      vertex 83.681 81.6635 0
      vertex 83.681 10.3365 0
    endloop
  endfacet
  facet normal 0 0 -1
    outer loop
      vertex 83.574 10.3858 0
      vertex 83.574 81.6142 0
      vertex 83.681 81.6635 0
    endloop
  endfacet
  facet normal 0 0 -1
    outer loop
      vertex 83.4635 10.4266 0
      vertex 83.574 81.6142 0
      vertex 83.574 10.3858 0
    endloop
  endfacet
  facet normal 0 0 -1
    outer loop
      vertex 83.4635 10.4266 0
      vertex 83.4635 81.5734 0
      vertex 83.574 81.6142 0
    endloop
  endfacet
  facet normal 0 0 -1
    outer loop
      vertex 83.3502 10.4586 0
      vertex 83.4635 81.5734 0
      vertex 83.4635 10.4266 0
    endloop
  endfacet
  facet normal 0 0 -1
    outer loop
      vertex 83.3502 10.4586 0
      vertex 83.3502 81.5414 0
      vertex 83.4635 81.5734 0
    endloop
  endfacet
  facet normal 0 0 -1
    outer loop
      vertex 83.2346 10.4815 0
      vertex 83.3502 81.5414 0
      vertex 83.3502 10.4586 0
    endloop
  endfacet
  facet normal 0 0 -1
    outer loop
      vertex 83.2346 10.4815 0
      vertex 83.2346 81.5185 0
      vertex 83.3502 81.5414 0
    endloop
  endfacet
  facet normal 0 0 -1
    outer loop
      vertex 83.1177 10.4954 0
      vertex 83.2346 81.5185 0
      vertex 83.2346 10.4815 0
    endloop
  endfacet
  facet normal 0 0 -1
    outer loop
      vertex 83.1177 10.4954 0
      vertex 83.1177 81.5046 0
      vertex 83.2346 81.5185 0
    endloop
  endfacet
  facet normal 0 0 -1
    outer loop
      vertex 83 10.5 0
      vertex 83.1177 81.5046 0
      vertex 83.1177 10.4954 0
    endloop
  endfacet
  facet normal 0 0 -1
    outer loop
      vertex 83 10.5 0
      vertex 83 81.5 0
      vertex 83.1177 81.5046 0
    endloop
  endfacet
  facet normal 0 0 -1
    outer loop
      vertex 49.8042 55.7639 0
      vertex 83 10.5 0
      vertex 82.8823 10.4954 0
    endloop
  endfacet
  facet normal 0 0 -1
    outer loop
      vertex 83 10.5 0
      vertex 49.8895 56.0662 0
      vertex 83 81.5 0
    endloop
  endfacet
  facet normal 0 0 -1
    outer loop
      vertex 49.6955 55.4693 0
      vertex 82.8823 10.4954 0
      vertex 82.7654 10.4815 0
    endloop
  endfacet
  facet normal -0 0 -1
    outer loop
      vertex 83 81.5 0
      vertex 49.8895 56.0662 0
      vertex 82.8823 81.5046 0
    endloop
  endfacet
  facet normal 0 0 -1
    outer loop
      vertex 49.564 55.184 0
      vertex 82.7654 10.4815 0
      vertex 82.6498 10.4586 0
    endloop
  endfacet
  facet normal 0 -0 -1
    outer loop
      vertex 49.9508 56.3743 0
      vertex 82.8823 81.5046 0
      vertex 49.8895 56.0662 0
    endloop
  endfacet
  facet normal 0 0 -1
    outer loop
      vertex 49.4106 54.91 0
      vertex 82.6498 10.4586 0
      vertex 82.5365 10.4266 0
    endloop
  endfacet
  facet normal -0 0 -1
    outer loop
      vertex 82.8823 81.5046 0
      vertex 49.9508 56.3743 0
      vertex 82.7654 81.5185 0
    endloop
  endfacet
  facet normal 0 0 -1
    outer loop
      vertex 49.2361 54.6489 0
      vertex 82.5365 10.4266 0
      vertex 82.426 10.3858 0
    endloop
  endfacet
  facet normal 0 -0 -1
    outer loop
      vertex 49.9877 56.6862 0
      vertex 82.7654 81.5185 0
      vertex 49.9508 56.3743 0
    endloop
  endfacet
  facet normal 0 0 -1
    outer loop
      vertex 49.0416 54.4022 0
      vertex 82.426 10.3858 0
      vertex 82.319 10.3365 0
    endloop
  endfacet
  facet normal -0 0 -1
    outer loop
      vertex 82.7654 81.5185 0
      vertex 49.9877 56.6862 0
      vertex 82.6498 81.5414 0
    endloop
  endfacet
  facet normal 0 0 -1
    outer loop
      vertex 48.8284 54.1716 0
      vertex 82.319 10.3365 0
      vertex 82.2162 10.279 0
    endloop
  endfacet
  facet normal 0 -0 -1
    outer loop
      vertex 50 57 0
      vertex 82.6498 81.5414 0
      vertex 49.9877 56.6862 0
    endloop
  endfacet
  facet normal 0 0 -1
    outer loop
      vertex 48.5978 53.9584 0
      vertex 82.2162 10.279 0
      vertex 82.1183 10.2135 0
    endloop
  endfacet
  facet normal -0 0 -1
    outer loop
      vertex 82.6498 81.5414 0
      vertex 50 57 0
      vertex 82.5365 81.5734 0
    endloop
  endfacet
  facet normal 0 0 -1
    outer loop
      vertex 48.3511 53.7639 0
      vertex 82.1183 10.2135 0
      vertex 82.0258 10.1406 0
    endloop
  endfacet
  facet normal 0 0 -1
    outer loop
      vertex 49.9877 57.3138 0
      vertex 82.5365 81.5734 0
      vertex 50 57 0
    endloop
  endfacet
  facet normal 0 0 -1
    outer loop
      vertex 48.09 53.5894 0
      vertex 82.0258 10.1406 0
      vertex 81.9393 10.0607 0
    endloop
  endfacet
  facet normal -0 0 -1
    outer loop
      vertex 82.5365 81.5734 0
      vertex 49.9877 57.3138 0
      vertex 82.426 81.6142 0
    endloop
  endfacet
  facet normal 0 0 -1
    outer loop
      vertex 48.09 53.5894 0
      vertex 81.9393 10.0607 0
      vertex 81.8594 9.97417 0
    endloop
  endfacet
  facet normal 0 0 -1
    outer loop
      vertex 49.9508 57.6257 0
      vertex 82.426 81.6142 0
      vertex 49.9877 57.3138 0
    endloop
  endfacet
  facet normal 0 0 -1
    outer loop
      vertex 47.816 53.436 0
      vertex 81.8594 9.97417 0
      vertex 81.7865 9.88168 0
    endloop
  endfacet
  facet normal -0 0 -1
    outer loop
      vertex 82.426 81.6142 0
      vertex 49.9508 57.6257 0
      vertex 82.319 81.6635 0
    endloop
  endfacet
  facet normal 0 0 -1
    outer loop
      vertex 47.5307 53.3045 0
      vertex 81.7865 9.88168 0
      vertex 81.721 9.78375 0
    endloop
  endfacet
  facet normal 0 0 -1
    outer loop
      vertex 49.8895 57.9338 0
      vertex 82.319 81.6635 0
      vertex 49.9508 57.6257 0
    endloop
  endfacet
  facet normal 0 0 -1
    outer loop
      vertex 47.2361 53.1958 0
      vertex 81.721 9.78375 0
      vertex 81.6635 9.68099 0
    endloop
  endfacet
  facet normal -0 0 -1
    outer loop
      vertex 82.319 81.6635 0
      vertex 49.8895 57.9338 0
      vertex 82.2162 81.721 0
    endloop
  endfacet
  facet normal 0 0 -1
    outer loop
      vertex 46.9338 53.1105 0
      vertex 81.6635 9.68099 0
      vertex 81.6142 9.57402 0
    endloop
  endfacet
  facet normal -0 0 -1
    outer loop
      vertex 82.2162 81.721 0
      vertex 49.8895 57.9338 0
      vertex 82.1183 81.7865 0
    endloop
  endfacet
  facet normal 0 0 -1
    outer loop
      vertex 46.6257 53.0492 0
      vertex 81.6142 9.57402 0
      vertex 81.5734 9.46352 0
    endloop
  endfacet
  facet normal 0 0 -1
    outer loop
      vertex 49.8042 58.2361 0
      vertex 82.1183 81.7865 0
      vertex 49.8895 57.9338 0
    endloop
  endfacet
  facet normal 0 0 -1
    outer loop
      vertex 46.3138 53.0123 0
      vertex 81.5734 9.46352 0
      vertex 81.5414 9.35017 0
    endloop
  endfacet
  facet normal -0 0 -1
    outer loop
      vertex 82.1183 81.7865 0
      vertex 49.8042 58.2361 0
      vertex 82.0258 81.8594 0
    endloop
  endfacet
  facet normal 0 0 -1
    outer loop
      vertex 46 53 0
      vertex 81.5414 9.35017 0
      vertex 81.5185 9.23465 0
    endloop
  endfacet
  facet normal 0 0 -1
    outer loop
      vertex 49.6955 58.5307 0
      vertex 82.0258 81.8594 0
      vertex 49.8042 58.2361 0
    endloop
  endfacet
  facet normal 0 0 -1
    outer loop
      vertex 10.4954 9.11769 0
      vertex 81.5046 9.11769 0
      vertex 10.5 9 0
    endloop
  endfacet
  facet normal -0 0 -1
    outer loop
      vertex 82.0258 81.8594 0
      vertex 49.6955 58.5307 0
      vertex 81.9393 81.9393 0
    endloop
  endfacet
  facet normal 0 0 -1
    outer loop
      vertex 10.5 9 0
      vertex 81.5046 9.11769 0
      vertex 81.5 9 0
    endloop
  endfacet
  facet normal 0 0 -1
    outer loop
      vertex 48 68.8 0
      vertex 81.9393 81.9393 0
      vertex 49.6955 58.5307 0
    endloop
  endfacet
  facet normal 0 0 -1
    outer loop
      vertex 84.3858 8.42597 0
      vertex 92 7 0
      vertex 91.9784 6.45079 0
    endloop
  endfacet
  facet normal 0 0 -1
    outer loop
      vertex 84.4954 9.11769 0
      vertex 92 7 0
      vertex 84.5 9 0
    endloop
  endfacet
  facet normal 0 0 -1
    outer loop
      vertex 84.3365 8.31901 0
      vertex 91.9784 6.45079 0
      vertex 91.9138 5.90496 0
    endloop
  endfacet
  facet normal 0 0 -1
    outer loop
      vertex 84.4815 9.23465 0
      vertex 92 7 0
      vertex 84.4954 9.11769 0
    endloop
  endfacet
  facet normal 0 0 -1
    outer loop
      vertex 84.3365 8.31901 0
      vertex 91.9138 5.90496 0
      vertex 91.8066 5.36588 0
    endloop
  endfacet
  facet normal 0 0 -1
    outer loop
      vertex 84.4954 83.1177 0
      vertex 92 85 0
      vertex 84.5 83 0
    endloop
  endfacet
  facet normal 0 0 -1
    outer loop
      vertex 84.279 8.21625 0
      vertex 91.8066 5.36588 0
      vertex 91.6574 4.83688 0
    endloop
  endfacet
  facet normal 0 0 -1
    outer loop
      vertex 84.4815 83.2346 0
      vertex 92 85 0
      vertex 84.4954 83.1177 0
    endloop
  endfacet
  facet normal 0 0 -1
    outer loop
      vertex 84.279 8.21625 0
      vertex 91.6574 4.83688 0
      vertex 91.4672 4.32122 0
    endloop
  endfacet
  facet normal 0 0 -1
    outer loop
      vertex 84.4586 83.3502 0
      vertex 92 85 0
      vertex 84.4815 83.2346 0
    endloop
  endfacet
  facet normal 0 0 -1
    outer loop
      vertex 84.2135 8.11832 0
      vertex 91.4672 4.32122 0
      vertex 91.237 3.82207 0
    endloop
  endfacet
  facet normal 0 0 -1
    outer loop
      vertex 84.4266 83.4635 0
      vertex 92 85 0
      vertex 84.4586 83.3502 0
    endloop
  endfacet
  facet normal 0 0 -1
    outer loop
      vertex 84.2135 8.11832 0
      vertex 91.237 3.82207 0
      vertex 90.9685 3.34251 0
    endloop
  endfacet
  facet normal 0 0 -1
    outer loop
      vertex 84.3858 83.574 0
      vertex 92 85 0
      vertex 84.4266 83.4635 0
    endloop
  endfacet
  facet normal 0 0 -1
    outer loop
      vertex 84.1406 8.02583 0
      vertex 90.9685 3.34251 0
      vertex 90.6631 2.8855 0
    endloop
  endfacet
  facet normal -0 0 -1
    outer loop
      vertex 92 85 0
      vertex 84.3858 83.574 0
      vertex 91.9784 85.5492 0
    endloop
  endfacet
  facet normal 0 0 -1
    outer loop
      vertex 84.1406 8.02583 0
      vertex 90.6631 2.8855 0
      vertex 90.3228 2.45386 0
    endloop
  endfacet
  facet normal 0 0 -1
    outer loop
      vertex 84.3365 83.681 0
      vertex 91.9784 85.5492 0
      vertex 84.3858 83.574 0
    endloop
  endfacet
  facet normal 0 0 -1
    outer loop
      vertex 84.0607 7.93934 0
      vertex 90.3228 2.45386 0
      vertex 89.9497 2.05025 0
    endloop
  endfacet
  facet normal -0 0 -1
    outer loop
      vertex 91.9784 85.5492 0
      vertex 84.3365 83.681 0
      vertex 91.9138 86.095 0
    endloop
  endfacet
  facet normal 0 0 -1
    outer loop
      vertex 84.0607 7.93934 0
      vertex 89.9497 2.05025 0
      vertex 89.5461 1.67716 0
    endloop
  endfacet
  facet normal -0 0 -1
    outer loop
      vertex 91.9138 86.095 0
      vertex 84.3365 83.681 0
      vertex 91.8066 86.6341 0
    endloop
  endfacet
  facet normal 0 0 -1
    outer loop
      vertex 83.9742 7.85939 0
      vertex 89.5461 1.67716 0
      vertex 89.1145 1.33688 0
    endloop
  endfacet
  facet normal 0 0 -1
    outer loop
      vertex 84.279 83.7837 0
      vertex 91.8066 86.6341 0
      vertex 84.3365 83.681 0
    endloop
  endfacet
  facet normal 0 0 -1
    outer loop
      vertex 83.9742 7.85939 0
      vertex 89.1145 1.33688 0
      vertex 88.6575 1.03152 0
    endloop
  endfacet
  facet normal -0 0 -1
    outer loop
      vertex 91.8066 86.6341 0
      vertex 84.279 83.7837 0
      vertex 91.6574 87.1631 0
    endloop
  endfacet
  facet normal 0 0 -1
    outer loop
      vertex 83.8817 7.78647 0
      vertex 88.6575 1.03152 0
      vertex 88.1779 0.762954 0
    endloop
  endfacet
  facet normal -0 0 -1
    outer loop
      vertex 91.6574 87.1631 0
      vertex 84.279 83.7837 0
      vertex 91.4672 87.6788 0
    endloop
  endfacet
  facet normal 0 0 -1
    outer loop
      vertex 83.8817 7.78647 0
      vertex 88.1779 0.762954 0
      vertex 87.6788 0.532843 0
    endloop
  endfacet
  facet normal 0 0 -1
    outer loop
      vertex 84.2135 83.8817 0
      vertex 91.4672 87.6788 0
      vertex 84.279 83.7837 0
    endloop
  endfacet
  facet normal 0 0 -1
    outer loop
      vertex 83.7837 7.72104 0
      vertex 87.6788 0.532843 0
      vertex 87.1631 0.342604 0
    endloop
  endfacet
  facet normal -0 0 -1
    outer loop
      vertex 91.4672 87.6788 0
      vertex 84.2135 83.8817 0
      vertex 91.237 88.1779 0
    endloop
  endfacet
  facet normal 0 0 -1
    outer loop
      vertex 83.7837 7.72104 0
      vertex 87.1631 0.342604 0
      vertex 86.6341 0.19341 0
    endloop
  endfacet
  facet normal -0 0 -1
    outer loop
      vertex 91.237 88.1779 0
      vertex 84.2135 83.8817 0
      vertex 90.9685 88.6575 0
    endloop
  endfacet
  facet normal 0 0 -1
    outer loop
      vertex 83.681 7.66349 0
      vertex 86.6341 0.19341 0
      vertex 86.095 0.0861807 0
    endloop
  endfacet
  facet normal 0 0 -1
    outer loop
      vertex 84.1406 83.9742 0
      vertex 90.9685 88.6575 0
      vertex 84.2135 83.8817 0
    endloop
  endfacet
  facet normal 0 0 -1
    outer loop
      vertex 83.681 7.66349 0
      vertex 86.095 0.0861807 0
      vertex 85.5492 0.0215778 0
    endloop
  endfacet
  facet normal -0 0 -1
    outer loop
      vertex 90.9685 88.6575 0
      vertex 84.1406 83.9742 0
      vertex 90.6631 89.1145 0
    endloop
  endfacet
  facet normal 0 0 -1
    outer loop
      vertex 83.574 7.61418 0
      vertex 85.5492 0.0215778 0
      vertex 85 0 0
    endloop
  endfacet
  facet normal -0 0 -1
    outer loop
      vertex 90.6631 89.1145 0
      vertex 84.1406 83.9742 0
      vertex 90.3228 89.5461 0
    endloop
  endfacet
  facet normal 0 0 -1
    outer loop
      vertex 84.0607 84.0607 0
      vertex 90.3228 89.5461 0
      vertex 84.1406 83.9742 0
    endloop
  endfacet
  facet normal 0 0 -1
    outer loop
      vertex 92 7 0
      vertex 84.4954 8.88231 0
      vertex 84.5 9 0
    endloop
  endfacet
  facet normal 0 0 -1
    outer loop
      vertex 92 7 0
      vertex 84.4815 8.76535 0
      vertex 84.4954 8.88231 0
    endloop
  endfacet
  facet normal 0 0 -1
    outer loop
      vertex 92 7 0
      vertex 84.4586 8.64983 0
      vertex 84.4815 8.76535 0
    endloop
  endfacet
  facet normal 0 0 -1
    outer loop
      vertex 92 7 0
      vertex 84.4266 8.53647 0
      vertex 84.4586 8.64983 0
    endloop
  endfacet
  facet normal 0 0 -1
    outer loop
      vertex 92 7 0
      vertex 84.3858 8.42597 0
      vertex 84.4266 8.53647 0
    endloop
  endfacet
  facet normal 0 0 -1
    outer loop
      vertex 91.9784 6.45079 0
      vertex 84.3365 8.31901 0
      vertex 84.3858 8.42597 0
    endloop
  endfacet
  facet normal 0 0 -1
    outer loop
      vertex 91.8066 5.36588 0
      vertex 84.279 8.21625 0
      vertex 84.3365 8.31901 0
    endloop
  endfacet
  facet normal 0 0 -1
    outer loop
      vertex 91.4672 4.32122 0
      vertex 84.2135 8.11832 0
      vertex 84.279 8.21625 0
    endloop
  endfacet
  facet normal 0 0 -1
    outer loop
      vertex 90.9685 3.34251 0
      vertex 84.1406 8.02583 0
      vertex 84.2135 8.11832 0
    endloop
  endfacet
  facet normal 0 0 -1
    outer loop
      vertex 90.3228 2.45386 0
      vertex 84.0607 7.93934 0
      vertex 84.1406 8.02583 0
    endloop
  endfacet
  facet normal 0 0 -1
    outer loop
      vertex 89.5461 1.67716 0
      vertex 83.9742 7.85939 0
      vertex 84.0607 7.93934 0
    endloop
  endfacet
  facet normal 0 0 -1
    outer loop
      vertex 88.6575 1.03152 0
      vertex 83.8817 7.78647 0
      vertex 83.9742 7.85939 0
    endloop
  endfacet
  facet normal 0 0 -1
    outer loop
      vertex 87.6788 0.532843 0
      vertex 83.7837 7.72104 0
      vertex 83.8817 7.78647 0
    endloop
  endfacet
  facet normal 0 0 -1
    outer loop
      vertex 86.6341 0.19341 0
      vertex 83.681 7.66349 0
      vertex 83.7837 7.72104 0
    endloop
  endfacet
  facet normal 0 0 -1
    outer loop
      vertex 85.5492 0.0215778 0
      vertex 83.574 7.61418 0
      vertex 83.681 7.66349 0
    endloop
  endfacet
  facet normal 0 0 -1
    outer loop
      vertex 85 0 0
      vertex 83.4635 7.57341 0
      vertex 83.574 7.61418 0
    endloop
  endfacet
  facet normal 0 0 -1
    outer loop
      vertex 85 0 0
      vertex 83.3502 7.54144 0
      vertex 83.4635 7.57341 0
    endloop
  endfacet
  facet normal 0 0 -1
    outer loop
      vertex 85 0 0
      vertex 83.2346 7.51847 0
      vertex 83.3502 7.54144 0
    endloop
  endfacet
  facet normal 0 0 -1
    outer loop
      vertex 85 0 0
      vertex 83.1177 7.50462 0
      vertex 83.2346 7.51847 0
    endloop
  endfacet
  facet normal 0 0 -1
    outer loop
      vertex 85 0 0
      vertex 83 7.5 0
      vertex 83.1177 7.50462 0
    endloop
  endfacet
  facet normal 0 0 -1
    outer loop
      vertex 85 0 0
      vertex 82.8823 7.50462 0
      vertex 83 7.5 0
    endloop
  endfacet
  facet normal 0 0 -1
    outer loop
      vertex 85 0 0
      vertex 82.7654 7.51847 0
      vertex 82.8823 7.50462 0
    endloop
  endfacet
  facet normal 0 0 -1
    outer loop
      vertex 85 0 0
      vertex 82.6498 7.54144 0
      vertex 82.7654 7.51847 0
    endloop
  endfacet
  facet normal 0 0 -1
    outer loop
      vertex 85 0 0
      vertex 82.5365 7.57341 0
      vertex 82.6498 7.54144 0
    endloop
  endfacet
  facet normal 0 0 -1
    outer loop
      vertex 85 0 0
      vertex 82.426 7.61418 0
      vertex 82.5365 7.57341 0
    endloop
  endfacet
  facet normal 0 0 -1
    outer loop
      vertex 85 0 0
      vertex 82.319 7.66349 0
      vertex 82.426 7.61418 0
    endloop
  endfacet
  facet normal 0 0 -1
    outer loop
      vertex 85 0 0
      vertex 82.2162 7.72104 0
      vertex 82.319 7.66349 0
    endloop
  endfacet
  facet normal 0 0 -1
    outer loop
      vertex 85 0 0
      vertex 82.1183 7.78647 0
      vertex 82.2162 7.72104 0
    endloop
  endfacet
  facet normal 0 0 -1
    outer loop
      vertex 85 0 0
      vertex 82.0258 7.85939 0
      vertex 82.1183 7.78647 0
    endloop
  endfacet
  facet normal 0 0 -1
    outer loop
      vertex 85 0 0
      vertex 81.9393 7.93934 0
      vertex 82.0258 7.85939 0
    endloop
  endfacet
  facet normal 0 0 -1
    outer loop
      vertex 85 0 0
      vertex 81.8594 8.02583 0
      vertex 81.9393 7.93934 0
    endloop
  endfacet
  facet normal 0 0 -1
    outer loop
      vertex 85 0 0
      vertex 81.7865 8.11832 0
      vertex 81.8594 8.02583 0
    endloop
  endfacet
  facet normal 0 0 -1
    outer loop
      vertex 85 0 0
      vertex 81.721 8.21625 0
      vertex 81.7865 8.11832 0
    endloop
  endfacet
  facet normal 0 0 -1
    outer loop
      vertex 85 0 0
      vertex 81.6635 8.31901 0
      vertex 81.721 8.21625 0
    endloop
  endfacet
  facet normal 0 0 -1
    outer loop
      vertex 10.3365 8.31901 0
      vertex 81.6635 8.31901 0
      vertex 85 0 0
    endloop
  endfacet
  facet normal -0 0 -1
    outer loop
      vertex 81.9393 81.9393 0
      vertex 48 68.8 0
      vertex 81.8594 82.0258 0
    endloop
  endfacet
  facet normal 0 0 -1
    outer loop
      vertex 10.5 9 0
      vertex 81.5 9 0
      vertex 81.5046 8.88231 0
    endloop
  endfacet
  facet normal 0 0 -1
    outer loop
      vertex 10.4954 8.88231 0
      vertex 81.5046 8.88231 0
      vertex 81.5185 8.76535 0
    endloop
  endfacet
  facet normal 0 0 -1
    outer loop
      vertex 10.4815 8.76535 0
      vertex 81.5185 8.76535 0
      vertex 81.5414 8.64983 0
    endloop
  endfacet
  facet normal 0 0 -1
    outer loop
      vertex 10.4586 8.64983 0
      vertex 81.5414 8.64983 0
      vertex 81.5734 8.53647 0
    endloop
  endfacet
  facet normal 0 0 -1
    outer loop
      vertex 10.4266 8.53647 0
      vertex 81.5734 8.53647 0
      vertex 81.6142 8.42597 0
    endloop
  endfacet
  facet normal 0 0 -1
    outer loop
      vertex 81.6635 8.31901 0
      vertex 10.3365 8.31901 0
      vertex 81.6142 8.42597 0
    endloop
  endfacet
  facet normal 0 0 -1
    outer loop
      vertex 47.9852 68.9877 0
      vertex 81.7865 82.1183 0
      vertex 47.9963 68.8941 0
    endloop
  endfacet
  facet normal -0 0 -1
    outer loop
      vertex 81.8594 82.0258 0
      vertex 47.9963 68.8941 0
      vertex 81.7865 82.1183 0
    endloop
  endfacet
  facet normal 0 0 -1
    outer loop
      vertex 47.9963 68.8941 0
      vertex 81.8594 82.0258 0
      vertex 48 68.8 0
    endloop
  endfacet
  facet normal 0 0 -1
    outer loop
      vertex 83 10.5 0
      vertex 49.8042 55.7639 0
      vertex 49.8895 56.0662 0
    endloop
  endfacet
  facet normal 0 0 -1
    outer loop
      vertex 82.8823 10.4954 0
      vertex 49.6955 55.4693 0
      vertex 49.8042 55.7639 0
    endloop
  endfacet
  facet normal 0 0 -1
    outer loop
      vertex 82.7654 10.4815 0
      vertex 49.564 55.184 0
      vertex 49.6955 55.4693 0
    endloop
  endfacet
  facet normal 0 0 -1
    outer loop
      vertex 82.6498 10.4586 0
      vertex 49.4106 54.91 0
      vertex 49.564 55.184 0
    endloop
  endfacet
  facet normal 0 0 -1
    outer loop
      vertex 82.5365 10.4266 0
      vertex 49.2361 54.6489 0
      vertex 49.4106 54.91 0
    endloop
  endfacet
  facet normal 0 0 -1
    outer loop
      vertex 82.426 10.3858 0
      vertex 49.0416 54.4022 0
      vertex 49.2361 54.6489 0
    endloop
  endfacet
  facet normal 0 0 -1
    outer loop
      vertex 82.319 10.3365 0
      vertex 48.8284 54.1716 0
      vertex 49.0416 54.4022 0
    endloop
  endfacet
  facet normal 0 0 -1
    outer loop
      vertex 82.2162 10.279 0
      vertex 48.5978 53.9584 0
      vertex 48.8284 54.1716 0
    endloop
  endfacet
  facet normal 0 0 -1
    outer loop
      vertex 82.1183 10.2135 0
      vertex 48.3511 53.7639 0
      vertex 48.5978 53.9584 0
    endloop
  endfacet
  facet normal 0 0 -1
    outer loop
      vertex 82.0258 10.1406 0
      vertex 48.09 53.5894 0
      vertex 48.3511 53.7639 0
    endloop
  endfacet
  facet normal 0 0 -1
    outer loop
      vertex 81.8594 9.97417 0
      vertex 47.816 53.436 0
      vertex 48.09 53.5894 0
    endloop
  endfacet
  facet normal 0 0 -1
    outer loop
      vertex 81.7865 9.88168 0
      vertex 47.5307 53.3045 0
      vertex 47.816 53.436 0
    endloop
  endfacet
  facet normal 0 0 -1
    outer loop
      vertex 81.721 9.78375 0
      vertex 47.2361 53.1958 0
      vertex 47.5307 53.3045 0
    endloop
  endfacet
  facet normal 0 0 -1
    outer loop
      vertex 81.6635 9.68099 0
      vertex 46.9338 53.1105 0
      vertex 47.2361 53.1958 0
    endloop
  endfacet
  facet normal 0 0 -1
    outer loop
      vertex 81.6142 9.57402 0
      vertex 46.6257 53.0492 0
      vertex 46.9338 53.1105 0
    endloop
  endfacet
  facet normal 0 0 -1
    outer loop
      vertex 81.5734 9.46352 0
      vertex 46.3138 53.0123 0
      vertex 46.6257 53.0492 0
    endloop
  endfacet
  facet normal 0 0 -1
    outer loop
      vertex 81.5046 9.11769 0
      vertex 10.4954 9.11769 0
      vertex 81.5185 9.23465 0
    endloop
  endfacet
  facet normal 0 0 -1
    outer loop
      vertex 81.5414 9.35017 0
      vertex 46 53 0
      vertex 46.3138 53.0123 0
    endloop
  endfacet
  facet normal 0 0 -1
    outer loop
      vertex 10.4815 9.23465 0
      vertex 81.5185 9.23465 0
      vertex 10.4954 9.11769 0
    endloop
  endfacet
  facet normal 0 0 -1
    outer loop
      vertex 81.5185 9.23465 0
      vertex 10.4815 9.23465 0
      vertex 46 53 0
    endloop
  endfacet
  facet normal 0 0 -1
    outer loop
      vertex 10.4586 9.35017 0
      vertex 46 53 0
      vertex 10.4815 9.23465 0
    endloop
  endfacet
  facet normal -0 0 -1
    outer loop
      vertex 46 53 0
      vertex 10.4586 9.35017 0
      vertex 45.6862 53.0123 0
    endloop
  endfacet
  facet normal 0 0 -1
    outer loop
      vertex 10.4266 9.46352 0
      vertex 45.6862 53.0123 0
      vertex 10.4586 9.35017 0
    endloop
  endfacet
  facet normal -0 0 -1
    outer loop
      vertex 45.6862 53.0123 0
      vertex 10.4266 9.46352 0
      vertex 45.3743 53.0492 0
    endloop
  endfacet
  facet normal 0 0 -1
    outer loop
      vertex 10.3858 9.57402 0
      vertex 45.3743 53.0492 0
      vertex 10.4266 9.46352 0
    endloop
  endfacet
  facet normal -0 0 -1
    outer loop
      vertex 45.3743 53.0492 0
      vertex 10.3858 9.57402 0
      vertex 45.0662 53.1105 0
    endloop
  endfacet
  facet normal 0 0 -1
    outer loop
      vertex 10.3365 9.68099 0
      vertex 45.0662 53.1105 0
      vertex 10.3858 9.57402 0
    endloop
  endfacet
  facet normal -0 0 -1
    outer loop
      vertex 45.0662 53.1105 0
      vertex 10.3365 9.68099 0
      vertex 44.7639 53.1958 0
    endloop
  endfacet
  facet normal 0 0 -1
    outer loop
      vertex 10.279 9.78375 0
      vertex 44.7639 53.1958 0
      vertex 10.3365 9.68099 0
    endloop
  endfacet
  facet normal 0 0 -1
    outer loop
      vertex 42.0492 56.3743 0
      vertex 10.5 83 0
      vertex 42.0123 56.6862 0
    endloop
  endfacet
  facet normal 0 0 -1
    outer loop
      vertex 42.1105 56.0662 0
      vertex 10.5 83 0
      vertex 42.0492 56.3743 0
    endloop
  endfacet
  facet normal 0 0 -1
    outer loop
      vertex 9.97417 10.1406 0
      vertex 43.91 53.5894 0
      vertex 10.0607 10.0607 0
    endloop
  endfacet
  facet normal 0 0 -1
    outer loop
      vertex 10.0607 10.0607 0
      vertex 43.91 53.5894 0
      vertex 10.1406 9.97417 0
    endloop
  endfacet
  facet normal -0 0 -1
    outer loop
      vertex 44.184 53.436 0
      vertex 10.1406 9.97417 0
      vertex 43.91 53.5894 0
    endloop
  endfacet
  facet normal 0 0 -1
    outer loop
      vertex 10.1406 9.97417 0
      vertex 44.184 53.436 0
      vertex 10.2135 9.88168 0
    endloop
  endfacet
  facet normal -0 0 -1
    outer loop
      vertex 44.4693 53.3045 0
      vertex 10.2135 9.88168 0
      vertex 44.184 53.436 0
    endloop
  endfacet
  facet normal 0 0 -1
    outer loop
      vertex 10.2135 9.88168 0
      vertex 44.4693 53.3045 0
      vertex 10.279 9.78375 0
    endloop
  endfacet
  facet normal -0 0 -1
    outer loop
      vertex 44.7639 53.1958 0
      vertex 10.279 9.78375 0
      vertex 44.4693 53.3045 0
    endloop
  endfacet
  facet normal 0 0 -1
    outer loop
      vertex 81.5046 8.88231 0
      vertex 10.4954 8.88231 0
      vertex 10.5 9 0
    endloop
  endfacet
  facet normal 0 0 -1
    outer loop
      vertex 81.5185 8.76535 0
      vertex 10.4815 8.76535 0
      vertex 10.4954 8.88231 0
    endloop
  endfacet
  facet normal 0 0 -1
    outer loop
      vertex 81.5414 8.64983 0
      vertex 10.4586 8.64983 0
      vertex 10.4815 8.76535 0
    endloop
  endfacet
  facet normal 0 0 -1
    outer loop
      vertex 81.5734 8.53647 0
      vertex 10.4266 8.53647 0
      vertex 10.4586 8.64983 0
    endloop
  endfacet
  facet normal 0 0 -1
    outer loop
      vertex 81.6142 8.42597 0
      vertex 10.3858 8.42597 0
      vertex 10.4266 8.53647 0
    endloop
  endfacet
  facet normal -0 0 -1
    outer loop
      vertex 81.6142 8.42597 0
      vertex 10.3365 8.31901 0
      vertex 10.3858 8.42597 0
    endloop
  endfacet
  facet normal 0 0 -1
    outer loop
      vertex 7 0 0
      vertex 10.3365 8.31901 0
      vertex 85 0 0
    endloop
  endfacet
  facet normal 0 0 -1
    outer loop
      vertex 10.3365 8.31901 0
      vertex 7 0 0
      vertex 10.279 8.21625 0
    endloop
  endfacet
  facet normal 0 0 -1
    outer loop
      vertex 10.279 8.21625 0
      vertex 7 0 0
      vertex 10.2135 8.11832 0
    endloop
  endfacet
  facet normal 0 0 -1
    outer loop
      vertex 10.2135 8.11832 0
      vertex 7 0 0
      vertex 10.1406 8.02583 0
    endloop
  endfacet
  facet normal 0 0 -1
    outer loop
      vertex 10.1406 8.02583 0
      vertex 7 0 0
      vertex 10.0607 7.93934 0
    endloop
  endfacet
  facet normal 0 0 -1
    outer loop
      vertex 10.0607 7.93934 0
      vertex 7 0 0
      vertex 9.97417 7.85939 0
    endloop
  endfacet
  facet normal 0 0 -1
    outer loop
      vertex 9.97417 7.85939 0
      vertex 7 0 0
      vertex 9.88168 7.78647 0
    endloop
  endfacet
  facet normal 0 0 -1
    outer loop
      vertex 9.88168 7.78647 0
      vertex 7 0 0
      vertex 9.78375 7.72104 0
    endloop
  endfacet
  facet normal 0 0 -1
    outer loop
      vertex 9.78375 7.72104 0
      vertex 7 0 0
      vertex 9.68099 7.66349 0
    endloop
  endfacet
  facet normal 0 0 -1
    outer loop
      vertex 9.68099 7.66349 0
      vertex 7 0 0
      vertex 9.57402 7.61418 0
    endloop
  endfacet
  facet normal 0 0 -1
    outer loop
      vertex 9.57402 7.61418 0
      vertex 7 0 0
      vertex 9.46352 7.57341 0
    endloop
  endfacet
  facet normal 0 0 -1
    outer loop
      vertex 9.46352 7.57341 0
      vertex 7 0 0
      vertex 9.35017 7.54144 0
    endloop
  endfacet
  facet normal 0 0 -1
    outer loop
      vertex 9.35017 7.54144 0
      vertex 7 0 0
      vertex 9.23465 7.51847 0
    endloop
  endfacet
  facet normal 0 0 -1
    outer loop
      vertex 9.23465 7.51847 0
      vertex 7 0 0
      vertex 9.11769 7.50462 0
    endloop
  endfacet
  facet normal 0 0 -1
    outer loop
      vertex 9.11769 7.50462 0
      vertex 7 0 0
      vertex 9 7.5 0
    endloop
  endfacet
  facet normal 0 0 -1
    outer loop
      vertex 1.67716 2.45386 0
      vertex 7.93934 7.93934 0
      vertex 2.05025 2.05025 0
    endloop
  endfacet
  facet normal 0 0 -1
    outer loop
      vertex 2.05025 2.05025 0
      vertex 7.93934 7.93934 0
      vertex 2.45386 1.67716 0
    endloop
  endfacet
  facet normal -0 0 -1
    outer loop
      vertex 8.02583 7.85939 0
      vertex 2.45386 1.67716 0
      vertex 7.93934 7.93934 0
    endloop
  endfacet
  facet normal 0 0 -1
    outer loop
      vertex 2.45386 1.67716 0
      vertex 8.02583 7.85939 0
      vertex 2.8855 1.33688 0
    endloop
  endfacet
  facet normal 0 0 -1
    outer loop
      vertex 2.8855 1.33688 0
      vertex 8.02583 7.85939 0
      vertex 3.34251 1.03152 0
    endloop
  endfacet
  facet normal -0 0 -1
    outer loop
      vertex 8.11832 7.78647 0
      vertex 3.34251 1.03152 0
      vertex 8.02583 7.85939 0
    endloop
  endfacet
  facet normal 0 0 -1
    outer loop
      vertex 3.34251 1.03152 0
      vertex 8.11832 7.78647 0
      vertex 3.82207 0.762954 0
    endloop
  endfacet
  facet normal 0 0 -1
    outer loop
      vertex 3.82207 0.762954 0
      vertex 8.11832 7.78647 0
      vertex 4.32122 0.532843 0
    endloop
  endfacet
  facet normal -0 0 -1
    outer loop
      vertex 8.21625 7.72104 0
      vertex 4.32122 0.532843 0
      vertex 8.11832 7.78647 0
    endloop
  endfacet
  facet normal 0 0 -1
    outer loop
      vertex 4.32122 0.532843 0
      vertex 8.21625 7.72104 0
      vertex 4.83688 0.342604 0
    endloop
  endfacet
  facet normal 0 0 -1
    outer loop
      vertex 4.83688 0.342604 0
      vertex 8.21625 7.72104 0
      vertex 5.36588 0.19341 0
    endloop
  endfacet
  facet normal -0 0 -1
    outer loop
      vertex 8.31901 7.66349 0
      vertex 5.36588 0.19341 0
      vertex 8.21625 7.72104 0
    endloop
  endfacet
  facet normal 0 0 -1
    outer loop
      vertex 5.36588 0.19341 0
      vertex 8.31901 7.66349 0
      vertex 5.90496 0.0861807 0
    endloop
  endfacet
  facet normal 0 0 -1
    outer loop
      vertex 5.90496 0.0861807 0
      vertex 8.31901 7.66349 0
      vertex 6.45079 0.0215778 0
    endloop
  endfacet
  facet normal -0 0 -1
    outer loop
      vertex 8.42597 7.61418 0
      vertex 6.45079 0.0215778 0
      vertex 8.31901 7.66349 0
    endloop
  endfacet
  facet normal 0 0 -1
    outer loop
      vertex 6.45079 0.0215778 0
      vertex 8.42597 7.61418 0
      vertex 7 0 0
    endloop
  endfacet
  facet normal -0 0 -1
    outer loop
      vertex 8.53647 7.57341 0
      vertex 7 0 0
      vertex 8.42597 7.61418 0
    endloop
  endfacet
  facet normal -0 0 -1
    outer loop
      vertex 8.64983 7.54144 0
      vertex 7 0 0
      vertex 8.53647 7.57341 0
    endloop
  endfacet
  facet normal -0 0 -1
    outer loop
      vertex 8.76535 7.51847 0
      vertex 7 0 0
      vertex 8.64983 7.54144 0
    endloop
  endfacet
  facet normal -0 0 -1
    outer loop
      vertex 8.88231 7.50462 0
      vertex 7 0 0
      vertex 8.76535 7.51847 0
    endloop
  endfacet
  facet normal -0 0 -1
    outer loop
      vertex 9 7.5 0
      vertex 7 0 0
      vertex 8.88231 7.50462 0
    endloop
  endfacet
  facet normal -0 0 -1
    outer loop
      vertex 90.3228 89.5461 0
      vertex 84.0607 84.0607 0
      vertex 89.9497 89.9497 0
    endloop
  endfacet
  facet normal -0 0 -1
    outer loop
      vertex 89.9497 89.9497 0
      vertex 84.0607 84.0607 0
      vertex 89.5461 90.3228 0
    endloop
  endfacet
  facet normal 0 0 -1
    outer loop
      vertex 83.9742 84.1406 0
      vertex 89.5461 90.3228 0
      vertex 84.0607 84.0607 0
    endloop
  endfacet
  facet normal -0 0 -1
    outer loop
      vertex 89.5461 90.3228 0
      vertex 83.9742 84.1406 0
      vertex 89.1145 90.6631 0
    endloop
  endfacet
  facet normal -0 0 -1
    outer loop
      vertex 89.1145 90.6631 0
      vertex 83.9742 84.1406 0
      vertex 88.6575 90.9685 0
    endloop
  endfacet
  facet normal 0 0 -1
    outer loop
      vertex 83.8817 84.2135 0
      vertex 88.6575 90.9685 0
      vertex 83.9742 84.1406 0
    endloop
  endfacet
  facet normal -0 0 -1
    outer loop
      vertex 88.6575 90.9685 0
      vertex 83.8817 84.2135 0
      vertex 88.1779 91.237 0
    endloop
  endfacet
  facet normal -0 0 -1
    outer loop
      vertex 88.1779 91.237 0
      vertex 83.8817 84.2135 0
      vertex 87.6788 91.4672 0
    endloop
  endfacet
  facet normal 0 0 -1
    outer loop
      vertex 83.7837 84.279 0
      vertex 87.6788 91.4672 0
      vertex 83.8817 84.2135 0
    endloop
  endfacet
  facet normal -0 0 -1
    outer loop
      vertex 87.6788 91.4672 0
      vertex 83.7837 84.279 0
      vertex 87.1631 91.6574 0
    endloop
  endfacet
  facet normal -0 0 -1
    outer loop
      vertex 87.1631 91.6574 0
      vertex 83.7837 84.279 0
      vertex 86.6341 91.8066 0
    endloop
  endfacet
  facet normal 0 0 -1
    outer loop
      vertex 83.681 84.3365 0
      vertex 86.6341 91.8066 0
      vertex 83.7837 84.279 0
    endloop
  endfacet
  facet normal -0 0 -1
    outer loop
      vertex 86.6341 91.8066 0
      vertex 83.681 84.3365 0
      vertex 86.095 91.9138 0
    endloop
  endfacet
  facet normal -0 0 -1
    outer loop
      vertex 86.095 91.9138 0
      vertex 83.681 84.3365 0
      vertex 85.5492 91.9784 0
    endloop
  endfacet
  facet normal 0 0 -1
    outer loop
      vertex 83.574 84.3858 0
      vertex 85.5492 91.9784 0
      vertex 83.681 84.3365 0
    endloop
  endfacet
  facet normal -0 0 -1
    outer loop
      vertex 85.5492 91.9784 0
      vertex 83.574 84.3858 0
      vertex 85 92 0
    endloop
  endfacet
  facet normal 0 0 -1
    outer loop
      vertex 83.4635 84.4266 0
      vertex 85 92 0
      vertex 83.574 84.3858 0
    endloop
  endfacet
  facet normal 0 0 -1
    outer loop
      vertex 83.3502 84.4586 0
      vertex 85 92 0
      vertex 83.4635 84.4266 0
    endloop
  endfacet
  facet normal 0 0 -1
    outer loop
      vertex 83.2346 84.4815 0
      vertex 85 92 0
      vertex 83.3502 84.4586 0
    endloop
  endfacet
  facet normal 0 0 -1
    outer loop
      vertex 83.1177 84.4954 0
      vertex 85 92 0
      vertex 83.2346 84.4815 0
    endloop
  endfacet
  facet normal 0 0 -1
    outer loop
      vertex 83 84.5 0
      vertex 85 92 0
      vertex 83.1177 84.4954 0
    endloop
  endfacet
  facet normal 0 0 -1
    outer loop
      vertex 82.8823 84.4954 0
      vertex 85 92 0
      vertex 83 84.5 0
    endloop
  endfacet
  facet normal 0 0 -1
    outer loop
      vertex 82.7654 84.4815 0
      vertex 85 92 0
      vertex 82.8823 84.4954 0
    endloop
  endfacet
  facet normal 0 0 -1
    outer loop
      vertex 82.6498 84.4586 0
      vertex 85 92 0
      vertex 82.7654 84.4815 0
    endloop
  endfacet
  facet normal 0 0 -1
    outer loop
      vertex 82.5365 84.4266 0
      vertex 85 92 0
      vertex 82.6498 84.4586 0
    endloop
  endfacet
  facet normal 0 0 -1
    outer loop
      vertex 82.426 84.3858 0
      vertex 85 92 0
      vertex 82.5365 84.4266 0
    endloop
  endfacet
  facet normal 0 0 -1
    outer loop
      vertex 82.319 84.3365 0
      vertex 85 92 0
      vertex 82.426 84.3858 0
    endloop
  endfacet
  facet normal 0 0 -1
    outer loop
      vertex 82.2162 84.279 0
      vertex 85 92 0
      vertex 82.319 84.3365 0
    endloop
  endfacet
  facet normal 0 0 -1
    outer loop
      vertex 82.1183 84.2135 0
      vertex 85 92 0
      vertex 82.2162 84.279 0
    endloop
  endfacet
  facet normal 0 0 -1
    outer loop
      vertex 82.0258 84.1406 0
      vertex 85 92 0
      vertex 82.1183 84.2135 0
    endloop
  endfacet
  facet normal 0 0 -1
    outer loop
      vertex 81.9393 84.0607 0
      vertex 85 92 0
      vertex 82.0258 84.1406 0
    endloop
  endfacet
  facet normal 0 0 -1
    outer loop
      vertex 81.8594 83.9742 0
      vertex 85 92 0
      vertex 81.9393 84.0607 0
    endloop
  endfacet
  facet normal 0 0 -1
    outer loop
      vertex 81.7865 83.8817 0
      vertex 85 92 0
      vertex 81.8594 83.9742 0
    endloop
  endfacet
  facet normal 0 0 -1
    outer loop
      vertex 81.721 83.7837 0
      vertex 85 92 0
      vertex 81.7865 83.8817 0
    endloop
  endfacet
  facet normal 0 0 -1
    outer loop
      vertex 47.1708 69.9413 0
      vertex 81.721 83.7837 0
      vertex 81.6635 83.681 0
    endloop
  endfacet
  facet normal 0 0 -1
    outer loop
      vertex 47.2592 69.9087 0
      vertex 81.6635 83.681 0
      vertex 81.6142 83.574 0
    endloop
  endfacet
  facet normal -0 0 -1
    outer loop
      vertex 81.7865 82.1183 0
      vertex 47.9852 68.9877 0
      vertex 81.721 82.2162 0
    endloop
  endfacet
  facet normal 0 0 -1
    outer loop
      vertex 47.9668 69.0801 0
      vertex 81.721 82.2162 0
      vertex 47.9852 68.9877 0
    endloop
  endfacet
  facet normal -0 0 -1
    outer loop
      vertex 81.721 82.2162 0
      vertex 47.9668 69.0801 0
      vertex 81.6635 82.319 0
    endloop
  endfacet
  facet normal 0 0 -1
    outer loop
      vertex 47.9413 69.1708 0
      vertex 81.6635 82.319 0
      vertex 47.9668 69.0801 0
    endloop
  endfacet
  facet normal -0 0 -1
    outer loop
      vertex 81.6635 82.319 0
      vertex 47.9413 69.1708 0
      vertex 81.6142 82.426 0
    endloop
  endfacet
  facet normal 0 0 -1
    outer loop
      vertex 47.9087 69.2592 0
      vertex 81.6142 82.426 0
      vertex 47.9413 69.1708 0
    endloop
  endfacet
  facet normal -0 0 -1
    outer loop
      vertex 81.6142 82.426 0
      vertex 47.9087 69.2592 0
      vertex 81.5734 82.5365 0
    endloop
  endfacet
  facet normal 0 0 -1
    outer loop
      vertex 47.8692 69.3448 0
      vertex 81.5734 82.5365 0
      vertex 47.9087 69.2592 0
    endloop
  endfacet
  facet normal -0 0 -1
    outer loop
      vertex 81.5734 82.5365 0
      vertex 47.8692 69.3448 0
      vertex 81.5414 82.6498 0
    endloop
  endfacet
  facet normal 0 0 -1
    outer loop
      vertex 47.8232 69.427 0
      vertex 81.5414 82.6498 0
      vertex 47.8692 69.3448 0
    endloop
  endfacet
  facet normal -0 0 -1
    outer loop
      vertex 81.5414 82.6498 0
      vertex 47.8232 69.427 0
      vertex 81.5185 82.7654 0
    endloop
  endfacet
  facet normal 0 0 -1
    outer loop
      vertex 48 68.8 0
      vertex 49.6955 58.5307 0
      vertex 49.564 58.816 0
    endloop
  endfacet
  facet normal 0 0 -1
    outer loop
      vertex 48 68.8 0
      vertex 49.564 58.816 0
      vertex 49.4106 59.09 0
    endloop
  endfacet
  facet normal 0 0 -1
    outer loop
      vertex 48 68.8 0
      vertex 49.4106 59.09 0
      vertex 49.2361 59.3511 0
    endloop
  endfacet
  facet normal 0 0 -1
    outer loop
      vertex 48 68.8 0
      vertex 49.2361 59.3511 0
      vertex 49.0416 59.5978 0
    endloop
  endfacet
  facet normal 0 0 -1
    outer loop
      vertex 48 68.8 0
      vertex 49.0416 59.5978 0
      vertex 48.8284 59.8284 0
    endloop
  endfacet
  facet normal 0 0 -1
    outer loop
      vertex 48 68.8 0
      vertex 48.8284 59.8284 0
      vertex 48.5978 60.0416 0
    endloop
  endfacet
  facet normal 0 0 -1
    outer loop
      vertex 48 68.8 0
      vertex 48.5978 60.0416 0
      vertex 48.3511 60.2361 0
    endloop
  endfacet
  facet normal 0 0 -1
    outer loop
      vertex 48 68.8 0
      vertex 48.3511 60.2361 0
      vertex 48.09 60.4106 0
    endloop
  endfacet
  facet normal 0 0 -1
    outer loop
      vertex 48 68.8 0
      vertex 48.09 60.4106 0
      vertex 48 60.461 0
    endloop
  endfacet
  facet normal 0 0 -1
    outer loop
      vertex 47.7708 69.5053 0
      vertex 81.5185 82.7654 0
      vertex 47.8232 69.427 0
    endloop
  endfacet
  facet normal -0 0 -1
    outer loop
      vertex 81.5185 82.7654 0
      vertex 47.7708 69.5053 0
      vertex 81.5046 82.8823 0
    endloop
  endfacet
  facet normal 0 0 -1
    outer loop
      vertex 47.7125 69.5793 0
      vertex 81.5046 82.8823 0
      vertex 47.7708 69.5053 0
    endloop
  endfacet
  facet normal -0 0 -1
    outer loop
      vertex 81.5046 82.8823 0
      vertex 47.7125 69.5793 0
      vertex 81.5 83 0
    endloop
  endfacet
  facet normal 0 0 -1
    outer loop
      vertex 47.6485 69.6485 0
      vertex 81.5 83 0
      vertex 47.7125 69.5793 0
    endloop
  endfacet
  facet normal -0 0 -1
    outer loop
      vertex 81.5 83 0
      vertex 47.6485 69.6485 0
      vertex 81.5046 83.1177 0
    endloop
  endfacet
  facet normal 0 0 -1
    outer loop
      vertex 47.5793 69.7125 0
      vertex 81.5046 83.1177 0
      vertex 47.6485 69.6485 0
    endloop
  endfacet
  facet normal -0 0 -1
    outer loop
      vertex 81.5046 83.1177 0
      vertex 47.5793 69.7125 0
      vertex 81.5185 83.2346 0
    endloop
  endfacet
  facet normal 0 0 -1
    outer loop
      vertex 47.5053 69.7708 0
      vertex 81.5185 83.2346 0
      vertex 47.5793 69.7125 0
    endloop
  endfacet
  facet normal -0 0 -1
    outer loop
      vertex 81.5185 83.2346 0
      vertex 47.5053 69.7708 0
      vertex 81.5414 83.3502 0
    endloop
  endfacet
  facet normal 0 0 -1
    outer loop
      vertex 47.427 69.8232 0
      vertex 81.5414 83.3502 0
      vertex 47.5053 69.7708 0
    endloop
  endfacet
  facet normal -0 0 -1
    outer loop
      vertex 81.5414 83.3502 0
      vertex 47.427 69.8232 0
      vertex 81.5734 83.4635 0
    endloop
  endfacet
  facet normal 0 0 -1
    outer loop
      vertex 47.3448 69.8692 0
      vertex 81.5734 83.4635 0
      vertex 47.427 69.8232 0
    endloop
  endfacet
  facet normal -0 0 -1
    outer loop
      vertex 81.5734 83.4635 0
      vertex 47.3448 69.8692 0
      vertex 81.6142 83.574 0
    endloop
  endfacet
  facet normal 0 0 -1
    outer loop
      vertex 47.2592 69.9087 0
      vertex 81.6142 83.574 0
      vertex 47.3448 69.8692 0
    endloop
  endfacet
  facet normal 0 0 -1
    outer loop
      vertex 81.6635 83.681 0
      vertex 47.2592 69.9087 0
      vertex 47.1708 69.9413 0
    endloop
  endfacet
  facet normal -0 0 -1
    outer loop
      vertex 81.721 83.7837 0
      vertex 47.1708 69.9413 0
      vertex 85 92 0
    endloop
  endfacet
  facet normal 0 0 -1
    outer loop
      vertex 47.0801 69.9668 0
      vertex 85 92 0
      vertex 47.1708 69.9413 0
    endloop
  endfacet
  facet normal 0 0 -1
    outer loop
      vertex 46.9877 69.9852 0
      vertex 85 92 0
      vertex 47.0801 69.9668 0
    endloop
  endfacet
  facet normal 0 0 -1
    outer loop
      vertex 46.8941 69.9963 0
      vertex 85 92 0
      vertex 46.9877 69.9852 0
    endloop
  endfacet
  facet normal 0 0 -1
    outer loop
      vertex 46.8 70 0
      vertex 85 92 0
      vertex 46.8941 69.9963 0
    endloop
  endfacet
  facet normal 0 0 -1
    outer loop
      vertex 45.2 70 0
      vertex 85 92 0
      vertex 46.8 70 0
    endloop
  endfacet
  facet normal 0 0 -1
    outer loop
      vertex 7 92 0
      vertex 45.2 70 0
      vertex 45.1059 69.9963 0
    endloop
  endfacet
  facet normal 0 0 -1
    outer loop
      vertex 7 92 0
      vertex 45.1059 69.9963 0
      vertex 45.0123 69.9852 0
    endloop
  endfacet
  facet normal 0 0 -1
    outer loop
      vertex 7 92 0
      vertex 45.0123 69.9852 0
      vertex 44.9199 69.9668 0
    endloop
  endfacet
  facet normal 0 0 -1
    outer loop
      vertex 7 92 0
      vertex 44.9199 69.9668 0
      vertex 44.8292 69.9413 0
    endloop
  endfacet
  facet normal 0 0 -1
    outer loop
      vertex 10.3365 83.681 0
      vertex 44.8292 69.9413 0
      vertex 44.7408 69.9087 0
    endloop
  endfacet
  facet normal 0 0 -1
    outer loop
      vertex 10.3858 83.574 0
      vertex 44.7408 69.9087 0
      vertex 44.6552 69.8692 0
    endloop
  endfacet
  facet normal 0 0 -1
    outer loop
      vertex 43.6489 60.2361 0
      vertex 44 68.8 0
      vertex 43.91 60.4106 0
    endloop
  endfacet
  facet normal 0 0 -1
    outer loop
      vertex 43.4022 60.0416 0
      vertex 44 68.8 0
      vertex 43.6489 60.2361 0
    endloop
  endfacet
  facet normal 0 0 -1
    outer loop
      vertex 43.1716 59.8284 0
      vertex 44 68.8 0
      vertex 43.4022 60.0416 0
    endloop
  endfacet
  facet normal 0 0 -1
    outer loop
      vertex 42.9584 59.5978 0
      vertex 44 68.8 0
      vertex 43.1716 59.8284 0
    endloop
  endfacet
  facet normal 0 0 -1
    outer loop
      vertex 42.7639 59.3511 0
      vertex 44 68.8 0
      vertex 42.9584 59.5978 0
    endloop
  endfacet
  facet normal 0 0 -1
    outer loop
      vertex 42.5894 59.09 0
      vertex 44 68.8 0
      vertex 42.7639 59.3511 0
    endloop
  endfacet
  facet normal 0 0 -1
    outer loop
      vertex 42.436 58.816 0
      vertex 44 68.8 0
      vertex 42.5894 59.09 0
    endloop
  endfacet
  facet normal 0 0 -1
    outer loop
      vertex 42.3045 58.5307 0
      vertex 44 68.8 0
      vertex 42.436 58.816 0
    endloop
  endfacet
  facet normal 0 0 -1
    outer loop
      vertex 10.5 83 0
      vertex 44 68.8 0
      vertex 42.3045 58.5307 0
    endloop
  endfacet
  facet normal 0 0 -1
    outer loop
      vertex 44 68.8 0
      vertex 10.5 83 0
      vertex 44.0037 68.8941 0
    endloop
  endfacet
  facet normal 0 0 -1
    outer loop
      vertex 10.5 83 0
      vertex 42.3045 58.5307 0
      vertex 42.1958 58.2361 0
    endloop
  endfacet
  facet normal 0 0 -1
    outer loop
      vertex 10.5 83 0
      vertex 42.1958 58.2361 0
      vertex 42.1105 57.9338 0
    endloop
  endfacet
  facet normal 0 0 -1
    outer loop
      vertex 10.5 83 0
      vertex 42.1105 57.9338 0
      vertex 42.0492 57.6257 0
    endloop
  endfacet
  facet normal 0 0 -1
    outer loop
      vertex 42.0123 56.6862 0
      vertex 10.5 83 0
      vertex 42 57 0
    endloop
  endfacet
  facet normal 0 0 -1
    outer loop
      vertex 42 57 0
      vertex 10.5 83 0
      vertex 42.0123 57.3138 0
    endloop
  endfacet
  facet normal 0 0 -1
    outer loop
      vertex 42.0123 57.3138 0
      vertex 10.5 83 0
      vertex 42.0492 57.6257 0
    endloop
  endfacet
  facet normal 0 0 -1
    outer loop
      vertex 44.0037 68.8941 0
      vertex 10.5 83 0
      vertex 44.0148 68.9877 0
    endloop
  endfacet
  facet normal 0 0 -1
    outer loop
      vertex 44.0148 68.9877 0
      vertex 10.5 83 0
      vertex 44.0332 69.0801 0
    endloop
  endfacet
  facet normal 0 0 -1
    outer loop
      vertex 44.0332 69.0801 0
      vertex 10.5 83 0
      vertex 44.0587 69.1708 0
    endloop
  endfacet
  facet normal 0 0 -1
    outer loop
      vertex 44.0587 69.1708 0
      vertex 10.5 83 0
      vertex 44.0913 69.2592 0
    endloop
  endfacet
  facet normal 0 0 -1
    outer loop
      vertex 44.0913 69.2592 0
      vertex 10.5 83 0
      vertex 44.1308 69.3448 0
    endloop
  endfacet
  facet normal 0 0 -1
    outer loop
      vertex 10.5 83 0
      vertex 44.1768 69.427 0
      vertex 44.1308 69.3448 0
    endloop
  endfacet
  facet normal 0 0 -1
    outer loop
      vertex 10.5 83 0
      vertex 44.2292 69.5053 0
      vertex 44.1768 69.427 0
    endloop
  endfacet
  facet normal 0 0 -1
    outer loop
      vertex 10.5 83 0
      vertex 44.2875 69.5793 0
      vertex 44.2292 69.5053 0
    endloop
  endfacet
  facet normal 0 0 -1
    outer loop
      vertex 10.5 83 0
      vertex 44.3515 69.6485 0
      vertex 44.2875 69.5793 0
    endloop
  endfacet
  facet normal 0 0 -1
    outer loop
      vertex 10.4954 83.1177 0
      vertex 44.3515 69.6485 0
      vertex 10.5 83 0
    endloop
  endfacet
  facet normal 0 0 -1
    outer loop
      vertex 44.3515 69.6485 0
      vertex 10.4954 83.1177 0
      vertex 44.4207 69.7125 0
    endloop
  endfacet
  facet normal 0 0 -1
    outer loop
      vertex 10.4815 83.2346 0
      vertex 44.4207 69.7125 0
      vertex 10.4954 83.1177 0
    endloop
  endfacet
  facet normal 0 0 -1
    outer loop
      vertex 44.4207 69.7125 0
      vertex 10.4815 83.2346 0
      vertex 44.4947 69.7708 0
    endloop
  endfacet
  facet normal 0 0 -1
    outer loop
      vertex 10.4586 83.3502 0
      vertex 44.4947 69.7708 0
      vertex 10.4815 83.2346 0
    endloop
  endfacet
  facet normal 0 0 -1
    outer loop
      vertex 44.4947 69.7708 0
      vertex 10.4586 83.3502 0
      vertex 44.573 69.8232 0
    endloop
  endfacet
  facet normal 0 0 -1
    outer loop
      vertex 10.4266 83.4635 0
      vertex 44.573 69.8232 0
      vertex 10.4586 83.3502 0
    endloop
  endfacet
  facet normal 0 0 -1
    outer loop
      vertex 44.573 69.8232 0
      vertex 10.4266 83.4635 0
      vertex 44.6552 69.8692 0
    endloop
  endfacet
  facet normal 0 0 -1
    outer loop
      vertex 10.3858 83.574 0
      vertex 44.6552 69.8692 0
      vertex 10.4266 83.4635 0
    endloop
  endfacet
  facet normal 0 0 -1
    outer loop
      vertex 44.7408 69.9087 0
      vertex 10.3858 83.574 0
      vertex 10.3365 83.681 0
    endloop
  endfacet
  facet normal 0 0 -1
    outer loop
      vertex 44.8292 69.9413 0
      vertex 10.3365 83.681 0
      vertex 10.279 83.7837 0
    endloop
  endfacet
  facet normal 0 0 -1
    outer loop
      vertex 44.8292 69.9413 0
      vertex 10.279 83.7837 0
      vertex 7 92 0
    endloop
  endfacet
  facet normal 0 0 -1
    outer loop
      vertex 7 92 0
      vertex 10.279 83.7837 0
      vertex 10.2135 83.8817 0
    endloop
  endfacet
  facet normal 0 0 -1
    outer loop
      vertex 7 92 0
      vertex 10.2135 83.8817 0
      vertex 10.1406 83.9742 0
    endloop
  endfacet
  facet normal 0 0 -1
    outer loop
      vertex 7 92 0
      vertex 10.1406 83.9742 0
      vertex 10.0607 84.0607 0
    endloop
  endfacet
  facet normal 0 0 -1
    outer loop
      vertex 7 92 0
      vertex 10.0607 84.0607 0
      vertex 9.97417 84.1406 0
    endloop
  endfacet
  facet normal 0 0 -1
    outer loop
      vertex 7 92 0
      vertex 9.97417 84.1406 0
      vertex 9.88168 84.2135 0
    endloop
  endfacet
  facet normal 0 0 -1
    outer loop
      vertex 7 92 0
      vertex 9.88168 84.2135 0
      vertex 9.78375 84.279 0
    endloop
  endfacet
  facet normal 0 0 -1
    outer loop
      vertex 7 92 0
      vertex 9.78375 84.279 0
      vertex 9.68099 84.3365 0
    endloop
  endfacet
  facet normal 0 0 -1
    outer loop
      vertex 7 92 0
      vertex 9.68099 84.3365 0
      vertex 9.57402 84.3858 0
    endloop
  endfacet
  facet normal 0 0 -1
    outer loop
      vertex 7 92 0
      vertex 9.57402 84.3858 0
      vertex 9.46352 84.4266 0
    endloop
  endfacet
  facet normal 0 0 -1
    outer loop
      vertex 7 92 0
      vertex 9.46352 84.4266 0
      vertex 9.35017 84.4586 0
    endloop
  endfacet
  facet normal 0 0 -1
    outer loop
      vertex 7 92 0
      vertex 9.35017 84.4586 0
      vertex 9.23465 84.4815 0
    endloop
  endfacet
  facet normal 0 0 -1
    outer loop
      vertex 7 92 0
      vertex 9.23465 84.4815 0
      vertex 9.11769 84.4954 0
    endloop
  endfacet
  facet normal 0 0 -1
    outer loop
      vertex 7 92 0
      vertex 9.11769 84.4954 0
      vertex 9 84.5 0
    endloop
  endfacet
  facet normal 0 0 -1
    outer loop
      vertex 7 92 0
      vertex 9 84.5 0
      vertex 8.88231 84.4954 0
    endloop
  endfacet
  facet normal 0 0 -1
    outer loop
      vertex 45.2 70 0
      vertex 7 92 0
      vertex 85 92 0
    endloop
  endfacet
  facet normal 0 0 -1
    outer loop
      vertex 8.76535 84.4815 0
      vertex 7 92 0
      vertex 8.88231 84.4954 0
    endloop
  endfacet
  facet normal 0 0 -1
    outer loop
      vertex 8.64983 84.4586 0
      vertex 7 92 0
      vertex 8.76535 84.4815 0
    endloop
  endfacet
  facet normal 0 0 -1
    outer loop
      vertex 8.53647 84.4266 0
      vertex 7 92 0
      vertex 8.64983 84.4586 0
    endloop
  endfacet
  facet normal 0 0 -1
    outer loop
      vertex 8.42597 84.3858 0
      vertex 7 92 0
      vertex 8.53647 84.4266 0
    endloop
  endfacet
  facet normal 0 0 -1
    outer loop
      vertex 6.45079 91.9784 0
      vertex 8.42597 84.3858 0
      vertex 8.31901 84.3365 0
    endloop
  endfacet
  facet normal 0 0 -1
    outer loop
      vertex 5.36588 91.8066 0
      vertex 8.31901 84.3365 0
      vertex 8.21625 84.279 0
    endloop
  endfacet
  facet normal 0 0 -1
    outer loop
      vertex 4.32122 91.4672 0
      vertex 8.21625 84.279 0
      vertex 8.11832 84.2135 0
    endloop
  endfacet
  facet normal 0 0 -1
    outer loop
      vertex 3.34251 90.9685 0
      vertex 8.11832 84.2135 0
      vertex 8.02583 84.1406 0
    endloop
  endfacet
  facet normal 0 0 -1
    outer loop
      vertex 2.45386 90.3228 0
      vertex 8.02583 84.1406 0
      vertex 7.93934 84.0607 0
    endloop
  endfacet
  facet normal 0 0 -1
    outer loop
      vertex 1.67716 89.5461 0
      vertex 7.93934 84.0607 0
      vertex 7.85939 83.9742 0
    endloop
  endfacet
  facet normal 0 0 -1
    outer loop
      vertex 1.03152 88.6575 0
      vertex 7.85939 83.9742 0
      vertex 7.78647 83.8817 0
    endloop
  endfacet
  facet normal 0 0 -1
    outer loop
      vertex 0.532843 87.6788 0
      vertex 7.78647 83.8817 0
      vertex 7.72104 83.7837 0
    endloop
  endfacet
  facet normal 0 0 -1
    outer loop
      vertex 0.19341 86.6341 0
      vertex 7.72104 83.7837 0
      vertex 7.66349 83.681 0
    endloop
  endfacet
  facet normal 0 0 -1
    outer loop
      vertex 0.0215778 85.5492 0
      vertex 7.66349 83.681 0
      vertex 7.61418 83.574 0
    endloop
  endfacet
  facet normal 0 0 -1
    outer loop
      vertex 0 85 0
      vertex 7.61418 83.574 0
      vertex 7.57341 83.4635 0
    endloop
  endfacet
  facet normal 0 0 -1
    outer loop
      vertex 0 85 0
      vertex 7.57341 83.4635 0
      vertex 7.54144 83.3502 0
    endloop
  endfacet
  facet normal 0 0 -1
    outer loop
      vertex 0 85 0
      vertex 7.54144 83.3502 0
      vertex 7.51847 83.2346 0
    endloop
  endfacet
  facet normal 0 0 -1
    outer loop
      vertex 0 85 0
      vertex 7.51847 83.2346 0
      vertex 7.50462 83.1177 0
    endloop
  endfacet
  facet normal 0 0 -1
    outer loop
      vertex 0 85 0
      vertex 7.50462 83.1177 0
      vertex 7.5 83 0
    endloop
  endfacet
  facet normal 0 0 -1
    outer loop
      vertex 7.51847 82.7654 0
      vertex 0 85 0
      vertex 7.50462 82.8823 0
    endloop
  endfacet
  facet normal -0 0 -1
    outer loop
      vertex 7.93934 7.93934 0
      vertex 1.67716 2.45386 0
      vertex 7.85939 8.02583 0
    endloop
  endfacet
  facet normal 0 0 -1
    outer loop
      vertex 7.50462 82.8823 0
      vertex 0 85 0
      vertex 7.5 83 0
    endloop
  endfacet
  facet normal 0 0 -1
    outer loop
      vertex 1.33688 2.8855 0
      vertex 7.85939 8.02583 0
      vertex 1.67716 2.45386 0
    endloop
  endfacet
  facet normal 0 0 -1
    outer loop
      vertex 7.61418 83.574 0
      vertex 0 85 0
      vertex 0.0215778 85.5492 0
    endloop
  endfacet
  facet normal 0 0 -1
    outer loop
      vertex 1.03152 3.34251 0
      vertex 7.85939 8.02583 0
      vertex 1.33688 2.8855 0
    endloop
  endfacet
  facet normal 0 0 -1
    outer loop
      vertex 8.42597 84.3858 0
      vertex 6.45079 91.9784 0
      vertex 7 92 0
    endloop
  endfacet
  facet normal -0 0 -1
    outer loop
      vertex 7.85939 8.02583 0
      vertex 1.03152 3.34251 0
      vertex 7.78647 8.11832 0
    endloop
  endfacet
  facet normal 0 0 -1
    outer loop
      vertex 8.31901 84.3365 0
      vertex 5.90496 91.9138 0
      vertex 6.45079 91.9784 0
    endloop
  endfacet
  facet normal 0 0 -1
    outer loop
      vertex 0.762954 3.82207 0
      vertex 7.78647 8.11832 0
      vertex 1.03152 3.34251 0
    endloop
  endfacet
  facet normal 0 0 -1
    outer loop
      vertex 8.31901 84.3365 0
      vertex 5.36588 91.8066 0
      vertex 5.90496 91.9138 0
    endloop
  endfacet
  facet normal 0 0 -1
    outer loop
      vertex 0.532843 4.32122 0
      vertex 7.78647 8.11832 0
      vertex 0.762954 3.82207 0
    endloop
  endfacet
  facet normal 0 0 -1
    outer loop
      vertex 8.21625 84.279 0
      vertex 4.83688 91.6574 0
      vertex 5.36588 91.8066 0
    endloop
  endfacet
  facet normal -0 0 -1
    outer loop
      vertex 7.78647 8.11832 0
      vertex 0.532843 4.32122 0
      vertex 7.72104 8.21625 0
    endloop
  endfacet
  facet normal 0 0 -1
    outer loop
      vertex 8.21625 84.279 0
      vertex 4.32122 91.4672 0
      vertex 4.83688 91.6574 0
    endloop
  endfacet
  facet normal 0 0 -1
    outer loop
      vertex 0.342604 4.83688 0
      vertex 7.72104 8.21625 0
      vertex 0.532843 4.32122 0
    endloop
  endfacet
  facet normal 0 0 -1
    outer loop
      vertex 8.11832 84.2135 0
      vertex 3.82207 91.237 0
      vertex 4.32122 91.4672 0
    endloop
  endfacet
  facet normal 0 0 -1
    outer loop
      vertex 0.19341 5.36588 0
      vertex 7.72104 8.21625 0
      vertex 0.342604 4.83688 0
    endloop
  endfacet
  facet normal 0 0 -1
    outer loop
      vertex 8.11832 84.2135 0
      vertex 3.34251 90.9685 0
      vertex 3.82207 91.237 0
    endloop
  endfacet
  facet normal -0 0 -1
    outer loop
      vertex 7.72104 8.21625 0
      vertex 0.19341 5.36588 0
      vertex 7.66349 8.31901 0
    endloop
  endfacet
  facet normal 0 0 -1
    outer loop
      vertex 8.02583 84.1406 0
      vertex 2.8855 90.6631 0
      vertex 3.34251 90.9685 0
    endloop
  endfacet
  facet normal 0 0 -1
    outer loop
      vertex 0.0861807 5.90496 0
      vertex 7.66349 8.31901 0
      vertex 0.19341 5.36588 0
    endloop
  endfacet
  facet normal 0 0 -1
    outer loop
      vertex 8.02583 84.1406 0
      vertex 2.45386 90.3228 0
      vertex 2.8855 90.6631 0
    endloop
  endfacet
  facet normal 0 0 -1
    outer loop
      vertex 0.0215778 6.45079 0
      vertex 7.66349 8.31901 0
      vertex 0.0861807 5.90496 0
    endloop
  endfacet
  facet normal 0 0 -1
    outer loop
      vertex 7.93934 84.0607 0
      vertex 2.05025 89.9497 0
      vertex 2.45386 90.3228 0
    endloop
  endfacet
  facet normal -0 0 -1
    outer loop
      vertex 7.66349 8.31901 0
      vertex 0.0215778 6.45079 0
      vertex 7.61418 8.42597 0
    endloop
  endfacet
  facet normal 0 0 -1
    outer loop
      vertex 7.93934 84.0607 0
      vertex 1.67716 89.5461 0
      vertex 2.05025 89.9497 0
    endloop
  endfacet
  facet normal 0 0 -1
    outer loop
      vertex 0 7 0
      vertex 7.61418 8.42597 0
      vertex 0.0215778 6.45079 0
    endloop
  endfacet
  facet normal 0 0 -1
    outer loop
      vertex 7.85939 83.9742 0
      vertex 1.33688 89.1145 0
      vertex 1.67716 89.5461 0
    endloop
  endfacet
  facet normal -0 0 -1
    outer loop
      vertex 7.61418 8.42597 0
      vertex 0 7 0
      vertex 7.57341 8.53647 0
    endloop
  endfacet
  facet normal 0 0 -1
    outer loop
      vertex 7.85939 83.9742 0
      vertex 1.03152 88.6575 0
      vertex 1.33688 89.1145 0
    endloop
  endfacet
  facet normal -0 0 -1
    outer loop
      vertex 7.57341 8.53647 0
      vertex 0 7 0
      vertex 7.54144 8.64983 0
    endloop
  endfacet
  facet normal 0 0 -1
    outer loop
      vertex 7.78647 83.8817 0
      vertex 0.762954 88.1779 0
      vertex 1.03152 88.6575 0
    endloop
  endfacet
  facet normal -0 0 -1
    outer loop
      vertex 7.54144 8.64983 0
      vertex 0 7 0
      vertex 7.51847 8.76535 0
    endloop
  endfacet
  facet normal 0 0 -1
    outer loop
      vertex 7.78647 83.8817 0
      vertex 0.532843 87.6788 0
      vertex 0.762954 88.1779 0
    endloop
  endfacet
  facet normal -0 0 -1
    outer loop
      vertex 7.51847 8.76535 0
      vertex 0 7 0
      vertex 7.50462 8.88231 0
    endloop
  endfacet
  facet normal 0 0 -1
    outer loop
      vertex 7.72104 83.7837 0
      vertex 0.342604 87.1631 0
      vertex 0.532843 87.6788 0
    endloop
  endfacet
  facet normal -0 0 -1
    outer loop
      vertex 7.50462 8.88231 0
      vertex 0 7 0
      vertex 7.5 9 0
    endloop
  endfacet
  facet normal 0 0 -1
    outer loop
      vertex 7.72104 83.7837 0
      vertex 0.19341 86.6341 0
      vertex 0.342604 87.1631 0
    endloop
  endfacet
  facet normal 0 0 -1
    outer loop
      vertex 7.66349 83.681 0
      vertex 0.0861807 86.095 0
      vertex 0.19341 86.6341 0
    endloop
  endfacet
  facet normal 0 0 -1
    outer loop
      vertex 7.66349 83.681 0
      vertex 0.0215778 85.5492 0
      vertex 0.0861807 86.095 0
    endloop
  endfacet
  facet normal 0.999227 0.0392996 0
    outer loop
      vertex 92 85 4
      vertex 91.9784 85.5492 0
      vertex 91.9784 85.5492 4
    endloop
  endfacet
  facet normal 0.999227 0.0392996 0
    outer loop
      vertex 91.9784 85.5492 0
      vertex 92 85 4
      vertex 92 85 0
    endloop
  endfacet
  facet normal 0 0 1
    outer loop
      vertex 87.65 85 4
      vertex 92 85 4
      vertex 91.9784 85.5492 4
    endloop
  endfacet
  facet normal 0 0 1
    outer loop
      vertex 92 85 4
      vertex 87.65 85 4
      vertex 92 7 4
    endloop
  endfacet
  facet normal 0 0 1
    outer loop
      vertex 87.6418 85.2079 4
      vertex 91.9784 85.5492 4
      vertex 91.9138 86.095 4
    endloop
  endfacet
  facet normal 0 0 1
    outer loop
      vertex 87.65 7 4
      vertex 92 7 4
      vertex 87.65 85 4
    endloop
  endfacet
  facet normal 0 0 1
    outer loop
      vertex 87.6174 85.4146 4
      vertex 91.9138 86.095 4
      vertex 91.8066 86.6341 4
    endloop
  endfacet
  facet normal 0 0 1
    outer loop
      vertex 92 7 4
      vertex 87.65 7 4
      vertex 91.9784 6.45079 4
    endloop
  endfacet
  facet normal 0 0 1
    outer loop
      vertex 87.5768 85.6186 4
      vertex 91.8066 86.6341 4
      vertex 91.6574 87.1631 4
    endloop
  endfacet
  facet normal -0 0 1
    outer loop
      vertex 87.6418 6.79208 4
      vertex 91.9784 6.45079 4
      vertex 87.65 7 4
    endloop
  endfacet
  facet normal 0 0 1
    outer loop
      vertex 87.5203 85.8189 4
      vertex 91.6574 87.1631 4
      vertex 91.4672 87.6788 4
    endloop
  endfacet
  facet normal 0 0 1
    outer loop
      vertex 91.9784 6.45079 4
      vertex 87.6418 6.79208 4
      vertex 91.9138 5.90496 4
    endloop
  endfacet
  facet normal 0 0 1
    outer loop
      vertex 87.4483 86.0141 4
      vertex 91.4672 87.6788 4
      vertex 91.237 88.1779 4
    endloop
  endfacet
  facet normal -0 0 1
    outer loop
      vertex 87.6174 6.58545 4
      vertex 91.9138 5.90496 4
      vertex 87.6418 6.79208 4
    endloop
  endfacet
  facet normal 0 0 1
    outer loop
      vertex 87.3612 86.2031 4
      vertex 91.237 88.1779 4
      vertex 90.9685 88.6575 4
    endloop
  endfacet
  facet normal 0 0 1
    outer loop
      vertex 91.9138 5.90496 4
      vertex 87.6174 6.58545 4
      vertex 91.8066 5.36588 4
    endloop
  endfacet
  facet normal 0 0 1
    outer loop
      vertex 87.2595 86.3846 4
      vertex 90.9685 88.6575 4
      vertex 90.6631 89.1145 4
    endloop
  endfacet
  facet normal -0 0 1
    outer loop
      vertex 87.5768 6.38137 4
      vertex 91.8066 5.36588 4
      vertex 87.6174 6.58545 4
    endloop
  endfacet
  facet normal 0 0 1
    outer loop
      vertex 87.1439 86.5576 4
      vertex 90.6631 89.1145 4
      vertex 90.3228 89.5461 4
    endloop
  endfacet
  facet normal 0 0 1
    outer loop
      vertex 91.8066 5.36588 4
      vertex 87.5768 6.38137 4
      vertex 91.6574 4.83688 4
    endloop
  endfacet
  facet normal 0 0 1
    outer loop
      vertex 87.0151 86.721 4
      vertex 90.3228 89.5461 4
      vertex 89.9497 89.9497 4
    endloop
  endfacet
  facet normal -0 0 1
    outer loop
      vertex 87.5203 6.1811 4
      vertex 91.6574 4.83688 4
      vertex 87.5768 6.38137 4
    endloop
  endfacet
  facet normal 0 0 1
    outer loop
      vertex 86.8738 86.8738 4
      vertex 89.9497 89.9497 4
      vertex 89.5461 90.3228 4
    endloop
  endfacet
  facet normal 0 0 1
    outer loop
      vertex 91.6574 4.83688 4
      vertex 87.5203 6.1811 4
      vertex 91.4672 4.32122 4
    endloop
  endfacet
  facet normal 0 0 1
    outer loop
      vertex 86.721 87.0151 4
      vertex 89.5461 90.3228 4
      vertex 89.1145 90.6631 4
    endloop
  endfacet
  facet normal -0 0 1
    outer loop
      vertex 87.4483 5.98589 4
      vertex 91.4672 4.32122 4
      vertex 87.5203 6.1811 4
    endloop
  endfacet
  facet normal 0 0 1
    outer loop
      vertex 86.5576 87.1439 4
      vertex 89.1145 90.6631 4
      vertex 88.6575 90.9685 4
    endloop
  endfacet
  facet normal 0 0 1
    outer loop
      vertex 91.4672 4.32122 4
      vertex 87.4483 5.98589 4
      vertex 91.237 3.82207 4
    endloop
  endfacet
  facet normal 0 0 1
    outer loop
      vertex 86.3846 87.2595 4
      vertex 88.6575 90.9685 4
      vertex 88.1779 91.237 4
    endloop
  endfacet
  facet normal -0 0 1
    outer loop
      vertex 87.3612 5.79692 4
      vertex 91.237 3.82207 4
      vertex 87.4483 5.98589 4
    endloop
  endfacet
  facet normal 0 0 1
    outer loop
      vertex 86.2031 87.3612 4
      vertex 88.1779 91.237 4
      vertex 87.6788 91.4672 4
    endloop
  endfacet
  facet normal 0 0 1
    outer loop
      vertex 91.237 3.82207 4
      vertex 87.3612 5.79692 4
      vertex 90.9685 3.34251 4
    endloop
  endfacet
  facet normal -0 0 1
    outer loop
      vertex 87.2595 5.61538 4
      vertex 90.9685 3.34251 4
      vertex 87.3612 5.79692 4
    endloop
  endfacet
  facet normal 0 0 1
    outer loop
      vertex 91.9784 85.5492 4
      vertex 87.6418 85.2079 4
      vertex 87.65 85 4
    endloop
  endfacet
  facet normal 0 0 1
    outer loop
      vertex 91.9138 86.095 4
      vertex 87.6174 85.4146 4
      vertex 87.6418 85.2079 4
    endloop
  endfacet
  facet normal 0 0 1
    outer loop
      vertex 91.8066 86.6341 4
      vertex 87.5768 85.6186 4
      vertex 87.6174 85.4146 4
    endloop
  endfacet
  facet normal 0 0 1
    outer loop
      vertex 91.6574 87.1631 4
      vertex 87.5203 85.8189 4
      vertex 87.5768 85.6186 4
    endloop
  endfacet
  facet normal 0 0 1
    outer loop
      vertex 91.4672 87.6788 4
      vertex 87.4483 86.0141 4
      vertex 87.5203 85.8189 4
    endloop
  endfacet
  facet normal 0 0 1
    outer loop
      vertex 91.237 88.1779 4
      vertex 87.3612 86.2031 4
      vertex 87.4483 86.0141 4
    endloop
  endfacet
  facet normal 0 0 1
    outer loop
      vertex 90.9685 88.6575 4
      vertex 87.2595 86.3846 4
      vertex 87.3612 86.2031 4
    endloop
  endfacet
  facet normal 0 0 1
    outer loop
      vertex 86.0141 87.4483 4
      vertex 87.6788 91.4672 4
      vertex 87.1631 91.6574 4
    endloop
  endfacet
  facet normal 0 0 1
    outer loop
      vertex 90.6631 89.1145 4
      vertex 87.1439 86.5576 4
      vertex 87.2595 86.3846 4
    endloop
  endfacet
  facet normal 0 0 1
    outer loop
      vertex 90.3228 89.5461 4
      vertex 87.0151 86.721 4
      vertex 87.1439 86.5576 4
    endloop
  endfacet
  facet normal 0 0 1
    outer loop
      vertex 89.9497 89.9497 4
      vertex 86.8738 86.8738 4
      vertex 87.0151 86.721 4
    endloop
  endfacet
  facet normal 0 0 1
    outer loop
      vertex 89.5461 90.3228 4
      vertex 86.721 87.0151 4
      vertex 86.8738 86.8738 4
    endloop
  endfacet
  facet normal 0 0 1
    outer loop
      vertex 85.8189 87.5203 4
      vertex 87.1631 91.6574 4
      vertex 86.6341 91.8066 4
    endloop
  endfacet
  facet normal 0 0 1
    outer loop
      vertex 89.1145 90.6631 4
      vertex 86.5576 87.1439 4
      vertex 86.721 87.0151 4
    endloop
  endfacet
  facet normal 0 0 1
    outer loop
      vertex 88.6575 90.9685 4
      vertex 86.3846 87.2595 4
      vertex 86.5576 87.1439 4
    endloop
  endfacet
  facet normal 0 0 1
    outer loop
      vertex 88.1779 91.237 4
      vertex 86.2031 87.3612 4
      vertex 86.3846 87.2595 4
    endloop
  endfacet
  facet normal 0 0 1
    outer loop
      vertex 85.6186 87.5768 4
      vertex 86.6341 91.8066 4
      vertex 86.095 91.9138 4
    endloop
  endfacet
  facet normal 0 0 1
    outer loop
      vertex 87.6788 91.4672 4
      vertex 86.0141 87.4483 4
      vertex 86.2031 87.3612 4
    endloop
  endfacet
  facet normal 0 0 1
    outer loop
      vertex 87.1631 91.6574 4
      vertex 85.8189 87.5203 4
      vertex 86.0141 87.4483 4
    endloop
  endfacet
  facet normal 0 0 1
    outer loop
      vertex 86.6341 91.8066 4
      vertex 85.6186 87.5768 4
      vertex 85.8189 87.5203 4
    endloop
  endfacet
  facet normal 0 0 1
    outer loop
      vertex 85.4146 87.6174 4
      vertex 86.095 91.9138 4
      vertex 85.5492 91.9784 4
    endloop
  endfacet
  facet normal 0 0 1
    outer loop
      vertex 86.095 91.9138 4
      vertex 85.4146 87.6174 4
      vertex 85.6186 87.5768 4
    endloop
  endfacet
  facet normal 0 0 1
    outer loop
      vertex 85.5492 91.9784 4
      vertex 85.2079 87.6418 4
      vertex 85.4146 87.6174 4
    endloop
  endfacet
  facet normal 0 0 1
    outer loop
      vertex 85 92 4
      vertex 85.2079 87.6418 4
      vertex 85.5492 91.9784 4
    endloop
  endfacet
  facet normal 0 0 1
    outer loop
      vertex 85 92 4
      vertex 85 87.65 4
      vertex 85.2079 87.6418 4
    endloop
  endfacet
  facet normal -0 0 1
    outer loop
      vertex 7 92 4
      vertex 85 87.65 4
      vertex 85 92 4
    endloop
  endfacet
  facet normal 0 0 1
    outer loop
      vertex 7 92 4
      vertex 7 87.65 4
      vertex 85 87.65 4
    endloop
  endfacet
  facet normal 0 0 1
    outer loop
      vertex 7 92 4
      vertex 6.79208 87.6418 4
      vertex 7 87.65 4
    endloop
  endfacet
  facet normal -0 0 1
    outer loop
      vertex 6.45079 91.9784 4
      vertex 6.79208 87.6418 4
      vertex 7 92 4
    endloop
  endfacet
  facet normal 0 0 1
    outer loop
      vertex 6.79208 87.6418 4
      vertex 6.45079 91.9784 4
      vertex 6.58545 87.6174 4
    endloop
  endfacet
  facet normal -0 0 1
    outer loop
      vertex 5.90496 91.9138 4
      vertex 6.58545 87.6174 4
      vertex 6.45079 91.9784 4
    endloop
  endfacet
  facet normal 0 0 1
    outer loop
      vertex 6.58545 87.6174 4
      vertex 5.90496 91.9138 4
      vertex 6.38137 87.5768 4
    endloop
  endfacet
  facet normal -0 0 1
    outer loop
      vertex 5.36588 91.8066 4
      vertex 6.38137 87.5768 4
      vertex 5.90496 91.9138 4
    endloop
  endfacet
  facet normal 0 0 1
    outer loop
      vertex 6.38137 87.5768 4
      vertex 5.36588 91.8066 4
      vertex 6.1811 87.5203 4
    endloop
  endfacet
  facet normal -0 0 1
    outer loop
      vertex 4.83688 91.6574 4
      vertex 6.1811 87.5203 4
      vertex 5.36588 91.8066 4
    endloop
  endfacet
  facet normal 0 0 1
    outer loop
      vertex 6.1811 87.5203 4
      vertex 4.83688 91.6574 4
      vertex 5.98589 87.4483 4
    endloop
  endfacet
  facet normal -0 0 1
    outer loop
      vertex 4.32122 91.4672 4
      vertex 5.98589 87.4483 4
      vertex 4.83688 91.6574 4
    endloop
  endfacet
  facet normal 0 0 1
    outer loop
      vertex 5.98589 87.4483 4
      vertex 4.32122 91.4672 4
      vertex 5.79692 87.3612 4
    endloop
  endfacet
  facet normal -0 0 1
    outer loop
      vertex 3.82207 91.237 4
      vertex 5.79692 87.3612 4
      vertex 4.32122 91.4672 4
    endloop
  endfacet
  facet normal 0 0 1
    outer loop
      vertex 5.79692 87.3612 4
      vertex 3.82207 91.237 4
      vertex 5.61538 87.2595 4
    endloop
  endfacet
  facet normal -0 0 1
    outer loop
      vertex 3.34251 90.9685 4
      vertex 5.61538 87.2595 4
      vertex 3.82207 91.237 4
    endloop
  endfacet
  facet normal 0 0 1
    outer loop
      vertex 5.61538 87.2595 4
      vertex 3.34251 90.9685 4
      vertex 5.44237 87.1439 4
    endloop
  endfacet
  facet normal -0 0 1
    outer loop
      vertex 2.8855 90.6631 4
      vertex 5.44237 87.1439 4
      vertex 3.34251 90.9685 4
    endloop
  endfacet
  facet normal 0 0 1
    outer loop
      vertex 5.44237 87.1439 4
      vertex 2.8855 90.6631 4
      vertex 5.27896 87.0151 4
    endloop
  endfacet
  facet normal -0 0 1
    outer loop
      vertex 2.45386 90.3228 4
      vertex 5.27896 87.0151 4
      vertex 2.8855 90.6631 4
    endloop
  endfacet
  facet normal 0 0 1
    outer loop
      vertex 5.27896 87.0151 4
      vertex 2.45386 90.3228 4
      vertex 5.12617 86.8738 4
    endloop
  endfacet
  facet normal -0 0 1
    outer loop
      vertex 2.05025 89.9497 4
      vertex 5.12617 86.8738 4
      vertex 2.45386 90.3228 4
    endloop
  endfacet
  facet normal 0 0 1
    outer loop
      vertex 5.12617 86.8738 4
      vertex 2.05025 89.9497 4
      vertex 4.98492 86.721 4
    endloop
  endfacet
  facet normal -0 0 1
    outer loop
      vertex 1.67716 89.5461 4
      vertex 4.98492 86.721 4
      vertex 2.05025 89.9497 4
    endloop
  endfacet
  facet normal 0 0 1
    outer loop
      vertex 4.98492 86.721 4
      vertex 1.67716 89.5461 4
      vertex 4.8561 86.5576 4
    endloop
  endfacet
  facet normal -0 0 1
    outer loop
      vertex 1.03152 88.6575 4
      vertex 4.7405 86.3846 4
      vertex 1.33688 89.1145 4
    endloop
  endfacet
  facet normal 0 0 1
    outer loop
      vertex 4.8561 86.5576 4
      vertex 1.33688 89.1145 4
      vertex 4.7405 86.3846 4
    endloop
  endfacet
  facet normal -0 0 1
    outer loop
      vertex 1.33688 89.1145 4
      vertex 4.8561 86.5576 4
      vertex 1.67716 89.5461 4
    endloop
  endfacet
  facet normal 0 0 1
    outer loop
      vertex 90.9685 3.34251 4
      vertex 87.2595 5.61538 4
      vertex 90.6631 2.8855 4
    endloop
  endfacet
  facet normal -0 0 1
    outer loop
      vertex 87.1439 5.44237 4
      vertex 90.6631 2.8855 4
      vertex 87.2595 5.61538 4
    endloop
  endfacet
  facet normal 0 0 1
    outer loop
      vertex 90.6631 2.8855 4
      vertex 87.1439 5.44237 4
      vertex 90.3228 2.45386 4
    endloop
  endfacet
  facet normal -0 0 1
    outer loop
      vertex 87.0151 5.27896 4
      vertex 90.3228 2.45386 4
      vertex 87.1439 5.44237 4
    endloop
  endfacet
  facet normal 0 0 1
    outer loop
      vertex 90.3228 2.45386 4
      vertex 87.0151 5.27896 4
      vertex 89.9497 2.05025 4
    endloop
  endfacet
  facet normal -0 0 1
    outer loop
      vertex 86.8738 5.12617 4
      vertex 89.9497 2.05025 4
      vertex 87.0151 5.27896 4
    endloop
  endfacet
  facet normal 0 0 1
    outer loop
      vertex 89.9497 2.05025 4
      vertex 86.8738 5.12617 4
      vertex 89.5461 1.67716 4
    endloop
  endfacet
  facet normal -0 0 1
    outer loop
      vertex 86.721 4.98492 4
      vertex 89.5461 1.67716 4
      vertex 86.8738 5.12617 4
    endloop
  endfacet
  facet normal 0 0 1
    outer loop
      vertex 89.5461 1.67716 4
      vertex 86.721 4.98492 4
      vertex 89.1145 1.33688 4
    endloop
  endfacet
  facet normal -0 0 1
    outer loop
      vertex 86.5576 4.8561 4
      vertex 89.1145 1.33688 4
      vertex 86.721 4.98492 4
    endloop
  endfacet
  facet normal 0 0 1
    outer loop
      vertex 89.1145 1.33688 4
      vertex 86.5576 4.8561 4
      vertex 88.6575 1.03152 4
    endloop
  endfacet
  facet normal -0 0 1
    outer loop
      vertex 86.3846 4.7405 4
      vertex 88.6575 1.03152 4
      vertex 86.5576 4.8561 4
    endloop
  endfacet
  facet normal 0 0 1
    outer loop
      vertex 88.6575 1.03152 4
      vertex 86.3846 4.7405 4
      vertex 88.1779 0.762954 4
    endloop
  endfacet
  facet normal -0 0 1
    outer loop
      vertex 86.2031 4.63883 4
      vertex 88.1779 0.762954 4
      vertex 86.3846 4.7405 4
    endloop
  endfacet
  facet normal 0 0 1
    outer loop
      vertex 88.1779 0.762954 4
      vertex 86.2031 4.63883 4
      vertex 87.6788 0.532843 4
    endloop
  endfacet
  facet normal -0 0 1
    outer loop
      vertex 86.0141 4.55172 4
      vertex 87.6788 0.532843 4
      vertex 86.2031 4.63883 4
    endloop
  endfacet
  facet normal 0 0 1
    outer loop
      vertex 87.6788 0.532843 4
      vertex 86.0141 4.55172 4
      vertex 87.1631 0.342604 4
    endloop
  endfacet
  facet normal -0 0 1
    outer loop
      vertex 85.8189 4.4797 4
      vertex 87.1631 0.342604 4
      vertex 86.0141 4.55172 4
    endloop
  endfacet
  facet normal 0 0 1
    outer loop
      vertex 87.1631 0.342604 4
      vertex 85.8189 4.4797 4
      vertex 86.6341 0.19341 4
    endloop
  endfacet
  facet normal -0 0 1
    outer loop
      vertex 85.6186 4.42322 4
      vertex 86.6341 0.19341 4
      vertex 85.8189 4.4797 4
    endloop
  endfacet
  facet normal 0 0 1
    outer loop
      vertex 86.6341 0.19341 4
      vertex 85.6186 4.42322 4
      vertex 86.095 0.0861807 4
    endloop
  endfacet
  facet normal -0 0 1
    outer loop
      vertex 85.4146 4.38263 4
      vertex 86.095 0.0861807 4
      vertex 85.6186 4.42322 4
    endloop
  endfacet
  facet normal 0 0 1
    outer loop
      vertex 86.095 0.0861807 4
      vertex 85.4146 4.38263 4
      vertex 85.5492 0.0215778 4
    endloop
  endfacet
  facet normal -0 0 1
    outer loop
      vertex 85.2079 4.35817 4
      vertex 85.5492 0.0215778 4
      vertex 85.4146 4.38263 4
    endloop
  endfacet
  facet normal -0 0 1
    outer loop
      vertex 85 4.35 4
      vertex 85.5492 0.0215778 4
      vertex 85.2079 4.35817 4
    endloop
  endfacet
  facet normal 0 0 1
    outer loop
      vertex 85 4.35 4
      vertex 85 0 4
      vertex 85.5492 0.0215778 4
    endloop
  endfacet
  facet normal 0 0 1
    outer loop
      vertex 85 4.35 4
      vertex 7 0 4
      vertex 85 0 4
    endloop
  endfacet
  facet normal -0 0 1
    outer loop
      vertex 7 4.35 4
      vertex 7 0 4
      vertex 85 4.35 4
    endloop
  endfacet
  facet normal 0 0 1
    outer loop
      vertex 6.79208 4.35817 4
      vertex 7 0 4
      vertex 7 4.35 4
    endloop
  endfacet
  facet normal 0 0 1
    outer loop
      vertex 6.45079 0.0215778 4
      vertex 6.79208 4.35817 4
      vertex 6.58545 4.38263 4
    endloop
  endfacet
  facet normal 0 0 1
    outer loop
      vertex 6.79208 4.35817 4
      vertex 6.45079 0.0215778 4
      vertex 7 0 4
    endloop
  endfacet
  facet normal 0 0 1
    outer loop
      vertex 5.90496 0.0861807 4
      vertex 6.58545 4.38263 4
      vertex 6.38137 4.42322 4
    endloop
  endfacet
  facet normal 0 0 1
    outer loop
      vertex 5.36588 0.19341 4
      vertex 6.38137 4.42322 4
      vertex 6.1811 4.4797 4
    endloop
  endfacet
  facet normal 0 0 1
    outer loop
      vertex 4.83688 0.342604 4
      vertex 6.1811 4.4797 4
      vertex 5.98589 4.55172 4
    endloop
  endfacet
  facet normal 0 0 1
    outer loop
      vertex 6.58545 4.38263 4
      vertex 5.90496 0.0861807 4
      vertex 6.45079 0.0215778 4
    endloop
  endfacet
  facet normal 0 0 1
    outer loop
      vertex 4.32122 0.532843 4
      vertex 5.98589 4.55172 4
      vertex 5.79692 4.63883 4
    endloop
  endfacet
  facet normal 0 0 1
    outer loop
      vertex 3.82207 0.762954 4
      vertex 5.79692 4.63883 4
      vertex 5.61538 4.7405 4
    endloop
  endfacet
  facet normal 0 0 1
    outer loop
      vertex 3.34251 1.03152 4
      vertex 5.61538 4.7405 4
      vertex 5.44237 4.8561 4
    endloop
  endfacet
  facet normal 0 0 1
    outer loop
      vertex 6.38137 4.42322 4
      vertex 5.36588 0.19341 4
      vertex 5.90496 0.0861807 4
    endloop
  endfacet
  facet normal 0 0 1
    outer loop
      vertex 2.8855 1.33688 4
      vertex 5.44237 4.8561 4
      vertex 5.27896 4.98492 4
    endloop
  endfacet
  facet normal 0 0 1
    outer loop
      vertex 2.45386 1.67716 4
      vertex 5.27896 4.98492 4
      vertex 5.12617 5.12617 4
    endloop
  endfacet
  facet normal 0 0 1
    outer loop
      vertex 2.05025 2.05025 4
      vertex 5.12617 5.12617 4
      vertex 4.98492 5.27896 4
    endloop
  endfacet
  facet normal 0 0 1
    outer loop
      vertex 1.67716 2.45386 4
      vertex 4.98492 5.27896 4
      vertex 4.8561 5.44237 4
    endloop
  endfacet
  facet normal 0 0 1
    outer loop
      vertex 6.1811 4.4797 4
      vertex 4.83688 0.342604 4
      vertex 5.36588 0.19341 4
    endloop
  endfacet
  facet normal 0 0 1
    outer loop
      vertex 1.33688 2.8855 4
      vertex 4.8561 5.44237 4
      vertex 4.7405 5.61538 4
    endloop
  endfacet
  facet normal 0 0 1
    outer loop
      vertex 1.03152 3.34251 4
      vertex 4.7405 5.61538 4
      vertex 4.63883 5.79692 4
    endloop
  endfacet
  facet normal 0 0 1
    outer loop
      vertex 0.762954 3.82207 4
      vertex 4.63883 5.79692 4
      vertex 4.55172 5.98589 4
    endloop
  endfacet
  facet normal 0 0 1
    outer loop
      vertex 0.532843 4.32122 4
      vertex 4.55172 5.98589 4
      vertex 4.4797 6.1811 4
    endloop
  endfacet
  facet normal 0 0 1
    outer loop
      vertex 0.342604 4.83688 4
      vertex 4.4797 6.1811 4
      vertex 4.42322 6.38137 4
    endloop
  endfacet
  facet normal 0 0 1
    outer loop
      vertex 0.19341 5.36588 4
      vertex 4.42322 6.38137 4
      vertex 4.38263 6.58545 4
    endloop
  endfacet
  facet normal 0 0 1
    outer loop
      vertex 0.0861807 5.90496 4
      vertex 4.38263 6.58545 4
      vertex 4.35817 6.79208 4
    endloop
  endfacet
  facet normal 0 0 1
    outer loop
      vertex 5.98589 4.55172 4
      vertex 4.32122 0.532843 4
      vertex 4.83688 0.342604 4
    endloop
  endfacet
  facet normal 0 0 1
    outer loop
      vertex 0.0215778 6.45079 4
      vertex 4.35817 6.79208 4
      vertex 4.35 7 4
    endloop
  endfacet
  facet normal 0 0 1
    outer loop
      vertex 4.35 85 4
      vertex 0 85 4
      vertex 4.35 7 4
    endloop
  endfacet
  facet normal 0 0 1
    outer loop
      vertex 4.7405 86.3846 4
      vertex 1.03152 88.6575 4
      vertex 4.63883 86.2031 4
    endloop
  endfacet
  facet normal 0 0 1
    outer loop
      vertex 0 7 4
      vertex 4.35 7 4
      vertex 0 85 4
    endloop
  endfacet
  facet normal -0 0 1
    outer loop
      vertex 0.762954 88.1779 4
      vertex 4.63883 86.2031 4
      vertex 1.03152 88.6575 4
    endloop
  endfacet
  facet normal 0 -0 1
    outer loop
      vertex 0.0215778 6.45079 4
      vertex 4.35 7 4
      vertex 0 7 4
    endloop
  endfacet
  facet normal 0 0 1
    outer loop
      vertex 4.63883 86.2031 4
      vertex 0.762954 88.1779 4
      vertex 4.55172 86.0141 4
    endloop
  endfacet
  facet normal 0 0 1
    outer loop
      vertex 5.79692 4.63883 4
      vertex 3.82207 0.762954 4
      vertex 4.32122 0.532843 4
    endloop
  endfacet
  facet normal -0 0 1
    outer loop
      vertex 0.532843 87.6788 4
      vertex 4.55172 86.0141 4
      vertex 0.762954 88.1779 4
    endloop
  endfacet
  facet normal 0 0 1
    outer loop
      vertex 5.61538 4.7405 4
      vertex 3.34251 1.03152 4
      vertex 3.82207 0.762954 4
    endloop
  endfacet
  facet normal 0 0 1
    outer loop
      vertex 4.55172 86.0141 4
      vertex 0.532843 87.6788 4
      vertex 4.4797 85.8189 4
    endloop
  endfacet
  facet normal 0 0 1
    outer loop
      vertex 5.44237 4.8561 4
      vertex 2.8855 1.33688 4
      vertex 3.34251 1.03152 4
    endloop
  endfacet
  facet normal -0 0 1
    outer loop
      vertex 0.342604 87.1631 4
      vertex 4.4797 85.8189 4
      vertex 0.532843 87.6788 4
    endloop
  endfacet
  facet normal 0 0 1
    outer loop
      vertex 5.27896 4.98492 4
      vertex 2.45386 1.67716 4
      vertex 2.8855 1.33688 4
    endloop
  endfacet
  facet normal 0 0 1
    outer loop
      vertex 4.4797 85.8189 4
      vertex 0.342604 87.1631 4
      vertex 4.42322 85.6186 4
    endloop
  endfacet
  facet normal 0 0 1
    outer loop
      vertex 5.12617 5.12617 4
      vertex 2.05025 2.05025 4
      vertex 2.45386 1.67716 4
    endloop
  endfacet
  facet normal -0 0 1
    outer loop
      vertex 0.19341 86.6341 4
      vertex 4.42322 85.6186 4
      vertex 0.342604 87.1631 4
    endloop
  endfacet
  facet normal 0 0 1
    outer loop
      vertex 4.98492 5.27896 4
      vertex 1.67716 2.45386 4
      vertex 2.05025 2.05025 4
    endloop
  endfacet
  facet normal 0 0 1
    outer loop
      vertex 4.42322 85.6186 4
      vertex 0.19341 86.6341 4
      vertex 4.38263 85.4146 4
    endloop
  endfacet
  facet normal 0 0 1
    outer loop
      vertex 4.8561 5.44237 4
      vertex 1.33688 2.8855 4
      vertex 1.67716 2.45386 4
    endloop
  endfacet
  facet normal -0 0 1
    outer loop
      vertex 0.0861807 86.095 4
      vertex 4.38263 85.4146 4
      vertex 0.19341 86.6341 4
    endloop
  endfacet
  facet normal 0 0 1
    outer loop
      vertex 4.7405 5.61538 4
      vertex 1.03152 3.34251 4
      vertex 1.33688 2.8855 4
    endloop
  endfacet
  facet normal 0 0 1
    outer loop
      vertex 4.38263 85.4146 4
      vertex 0.0861807 86.095 4
      vertex 4.35817 85.2079 4
    endloop
  endfacet
  facet normal 0 0 1
    outer loop
      vertex 4.63883 5.79692 4
      vertex 0.762954 3.82207 4
      vertex 1.03152 3.34251 4
    endloop
  endfacet
  facet normal -0 0 1
    outer loop
      vertex 0.0215778 85.5492 4
      vertex 4.35817 85.2079 4
      vertex 0.0861807 86.095 4
    endloop
  endfacet
  facet normal 0 0 1
    outer loop
      vertex 4.55172 5.98589 4
      vertex 0.532843 4.32122 4
      vertex 0.762954 3.82207 4
    endloop
  endfacet
  facet normal 0 0 1
    outer loop
      vertex 4.35817 85.2079 4
      vertex 0.0215778 85.5492 4
      vertex 4.35 85 4
    endloop
  endfacet
  facet normal 0 0 1
    outer loop
      vertex 4.4797 6.1811 4
      vertex 0.342604 4.83688 4
      vertex 0.532843 4.32122 4
    endloop
  endfacet
  facet normal 0 0 1
    outer loop
      vertex 4.35 85 4
      vertex 0.0215778 85.5492 4
      vertex 0 85 4
    endloop
  endfacet
  facet normal 0 0 1
    outer loop
      vertex 4.42322 6.38137 4
      vertex 0.19341 5.36588 4
      vertex 0.342604 4.83688 4
    endloop
  endfacet
  facet normal 0 0 1
    outer loop
      vertex 4.38263 6.58545 4
      vertex 0.0861807 5.90496 4
      vertex 0.19341 5.36588 4
    endloop
  endfacet
  facet normal 0 0 1
    outer loop
      vertex 4.35817 6.79208 4
      vertex 0.0215778 6.45079 4
      vertex 0.0861807 5.90496 4
    endloop
  endfacet
  facet normal -0.999229 0.0392592 0
    outer loop
      vertex 0 85 0
      vertex 0.0215778 85.5492 4
      vertex 0.0215778 85.5492 0
    endloop
  endfacet
  facet normal -0.999229 0.0392592 0
    outer loop
      vertex 0.0215778 85.5492 4
      vertex 0 85 0
      vertex 0 85 4
    endloop
  endfacet
  facet normal 1 -0 0
    outer loop
      vertex 92 7 4
      vertex 92 85 0
      vertex 92 85 4
    endloop
  endfacet
  facet normal 1 0 0
    outer loop
      vertex 92 85 0
      vertex 92 7 4
      vertex 92 7 0
    endloop
  endfacet
  facet normal 0.678807 -0.734317 0
    outer loop
      vertex 89.5461 1.67716 0
      vertex 89.9497 2.05025 4
      vertex 89.5461 1.67716 4
    endloop
  endfacet
  facet normal 0.678807 -0.734317 0
    outer loop
      vertex 89.9497 2.05025 4
      vertex 89.5461 1.67716 0
      vertex 89.9497 2.05025 0
    endloop
  endfacet
  facet normal -0.999229 -0.0392585 0
    outer loop
      vertex 0.0215778 6.45079 0
      vertex 0 7 4
      vertex 0 7 0
    endloop
  endfacet
  facet normal -0.999229 -0.0392585 0
    outer loop
      vertex 0 7 4
      vertex 0.0215778 6.45079 0
      vertex 0.0215778 6.45079 4
    endloop
  endfacet
  facet normal -1 0 0
    outer loop
      vertex 0 7 0
      vertex 0 85 4
      vertex 0 85 0
    endloop
  endfacet
  facet normal -1 -0 0
    outer loop
      vertex 0 85 4
      vertex 0 7 0
      vertex 0 7 4
    endloop
  endfacet
  facet normal -0.785287 0.619132 0
    outer loop
      vertex 1.33688 89.1145 0
      vertex 1.67716 89.5461 4
      vertex 1.67716 89.5461 0
    endloop
  endfacet
  facet normal -0.785287 0.619132 0
    outer loop
      vertex 1.67716 89.5461 4
      vertex 1.33688 89.1145 0
      vertex 1.33688 89.1145 4
    endloop
  endfacet
  facet normal 0.993068 0.117538 0
    outer loop
      vertex 91.9784 85.5492 4
      vertex 91.9138 86.095 0
      vertex 91.9138 86.095 4
    endloop
  endfacet
  facet normal 0.993068 0.117538 0
    outer loop
      vertex 91.9138 86.095 0
      vertex 91.9784 85.5492 4
      vertex 91.9784 85.5492 0
    endloop
  endfacet
  facet normal 0.83144 -0.555615 0
    outer loop
      vertex 90.6631 2.8855 4
      vertex 90.9685 3.34251 0
      vertex 90.9685 3.34251 4
    endloop
  endfacet
  facet normal 0.83144 -0.555615 0
    outer loop
      vertex 90.9685 3.34251 0
      vertex 90.6631 2.8855 4
      vertex 90.6631 2.8855 0
    endloop
  endfacet
  facet normal -0.908127 0.418694 0
    outer loop
      vertex 0.532843 87.6788 0
      vertex 0.762954 88.1779 4
      vertex 0.762954 88.1779 0
    endloop
  endfacet
  facet normal -0.908127 0.418694 0
    outer loop
      vertex 0.762954 88.1779 4
      vertex 0.532843 87.6788 0
      vertex 0.532843 87.6788 4
    endloop
  endfacet
  facet normal 0.678816 0.734308 -0
    outer loop
      vertex 89.9497 89.9497 0
      vertex 89.5461 90.3228 4
      vertex 89.9497 89.9497 4
    endloop
  endfacet
  facet normal 0.678816 0.734308 0
    outer loop
      vertex 89.5461 90.3228 4
      vertex 89.9497 89.9497 0
      vertex 89.5461 90.3228 0
    endloop
  endfacet
  facet normal 0.117538 0.993068 -0
    outer loop
      vertex 86.095 91.9138 0
      vertex 85.5492 91.9784 4
      vertex 86.095 91.9138 4
    endloop
  endfacet
  facet normal 0.117538 0.993068 0
    outer loop
      vertex 85.5492 91.9784 4
      vertex 86.095 91.9138 0
      vertex 85.5492 91.9784 0
    endloop
  endfacet
  facet normal 0 1 -0
    outer loop
      vertex 85 92 0
      vertex 7 92 4
      vertex 85 92 4
    endloop
  endfacet
  facet normal 0 1 0
    outer loop
      vertex 7 92 4
      vertex 85 92 0
      vertex 7 92 0
    endloop
  endfacet
  facet normal 0.0392996 0.999227 -0
    outer loop
      vertex 85.5492 91.9784 0
      vertex 85 92 4
      vertex 85.5492 91.9784 4
    endloop
  endfacet
  facet normal 0.0392996 0.999227 0
    outer loop
      vertex 85 92 4
      vertex 85.5492 91.9784 0
      vertex 85 92 0
    endloop
  endfacet
  facet normal 0.938213 -0.346058 0
    outer loop
      vertex 91.4672 4.32122 4
      vertex 91.6574 4.83688 0
      vertex 91.6574 4.83688 4
    endloop
  endfacet
  facet normal 0.938213 -0.346058 0
    outer loop
      vertex 91.6574 4.83688 0
      vertex 91.4672 4.32122 4
      vertex 91.4672 4.32122 0
    endloop
  endfacet
  facet normal -0.0392585 -0.999229 0
    outer loop
      vertex 6.45079 0.0215778 0
      vertex 7 0 4
      vertex 6.45079 0.0215778 4
    endloop
  endfacet
  facet normal -0.0392585 -0.999229 -0
    outer loop
      vertex 7 0 4
      vertex 6.45079 0.0215778 0
      vertex 7 0 0
    endloop
  endfacet
  facet normal 0 -1 0
    outer loop
      vertex 7 0 0
      vertex 85 0 4
      vertex 7 0 4
    endloop
  endfacet
  facet normal 0 -1 -0
    outer loop
      vertex 85 0 4
      vertex 7 0 0
      vertex 85 0 0
    endloop
  endfacet
  facet normal -0.962455 -0.271441 0
    outer loop
      vertex 0.342604 4.83688 0
      vertex 0.19341 5.36588 4
      vertex 0.19341 5.36588 0
    endloop
  endfacet
  facet normal -0.962455 -0.271441 0
    outer loop
      vertex 0.19341 5.36588 4
      vertex 0.342604 4.83688 0
      vertex 0.342604 4.83688 4
    endloop
  endfacet
  facet normal -0.872496 -0.488621 0
    outer loop
      vertex 1.03152 3.34251 0
      vertex 0.762954 3.82207 4
      vertex 0.762954 3.82207 0
    endloop
  endfacet
  facet normal -0.872496 -0.488621 0
    outer loop
      vertex 0.762954 3.82207 4
      vertex 1.03152 3.34251 0
      vertex 1.03152 3.34251 4
    endloop
  endfacet
  facet normal -0.678807 0.734316 0
    outer loop
      vertex 2.45386 90.3228 0
      vertex 2.05025 89.9497 4
      vertex 2.45386 90.3228 4
    endloop
  endfacet
  facet normal -0.678807 0.734316 0
    outer loop
      vertex 2.05025 89.9497 4
      vertex 2.45386 90.3228 0
      vertex 2.05025 89.9497 0
    endloop
  endfacet
  facet normal -0.993068 0.117543 0
    outer loop
      vertex 0.0215778 85.5492 0
      vertex 0.0861807 86.095 4
      vertex 0.0861807 86.095 0
    endloop
  endfacet
  facet normal -0.993068 0.117543 0
    outer loop
      vertex 0.0861807 86.095 4
      vertex 0.0215778 85.5492 0
      vertex 0.0215778 85.5492 4
    endloop
  endfacet
  facet normal -0.938199 0.346097 0
    outer loop
      vertex 0.342604 87.1631 0
      vertex 0.532843 87.6788 4
      vertex 0.532843 87.6788 0
    endloop
  endfacet
  facet normal -0.938199 0.346097 0
    outer loop
      vertex 0.532843 87.6788 4
      vertex 0.342604 87.1631 0
      vertex 0.342604 87.1631 4
    endloop
  endfacet
  facet normal -0.980787 0.195083 0
    outer loop
      vertex 0.0861807 86.095 0
      vertex 0.19341 86.6341 4
      vertex 0.19341 86.6341 0
    endloop
  endfacet
  facet normal -0.980787 0.195083 0
    outer loop
      vertex 0.19341 86.6341 4
      vertex 0.0861807 86.095 0
      vertex 0.0861807 86.095 4
    endloop
  endfacet
  facet normal -0.831468 0.555573 0
    outer loop
      vertex 1.03152 88.6575 0
      vertex 1.33688 89.1145 4
      vertex 1.33688 89.1145 0
    endloop
  endfacet
  facet normal -0.831468 0.555573 0
    outer loop
      vertex 1.33688 89.1145 4
      vertex 1.03152 88.6575 0
      vertex 1.03152 88.6575 4
    endloop
  endfacet
  facet normal 0.980797 0.195031 0
    outer loop
      vertex 91.9138 86.095 4
      vertex 91.8066 86.6341 0
      vertex 91.8066 86.6341 4
    endloop
  endfacet
  facet normal 0.980797 0.195031 0
    outer loop
      vertex 91.8066 86.6341 0
      vertex 91.9138 86.095 4
      vertex 91.9138 86.095 0
    endloop
  endfacet
  facet normal 0.872565 0.488498 0
    outer loop
      vertex 91.237 88.1779 4
      vertex 90.9685 88.6575 0
      vertex 90.9685 88.6575 4
    endloop
  endfacet
  facet normal 0.872565 0.488498 0
    outer loop
      vertex 90.9685 88.6575 0
      vertex 91.237 88.1779 4
      vertex 91.237 88.1779 0
    endloop
  endfacet
  facet normal 0.418827 0.908066 -0
    outer loop
      vertex 88.1779 91.237 0
      vertex 87.6788 91.4672 4
      vertex 88.1779 91.237 4
    endloop
  endfacet
  facet normal 0.418827 0.908066 0
    outer loop
      vertex 87.6788 91.4672 4
      vertex 88.1779 91.237 0
      vertex 87.6788 91.4672 0
    endloop
  endfacet
  facet normal -0.271452 0.962452 0
    outer loop
      vertex 5.36588 91.8066 0
      vertex 4.83688 91.6574 4
      vertex 5.36588 91.8066 4
    endloop
  endfacet
  facet normal -0.271452 0.962452 0
    outer loop
      vertex 4.83688 91.6574 4
      vertex 5.36588 91.8066 0
      vertex 4.83688 91.6574 0
    endloop
  endfacet
  facet normal -0.619119 0.785297 0
    outer loop
      vertex 2.8855 90.6631 0
      vertex 2.45386 90.3228 4
      vertex 2.8855 90.6631 4
    endloop
  endfacet
  facet normal -0.619119 0.785297 0
    outer loop
      vertex 2.45386 90.3228 4
      vertex 2.8855 90.6631 0
      vertex 2.45386 90.3228 0
    endloop
  endfacet
  facet normal 0.999228 -0.0392988 0
    outer loop
      vertex 91.9784 6.45079 4
      vertex 92 7 0
      vertex 92 7 4
    endloop
  endfacet
  facet normal 0.999228 -0.0392988 0
    outer loop
      vertex 92 7 0
      vertex 91.9784 6.45079 4
      vertex 91.9784 6.45079 0
    endloop
  endfacet
  facet normal 0.993069 -0.117532 0
    outer loop
      vertex 91.9138 5.90496 4
      vertex 91.9784 6.45079 0
      vertex 91.9784 6.45079 4
    endloop
  endfacet
  facet normal 0.993069 -0.117532 0
    outer loop
      vertex 91.9784 6.45079 0
      vertex 91.9138 5.90496 4
      vertex 91.9138 5.90496 0
    endloop
  endfacet
  facet normal 0.346097 -0.938199 0
    outer loop
      vertex 87.1631 0.342604 0
      vertex 87.6788 0.532843 4
      vertex 87.1631 0.342604 4
    endloop
  endfacet
  facet normal 0.346097 -0.938199 0
    outer loop
      vertex 87.6788 0.532843 4
      vertex 87.1631 0.342604 0
      vertex 87.6788 0.532843 0
    endloop
  endfacet
  facet normal -0.117537 -0.993069 0
    outer loop
      vertex 5.90496 0.0861807 0
      vertex 6.45079 0.0215778 4
      vertex 5.90496 0.0861807 4
    endloop
  endfacet
  facet normal -0.117537 -0.993069 -0
    outer loop
      vertex 6.45079 0.0215778 4
      vertex 5.90496 0.0861807 0
      vertex 6.45079 0.0215778 0
    endloop
  endfacet
  facet normal -0.34612 -0.93819 0
    outer loop
      vertex 4.32122 0.532843 0
      vertex 4.83688 0.342604 4
      vertex 4.32122 0.532843 4
    endloop
  endfacet
  facet normal -0.34612 -0.93819 -0
    outer loop
      vertex 4.83688 0.342604 4
      vertex 4.32122 0.532843 0
      vertex 4.83688 0.342604 0
    endloop
  endfacet
  facet normal -0.19509 -0.980785 0
    outer loop
      vertex 5.36588 0.19341 0
      vertex 5.90496 0.0861807 4
      vertex 5.36588 0.19341 4
    endloop
  endfacet
  facet normal -0.19509 -0.980785 -0
    outer loop
      vertex 5.90496 0.0861807 4
      vertex 5.36588 0.19341 0
      vertex 5.90496 0.0861807 0
    endloop
  endfacet
  facet normal -0.962455 0.271441 0
    outer loop
      vertex 0.19341 86.6341 0
      vertex 0.342604 87.1631 4
      vertex 0.342604 87.1631 0
    endloop
  endfacet
  facet normal -0.962455 0.271441 0
    outer loop
      vertex 0.342604 87.1631 4
      vertex 0.19341 86.6341 0
      vertex 0.19341 86.6341 4
    endloop
  endfacet
  facet normal -0.734317 0.678807 0
    outer loop
      vertex 1.67716 89.5461 0
      vertex 2.05025 89.9497 4
      vertex 2.05025 89.9497 0
    endloop
  endfacet
  facet normal -0.734317 0.678807 0
    outer loop
      vertex 2.05025 89.9497 4
      vertex 1.67716 89.5461 0
      vertex 1.67716 89.5461 4
    endloop
  endfacet
  facet normal -0.872514 0.48859 0
    outer loop
      vertex 0.762954 88.1779 0
      vertex 1.03152 88.6575 4
      vertex 1.03152 88.6575 0
    endloop
  endfacet
  facet normal -0.872514 0.48859 0
    outer loop
      vertex 1.03152 88.6575 4
      vertex 0.762954 88.1779 0
      vertex 0.762954 88.1779 4
    endloop
  endfacet
  facet normal 0.962452 0.271452 0
    outer loop
      vertex 91.8066 86.6341 4
      vertex 91.6574 87.1631 0
      vertex 91.6574 87.1631 4
    endloop
  endfacet
  facet normal 0.962452 0.271452 0
    outer loop
      vertex 91.6574 87.1631 0
      vertex 91.8066 86.6341 4
      vertex 91.8066 86.6341 0
    endloop
  endfacet
  facet normal 0.938222 0.346034 0
    outer loop
      vertex 91.6574 87.1631 4
      vertex 91.4672 87.6788 0
      vertex 91.4672 87.6788 4
    endloop
  endfacet
  facet normal 0.938222 0.346034 0
    outer loop
      vertex 91.4672 87.6788 0
      vertex 91.6574 87.1631 4
      vertex 91.6574 87.1631 0
    endloop
  endfacet
  facet normal 0.734308 0.678816 0
    outer loop
      vertex 90.3228 89.5461 4
      vertex 89.9497 89.9497 0
      vertex 89.9497 89.9497 4
    endloop
  endfacet
  facet normal 0.734308 0.678816 0
    outer loop
      vertex 89.9497 89.9497 0
      vertex 90.3228 89.5461 4
      vertex 90.3228 89.5461 0
    endloop
  endfacet
  facet normal 0.785269 0.619155 0
    outer loop
      vertex 90.6631 89.1145 4
      vertex 90.3228 89.5461 0
      vertex 90.3228 89.5461 4
    endloop
  endfacet
  facet normal 0.785269 0.619155 0
    outer loop
      vertex 90.3228 89.5461 0
      vertex 90.6631 89.1145 4
      vertex 90.6631 89.1145 0
    endloop
  endfacet
  facet normal 0.831434 0.555624 0
    outer loop
      vertex 90.9685 88.6575 4
      vertex 90.6631 89.1145 0
      vertex 90.6631 89.1145 4
    endloop
  endfacet
  facet normal 0.831434 0.555624 0
    outer loop
      vertex 90.6631 89.1145 0
      vertex 90.9685 88.6575 4
      vertex 90.9685 88.6575 0
    endloop
  endfacet
  facet normal 0.488498 0.872565 -0
    outer loop
      vertex 88.6575 90.9685 0
      vertex 88.1779 91.237 4
      vertex 88.6575 90.9685 4
    endloop
  endfacet
  facet normal 0.488498 0.872565 0
    outer loop
      vertex 88.1779 91.237 4
      vertex 88.6575 90.9685 0
      vertex 88.1779 91.237 0
    endloop
  endfacet
  facet normal 0.555624 0.831434 -0
    outer loop
      vertex 89.1145 90.6631 0
      vertex 88.6575 90.9685 4
      vertex 89.1145 90.6631 4
    endloop
  endfacet
  facet normal 0.555624 0.831434 0
    outer loop
      vertex 88.6575 90.9685 4
      vertex 89.1145 90.6631 0
      vertex 88.6575 90.9685 0
    endloop
  endfacet
  facet normal 0.619155 0.785269 -0
    outer loop
      vertex 89.5461 90.3228 0
      vertex 89.1145 90.6631 4
      vertex 89.5461 90.3228 4
    endloop
  endfacet
  facet normal 0.619155 0.785269 0
    outer loop
      vertex 89.1145 90.6631 4
      vertex 89.5461 90.3228 0
      vertex 89.1145 90.6631 0
    endloop
  endfacet
  facet normal 0.195031 0.980797 -0
    outer loop
      vertex 86.6341 91.8066 0
      vertex 86.095 91.9138 4
      vertex 86.6341 91.8066 4
    endloop
  endfacet
  facet normal 0.195031 0.980797 0
    outer loop
      vertex 86.095 91.9138 4
      vertex 86.6341 91.8066 0
      vertex 86.095 91.9138 0
    endloop
  endfacet
  facet normal 0.271452 0.962452 -0
    outer loop
      vertex 87.1631 91.6574 0
      vertex 86.6341 91.8066 4
      vertex 87.1631 91.6574 4
    endloop
  endfacet
  facet normal 0.271452 0.962452 0
    outer loop
      vertex 86.6341 91.8066 4
      vertex 87.1631 91.6574 0
      vertex 86.6341 91.8066 0
    endloop
  endfacet
  facet normal 0.346034 0.938222 -0
    outer loop
      vertex 87.6788 91.4672 0
      vertex 87.1631 91.6574 4
      vertex 87.6788 91.4672 4
    endloop
  endfacet
  facet normal 0.346034 0.938222 0
    outer loop
      vertex 87.1631 91.6574 4
      vertex 87.6788 91.4672 0
      vertex 87.1631 91.6574 0
    endloop
  endfacet
  facet normal -0.195038 0.980796 0
    outer loop
      vertex 5.90496 91.9138 0
      vertex 5.36588 91.8066 4
      vertex 5.90496 91.9138 4
    endloop
  endfacet
  facet normal -0.195038 0.980796 0
    outer loop
      vertex 5.36588 91.8066 4
      vertex 5.90496 91.9138 0
      vertex 5.36588 91.8066 0
    endloop
  endfacet
  facet normal -0.117532 0.993069 0
    outer loop
      vertex 6.45079 91.9784 0
      vertex 5.90496 91.9138 4
      vertex 6.45079 91.9784 4
    endloop
  endfacet
  facet normal -0.117532 0.993069 0
    outer loop
      vertex 5.90496 91.9138 4
      vertex 6.45079 91.9784 0
      vertex 5.90496 91.9138 0
    endloop
  endfacet
  facet normal -0.0392988 0.999228 0
    outer loop
      vertex 7 92 0
      vertex 6.45079 91.9784 4
      vertex 7 92 4
    endloop
  endfacet
  facet normal -0.0392988 0.999228 0
    outer loop
      vertex 6.45079 91.9784 4
      vertex 7 92 0
      vertex 6.45079 91.9784 0
    endloop
  endfacet
  facet normal -0.488529 0.872548 0
    outer loop
      vertex 3.82207 91.237 0
      vertex 3.34251 90.9685 4
      vertex 3.82207 91.237 4
    endloop
  endfacet
  facet normal -0.488529 0.872548 0
    outer loop
      vertex 3.34251 90.9685 4
      vertex 3.82207 91.237 0
      vertex 3.34251 90.9685 0
    endloop
  endfacet
  facet normal -0.346058 0.938213 0
    outer loop
      vertex 4.83688 91.6574 0
      vertex 4.32122 91.4672 4
      vertex 4.83688 91.6574 4
    endloop
  endfacet
  facet normal -0.346058 0.938213 0
    outer loop
      vertex 4.32122 91.4672 4
      vertex 4.83688 91.6574 0
      vertex 4.32122 91.4672 0
    endloop
  endfacet
  facet normal -0.555615 0.83144 0
    outer loop
      vertex 3.34251 90.9685 0
      vertex 2.8855 90.6631 4
      vertex 3.34251 90.9685 4
    endloop
  endfacet
  facet normal -0.555615 0.83144 0
    outer loop
      vertex 2.8855 90.6631 4
      vertex 3.34251 90.9685 0
      vertex 2.8855 90.6631 0
    endloop
  endfacet
  facet normal 0.962452 -0.271452 0
    outer loop
      vertex 91.6574 4.83688 4
      vertex 91.8066 5.36588 0
      vertex 91.8066 5.36588 4
    endloop
  endfacet
  facet normal 0.962452 -0.271452 0
    outer loop
      vertex 91.8066 5.36588 0
      vertex 91.6574 4.83688 4
      vertex 91.6574 4.83688 0
    endloop
  endfacet
  facet normal 0.980796 -0.195038 0
    outer loop
      vertex 91.8066 5.36588 4
      vertex 91.9138 5.90496 0
      vertex 91.9138 5.90496 4
    endloop
  endfacet
  facet normal 0.980796 -0.195038 0
    outer loop
      vertex 91.9138 5.90496 0
      vertex 91.8066 5.36588 4
      vertex 91.8066 5.36588 0
    endloop
  endfacet
  facet normal 0.872548 -0.488529 0
    outer loop
      vertex 90.9685 3.34251 4
      vertex 91.237 3.82207 0
      vertex 91.237 3.82207 4
    endloop
  endfacet
  facet normal 0.872548 -0.488529 0
    outer loop
      vertex 91.237 3.82207 0
      vertex 90.9685 3.34251 4
      vertex 90.9685 3.34251 0
    endloop
  endfacet
  facet normal 0.908082 -0.418793 0
    outer loop
      vertex 91.237 3.82207 4
      vertex 91.4672 4.32122 0
      vertex 91.4672 4.32122 4
    endloop
  endfacet
  facet normal 0.908082 -0.418793 0
    outer loop
      vertex 91.4672 4.32122 0
      vertex 91.237 3.82207 4
      vertex 91.237 3.82207 0
    endloop
  endfacet
  facet normal 0.418694 -0.908127 0
    outer loop
      vertex 87.6788 0.532843 0
      vertex 88.1779 0.762954 4
      vertex 87.6788 0.532843 4
    endloop
  endfacet
  facet normal 0.418694 -0.908127 0
    outer loop
      vertex 88.1779 0.762954 4
      vertex 87.6788 0.532843 0
      vertex 88.1779 0.762954 0
    endloop
  endfacet
  facet normal -0.678798 -0.734325 0
    outer loop
      vertex 2.05025 2.05025 0
      vertex 2.45386 1.67716 4
      vertex 2.05025 2.05025 4
    endloop
  endfacet
  facet normal -0.678798 -0.734325 -0
    outer loop
      vertex 2.45386 1.67716 4
      vertex 2.05025 2.05025 0
      vertex 2.45386 1.67716 0
    endloop
  endfacet
  facet normal -0.488621 -0.872496 0
    outer loop
      vertex 3.34251 1.03152 0
      vertex 3.82207 0.762954 4
      vertex 3.34251 1.03152 4
    endloop
  endfacet
  facet normal -0.488621 -0.872496 -0
    outer loop
      vertex 3.82207 0.762954 4
      vertex 3.34251 1.03152 0
      vertex 3.82207 0.762954 0
    endloop
  endfacet
  facet normal -0.418659 -0.908143 0
    outer loop
      vertex 3.82207 0.762954 0
      vertex 4.32122 0.532843 4
      vertex 3.82207 0.762954 4
    endloop
  endfacet
  facet normal -0.418659 -0.908143 -0
    outer loop
      vertex 4.32122 0.532843 4
      vertex 3.82207 0.762954 0
      vertex 4.32122 0.532843 0
    endloop
  endfacet
  facet normal 0.908066 0.418827 0
    outer loop
      vertex 91.4672 87.6788 4
      vertex 91.237 88.1779 0
      vertex 91.237 88.1779 4
    endloop
  endfacet
  facet normal 0.908066 0.418827 0
    outer loop
      vertex 91.237 88.1779 0
      vertex 91.4672 87.6788 4
      vertex 91.4672 87.6788 0
    endloop
  endfacet
  facet normal -0.418793 0.908082 0
    outer loop
      vertex 4.32122 91.4672 0
      vertex 3.82207 91.237 4
      vertex 4.32122 91.4672 4
    endloop
  endfacet
  facet normal -0.418793 0.908082 0
    outer loop
      vertex 3.82207 91.237 4
      vertex 4.32122 91.4672 0
      vertex 3.82207 91.237 0
    endloop
  endfacet
  facet normal 0.785297 -0.619119 0
    outer loop
      vertex 90.3228 2.45386 4
      vertex 90.6631 2.8855 0
      vertex 90.6631 2.8855 4
    endloop
  endfacet
  facet normal 0.785297 -0.619119 0
    outer loop
      vertex 90.6631 2.8855 0
      vertex 90.3228 2.45386 4
      vertex 90.3228 2.45386 0
    endloop
  endfacet
  facet normal 0.734316 -0.678807 0
    outer loop
      vertex 89.9497 2.05025 4
      vertex 90.3228 2.45386 0
      vertex 90.3228 2.45386 4
    endloop
  endfacet
  facet normal 0.734316 -0.678807 0
    outer loop
      vertex 90.3228 2.45386 0
      vertex 89.9497 2.05025 4
      vertex 89.9497 2.05025 0
    endloop
  endfacet
  facet normal 0.271441 -0.962455 0
    outer loop
      vertex 86.6341 0.19341 0
      vertex 87.1631 0.342604 4
      vertex 86.6341 0.19341 4
    endloop
  endfacet
  facet normal 0.271441 -0.962455 0
    outer loop
      vertex 87.1631 0.342604 4
      vertex 86.6341 0.19341 0
      vertex 87.1631 0.342604 0
    endloop
  endfacet
  facet normal 0.195083 -0.980787 0
    outer loop
      vertex 86.095 0.0861807 0
      vertex 86.6341 0.19341 4
      vertex 86.095 0.0861807 4
    endloop
  endfacet
  facet normal 0.195083 -0.980787 0
    outer loop
      vertex 86.6341 0.19341 4
      vertex 86.095 0.0861807 0
      vertex 86.6341 0.19341 0
    endloop
  endfacet
  facet normal 0.0392592 -0.999229 0
    outer loop
      vertex 85 0 0
      vertex 85.5492 0.0215778 4
      vertex 85 0 4
    endloop
  endfacet
  facet normal 0.0392592 -0.999229 0
    outer loop
      vertex 85.5492 0.0215778 4
      vertex 85 0 0
      vertex 85.5492 0.0215778 0
    endloop
  endfacet
  facet normal 0.48859 -0.872514 0
    outer loop
      vertex 88.1779 0.762954 0
      vertex 88.6575 1.03152 4
      vertex 88.1779 0.762954 4
    endloop
  endfacet
  facet normal 0.48859 -0.872514 0
    outer loop
      vertex 88.6575 1.03152 4
      vertex 88.1779 0.762954 0
      vertex 88.6575 1.03152 0
    endloop
  endfacet
  facet normal 0.555573 -0.831468 0
    outer loop
      vertex 88.6575 1.03152 0
      vertex 89.1145 1.33688 4
      vertex 88.6575 1.03152 4
    endloop
  endfacet
  facet normal 0.555573 -0.831468 0
    outer loop
      vertex 89.1145 1.33688 4
      vertex 88.6575 1.03152 0
      vertex 89.1145 1.33688 0
    endloop
  endfacet
  facet normal -0.831473 -0.555565 0
    outer loop
      vertex 1.33688 2.8855 0
      vertex 1.03152 3.34251 4
      vertex 1.03152 3.34251 0
    endloop
  endfacet
  facet normal -0.831473 -0.555565 0
    outer loop
      vertex 1.03152 3.34251 4
      vertex 1.33688 2.8855 0
      vertex 1.33688 2.8855 4
    endloop
  endfacet
  facet normal -0.734325 -0.678798 0
    outer loop
      vertex 2.05025 2.05025 0
      vertex 1.67716 2.45386 4
      vertex 1.67716 2.45386 0
    endloop
  endfacet
  facet normal -0.734325 -0.678798 0
    outer loop
      vertex 1.67716 2.45386 4
      vertex 2.05025 2.05025 0
      vertex 2.05025 2.05025 4
    endloop
  endfacet
  facet normal -0.785315 -0.619097 0
    outer loop
      vertex 1.67716 2.45386 0
      vertex 1.33688 2.8855 4
      vertex 1.33688 2.8855 0
    endloop
  endfacet
  facet normal -0.785315 -0.619097 0
    outer loop
      vertex 1.33688 2.8855 4
      vertex 1.67716 2.45386 0
      vertex 1.67716 2.45386 4
    endloop
  endfacet
  facet normal -0.271441 -0.962455 0
    outer loop
      vertex 4.83688 0.342604 0
      vertex 5.36588 0.19341 4
      vertex 4.83688 0.342604 4
    endloop
  endfacet
  facet normal -0.271441 -0.962455 -0
    outer loop
      vertex 5.36588 0.19341 4
      vertex 4.83688 0.342604 0
      vertex 5.36588 0.19341 0
    endloop
  endfacet
  facet normal -0.555565 -0.831473 0
    outer loop
      vertex 2.8855 1.33688 0
      vertex 3.34251 1.03152 4
      vertex 2.8855 1.33688 4
    endloop
  endfacet
  facet normal -0.555565 -0.831473 -0
    outer loop
      vertex 3.34251 1.03152 4
      vertex 2.8855 1.33688 0
      vertex 3.34251 1.03152 0
    endloop
  endfacet
  facet normal -0.619097 -0.785315 0
    outer loop
      vertex 2.45386 1.67716 0
      vertex 2.8855 1.33688 4
      vertex 2.45386 1.67716 4
    endloop
  endfacet
  facet normal -0.619097 -0.785315 -0
    outer loop
      vertex 2.8855 1.33688 4
      vertex 2.45386 1.67716 0
      vertex 2.8855 1.33688 0
    endloop
  endfacet
  facet normal 0.117543 -0.993068 0
    outer loop
      vertex 85.5492 0.0215778 0
      vertex 86.095 0.0861807 4
      vertex 85.5492 0.0215778 4
    endloop
  endfacet
  facet normal 0.117543 -0.993068 0
    outer loop
      vertex 86.095 0.0861807 4
      vertex 85.5492 0.0215778 0
      vertex 86.095 0.0861807 0
    endloop
  endfacet
  facet normal 0.619132 -0.785287 0
    outer loop
      vertex 89.1145 1.33688 0
      vertex 89.5461 1.67716 4
      vertex 89.1145 1.33688 4
    endloop
  endfacet
  facet normal 0.619132 -0.785287 0
    outer loop
      vertex 89.5461 1.67716 4
      vertex 89.1145 1.33688 0
      vertex 89.5461 1.67716 0
    endloop
  endfacet
  facet normal -0.93819 -0.34612 0
    outer loop
      vertex 0.532843 4.32122 0
      vertex 0.342604 4.83688 4
      vertex 0.342604 4.83688 0
    endloop
  endfacet
  facet normal -0.93819 -0.34612 0
    outer loop
      vertex 0.342604 4.83688 4
      vertex 0.532843 4.32122 0
      vertex 0.532843 4.32122 4
    endloop
  endfacet
  facet normal -0.908143 -0.418659 0
    outer loop
      vertex 0.762954 3.82207 0
      vertex 0.532843 4.32122 4
      vertex 0.532843 4.32122 0
    endloop
  endfacet
  facet normal -0.908143 -0.418659 0
    outer loop
      vertex 0.532843 4.32122 4
      vertex 0.762954 3.82207 0
      vertex 0.762954 3.82207 4
    endloop
  endfacet
  facet normal -0.993066 -0.117555 0
    outer loop
      vertex 4.38263 6.58545 4
      vertex 4.35817 6.79208 5
      vertex 4.35817 6.79208 4
    endloop
  endfacet
  facet normal -0.993066 -0.117555 0
    outer loop
      vertex 4.35817 6.79208 5
      vertex 4.38263 6.58545 4
      vertex 4.38263 6.58545 5
    endloop
  endfacet
  facet normal -0.980789 -0.195072 0
    outer loop
      vertex 4.42322 6.38137 4
      vertex 4.38263 6.58545 5
      vertex 4.38263 6.58545 4
    endloop
  endfacet
  facet normal -0.980789 -0.195072 0
    outer loop
      vertex 4.38263 6.58545 5
      vertex 4.42322 6.38137 4
      vertex 4.42322 6.38137 5
    endloop
  endfacet
  facet normal -0.999229 -0.0392637 0
    outer loop
      vertex 4.35817 6.79208 4
      vertex 4.35 7 5
      vertex 4.35 7 4
    endloop
  endfacet
  facet normal -0.999229 -0.0392637 0
    outer loop
      vertex 4.35 7 5
      vertex 4.35817 6.79208 4
      vertex 4.35817 6.79208 5
    endloop
  endfacet
  facet normal 0 -1 0
    outer loop
      vertex 7 4.35 4
      vertex 85 4.35 5
      vertex 7 4.35 5
    endloop
  endfacet
  facet normal 0 -1 -0
    outer loop
      vertex 85 4.35 5
      vertex 7 4.35 4
      vertex 85 4.35 4
    endloop
  endfacet
  facet normal 0 0 1
    outer loop
      vertex 84.4586 82.6498 5
      vertex 87.65 85 5
      vertex 84.4815 82.7654 5
    endloop
  endfacet
  facet normal 0 0 1
    outer loop
      vertex 87.65 7 5
      vertex 84.4954 9.11769 5
      vertex 84.5 9 5
    endloop
  endfacet
  facet normal 0 0 1
    outer loop
      vertex 84.4266 82.5365 5
      vertex 87.65 85 5
      vertex 84.4586 82.6498 5
    endloop
  endfacet
  facet normal 0 0 1
    outer loop
      vertex 87.65 7 5
      vertex 84.4815 9.23465 5
      vertex 84.4954 9.11769 5
    endloop
  endfacet
  facet normal 0 0 1
    outer loop
      vertex 84.3858 82.426 5
      vertex 87.65 85 5
      vertex 84.4266 82.5365 5
    endloop
  endfacet
  facet normal 0 0 1
    outer loop
      vertex 87.65 7 5
      vertex 84.4586 9.35017 5
      vertex 84.4815 9.23465 5
    endloop
  endfacet
  facet normal 0 0 1
    outer loop
      vertex 84.3365 82.319 5
      vertex 87.65 85 5
      vertex 84.3858 82.426 5
    endloop
  endfacet
  facet normal 0 0 1
    outer loop
      vertex 87.65 7 5
      vertex 84.4266 9.46352 5
      vertex 84.4586 9.35017 5
    endloop
  endfacet
  facet normal 0 0 1
    outer loop
      vertex 84.279 82.2162 5
      vertex 87.65 85 5
      vertex 84.3365 82.319 5
    endloop
  endfacet
  facet normal 0 0 1
    outer loop
      vertex 87.65 7 5
      vertex 84.3858 9.57402 5
      vertex 84.4266 9.46352 5
    endloop
  endfacet
  facet normal 0 0 1
    outer loop
      vertex 84.2135 82.1183 5
      vertex 87.65 85 5
      vertex 84.279 82.2162 5
    endloop
  endfacet
  facet normal 0 0 1
    outer loop
      vertex 87.65 7 5
      vertex 84.3365 9.68099 5
      vertex 84.3858 9.57402 5
    endloop
  endfacet
  facet normal 0 0 1
    outer loop
      vertex 84.1406 82.0258 5
      vertex 87.65 85 5
      vertex 84.2135 82.1183 5
    endloop
  endfacet
  facet normal 0 0 1
    outer loop
      vertex 87.65 7 5
      vertex 84.279 9.78375 5
      vertex 84.3365 9.68099 5
    endloop
  endfacet
  facet normal 0 0 1
    outer loop
      vertex 84.0607 81.9393 5
      vertex 87.65 85 5
      vertex 84.1406 82.0258 5
    endloop
  endfacet
  facet normal 0 0 1
    outer loop
      vertex 87.65 7 5
      vertex 84.2135 9.88168 5
      vertex 84.279 9.78375 5
    endloop
  endfacet
  facet normal 0 0 1
    outer loop
      vertex 87.65 85 5
      vertex 84.0607 81.9393 5
      vertex 87.65 7 5
    endloop
  endfacet
  facet normal 0 0 1
    outer loop
      vertex 87.65 7 5
      vertex 84.1406 9.97417 5
      vertex 84.2135 9.88168 5
    endloop
  endfacet
  facet normal -0 0 1
    outer loop
      vertex 84.0607 10.0607 5
      vertex 87.65 7 5
      vertex 84.0607 81.9393 5
    endloop
  endfacet
  facet normal 0 0 1
    outer loop
      vertex 87.65 7 5
      vertex 84.0607 10.0607 5
      vertex 84.1406 9.97417 5
    endloop
  endfacet
  facet normal -0 0 1
    outer loop
      vertex 84 81.8833 5
      vertex 84.0607 10.0607 5
      vertex 84.0607 81.9393 5
    endloop
  endfacet
  facet normal 0 0 1
    outer loop
      vertex 84.0607 10.0607 5
      vertex 84 81.8833 5
      vertex 84 10.1167 5
    endloop
  endfacet
  facet normal 0 0 1
    outer loop
      vertex 84.2135 83.8817 5
      vertex 87.65 85 5
      vertex 87.6418 85.2079 5
    endloop
  endfacet
  facet normal 0 0 1
    outer loop
      vertex 84.4954 82.8823 5
      vertex 87.65 85 5
      vertex 84.5 83 5
    endloop
  endfacet
  facet normal 0 0 1
    outer loop
      vertex 84.2135 83.8817 5
      vertex 87.6418 85.2079 5
      vertex 87.6174 85.4146 5
    endloop
  endfacet
  facet normal 0 0 1
    outer loop
      vertex 84.4815 82.7654 5
      vertex 87.65 85 5
      vertex 84.4954 82.8823 5
    endloop
  endfacet
  facet normal 0 0 1
    outer loop
      vertex 84.2135 83.8817 5
      vertex 87.6174 85.4146 5
      vertex 87.5768 85.6186 5
    endloop
  endfacet
  facet normal -0 0 1
    outer loop
      vertex 84.4954 8.88231 5
      vertex 87.65 7 5
      vertex 84.5 9 5
    endloop
  endfacet
  facet normal 0 0 1
    outer loop
      vertex 84.1406 83.9742 5
      vertex 87.5768 85.6186 5
      vertex 87.5203 85.8189 5
    endloop
  endfacet
  facet normal -0 0 1
    outer loop
      vertex 84.4815 8.76535 5
      vertex 87.65 7 5
      vertex 84.4954 8.88231 5
    endloop
  endfacet
  facet normal 0 0 1
    outer loop
      vertex 84.1406 83.9742 5
      vertex 87.5203 85.8189 5
      vertex 87.4483 86.0141 5
    endloop
  endfacet
  facet normal -0 0 1
    outer loop
      vertex 84.4586 8.64983 5
      vertex 87.65 7 5
      vertex 84.4815 8.76535 5
    endloop
  endfacet
  facet normal 0 0 1
    outer loop
      vertex 84.1406 83.9742 5
      vertex 87.4483 86.0141 5
      vertex 87.3612 86.2031 5
    endloop
  endfacet
  facet normal -0 0 1
    outer loop
      vertex 84.4266 8.53647 5
      vertex 87.65 7 5
      vertex 84.4586 8.64983 5
    endloop
  endfacet
  facet normal 0 0 1
    outer loop
      vertex 84.1406 83.9742 5
      vertex 87.3612 86.2031 5
      vertex 87.2595 86.3846 5
    endloop
  endfacet
  facet normal -0 0 1
    outer loop
      vertex 84.3858 8.42597 5
      vertex 87.65 7 5
      vertex 84.4266 8.53647 5
    endloop
  endfacet
  facet normal 0 0 1
    outer loop
      vertex 84.1406 83.9742 5
      vertex 87.2595 86.3846 5
      vertex 87.1439 86.5576 5
    endloop
  endfacet
  facet normal -0 0 1
    outer loop
      vertex 84.3365 8.31901 5
      vertex 87.65 7 5
      vertex 84.3858 8.42597 5
    endloop
  endfacet
  facet normal 0 0 1
    outer loop
      vertex 84.0607 84.0607 5
      vertex 87.1439 86.5576 5
      vertex 87.0151 86.721 5
    endloop
  endfacet
  facet normal -0 0 1
    outer loop
      vertex 84.279 8.21625 5
      vertex 87.65 7 5
      vertex 84.3365 8.31901 5
    endloop
  endfacet
  facet normal 0 0 1
    outer loop
      vertex 84.0607 84.0607 5
      vertex 87.0151 86.721 5
      vertex 86.8738 86.8738 5
    endloop
  endfacet
  facet normal -0 0 1
    outer loop
      vertex 84.2135 8.11832 5
      vertex 87.65 7 5
      vertex 84.279 8.21625 5
    endloop
  endfacet
  facet normal 0 0 1
    outer loop
      vertex 84.0607 84.0607 5
      vertex 86.8738 86.8738 5
      vertex 86.721 87.0151 5
    endloop
  endfacet
  facet normal 0 0 1
    outer loop
      vertex 87.65 7 5
      vertex 84.2135 8.11832 5
      vertex 87.6418 6.79208 5
    endloop
  endfacet
  facet normal 0 0 1
    outer loop
      vertex 84.0607 84.0607 5
      vertex 86.721 87.0151 5
      vertex 86.5576 87.1439 5
    endloop
  endfacet
  facet normal 0 0 1
    outer loop
      vertex 87.6418 6.79208 5
      vertex 84.2135 8.11832 5
      vertex 87.6174 6.58545 5
    endloop
  endfacet
  facet normal 0 0 1
    outer loop
      vertex 84.0607 84.0607 5
      vertex 86.5576 87.1439 5
      vertex 86.3846 87.2595 5
    endloop
  endfacet
  facet normal 0 0 1
    outer loop
      vertex 87.6174 6.58545 5
      vertex 84.2135 8.11832 5
      vertex 87.5768 6.38137 5
    endloop
  endfacet
  facet normal 0 0 1
    outer loop
      vertex 83.9742 84.1406 5
      vertex 86.3846 87.2595 5
      vertex 86.2031 87.3612 5
    endloop
  endfacet
  facet normal -0 0 1
    outer loop
      vertex 84.1406 8.02583 5
      vertex 87.5768 6.38137 5
      vertex 84.2135 8.11832 5
    endloop
  endfacet
  facet normal 0 0 1
    outer loop
      vertex 83.9742 84.1406 5
      vertex 86.2031 87.3612 5
      vertex 86.0141 87.4483 5
    endloop
  endfacet
  facet normal 0 0 1
    outer loop
      vertex 87.5768 6.38137 5
      vertex 84.1406 8.02583 5
      vertex 87.5203 6.1811 5
    endloop
  endfacet
  facet normal 0 0 1
    outer loop
      vertex 83.9742 84.1406 5
      vertex 86.0141 87.4483 5
      vertex 85.8189 87.5203 5
    endloop
  endfacet
  facet normal 0 0 1
    outer loop
      vertex 87.5203 6.1811 5
      vertex 84.1406 8.02583 5
      vertex 87.4483 5.98589 5
    endloop
  endfacet
  facet normal 0 0 1
    outer loop
      vertex 83.9742 84.1406 5
      vertex 85.8189 87.5203 5
      vertex 85.6186 87.5768 5
    endloop
  endfacet
  facet normal 0 0 1
    outer loop
      vertex 87.4483 5.98589 5
      vertex 84.1406 8.02583 5
      vertex 87.3612 5.79692 5
    endloop
  endfacet
  facet normal 0 0 1
    outer loop
      vertex 83.9742 84.1406 5
      vertex 85.6186 87.5768 5
      vertex 85.4146 87.6174 5
    endloop
  endfacet
  facet normal 0 0 1
    outer loop
      vertex 87.3612 5.79692 5
      vertex 84.1406 8.02583 5
      vertex 87.2595 5.61538 5
    endloop
  endfacet
  facet normal 0 0 1
    outer loop
      vertex 83.8817 84.2135 5
      vertex 85.4146 87.6174 5
      vertex 85.2079 87.6418 5
    endloop
  endfacet
  facet normal 0 0 1
    outer loop
      vertex 87.2595 5.61538 5
      vertex 84.1406 8.02583 5
      vertex 87.1439 5.44237 5
    endloop
  endfacet
  facet normal 0 0 1
    outer loop
      vertex 83.8817 84.2135 5
      vertex 85.2079 87.6418 5
      vertex 85 87.65 5
    endloop
  endfacet
  facet normal -0 0 1
    outer loop
      vertex 84.0607 7.93934 5
      vertex 87.1439 5.44237 5
      vertex 84.1406 8.02583 5
    endloop
  endfacet
  facet normal 0 0 1
    outer loop
      vertex 87.1439 5.44237 5
      vertex 84.0607 7.93934 5
      vertex 87.0151 5.27896 5
    endloop
  endfacet
  facet normal 0 0 1
    outer loop
      vertex 87.65 85 5
      vertex 84.4954 83.1177 5
      vertex 84.5 83 5
    endloop
  endfacet
  facet normal 0 0 1
    outer loop
      vertex 87.65 85 5
      vertex 84.4815 83.2346 5
      vertex 84.4954 83.1177 5
    endloop
  endfacet
  facet normal 0 0 1
    outer loop
      vertex 87.65 85 5
      vertex 84.4586 83.3502 5
      vertex 84.4815 83.2346 5
    endloop
  endfacet
  facet normal 0 0 1
    outer loop
      vertex 87.65 85 5
      vertex 84.4266 83.4635 5
      vertex 84.4586 83.3502 5
    endloop
  endfacet
  facet normal 0 0 1
    outer loop
      vertex 87.65 85 5
      vertex 84.3858 83.574 5
      vertex 84.4266 83.4635 5
    endloop
  endfacet
  facet normal 0 0 1
    outer loop
      vertex 87.65 85 5
      vertex 84.3365 83.681 5
      vertex 84.3858 83.574 5
    endloop
  endfacet
  facet normal 0 0 1
    outer loop
      vertex 87.65 85 5
      vertex 84.279 83.7837 5
      vertex 84.3365 83.681 5
    endloop
  endfacet
  facet normal 0 0 1
    outer loop
      vertex 87.65 85 5
      vertex 84.2135 83.8817 5
      vertex 84.279 83.7837 5
    endloop
  endfacet
  facet normal 0 0 1
    outer loop
      vertex 87.5768 85.6186 5
      vertex 84.1406 83.9742 5
      vertex 84.2135 83.8817 5
    endloop
  endfacet
  facet normal 0 0 1
    outer loop
      vertex 87.1439 86.5576 5
      vertex 84.0607 84.0607 5
      vertex 84.1406 83.9742 5
    endloop
  endfacet
  facet normal 0 0 1
    outer loop
      vertex 86.3846 87.2595 5
      vertex 83.9742 84.1406 5
      vertex 84.0607 84.0607 5
    endloop
  endfacet
  facet normal 0 0 1
    outer loop
      vertex 85.4146 87.6174 5
      vertex 83.8817 84.2135 5
      vertex 83.9742 84.1406 5
    endloop
  endfacet
  facet normal 0 0 1
    outer loop
      vertex 85 87.65 5
      vertex 83.7837 84.279 5
      vertex 83.8817 84.2135 5
    endloop
  endfacet
  facet normal 0 0 1
    outer loop
      vertex 85 87.65 5
      vertex 83.681 84.3365 5
      vertex 83.7837 84.279 5
    endloop
  endfacet
  facet normal 0 0 1
    outer loop
      vertex 85 87.65 5
      vertex 83.574 84.3858 5
      vertex 83.681 84.3365 5
    endloop
  endfacet
  facet normal 0 0 1
    outer loop
      vertex 85 87.65 5
      vertex 83.4635 84.4266 5
      vertex 83.574 84.3858 5
    endloop
  endfacet
  facet normal 0 0 1
    outer loop
      vertex 85 87.65 5
      vertex 83.3502 84.4586 5
      vertex 83.4635 84.4266 5
    endloop
  endfacet
  facet normal 0 0 1
    outer loop
      vertex 85 87.65 5
      vertex 83.2346 84.4815 5
      vertex 83.3502 84.4586 5
    endloop
  endfacet
  facet normal 0 0 1
    outer loop
      vertex 85 87.65 5
      vertex 83.1177 84.4954 5
      vertex 83.2346 84.4815 5
    endloop
  endfacet
  facet normal 0 0 1
    outer loop
      vertex 85 87.65 5
      vertex 83 84.5 5
      vertex 83.1177 84.4954 5
    endloop
  endfacet
  facet normal 0 0 1
    outer loop
      vertex 85 87.65 5
      vertex 82.8823 84.4954 5
      vertex 83 84.5 5
    endloop
  endfacet
  facet normal 0 0 1
    outer loop
      vertex 85 87.65 5
      vertex 82.7654 84.4815 5
      vertex 82.8823 84.4954 5
    endloop
  endfacet
  facet normal 0 0 1
    outer loop
      vertex 85 87.65 5
      vertex 82.6498 84.4586 5
      vertex 82.7654 84.4815 5
    endloop
  endfacet
  facet normal 0 0 1
    outer loop
      vertex 85 87.65 5
      vertex 82.5365 84.4266 5
      vertex 82.6498 84.4586 5
    endloop
  endfacet
  facet normal 0 0 1
    outer loop
      vertex 85 87.65 5
      vertex 82.426 84.3858 5
      vertex 82.5365 84.4266 5
    endloop
  endfacet
  facet normal 0 0 1
    outer loop
      vertex 85 87.65 5
      vertex 82.319 84.3365 5
      vertex 82.426 84.3858 5
    endloop
  endfacet
  facet normal 0 0 1
    outer loop
      vertex 85 87.65 5
      vertex 82.2162 84.279 5
      vertex 82.319 84.3365 5
    endloop
  endfacet
  facet normal 0 0 1
    outer loop
      vertex 85 87.65 5
      vertex 82.1183 84.2135 5
      vertex 82.2162 84.279 5
    endloop
  endfacet
  facet normal 0 0 1
    outer loop
      vertex 85 87.65 5
      vertex 82.0258 84.1406 5
      vertex 82.1183 84.2135 5
    endloop
  endfacet
  facet normal 0 0 1
    outer loop
      vertex 85 87.65 5
      vertex 81.9393 84.0607 5
      vertex 82.0258 84.1406 5
    endloop
  endfacet
  facet normal 0 0 1
    outer loop
      vertex 85 87.65 5
      vertex 81.8833 84 5
      vertex 81.9393 84.0607 5
    endloop
  endfacet
  facet normal 0 0 1
    outer loop
      vertex 85 87.65 5
      vertex 10.1167 84 5
      vertex 81.8833 84 5
    endloop
  endfacet
  facet normal 0 0 1
    outer loop
      vertex 85 87.65 5
      vertex 10.0607 84.0607 5
      vertex 10.1167 84 5
    endloop
  endfacet
  facet normal -0 0 1
    outer loop
      vertex 7 87.65 5
      vertex 10.0607 84.0607 5
      vertex 85 87.65 5
    endloop
  endfacet
  facet normal 0 0 1
    outer loop
      vertex 10.0607 84.0607 5
      vertex 7 87.65 5
      vertex 9.97417 84.1406 5
    endloop
  endfacet
  facet normal 0 0 1
    outer loop
      vertex 9.97417 84.1406 5
      vertex 7 87.65 5
      vertex 9.88168 84.2135 5
    endloop
  endfacet
  facet normal 0 0 1
    outer loop
      vertex 9.88168 84.2135 5
      vertex 7 87.65 5
      vertex 9.78375 84.279 5
    endloop
  endfacet
  facet normal 0 0 1
    outer loop
      vertex 9.78375 84.279 5
      vertex 7 87.65 5
      vertex 9.68099 84.3365 5
    endloop
  endfacet
  facet normal 0 0 1
    outer loop
      vertex 9.68099 84.3365 5
      vertex 7 87.65 5
      vertex 9.57402 84.3858 5
    endloop
  endfacet
  facet normal 0 0 1
    outer loop
      vertex 9.57402 84.3858 5
      vertex 7 87.65 5
      vertex 9.46352 84.4266 5
    endloop
  endfacet
  facet normal 0 0 1
    outer loop
      vertex 9.46352 84.4266 5
      vertex 7 87.65 5
      vertex 9.35017 84.4586 5
    endloop
  endfacet
  facet normal 0 0 1
    outer loop
      vertex 9.35017 84.4586 5
      vertex 7 87.65 5
      vertex 9.23465 84.4815 5
    endloop
  endfacet
  facet normal 0 0 1
    outer loop
      vertex 9.23465 84.4815 5
      vertex 7 87.65 5
      vertex 9.11769 84.4954 5
    endloop
  endfacet
  facet normal 0 0 1
    outer loop
      vertex 9.11769 84.4954 5
      vertex 7 87.65 5
      vertex 9 84.5 5
    endloop
  endfacet
  facet normal 0 0 1
    outer loop
      vertex 7.54144 9.35017 5
      vertex 4.35 7 5
      vertex 7.51847 9.23465 5
    endloop
  endfacet
  facet normal 0 0 1
    outer loop
      vertex 7.51847 83.2346 5
      vertex 4.35 85 5
      vertex 7.50462 83.1177 5
    endloop
  endfacet
  facet normal 0 0 1
    outer loop
      vertex 7.54144 83.3502 5
      vertex 4.35 85 5
      vertex 7.51847 83.2346 5
    endloop
  endfacet
  facet normal 0 0 1
    outer loop
      vertex 7.57341 83.4635 5
      vertex 4.35 85 5
      vertex 7.54144 83.3502 5
    endloop
  endfacet
  facet normal 0 0 1
    outer loop
      vertex 7.61418 83.574 5
      vertex 4.35 85 5
      vertex 7.57341 83.4635 5
    endloop
  endfacet
  facet normal 0 0 1
    outer loop
      vertex 7.66349 83.681 5
      vertex 4.35 85 5
      vertex 7.61418 83.574 5
    endloop
  endfacet
  facet normal 0 0 1
    outer loop
      vertex 7.72104 83.7837 5
      vertex 4.35 85 5
      vertex 7.66349 83.681 5
    endloop
  endfacet
  facet normal 0 0 1
    outer loop
      vertex 7.78647 83.8817 5
      vertex 4.35 85 5
      vertex 7.72104 83.7837 5
    endloop
  endfacet
  facet normal 0 0 1
    outer loop
      vertex 7.85939 83.9742 5
      vertex 4.35 85 5
      vertex 7.78647 83.8817 5
    endloop
  endfacet
  facet normal 0 0 1
    outer loop
      vertex 7.93934 84.0607 5
      vertex 4.35 85 5
      vertex 7.85939 83.9742 5
    endloop
  endfacet
  facet normal -0 0 1
    outer loop
      vertex 4.35 85 5
      vertex 7.93934 84.0607 5
      vertex 7 87.65 5
    endloop
  endfacet
  facet normal 0 0 1
    outer loop
      vertex 8.02583 84.1406 5
      vertex 7 87.65 5
      vertex 7.93934 84.0607 5
    endloop
  endfacet
  facet normal 0 0 1
    outer loop
      vertex 8.11832 84.2135 5
      vertex 7 87.65 5
      vertex 8.02583 84.1406 5
    endloop
  endfacet
  facet normal 0 0 1
    outer loop
      vertex 8.21625 84.279 5
      vertex 7 87.65 5
      vertex 8.11832 84.2135 5
    endloop
  endfacet
  facet normal 0 0 1
    outer loop
      vertex 8.31901 84.3365 5
      vertex 7 87.65 5
      vertex 8.21625 84.279 5
    endloop
  endfacet
  facet normal 0 0 1
    outer loop
      vertex 8.42597 84.3858 5
      vertex 7 87.65 5
      vertex 8.31901 84.3365 5
    endloop
  endfacet
  facet normal 0 0 1
    outer loop
      vertex 8.53647 84.4266 5
      vertex 7 87.65 5
      vertex 8.42597 84.3858 5
    endloop
  endfacet
  facet normal 0 0 1
    outer loop
      vertex 8.64983 84.4586 5
      vertex 7 87.65 5
      vertex 8.53647 84.4266 5
    endloop
  endfacet
  facet normal 0 0 1
    outer loop
      vertex 8.76535 84.4815 5
      vertex 7 87.65 5
      vertex 8.64983 84.4586 5
    endloop
  endfacet
  facet normal 0 0 1
    outer loop
      vertex 8.88231 84.4954 5
      vertex 7 87.65 5
      vertex 8.76535 84.4815 5
    endloop
  endfacet
  facet normal 0 0 1
    outer loop
      vertex 9 84.5 5
      vertex 7 87.65 5
      vertex 8.88231 84.4954 5
    endloop
  endfacet
  facet normal 0 0 1
    outer loop
      vertex 87.0151 5.27896 5
      vertex 84.0607 7.93934 5
      vertex 86.8738 5.12617 5
    endloop
  endfacet
  facet normal 0 0 1
    outer loop
      vertex 86.8738 5.12617 5
      vertex 84.0607 7.93934 5
      vertex 86.721 4.98492 5
    endloop
  endfacet
  facet normal 0 0 1
    outer loop
      vertex 86.721 4.98492 5
      vertex 84.0607 7.93934 5
      vertex 86.5576 4.8561 5
    endloop
  endfacet
  facet normal 0 0 1
    outer loop
      vertex 86.5576 4.8561 5
      vertex 84.0607 7.93934 5
      vertex 86.3846 4.7405 5
    endloop
  endfacet
  facet normal -0 0 1
    outer loop
      vertex 83.9742 7.85939 5
      vertex 86.3846 4.7405 5
      vertex 84.0607 7.93934 5
    endloop
  endfacet
  facet normal 0 0 1
    outer loop
      vertex 86.3846 4.7405 5
      vertex 83.9742 7.85939 5
      vertex 86.2031 4.63883 5
    endloop
  endfacet
  facet normal 0 0 1
    outer loop
      vertex 86.2031 4.63883 5
      vertex 83.9742 7.85939 5
      vertex 86.0141 4.55172 5
    endloop
  endfacet
  facet normal 0 0 1
    outer loop
      vertex 86.0141 4.55172 5
      vertex 83.9742 7.85939 5
      vertex 85.8189 4.4797 5
    endloop
  endfacet
  facet normal 0 0 1
    outer loop
      vertex 85.8189 4.4797 5
      vertex 83.9742 7.85939 5
      vertex 85.6186 4.42322 5
    endloop
  endfacet
  facet normal 0 0 1
    outer loop
      vertex 85.6186 4.42322 5
      vertex 83.9742 7.85939 5
      vertex 85.4146 4.38263 5
    endloop
  endfacet
  facet normal -0 0 1
    outer loop
      vertex 83.8817 7.78647 5
      vertex 85.4146 4.38263 5
      vertex 83.9742 7.85939 5
    endloop
  endfacet
  facet normal 0 0 1
    outer loop
      vertex 85.4146 4.38263 5
      vertex 83.8817 7.78647 5
      vertex 85.2079 4.35817 5
    endloop
  endfacet
  facet normal 0 0 1
    outer loop
      vertex 85.2079 4.35817 5
      vertex 83.8817 7.78647 5
      vertex 85 4.35 5
    endloop
  endfacet
  facet normal -0 0 1
    outer loop
      vertex 83.7837 7.72104 5
      vertex 85 4.35 5
      vertex 83.8817 7.78647 5
    endloop
  endfacet
  facet normal -0 0 1
    outer loop
      vertex 83.681 7.66349 5
      vertex 85 4.35 5
      vertex 83.7837 7.72104 5
    endloop
  endfacet
  facet normal -0 0 1
    outer loop
      vertex 83.574 7.61418 5
      vertex 85 4.35 5
      vertex 83.681 7.66349 5
    endloop
  endfacet
  facet normal -0 0 1
    outer loop
      vertex 83.4635 7.57341 5
      vertex 85 4.35 5
      vertex 83.574 7.61418 5
    endloop
  endfacet
  facet normal -0 0 1
    outer loop
      vertex 83.3502 7.54144 5
      vertex 85 4.35 5
      vertex 83.4635 7.57341 5
    endloop
  endfacet
  facet normal -0 0 1
    outer loop
      vertex 83.2346 7.51847 5
      vertex 85 4.35 5
      vertex 83.3502 7.54144 5
    endloop
  endfacet
  facet normal -0 0 1
    outer loop
      vertex 83.1177 7.50462 5
      vertex 85 4.35 5
      vertex 83.2346 7.51847 5
    endloop
  endfacet
  facet normal -0 0 1
    outer loop
      vertex 83 7.5 5
      vertex 85 4.35 5
      vertex 83.1177 7.50462 5
    endloop
  endfacet
  facet normal 0 0 1
    outer loop
      vertex 82.8823 7.50462 5
      vertex 85 4.35 5
      vertex 83 7.5 5
    endloop
  endfacet
  facet normal 0 0 1
    outer loop
      vertex 82.7654 7.51847 5
      vertex 85 4.35 5
      vertex 82.8823 7.50462 5
    endloop
  endfacet
  facet normal 0 0 1
    outer loop
      vertex 82.6498 7.54144 5
      vertex 85 4.35 5
      vertex 82.7654 7.51847 5
    endloop
  endfacet
  facet normal 0 0 1
    outer loop
      vertex 82.5365 7.57341 5
      vertex 85 4.35 5
      vertex 82.6498 7.54144 5
    endloop
  endfacet
  facet normal 0 0 1
    outer loop
      vertex 82.426 7.61418 5
      vertex 85 4.35 5
      vertex 82.5365 7.57341 5
    endloop
  endfacet
  facet normal 0 0 1
    outer loop
      vertex 82.319 7.66349 5
      vertex 85 4.35 5
      vertex 82.426 7.61418 5
    endloop
  endfacet
  facet normal 0 0 1
    outer loop
      vertex 82.2162 7.72104 5
      vertex 85 4.35 5
      vertex 82.319 7.66349 5
    endloop
  endfacet
  facet normal 0 0 1
    outer loop
      vertex 82.1183 7.78647 5
      vertex 85 4.35 5
      vertex 82.2162 7.72104 5
    endloop
  endfacet
  facet normal 0 0 1
    outer loop
      vertex 82.0258 7.85939 5
      vertex 85 4.35 5
      vertex 82.1183 7.78647 5
    endloop
  endfacet
  facet normal 0 0 1
    outer loop
      vertex 81.9393 7.93934 5
      vertex 85 4.35 5
      vertex 82.0258 7.85939 5
    endloop
  endfacet
  facet normal 0 0 1
    outer loop
      vertex 81.8833 8 5
      vertex 85 4.35 5
      vertex 81.9393 7.93934 5
    endloop
  endfacet
  facet normal -0 0 1
    outer loop
      vertex 10.1167 8 5
      vertex 85 4.35 5
      vertex 81.8833 8 5
    endloop
  endfacet
  facet normal -0 0 1
    outer loop
      vertex 10.0607 7.93934 5
      vertex 85 4.35 5
      vertex 10.1167 8 5
    endloop
  endfacet
  facet normal 0 0 1
    outer loop
      vertex 7 4.35 5
      vertex 10.0607 7.93934 5
      vertex 9.97417 7.85939 5
    endloop
  endfacet
  facet normal 0 0 1
    outer loop
      vertex 7 4.35 5
      vertex 9.97417 7.85939 5
      vertex 9.88168 7.78647 5
    endloop
  endfacet
  facet normal 0 0 1
    outer loop
      vertex 7 4.35 5
      vertex 9.88168 7.78647 5
      vertex 9.78375 7.72104 5
    endloop
  endfacet
  facet normal 0 0 1
    outer loop
      vertex 7 4.35 5
      vertex 9.78375 7.72104 5
      vertex 9.68099 7.66349 5
    endloop
  endfacet
  facet normal 0 0 1
    outer loop
      vertex 7 4.35 5
      vertex 9.68099 7.66349 5
      vertex 9.57402 7.61418 5
    endloop
  endfacet
  facet normal 0 0 1
    outer loop
      vertex 7 4.35 5
      vertex 9.57402 7.61418 5
      vertex 9.46352 7.57341 5
    endloop
  endfacet
  facet normal 0 0 1
    outer loop
      vertex 7 4.35 5
      vertex 9.46352 7.57341 5
      vertex 9.35017 7.54144 5
    endloop
  endfacet
  facet normal 0 0 1
    outer loop
      vertex 7 4.35 5
      vertex 9.35017 7.54144 5
      vertex 9.23465 7.51847 5
    endloop
  endfacet
  facet normal 0 0 1
    outer loop
      vertex 7 4.35 5
      vertex 9.23465 7.51847 5
      vertex 9.11769 7.50462 5
    endloop
  endfacet
  facet normal 0 0 1
    outer loop
      vertex 7 4.35 5
      vertex 9.11769 7.50462 5
      vertex 9 7.5 5
    endloop
  endfacet
  facet normal 0 0 1
    outer loop
      vertex 7 4.35 5
      vertex 9 7.5 5
      vertex 8.88231 7.50462 5
    endloop
  endfacet
  facet normal 0 0 1
    outer loop
      vertex 10.0607 7.93934 5
      vertex 7 4.35 5
      vertex 85 4.35 5
    endloop
  endfacet
  facet normal 0 0 1
    outer loop
      vertex 8.76535 7.51847 5
      vertex 7 4.35 5
      vertex 8.88231 7.50462 5
    endloop
  endfacet
  facet normal 0 0 1
    outer loop
      vertex 8.64983 7.54144 5
      vertex 7 4.35 5
      vertex 8.76535 7.51847 5
    endloop
  endfacet
  facet normal 0 0 1
    outer loop
      vertex 8.53647 7.57341 5
      vertex 7 4.35 5
      vertex 8.64983 7.54144 5
    endloop
  endfacet
  facet normal 0 0 1
    outer loop
      vertex 8.42597 7.61418 5
      vertex 7 4.35 5
      vertex 8.53647 7.57341 5
    endloop
  endfacet
  facet normal 0 0 1
    outer loop
      vertex 8.31901 7.66349 5
      vertex 7 4.35 5
      vertex 8.42597 7.61418 5
    endloop
  endfacet
  facet normal 0 0 1
    outer loop
      vertex 8.21625 7.72104 5
      vertex 7 4.35 5
      vertex 8.31901 7.66349 5
    endloop
  endfacet
  facet normal 0 0 1
    outer loop
      vertex 8.11832 7.78647 5
      vertex 7 4.35 5
      vertex 8.21625 7.72104 5
    endloop
  endfacet
  facet normal 0 0 1
    outer loop
      vertex 6.58545 4.38263 5
      vertex 8.11832 7.78647 5
      vertex 8.02583 7.85939 5
    endloop
  endfacet
  facet normal 0 0 1
    outer loop
      vertex 5.61538 4.7405 5
      vertex 8.02583 7.85939 5
      vertex 7.93934 7.93934 5
    endloop
  endfacet
  facet normal 0 0 1
    outer loop
      vertex 4.8561 5.44237 5
      vertex 7.93934 7.93934 5
      vertex 7.85939 8.02583 5
    endloop
  endfacet
  facet normal 0 0 1
    outer loop
      vertex 4.42322 6.38137 5
      vertex 7.85939 8.02583 5
      vertex 7.78647 8.11832 5
    endloop
  endfacet
  facet normal 0 0 1
    outer loop
      vertex 4.35 7 5
      vertex 7.78647 8.11832 5
      vertex 7.72104 8.21625 5
    endloop
  endfacet
  facet normal 0 0 1
    outer loop
      vertex 4.35 7 5
      vertex 7.72104 8.21625 5
      vertex 7.66349 8.31901 5
    endloop
  endfacet
  facet normal 0 0 1
    outer loop
      vertex 4.35 7 5
      vertex 7.66349 8.31901 5
      vertex 7.61418 8.42597 5
    endloop
  endfacet
  facet normal 0 0 1
    outer loop
      vertex 4.35 7 5
      vertex 7.61418 8.42597 5
      vertex 7.57341 8.53647 5
    endloop
  endfacet
  facet normal 0 0 1
    outer loop
      vertex 4.35 7 5
      vertex 7.57341 8.53647 5
      vertex 7.54144 8.64983 5
    endloop
  endfacet
  facet normal 0 0 1
    outer loop
      vertex 4.35 7 5
      vertex 7.54144 8.64983 5
      vertex 7.51847 8.76535 5
    endloop
  endfacet
  facet normal 0 0 1
    outer loop
      vertex 4.35 7 5
      vertex 7.51847 8.76535 5
      vertex 7.50462 8.88231 5
    endloop
  endfacet
  facet normal 0 0 1
    outer loop
      vertex 4.35 7 5
      vertex 7.50462 8.88231 5
      vertex 7.5 9 5
    endloop
  endfacet
  facet normal 0 0 1
    outer loop
      vertex 7.51847 9.23465 5
      vertex 4.35 7 5
      vertex 7.50462 9.11769 5
    endloop
  endfacet
  facet normal 0 0 1
    outer loop
      vertex 4.35 85 5
      vertex 7 87.65 5
      vertex 6.79208 87.6418 5
    endloop
  endfacet
  facet normal 0 0 1
    outer loop
      vertex 7.50462 9.11769 5
      vertex 4.35 7 5
      vertex 7.5 9 5
    endloop
  endfacet
  facet normal 0 0 1
    outer loop
      vertex 4.35 85 5
      vertex 6.79208 87.6418 5
      vertex 6.58545 87.6174 5
    endloop
  endfacet
  facet normal 0 0 1
    outer loop
      vertex 7.78647 8.11832 5
      vertex 4.35 7 5
      vertex 4.35817 6.79208 5
    endloop
  endfacet
  facet normal 0 0 1
    outer loop
      vertex 4.35 85 5
      vertex 6.58545 87.6174 5
      vertex 6.38137 87.5768 5
    endloop
  endfacet
  facet normal 0 0 1
    outer loop
      vertex 8.11832 7.78647 5
      vertex 6.79208 4.35817 5
      vertex 7 4.35 5
    endloop
  endfacet
  facet normal 0 0 1
    outer loop
      vertex 4.35 85 5
      vertex 6.38137 87.5768 5
      vertex 6.1811 87.5203 5
    endloop
  endfacet
  facet normal 0 0 1
    outer loop
      vertex 8.11832 7.78647 5
      vertex 6.58545 4.38263 5
      vertex 6.79208 4.35817 5
    endloop
  endfacet
  facet normal 0 0 1
    outer loop
      vertex 4.35 85 5
      vertex 6.1811 87.5203 5
      vertex 5.98589 87.4483 5
    endloop
  endfacet
  facet normal 0 0 1
    outer loop
      vertex 8.02583 7.85939 5
      vertex 6.38137 4.42322 5
      vertex 6.58545 4.38263 5
    endloop
  endfacet
  facet normal 0 0 1
    outer loop
      vertex 4.35 85 5
      vertex 5.98589 87.4483 5
      vertex 5.79692 87.3612 5
    endloop
  endfacet
  facet normal 0 0 1
    outer loop
      vertex 8.02583 7.85939 5
      vertex 6.1811 4.4797 5
      vertex 6.38137 4.42322 5
    endloop
  endfacet
  facet normal 0 0 1
    outer loop
      vertex 4.35 85 5
      vertex 5.79692 87.3612 5
      vertex 5.61538 87.2595 5
    endloop
  endfacet
  facet normal 0 0 1
    outer loop
      vertex 8.02583 7.85939 5
      vertex 5.98589 4.55172 5
      vertex 6.1811 4.4797 5
    endloop
  endfacet
  facet normal 0 0 1
    outer loop
      vertex 4.35 85 5
      vertex 5.61538 87.2595 5
      vertex 5.44237 87.1439 5
    endloop
  endfacet
  facet normal 0 0 1
    outer loop
      vertex 8.02583 7.85939 5
      vertex 5.79692 4.63883 5
      vertex 5.98589 4.55172 5
    endloop
  endfacet
  facet normal 0 0 1
    outer loop
      vertex 4.35 85 5
      vertex 5.44237 87.1439 5
      vertex 5.27896 87.0151 5
    endloop
  endfacet
  facet normal 0 0 1
    outer loop
      vertex 8.02583 7.85939 5
      vertex 5.61538 4.7405 5
      vertex 5.79692 4.63883 5
    endloop
  endfacet
  facet normal 0 0 1
    outer loop
      vertex 4.35 85 5
      vertex 5.27896 87.0151 5
      vertex 5.12617 86.8738 5
    endloop
  endfacet
  facet normal 0 0 1
    outer loop
      vertex 7.93934 7.93934 5
      vertex 5.44237 4.8561 5
      vertex 5.61538 4.7405 5
    endloop
  endfacet
  facet normal 0 0 1
    outer loop
      vertex 4.35 85 5
      vertex 5.12617 86.8738 5
      vertex 4.98492 86.721 5
    endloop
  endfacet
  facet normal 0 0 1
    outer loop
      vertex 7.93934 7.93934 5
      vertex 5.27896 4.98492 5
      vertex 5.44237 4.8561 5
    endloop
  endfacet
  facet normal 0 0 1
    outer loop
      vertex 4.35 85 5
      vertex 4.98492 86.721 5
      vertex 4.8561 86.5576 5
    endloop
  endfacet
  facet normal 0 0 1
    outer loop
      vertex 7.93934 7.93934 5
      vertex 5.12617 5.12617 5
      vertex 5.27896 4.98492 5
    endloop
  endfacet
  facet normal 0 0 1
    outer loop
      vertex 4.35 85 5
      vertex 4.8561 86.5576 5
      vertex 4.7405 86.3846 5
    endloop
  endfacet
  facet normal 0 0 1
    outer loop
      vertex 7.93934 7.93934 5
      vertex 4.98492 5.27896 5
      vertex 5.12617 5.12617 5
    endloop
  endfacet
  facet normal 0 0 1
    outer loop
      vertex 4.35 85 5
      vertex 4.7405 86.3846 5
      vertex 4.63883 86.2031 5
    endloop
  endfacet
  facet normal 0 0 1
    outer loop
      vertex 7.93934 7.93934 5
      vertex 4.8561 5.44237 5
      vertex 4.98492 5.27896 5
    endloop
  endfacet
  facet normal 0 0 1
    outer loop
      vertex 4.35 85 5
      vertex 4.63883 86.2031 5
      vertex 4.55172 86.0141 5
    endloop
  endfacet
  facet normal 0 0 1
    outer loop
      vertex 7.85939 8.02583 5
      vertex 4.7405 5.61538 5
      vertex 4.8561 5.44237 5
    endloop
  endfacet
  facet normal 0 0 1
    outer loop
      vertex 4.35 85 5
      vertex 4.55172 86.0141 5
      vertex 4.4797 85.8189 5
    endloop
  endfacet
  facet normal 0 0 1
    outer loop
      vertex 7.85939 8.02583 5
      vertex 4.63883 5.79692 5
      vertex 4.7405 5.61538 5
    endloop
  endfacet
  facet normal 0 0 1
    outer loop
      vertex 4.35 85 5
      vertex 4.4797 85.8189 5
      vertex 4.42322 85.6186 5
    endloop
  endfacet
  facet normal 0 0 1
    outer loop
      vertex 7.85939 8.02583 5
      vertex 4.55172 5.98589 5
      vertex 4.63883 5.79692 5
    endloop
  endfacet
  facet normal 0 0 1
    outer loop
      vertex 4.35 85 5
      vertex 4.42322 85.6186 5
      vertex 4.38263 85.4146 5
    endloop
  endfacet
  facet normal 0 0 1
    outer loop
      vertex 7.85939 8.02583 5
      vertex 4.4797 6.1811 5
      vertex 4.55172 5.98589 5
    endloop
  endfacet
  facet normal 0 0 1
    outer loop
      vertex 4.35 85 5
      vertex 4.38263 85.4146 5
      vertex 4.35817 85.2079 5
    endloop
  endfacet
  facet normal 0 0 1
    outer loop
      vertex 7.85939 8.02583 5
      vertex 4.42322 6.38137 5
      vertex 4.4797 6.1811 5
    endloop
  endfacet
  facet normal 0 0 1
    outer loop
      vertex 7.78647 8.11832 5
      vertex 4.38263 6.58545 5
      vertex 4.42322 6.38137 5
    endloop
  endfacet
  facet normal 0 0 1
    outer loop
      vertex 7.78647 8.11832 5
      vertex 4.35817 6.79208 5
      vertex 4.38263 6.58545 5
    endloop
  endfacet
  facet normal 0 0 1
    outer loop
      vertex 7.93934 81.9393 5
      vertex 8 10.1167 5
      vertex 8 81.8833 5
    endloop
  endfacet
  facet normal 0 0 1
    outer loop
      vertex 7.93934 81.9393 5
      vertex 7.93934 10.0607 5
      vertex 8 10.1167 5
    endloop
  endfacet
  facet normal 0 0 1
    outer loop
      vertex 4.35 85 5
      vertex 7.93934 81.9393 5
      vertex 7.85939 82.0258 5
    endloop
  endfacet
  facet normal 0 0 1
    outer loop
      vertex 7.93934 81.9393 5
      vertex 4.35 85 5
      vertex 7.93934 10.0607 5
    endloop
  endfacet
  facet normal 0 0 1
    outer loop
      vertex 4.35 85 5
      vertex 7.85939 82.0258 5
      vertex 7.78647 82.1183 5
    endloop
  endfacet
  facet normal 0 0 1
    outer loop
      vertex 4.35 7 5
      vertex 7.93934 10.0607 5
      vertex 4.35 85 5
    endloop
  endfacet
  facet normal 0 0 1
    outer loop
      vertex 4.35 85 5
      vertex 7.78647 82.1183 5
      vertex 7.72104 82.2162 5
    endloop
  endfacet
  facet normal 0 0 1
    outer loop
      vertex 7.93934 10.0607 5
      vertex 4.35 7 5
      vertex 7.85939 9.97417 5
    endloop
  endfacet
  facet normal 0 0 1
    outer loop
      vertex 4.35 85 5
      vertex 7.72104 82.2162 5
      vertex 7.66349 82.319 5
    endloop
  endfacet
  facet normal 0 0 1
    outer loop
      vertex 7.85939 9.97417 5
      vertex 4.35 7 5
      vertex 7.78647 9.88168 5
    endloop
  endfacet
  facet normal 0 0 1
    outer loop
      vertex 4.35 85 5
      vertex 7.66349 82.319 5
      vertex 7.61418 82.426 5
    endloop
  endfacet
  facet normal 0 0 1
    outer loop
      vertex 7.78647 9.88168 5
      vertex 4.35 7 5
      vertex 7.72104 9.78375 5
    endloop
  endfacet
  facet normal 0 0 1
    outer loop
      vertex 4.35 85 5
      vertex 7.61418 82.426 5
      vertex 7.57341 82.5365 5
    endloop
  endfacet
  facet normal 0 0 1
    outer loop
      vertex 7.72104 9.78375 5
      vertex 4.35 7 5
      vertex 7.66349 9.68099 5
    endloop
  endfacet
  facet normal 0 0 1
    outer loop
      vertex 4.35 85 5
      vertex 7.57341 82.5365 5
      vertex 7.54144 82.6498 5
    endloop
  endfacet
  facet normal 0 0 1
    outer loop
      vertex 7.66349 9.68099 5
      vertex 4.35 7 5
      vertex 7.61418 9.57402 5
    endloop
  endfacet
  facet normal 0 0 1
    outer loop
      vertex 4.35 85 5
      vertex 7.54144 82.6498 5
      vertex 7.51847 82.7654 5
    endloop
  endfacet
  facet normal 0 0 1
    outer loop
      vertex 7.61418 9.57402 5
      vertex 4.35 7 5
      vertex 7.57341 9.46352 5
    endloop
  endfacet
  facet normal 0 0 1
    outer loop
      vertex 4.35 85 5
      vertex 7.51847 82.7654 5
      vertex 7.50462 82.8823 5
    endloop
  endfacet
  facet normal 0 0 1
    outer loop
      vertex 7.57341 9.46352 5
      vertex 4.35 7 5
      vertex 7.54144 9.35017 5
    endloop
  endfacet
  facet normal 0 0 1
    outer loop
      vertex 7.50462 83.1177 5
      vertex 4.35 85 5
      vertex 7.5 83 5
    endloop
  endfacet
  facet normal 0 0 1
    outer loop
      vertex 7.5 83 5
      vertex 4.35 85 5
      vertex 7.50462 82.8823 5
    endloop
  endfacet
  facet normal 1 -0 0
    outer loop
      vertex 87.65 7 5
      vertex 87.65 85 4
      vertex 87.65 85 5
    endloop
  endfacet
  facet normal 1 0 0
    outer loop
      vertex 87.65 85 4
      vertex 87.65 7 5
      vertex 87.65 7 4
    endloop
  endfacet
  facet normal -1 0 0
    outer loop
      vertex 4.35 7 4
      vertex 4.35 85 5
      vertex 4.35 85 4
    endloop
  endfacet
  facet normal -1 -0 0
    outer loop
      vertex 4.35 85 5
      vertex 4.35 7 4
      vertex 4.35 7 5
    endloop
  endfacet
  facet normal 0.0394114 0.999223 -0
    outer loop
      vertex 85.2079 87.6418 4
      vertex 85 87.65 5
      vertex 85.2079 87.6418 5
    endloop
  endfacet
  facet normal 0.0394114 0.999223 0
    outer loop
      vertex 85 87.65 5
      vertex 85.2079 87.6418 4
      vertex 85 87.65 4
    endloop
  endfacet
  facet normal 0 1 -0
    outer loop
      vertex 85 87.65 4
      vertex 7 87.65 5
      vertex 85 87.65 5
    endloop
  endfacet
  facet normal 0 1 0
    outer loop
      vertex 7 87.65 5
      vertex 85 87.65 4
      vertex 7 87.65 4
    endloop
  endfacet
  facet normal 0.993105 0.117232 0
    outer loop
      vertex 87.6418 85.2079 5
      vertex 87.6174 85.4146 4
      vertex 87.6174 85.4146 5
    endloop
  endfacet
  facet normal 0.993105 0.117232 0
    outer loop
      vertex 87.6174 85.4146 4
      vertex 87.6418 85.2079 5
      vertex 87.6418 85.2079 4
    endloop
  endfacet
  facet normal 0.999223 0.0394114 0
    outer loop
      vertex 87.65 85 5
      vertex 87.6418 85.2079 4
      vertex 87.6418 85.2079 5
    endloop
  endfacet
  facet normal 0.999223 0.0394114 0
    outer loop
      vertex 87.6418 85.2079 4
      vertex 87.65 85 5
      vertex 87.65 85 4
    endloop
  endfacet
  facet normal 0.999223 -0.0394076 0
    outer loop
      vertex 87.6418 6.79208 5
      vertex 87.65 7 4
      vertex 87.65 7 5
    endloop
  endfacet
  facet normal 0.999223 -0.0394076 0
    outer loop
      vertex 87.65 7 4
      vertex 87.6418 6.79208 5
      vertex 87.6418 6.79208 4
    endloop
  endfacet
  facet normal -0.90818 0.41858 0
    outer loop
      vertex 4.55172 86.0141 4
      vertex 4.63883 86.2031 5
      vertex 4.63883 86.2031 4
    endloop
  endfacet
  facet normal -0.90818 0.41858 0
    outer loop
      vertex 4.63883 86.2031 5
      vertex 4.55172 86.0141 4
      vertex 4.55172 86.0141 5
    endloop
  endfacet
  facet normal -0.999229 0.0392674 0
    outer loop
      vertex 4.35 85 4
      vertex 4.35817 85.2079 5
      vertex 4.35817 85.2079 4
    endloop
  endfacet
  facet normal -0.999229 0.0392674 0
    outer loop
      vertex 4.35817 85.2079 5
      vertex 4.35 85 4
      vertex 4.35 85 5
    endloop
  endfacet
  facet normal 0.678938 0.734195 -0
    outer loop
      vertex 86.8738 86.8738 4
      vertex 86.721 87.0151 5
      vertex 86.8738 86.8738 5
    endloop
  endfacet
  facet normal 0.678938 0.734195 0
    outer loop
      vertex 86.721 87.0151 5
      vertex 86.8738 86.8738 4
      vertex 86.721 87.0151 4
    endloop
  endfacet
  facet normal 0.938218 -0.346046 0
    outer loop
      vertex 87.4483 5.98589 5
      vertex 87.5203 6.1811 4
      vertex 87.5203 6.1811 5
    endloop
  endfacet
  facet normal 0.938218 -0.346046 0
    outer loop
      vertex 87.5203 6.1811 4
      vertex 87.4483 5.98589 5
      vertex 87.4483 5.98589 4
    endloop
  endfacet
  facet normal -0.418635 -0.908155 0
    outer loop
      vertex 5.79692 4.63883 4
      vertex 5.98589 4.55172 5
      vertex 5.79692 4.63883 5
    endloop
  endfacet
  facet normal -0.418635 -0.908155 -0
    outer loop
      vertex 5.98589 4.55172 5
      vertex 5.79692 4.63883 4
      vertex 5.98589 4.55172 4
    endloop
  endfacet
  facet normal -0.734293 -0.678833 0
    outer loop
      vertex 5.12617 5.12617 4
      vertex 4.98492 5.27896 5
      vertex 4.98492 5.27896 4
    endloop
  endfacet
  facet normal -0.734293 -0.678833 0
    outer loop
      vertex 4.98492 5.27896 5
      vertex 5.12617 5.12617 4
      vertex 5.12617 5.12617 5
    endloop
  endfacet
  facet normal -0.908155 -0.418635 0
    outer loop
      vertex 4.63883 5.79692 4
      vertex 4.55172 5.98589 5
      vertex 4.55172 5.98589 4
    endloop
  endfacet
  facet normal -0.908155 -0.418635 0
    outer loop
      vertex 4.55172 5.98589 5
      vertex 4.63883 5.79692 4
      vertex 4.63883 5.79692 5
    endloop
  endfacet
  facet normal -0.872445 0.488713 0
    outer loop
      vertex 4.63883 86.2031 4
      vertex 4.7405 86.3846 5
      vertex 4.7405 86.3846 4
    endloop
  endfacet
  facet normal -0.872445 0.488713 0
    outer loop
      vertex 4.7405 86.3846 5
      vertex 4.63883 86.2031 4
      vertex 4.63883 86.2031 5
    endloop
  endfacet
  facet normal -0.831458 0.555587 0
    outer loop
      vertex 4.7405 86.3846 4
      vertex 4.8561 86.5576 5
      vertex 4.8561 86.5576 4
    endloop
  endfacet
  facet normal -0.831458 0.555587 0
    outer loop
      vertex 4.8561 86.5576 5
      vertex 4.7405 86.3846 4
      vertex 4.7405 86.3846 5
    endloop
  endfacet
  facet normal -0.734315 0.678809 0
    outer loop
      vertex 4.98492 86.721 4
      vertex 5.12617 86.8738 5
      vertex 5.12617 86.8738 4
    endloop
  endfacet
  facet normal -0.734315 0.678809 0
    outer loop
      vertex 5.12617 86.8738 5
      vertex 4.98492 86.721 4
      vertex 4.98492 86.721 5
    endloop
  endfacet
  facet normal -0.980774 0.195145 0
    outer loop
      vertex 4.38263 85.4146 4
      vertex 4.42322 85.6186 5
      vertex 4.42322 85.6186 4
    endloop
  endfacet
  facet normal -0.980774 0.195145 0
    outer loop
      vertex 4.42322 85.6186 5
      vertex 4.38263 85.4146 4
      vertex 4.38263 85.4146 5
    endloop
  endfacet
  facet normal -0.938181 0.346146 0
    outer loop
      vertex 4.4797 85.8189 4
      vertex 4.55172 86.0141 5
      vertex 4.55172 86.0141 4
    endloop
  endfacet
  facet normal -0.938181 0.346146 0
    outer loop
      vertex 4.55172 86.0141 5
      vertex 4.4797 85.8189 4
      vertex 4.4797 85.8189 5
    endloop
  endfacet
  facet normal -0.993071 0.117516 0
    outer loop
      vertex 4.35817 85.2079 4
      vertex 4.38263 85.4146 5
      vertex 4.38263 85.4146 4
    endloop
  endfacet
  facet normal -0.993071 0.117516 0
    outer loop
      vertex 4.38263 85.4146 5
      vertex 4.35817 85.2079 4
      vertex 4.35817 85.2079 5
    endloop
  endfacet
  facet normal 0.41854 0.908198 -0
    outer loop
      vertex 86.2031 87.3612 4
      vertex 86.0141 87.4483 5
      vertex 86.2031 87.3612 5
    endloop
  endfacet
  facet normal 0.41854 0.908198 0
    outer loop
      vertex 86.0141 87.4483 5
      vertex 86.2031 87.3612 4
      vertex 86.0141 87.4483 4
    endloop
  endfacet
  facet normal 0.908198 0.41854 0
    outer loop
      vertex 87.4483 86.0141 5
      vertex 87.3612 86.2031 4
      vertex 87.3612 86.2031 5
    endloop
  endfacet
  facet normal 0.908198 0.41854 0
    outer loop
      vertex 87.3612 86.2031 4
      vertex 87.4483 86.0141 5
      vertex 87.4483 86.0141 4
    endloop
  endfacet
  facet normal -0.346046 0.938218 0
    outer loop
      vertex 6.1811 87.5203 4
      vertex 5.98589 87.4483 5
      vertex 6.1811 87.5203 5
    endloop
  endfacet
  facet normal -0.346046 0.938218 0
    outer loop
      vertex 5.98589 87.4483 5
      vertex 6.1811 87.5203 4
      vertex 5.98589 87.4483 4
    endloop
  endfacet
  facet normal -0.488741 0.872429 0
    outer loop
      vertex 5.79692 87.3612 4
      vertex 5.61538 87.2595 5
      vertex 5.79692 87.3612 5
    endloop
  endfacet
  facet normal -0.488741 0.872429 0
    outer loop
      vertex 5.61538 87.2595 5
      vertex 5.79692 87.3612 4
      vertex 5.61538 87.2595 4
    endloop
  endfacet
  facet normal -0.678962 0.734173 0
    outer loop
      vertex 5.27896 87.0151 4
      vertex 5.12617 86.8738 5
      vertex 5.27896 87.0151 5
    endloop
  endfacet
  facet normal -0.678962 0.734173 0
    outer loop
      vertex 5.12617 86.8738 5
      vertex 5.27896 87.0151 4
      vertex 5.12617 86.8738 4
    endloop
  endfacet
  facet normal 0.9931 -0.117271 0
    outer loop
      vertex 87.6174 6.58545 5
      vertex 87.6418 6.79208 4
      vertex 87.6418 6.79208 5
    endloop
  endfacet
  facet normal 0.9931 -0.117271 0
    outer loop
      vertex 87.6418 6.79208 4
      vertex 87.6174 6.58545 5
      vertex 87.6174 6.58545 4
    endloop
  endfacet
  facet normal 0.41858 -0.90818 0
    outer loop
      vertex 86.0141 4.55172 4
      vertex 86.2031 4.63883 5
      vertex 86.0141 4.55172 5
    endloop
  endfacet
  facet normal 0.41858 -0.90818 0
    outer loop
      vertex 86.2031 4.63883 5
      vertex 86.0141 4.55172 4
      vertex 86.2031 4.63883 4
    endloop
  endfacet
  facet normal 0.872429 -0.488741 0
    outer loop
      vertex 87.2595 5.61538 5
      vertex 87.3612 5.79692 4
      vertex 87.3612 5.79692 5
    endloop
  endfacet
  facet normal 0.872429 -0.488741 0
    outer loop
      vertex 87.3612 5.79692 4
      vertex 87.2595 5.61538 5
      vertex 87.2595 5.61538 4
    endloop
  endfacet
  facet normal 0.831473 -0.555565 0
    outer loop
      vertex 87.1439 5.44237 5
      vertex 87.2595 5.61538 4
      vertex 87.2595 5.61538 5
    endloop
  endfacet
  facet normal 0.831473 -0.555565 0
    outer loop
      vertex 87.2595 5.61538 4
      vertex 87.1439 5.44237 5
      vertex 87.1439 5.44237 4
    endloop
  endfacet
  facet normal -0.117555 -0.993066 0
    outer loop
      vertex 6.58545 4.38263 4
      vertex 6.79208 4.35817 5
      vertex 6.58545 4.38263 5
    endloop
  endfacet
  facet normal -0.117555 -0.993066 -0
    outer loop
      vertex 6.79208 4.35817 5
      vertex 6.58545 4.38263 4
      vertex 6.79208 4.35817 4
    endloop
  endfacet
  facet normal -0.619088 -0.785322 0
    outer loop
      vertex 5.27896 4.98492 4
      vertex 5.44237 4.8561 5
      vertex 5.27896 4.98492 5
    endloop
  endfacet
  facet normal -0.619088 -0.785322 -0
    outer loop
      vertex 5.44237 4.8561 5
      vertex 5.27896 4.98492 4
      vertex 5.44237 4.8561 4
    endloop
  endfacet
  facet normal -0.678833 -0.734293 0
    outer loop
      vertex 5.12617 5.12617 4
      vertex 5.27896 4.98492 5
      vertex 5.12617 5.12617 5
    endloop
  endfacet
  facet normal -0.678833 -0.734293 -0
    outer loop
      vertex 5.27896 4.98492 5
      vertex 5.12617 5.12617 4
      vertex 5.27896 4.98492 4
    endloop
  endfacet
  facet normal -0.785303 0.619111 0
    outer loop
      vertex 4.8561 86.5576 4
      vertex 4.98492 86.721 5
      vertex 4.98492 86.721 4
    endloop
  endfacet
  facet normal -0.785303 0.619111 0
    outer loop
      vertex 4.98492 86.721 5
      vertex 4.8561 86.5576 4
      vertex 4.8561 86.5576 5
    endloop
  endfacet
  facet normal -0.962468 0.271394 0
    outer loop
      vertex 4.42322 85.6186 4
      vertex 4.4797 85.8189 5
      vertex 4.4797 85.8189 4
    endloop
  endfacet
  facet normal -0.962468 0.271394 0
    outer loop
      vertex 4.4797 85.8189 5
      vertex 4.42322 85.6186 4
      vertex 4.42322 85.6186 5
    endloop
  endfacet
  facet normal 0.117232 0.993105 -0
    outer loop
      vertex 85.4146 87.6174 4
      vertex 85.2079 87.6418 5
      vertex 85.4146 87.6174 5
    endloop
  endfacet
  facet normal 0.117232 0.993105 0
    outer loop
      vertex 85.2079 87.6418 5
      vertex 85.4146 87.6174 4
      vertex 85.2079 87.6418 4
    endloop
  endfacet
  facet normal 0.346062 0.938212 -0
    outer loop
      vertex 86.0141 87.4483 4
      vertex 85.8189 87.5203 5
      vertex 86.0141 87.4483 5
    endloop
  endfacet
  facet normal 0.346062 0.938212 0
    outer loop
      vertex 85.8189 87.5203 5
      vertex 86.0141 87.4483 4
      vertex 85.8189 87.5203 4
    endloop
  endfacet
  facet normal 0.555587 0.831458 -0
    outer loop
      vertex 86.5576 87.1439 4
      vertex 86.3846 87.2595 5
      vertex 86.5576 87.1439 5
    endloop
  endfacet
  facet normal 0.555587 0.831458 0
    outer loop
      vertex 86.3846 87.2595 5
      vertex 86.5576 87.1439 4
      vertex 86.3846 87.2595 4
    endloop
  endfacet
  facet normal 0.619052 0.78535 -0
    outer loop
      vertex 86.721 87.0151 4
      vertex 86.5576 87.1439 5
      vertex 86.721 87.0151 5
    endloop
  endfacet
  facet normal 0.619052 0.78535 0
    outer loop
      vertex 86.5576 87.1439 5
      vertex 86.721 87.0151 4
      vertex 86.5576 87.1439 4
    endloop
  endfacet
  facet normal 0.488823 0.872383 -0
    outer loop
      vertex 86.3846 87.2595 4
      vertex 86.2031 87.3612 5
      vertex 86.3846 87.2595 5
    endloop
  endfacet
  facet normal 0.488823 0.872383 0
    outer loop
      vertex 86.2031 87.3612 5
      vertex 86.3846 87.2595 4
      vertex 86.2031 87.3612 4
    endloop
  endfacet
  facet normal 0.734195 0.678938 0
    outer loop
      vertex 87.0151 86.721 5
      vertex 86.8738 86.8738 4
      vertex 86.8738 86.8738 5
    endloop
  endfacet
  facet normal 0.734195 0.678938 0
    outer loop
      vertex 86.8738 86.8738 4
      vertex 87.0151 86.721 5
      vertex 87.0151 86.721 4
    endloop
  endfacet
  facet normal 0.872383 0.488823 0
    outer loop
      vertex 87.3612 86.2031 5
      vertex 87.2595 86.3846 4
      vertex 87.2595 86.3846 5
    endloop
  endfacet
  facet normal 0.872383 0.488823 0
    outer loop
      vertex 87.2595 86.3846 4
      vertex 87.3612 86.2031 5
      vertex 87.3612 86.2031 4
    endloop
  endfacet
  facet normal 0.938212 0.346062 0
    outer loop
      vertex 87.5203 85.8189 5
      vertex 87.4483 86.0141 4
      vertex 87.4483 86.0141 5
    endloop
  endfacet
  facet normal 0.938212 0.346062 0
    outer loop
      vertex 87.4483 86.0141 4
      vertex 87.5203 85.8189 5
      vertex 87.5203 85.8189 4
    endloop
  endfacet
  facet normal 0.962443 0.271483 0
    outer loop
      vertex 87.5768 85.6186 5
      vertex 87.5203 85.8189 4
      vertex 87.5203 85.8189 5
    endloop
  endfacet
  facet normal 0.962443 0.271483 0
    outer loop
      vertex 87.5203 85.8189 4
      vertex 87.5768 85.6186 5
      vertex 87.5768 85.6186 4
    endloop
  endfacet
  facet normal 0.980765 0.195191 0
    outer loop
      vertex 87.6174 85.4146 5
      vertex 87.5768 85.6186 4
      vertex 87.5768 85.6186 5
    endloop
  endfacet
  facet normal 0.980765 0.195191 0
    outer loop
      vertex 87.5768 85.6186 4
      vertex 87.6174 85.4146 5
      vertex 87.6174 85.4146 4
    endloop
  endfacet
  facet normal -0.271521 0.962433 0
    outer loop
      vertex 6.38137 87.5768 4
      vertex 6.1811 87.5203 5
      vertex 6.38137 87.5768 5
    endloop
  endfacet
  facet normal -0.271521 0.962433 0
    outer loop
      vertex 6.1811 87.5203 5
      vertex 6.38137 87.5768 4
      vertex 6.1811 87.5203 4
    endloop
  endfacet
  facet normal -0.117271 0.9931 0
    outer loop
      vertex 6.79208 87.6418 4
      vertex 6.58545 87.6174 5
      vertex 6.79208 87.6418 5
    endloop
  endfacet
  facet normal -0.117271 0.9931 0
    outer loop
      vertex 6.58545 87.6174 5
      vertex 6.79208 87.6418 4
      vertex 6.58545 87.6174 4
    endloop
  endfacet
  facet normal -0.0394076 0.999223 0
    outer loop
      vertex 7 87.65 4
      vertex 6.79208 87.6418 5
      vertex 7 87.65 5
    endloop
  endfacet
  facet normal -0.0394076 0.999223 0
    outer loop
      vertex 6.79208 87.6418 5
      vertex 7 87.65 4
      vertex 6.79208 87.6418 4
    endloop
  endfacet
  facet normal -0.418595 0.908173 0
    outer loop
      vertex 5.98589 87.4483 4
      vertex 5.79692 87.3612 5
      vertex 5.98589 87.4483 5
    endloop
  endfacet
  facet normal -0.418595 0.908173 0
    outer loop
      vertex 5.79692 87.3612 5
      vertex 5.98589 87.4483 4
      vertex 5.79692 87.3612 4
    endloop
  endfacet
  facet normal 0.0392674 -0.999229 0
    outer loop
      vertex 85 4.35 4
      vertex 85.2079 4.35817 5
      vertex 85 4.35 5
    endloop
  endfacet
  facet normal 0.0392674 -0.999229 0
    outer loop
      vertex 85.2079 4.35817 5
      vertex 85 4.35 4
      vertex 85.2079 4.35817 4
    endloop
  endfacet
  facet normal 0.962433 -0.271521 0
    outer loop
      vertex 87.5203 6.1811 5
      vertex 87.5768 6.38137 4
      vertex 87.5768 6.38137 5
    endloop
  endfacet
  facet normal 0.962433 -0.271521 0
    outer loop
      vertex 87.5768 6.38137 4
      vertex 87.5203 6.1811 5
      vertex 87.5203 6.1811 4
    endloop
  endfacet
  facet normal 0.98078 -0.195118 0
    outer loop
      vertex 87.5768 6.38137 5
      vertex 87.6174 6.58545 4
      vertex 87.6174 6.58545 5
    endloop
  endfacet
  facet normal 0.98078 -0.195118 0
    outer loop
      vertex 87.6174 6.58545 4
      vertex 87.5768 6.38137 5
      vertex 87.5768 6.38137 4
    endloop
  endfacet
  facet normal 0.785368 -0.619029 0
    outer loop
      vertex 87.0151 5.27896 5
      vertex 87.1439 5.44237 4
      vertex 87.1439 5.44237 5
    endloop
  endfacet
  facet normal 0.785368 -0.619029 0
    outer loop
      vertex 87.1439 5.44237 4
      vertex 87.0151 5.27896 5
      vertex 87.0151 5.27896 4
    endloop
  endfacet
  facet normal 0.734173 -0.678962 0
    outer loop
      vertex 86.8738 5.12617 5
      vertex 87.0151 5.27896 4
      vertex 87.0151 5.27896 5
    endloop
  endfacet
  facet normal 0.734173 -0.678962 0
    outer loop
      vertex 87.0151 5.27896 4
      vertex 86.8738 5.12617 5
      vertex 86.8738 5.12617 4
    endloop
  endfacet
  facet normal 0.908173 -0.418595 0
    outer loop
      vertex 87.3612 5.79692 5
      vertex 87.4483 5.98589 4
      vertex 87.4483 5.98589 5
    endloop
  endfacet
  facet normal 0.908173 -0.418595 0
    outer loop
      vertex 87.4483 5.98589 4
      vertex 87.3612 5.79692 5
      vertex 87.3612 5.79692 4
    endloop
  endfacet
  facet normal -0.0392637 -0.999229 0
    outer loop
      vertex 6.79208 4.35817 4
      vertex 7 4.35 5
      vertex 6.79208 4.35817 5
    endloop
  endfacet
  facet normal -0.0392637 -0.999229 -0
    outer loop
      vertex 7 4.35 5
      vertex 6.79208 4.35817 4
      vertex 7 4.35 4
    endloop
  endfacet
  facet normal -0.271432 -0.962458 0
    outer loop
      vertex 6.1811 4.4797 4
      vertex 6.38137 4.42322 5
      vertex 6.1811 4.4797 5
    endloop
  endfacet
  facet normal -0.271432 -0.962458 -0
    outer loop
      vertex 6.38137 4.42322 5
      vertex 6.1811 4.4797 4
      vertex 6.38137 4.42322 4
    endloop
  endfacet
  facet normal -0.346131 -0.938186 0
    outer loop
      vertex 5.98589 4.55172 4
      vertex 6.1811 4.4797 5
      vertex 5.98589 4.55172 5
    endloop
  endfacet
  facet normal -0.346131 -0.938186 -0
    outer loop
      vertex 6.1811 4.4797 5
      vertex 5.98589 4.55172 4
      vertex 6.1811 4.4797 4
    endloop
  endfacet
  facet normal -0.488631 -0.87249 0
    outer loop
      vertex 5.61538 4.7405 4
      vertex 5.79692 4.63883 5
      vertex 5.61538 4.7405 5
    endloop
  endfacet
  facet normal -0.488631 -0.87249 -0
    outer loop
      vertex 5.79692 4.63883 5
      vertex 5.61538 4.7405 4
      vertex 5.79692 4.63883 4
    endloop
  endfacet
  facet normal 0.195191 0.980765 -0
    outer loop
      vertex 85.6186 87.5768 4
      vertex 85.4146 87.6174 5
      vertex 85.6186 87.5768 5
    endloop
  endfacet
  facet normal 0.195191 0.980765 0
    outer loop
      vertex 85.4146 87.6174 5
      vertex 85.6186 87.5768 4
      vertex 85.4146 87.6174 4
    endloop
  endfacet
  facet normal 0.271483 0.962443 -0
    outer loop
      vertex 85.8189 87.5203 4
      vertex 85.6186 87.5768 5
      vertex 85.8189 87.5203 5
    endloop
  endfacet
  facet normal 0.271483 0.962443 0
    outer loop
      vertex 85.6186 87.5768 5
      vertex 85.8189 87.5203 4
      vertex 85.6186 87.5768 4
    endloop
  endfacet
  facet normal 0.78535 0.619052 0
    outer loop
      vertex 87.1439 86.5576 5
      vertex 87.0151 86.721 4
      vertex 87.0151 86.721 5
    endloop
  endfacet
  facet normal 0.78535 0.619052 0
    outer loop
      vertex 87.0151 86.721 4
      vertex 87.1439 86.5576 5
      vertex 87.1439 86.5576 4
    endloop
  endfacet
  facet normal 0.831458 0.555587 0
    outer loop
      vertex 87.2595 86.3846 5
      vertex 87.1439 86.5576 4
      vertex 87.1439 86.5576 5
    endloop
  endfacet
  facet normal 0.831458 0.555587 0
    outer loop
      vertex 87.1439 86.5576 4
      vertex 87.2595 86.3846 5
      vertex 87.2595 86.3846 4
    endloop
  endfacet
  facet normal -0.195118 0.98078 0
    outer loop
      vertex 6.58545 87.6174 4
      vertex 6.38137 87.5768 5
      vertex 6.58545 87.6174 5
    endloop
  endfacet
  facet normal -0.195118 0.98078 0
    outer loop
      vertex 6.38137 87.5768 5
      vertex 6.58545 87.6174 4
      vertex 6.38137 87.5768 4
    endloop
  endfacet
  facet normal -0.619029 0.785368 0
    outer loop
      vertex 5.44237 87.1439 4
      vertex 5.27896 87.0151 5
      vertex 5.44237 87.1439 5
    endloop
  endfacet
  facet normal -0.619029 0.785368 0
    outer loop
      vertex 5.27896 87.0151 5
      vertex 5.44237 87.1439 4
      vertex 5.27896 87.0151 4
    endloop
  endfacet
  facet normal -0.555565 0.831473 0
    outer loop
      vertex 5.61538 87.2595 4
      vertex 5.44237 87.1439 5
      vertex 5.61538 87.2595 5
    endloop
  endfacet
  facet normal -0.555565 0.831473 0
    outer loop
      vertex 5.44237 87.1439 5
      vertex 5.61538 87.2595 4
      vertex 5.44237 87.1439 4
    endloop
  endfacet
  facet normal 0.195145 -0.980774 0
    outer loop
      vertex 85.4146 4.38263 4
      vertex 85.6186 4.42322 5
      vertex 85.4146 4.38263 5
    endloop
  endfacet
  facet normal 0.195145 -0.980774 0
    outer loop
      vertex 85.6186 4.42322 5
      vertex 85.4146 4.38263 4
      vertex 85.6186 4.42322 4
    endloop
  endfacet
  facet normal 0.346146 -0.938181 0
    outer loop
      vertex 85.8189 4.4797 4
      vertex 86.0141 4.55172 5
      vertex 85.8189 4.4797 5
    endloop
  endfacet
  facet normal 0.346146 -0.938181 0
    outer loop
      vertex 86.0141 4.55172 5
      vertex 85.8189 4.4797 4
      vertex 86.0141 4.55172 4
    endloop
  endfacet
  facet normal 0.117516 -0.993071 0
    outer loop
      vertex 85.2079 4.35817 4
      vertex 85.4146 4.38263 5
      vertex 85.2079 4.35817 5
    endloop
  endfacet
  facet normal 0.117516 -0.993071 0
    outer loop
      vertex 85.4146 4.38263 5
      vertex 85.2079 4.35817 4
      vertex 85.4146 4.38263 4
    endloop
  endfacet
  facet normal 0.488713 -0.872445 0
    outer loop
      vertex 86.2031 4.63883 4
      vertex 86.3846 4.7405 5
      vertex 86.2031 4.63883 5
    endloop
  endfacet
  facet normal 0.488713 -0.872445 0
    outer loop
      vertex 86.3846 4.7405 5
      vertex 86.2031 4.63883 4
      vertex 86.3846 4.7405 4
    endloop
  endfacet
  facet normal 0.678809 -0.734315 0
    outer loop
      vertex 86.721 4.98492 4
      vertex 86.8738 5.12617 5
      vertex 86.721 4.98492 5
    endloop
  endfacet
  facet normal 0.678809 -0.734315 0
    outer loop
      vertex 86.8738 5.12617 5
      vertex 86.721 4.98492 4
      vertex 86.8738 5.12617 4
    endloop
  endfacet
  facet normal 0.555587 -0.831458 0
    outer loop
      vertex 86.3846 4.7405 4
      vertex 86.5576 4.8561 5
      vertex 86.3846 4.7405 5
    endloop
  endfacet
  facet normal 0.555587 -0.831458 0
    outer loop
      vertex 86.5576 4.8561 5
      vertex 86.3846 4.7405 4
      vertex 86.5576 4.8561 4
    endloop
  endfacet
  facet normal -0.785322 -0.619088 0
    outer loop
      vertex 4.98492 5.27896 4
      vertex 4.8561 5.44237 5
      vertex 4.8561 5.44237 4
    endloop
  endfacet
  facet normal -0.785322 -0.619088 0
    outer loop
      vertex 4.8561 5.44237 5
      vertex 4.98492 5.27896 4
      vertex 4.98492 5.27896 5
    endloop
  endfacet
  facet normal 0.271394 -0.962468 0
    outer loop
      vertex 85.6186 4.42322 4
      vertex 85.8189 4.4797 5
      vertex 85.6186 4.42322 5
    endloop
  endfacet
  facet normal 0.271394 -0.962468 0
    outer loop
      vertex 85.8189 4.4797 5
      vertex 85.6186 4.42322 4
      vertex 85.8189 4.4797 4
    endloop
  endfacet
  facet normal 0.619111 -0.785303 0
    outer loop
      vertex 86.5576 4.8561 4
      vertex 86.721 4.98492 5
      vertex 86.5576 4.8561 5
    endloop
  endfacet
  facet normal 0.619111 -0.785303 0
    outer loop
      vertex 86.721 4.98492 5
      vertex 86.5576 4.8561 4
      vertex 86.721 4.98492 4
    endloop
  endfacet
  facet normal -0.195072 -0.980789 0
    outer loop
      vertex 6.38137 4.42322 4
      vertex 6.58545 4.38263 5
      vertex 6.38137 4.42322 5
    endloop
  endfacet
  facet normal -0.195072 -0.980789 -0
    outer loop
      vertex 6.58545 4.38263 5
      vertex 6.38137 4.42322 4
      vertex 6.58545 4.38263 4
    endloop
  endfacet
  facet normal -0.555565 -0.831473 0
    outer loop
      vertex 5.44237 4.8561 4
      vertex 5.61538 4.7405 5
      vertex 5.44237 4.8561 5
    endloop
  endfacet
  facet normal -0.555565 -0.831473 -0
    outer loop
      vertex 5.61538 4.7405 5
      vertex 5.44237 4.8561 4
      vertex 5.61538 4.7405 4
    endloop
  endfacet
  facet normal -0.831473 -0.555565 0
    outer loop
      vertex 4.8561 5.44237 4
      vertex 4.7405 5.61538 5
      vertex 4.7405 5.61538 4
    endloop
  endfacet
  facet normal -0.831473 -0.555565 0
    outer loop
      vertex 4.7405 5.61538 5
      vertex 4.8561 5.44237 4
      vertex 4.8561 5.44237 5
    endloop
  endfacet
  facet normal -0.87249 -0.488631 0
    outer loop
      vertex 4.7405 5.61538 4
      vertex 4.63883 5.79692 5
      vertex 4.63883 5.79692 4
    endloop
  endfacet
  facet normal -0.87249 -0.488631 0
    outer loop
      vertex 4.63883 5.79692 5
      vertex 4.7405 5.61538 4
      vertex 4.7405 5.61538 5
    endloop
  endfacet
  facet normal -0.938186 -0.346131 0
    outer loop
      vertex 4.55172 5.98589 4
      vertex 4.4797 6.1811 5
      vertex 4.4797 6.1811 4
    endloop
  endfacet
  facet normal -0.938186 -0.346131 0
    outer loop
      vertex 4.4797 6.1811 5
      vertex 4.55172 5.98589 4
      vertex 4.55172 5.98589 5
    endloop
  endfacet
  facet normal -0.962458 -0.271432 0
    outer loop
      vertex 4.4797 6.1811 4
      vertex 4.42322 6.38137 5
      vertex 4.42322 6.38137 4
    endloop
  endfacet
  facet normal -0.962458 -0.271432 0
    outer loop
      vertex 4.42322 6.38137 5
      vertex 4.4797 6.1811 4
      vertex 4.4797 6.1811 5
    endloop
  endfacet
  facet normal -0.999237 -0.0390559 0
    outer loop
      vertex 10.5 9 0
      vertex 10.4954 9.11769 3.8
      vertex 10.4954 9.11769 0
    endloop
  endfacet
  facet normal -0.999237 -0.0390559 0
    outer loop
      vertex 10.4954 9.11769 3.8
      vertex 10.5 9 0
      vertex 10.5 9 3.8
    endloop
  endfacet
  facet normal 0.99923 0.0392255 0
    outer loop
      vertex 7.50462 8.88231 5
      vertex 7.5 9 0
      vertex 7.5 9 5
    endloop
  endfacet
  facet normal 0.99923 0.0392255 0
    outer loop
      vertex 7.5 9 0
      vertex 7.50462 8.88231 5
      vertex 7.50462 8.88231 0
    endloop
  endfacet
  facet normal 0.0390559 -0.999237 0
    outer loop
      vertex 8.88231 10.4954 0
      vertex 9 10.5 3.8
      vertex 8.88231 10.4954 3.8
    endloop
  endfacet
  facet normal 0.0390559 -0.999237 0
    outer loop
      vertex 9 10.5 3.8
      vertex 8.88231 10.4954 0
      vertex 9 10.5 0
    endloop
  endfacet
  facet normal -0.0392255 0.99923 0
    outer loop
      vertex 9.11769 7.50462 0
      vertex 9 7.5 5
      vertex 9.11769 7.50462 5
    endloop
  endfacet
  facet normal -0.0392255 0.99923 0
    outer loop
      vertex 9 7.5 5
      vertex 9.11769 7.50462 0
      vertex 9 7.5 0
    endloop
  endfacet
  facet normal 0.678798 0.734325 -0
    outer loop
      vertex 8.02583 7.85939 0
      vertex 7.93934 7.93934 5
      vertex 8.02583 7.85939 5
    endloop
  endfacet
  facet normal 0.678798 0.734325 0
    outer loop
      vertex 7.93934 7.93934 5
      vertex 8.02583 7.85939 0
      vertex 7.93934 7.93934 0
    endloop
  endfacet
  facet normal -0.6784 -0.734693 0
    outer loop
      vertex 9.97417 10.1406 0
      vertex 10.0607 10.0607 3.8
      vertex 9.97417 10.1406 3.8
    endloop
  endfacet
  facet normal -0.6784 -0.734693 -0
    outer loop
      vertex 10.0607 10.0607 3.8
      vertex 9.97417 10.1406 0
      vertex 10.0607 10.0607 0
    endloop
  endfacet
  facet normal 0.734481 -0.678629 0
    outer loop
      vertex 7.85939 9.97417 5
      vertex 7.93934 10.0607 0
      vertex 7.93934 10.0607 5
    endloop
  endfacet
  facet normal 0.734481 -0.678629 0
    outer loop
      vertex 7.93934 10.0607 0
      vertex 7.85939 9.97417 5
      vertex 7.85939 9.97417 0
    endloop
  endfacet
  facet normal 0.418595 -0.908173 0
    outer loop
      vertex 8.31901 10.3365 0
      vertex 8.42597 10.3858 3.8
      vertex 8.31901 10.3365 3.8
    endloop
  endfacet
  facet normal 0.418595 -0.908173 0
    outer loop
      vertex 8.42597 10.3858 3.8
      vertex 8.31901 10.3365 0
      vertex 8.42597 10.3858 0
    endloop
  endfacet
  facet normal 0.938179 0.34615 0
    outer loop
      vertex 7.61418 8.42597 5
      vertex 7.57341 8.53647 0
      vertex 7.57341 8.53647 5
    endloop
  endfacet
  facet normal 0.938179 0.34615 0
    outer loop
      vertex 7.57341 8.53647 0
      vertex 7.61418 8.42597 5
      vertex 7.61418 8.42597 0
    endloop
  endfacet
  facet normal -0.908188 -0.418563 0
    outer loop
      vertex 10.3858 9.57402 0
      vertex 10.3365 9.68099 3.8
      vertex 10.3365 9.68099 0
    endloop
  endfacet
  facet normal -0.908188 -0.418563 0
    outer loop
      vertex 10.3365 9.68099 3.8
      vertex 10.3858 9.57402 0
      vertex 10.3858 9.57402 3.8
    endloop
  endfacet
  facet normal -0.418563 -0.908188 0
    outer loop
      vertex 9.57402 10.3858 0
      vertex 9.68099 10.3365 3.8
      vertex 9.57402 10.3858 3.8
    endloop
  endfacet
  facet normal -0.418563 -0.908188 -0
    outer loop
      vertex 9.68099 10.3365 3.8
      vertex 9.57402 10.3858 0
      vertex 9.68099 10.3365 0
    endloop
  endfacet
  facet normal 0.87249 -0.488632 0
    outer loop
      vertex 7.66349 9.68099 5
      vertex 7.72104 9.78375 0
      vertex 7.72104 9.78375 5
    endloop
  endfacet
  facet normal 0.87249 -0.488632 0
    outer loop
      vertex 7.72104 9.78375 0
      vertex 7.66349 9.68099 5
      vertex 7.66349 9.68099 0
    endloop
  endfacet
  facet normal 0.831488 -0.555542 0
    outer loop
      vertex 7.72104 9.78375 5
      vertex 7.78647 9.88168 0
      vertex 7.78647 9.88168 5
    endloop
  endfacet
  facet normal 0.831488 -0.555542 0
    outer loop
      vertex 7.78647 9.88168 0
      vertex 7.72104 9.78375 5
      vertex 7.72104 9.78375 0
    endloop
  endfacet
  facet normal 0.19445 -0.980912 0
    outer loop
      vertex 8.64983 10.4586 0
      vertex 8.76535 10.4815 3.8
      vertex 8.64983 10.4586 3.8
    endloop
  endfacet
  facet normal 0.19445 -0.980912 0
    outer loop
      vertex 8.76535 10.4815 3.8
      vertex 8.64983 10.4586 0
      vertex 8.76535 10.4815 0
    endloop
  endfacet
  facet normal -0.872671 0.488309 0
    outer loop
      vertex 10.279 8.21625 0
      vertex 10.3365 8.31901 3.8
      vertex 10.3365 8.31901 0
    endloop
  endfacet
  facet normal -0.872671 0.488309 0
    outer loop
      vertex 10.3365 8.31901 3.8
      vertex 10.279 8.21625 0
      vertex 10.279 8.21625 3.8
    endloop
  endfacet
  facet normal -0.34615 0.938179 0
    outer loop
      vertex 9.57402 7.61418 0
      vertex 9.46352 7.57341 5
      vertex 9.57402 7.61418 5
    endloop
  endfacet
  facet normal -0.34615 0.938179 0
    outer loop
      vertex 9.46352 7.57341 5
      vertex 9.57402 7.61418 0
      vertex 9.46352 7.57341 0
    endloop
  endfacet
  facet normal -0.733997 0.679153 0
    outer loop
      vertex 10.1406 8.02583 0
      vertex 10.1167 8 3.8
      vertex 10.1406 8.02583 3.8
    endloop
  endfacet
  facet normal -0.734536 0.678569 -7.36186e-06
    outer loop
      vertex 10.0607 7.93934 0
      vertex 10.1167 8 3.8
      vertex 10.1406 8.02583 0
    endloop
  endfacet
  facet normal -0.734766 0.67832 0
    outer loop
      vertex 10.0607 7.93934 5
      vertex 10.1167 8 3.8
      vertex 10.0607 7.93934 0
    endloop
  endfacet
  facet normal -0.734766 0.67832 0
    outer loop
      vertex 10.1167 8 3.8
      vertex 10.0607 7.93934 5
      vertex 10.1167 8 5
    endloop
  endfacet
  facet normal -0.962391 0.27167 0
    outer loop
      vertex 10.4266 8.53647 0
      vertex 10.4586 8.64983 3.8
      vertex 10.4586 8.64983 0
    endloop
  endfacet
  facet normal -0.962391 0.27167 0
    outer loop
      vertex 10.4586 8.64983 3.8
      vertex 10.4266 8.53647 0
      vertex 10.4266 8.53647 3.8
    endloop
  endfacet
  facet normal 0.271434 0.962457 -0
    outer loop
      vertex 8.64983 7.54144 0
      vertex 8.53647 7.57341 5
      vertex 8.64983 7.54144 5
    endloop
  endfacet
  facet normal 0.271434 0.962457 0
    outer loop
      vertex 8.53647 7.57341 5
      vertex 8.64983 7.54144 0
      vertex 8.53647 7.57341 0
    endloop
  endfacet
  facet normal 0.734325 0.678798 0
    outer loop
      vertex 7.93934 7.93934 5
      vertex 7.85939 8.02583 0
      vertex 7.85939 8.02583 5
    endloop
  endfacet
  facet normal 0.734325 0.678798 0
    outer loop
      vertex 7.85939 8.02583 0
      vertex 7.93934 7.93934 5
      vertex 7.93934 7.93934 0
    endloop
  endfacet
  facet normal -0.993012 -0.118014 0
    outer loop
      vertex 10.4954 9.11769 0
      vertex 10.4815 9.23465 3.8
      vertex 10.4815 9.23465 0
    endloop
  endfacet
  facet normal -0.993012 -0.118014 0
    outer loop
      vertex 10.4815 9.23465 3.8
      vertex 10.4954 9.11769 0
      vertex 10.4954 9.11769 3.8
    endloop
  endfacet
  facet normal -0.938096 -0.346374 0
    outer loop
      vertex 10.4266 9.46352 0
      vertex 10.3858 9.57402 3.8
      vertex 10.3858 9.57402 0
    endloop
  endfacet
  facet normal -0.938096 -0.346374 0
    outer loop
      vertex 10.3858 9.57402 3.8
      vertex 10.4266 9.46352 0
      vertex 10.4266 9.46352 3.8
    endloop
  endfacet
  facet normal -0.734693 -0.6784 0
    outer loop
      vertex 10.1406 9.97417 0
      vertex 10.0607 10.0607 3.8
      vertex 10.0607 10.0607 0
    endloop
  endfacet
  facet normal -0.734693 -0.6784 0
    outer loop
      vertex 10.0607 10.0607 3.8
      vertex 10.1406 9.97417 0
      vertex 10.1406 9.97417 3.8
    endloop
  endfacet
  facet normal -0.872671 -0.488309 0
    outer loop
      vertex 10.3365 9.68099 0
      vertex 10.279 9.78375 3.8
      vertex 10.279 9.78375 0
    endloop
  endfacet
  facet normal -0.872671 -0.488309 0
    outer loop
      vertex 10.279 9.78375 3.8
      vertex 10.3365 9.68099 0
      vertex 10.3365 9.68099 3.8
    endloop
  endfacet
  facet normal -0.19445 -0.980912 0
    outer loop
      vertex 9.23465 10.4815 0
      vertex 9.35017 10.4586 3.8
      vertex 9.23465 10.4815 3.8
    endloop
  endfacet
  facet normal -0.19445 -0.980912 -0
    outer loop
      vertex 9.35017 10.4586 3.8
      vertex 9.23465 10.4815 0
      vertex 9.35017 10.4586 0
    endloop
  endfacet
  facet normal -0.555953 -0.831214 0
    outer loop
      vertex 9.78375 10.279 0
      vertex 9.88168 10.2135 3.8
      vertex 9.78375 10.279 3.8
    endloop
  endfacet
  facet normal -0.555953 -0.831214 -0
    outer loop
      vertex 9.88168 10.2135 3.8
      vertex 9.78375 10.279 0
      vertex 9.88168 10.2135 0
    endloop
  endfacet
  facet normal -0.488309 -0.872671 0
    outer loop
      vertex 9.68099 10.3365 0
      vertex 9.78375 10.279 3.8
      vertex 9.68099 10.3365 3.8
    endloop
  endfacet
  facet normal -0.488309 -0.872671 -0
    outer loop
      vertex 9.78375 10.279 3.8
      vertex 9.68099 10.3365 0
      vertex 9.78375 10.279 0
    endloop
  endfacet
  facet normal -0.619025 -0.785372 0
    outer loop
      vertex 9.88168 10.2135 0
      vertex 9.97417 10.1406 3.8
      vertex 9.88168 10.2135 3.8
    endloop
  endfacet
  facet normal -0.619025 -0.785372 -0
    outer loop
      vertex 9.97417 10.1406 3.8
      vertex 9.88168 10.2135 0
      vertex 9.97417 10.1406 0
    endloop
  endfacet
  facet normal 0.980799 -0.195022 0
    outer loop
      vertex 7.51847 9.23465 5
      vertex 7.54144 9.35017 0
      vertex 7.54144 9.35017 5
    endloop
  endfacet
  facet normal 0.980799 -0.195022 0
    outer loop
      vertex 7.54144 9.35017 0
      vertex 7.51847 9.23465 5
      vertex 7.51847 9.23465 0
    endloop
  endfacet
  facet normal 0.785289 -0.619129 0
    outer loop
      vertex 7.78647 9.88168 5
      vertex 7.85939 9.97417 0
      vertex 7.85939 9.97417 5
    endloop
  endfacet
  facet normal 0.785289 -0.619129 0
    outer loop
      vertex 7.85939 9.97417 0
      vertex 7.78647 9.88168 5
      vertex 7.78647 9.88168 0
    endloop
  endfacet
  facet normal 0.993062 -0.117595 0
    outer loop
      vertex 7.50462 9.11769 5
      vertex 7.51847 9.23465 0
      vertex 7.51847 9.23465 5
    endloop
  endfacet
  facet normal 0.993062 -0.117595 0
    outer loop
      vertex 7.51847 9.23465 0
      vertex 7.50462 9.11769 5
      vertex 7.50462 9.11769 0
    endloop
  endfacet
  facet normal 0.619025 -0.785372 0
    outer loop
      vertex 8.02583 10.1406 0
      vertex 8.11832 10.2135 3.8
      vertex 8.02583 10.1406 3.8
    endloop
  endfacet
  facet normal 0.619025 -0.785372 0
    outer loop
      vertex 8.11832 10.2135 3.8
      vertex 8.02583 10.1406 0
      vertex 8.11832 10.2135 0
    endloop
  endfacet
  facet normal 0.488309 -0.872671 0
    outer loop
      vertex 8.21625 10.279 0
      vertex 8.31901 10.3365 3.8
      vertex 8.21625 10.279 3.8
    endloop
  endfacet
  facet normal 0.488309 -0.872671 0
    outer loop
      vertex 8.31901 10.3365 3.8
      vertex 8.21625 10.279 0
      vertex 8.31901 10.3365 0
    endloop
  endfacet
  facet normal 0.67832 -0.734766 0
    outer loop
      vertex 7.93934 10.0607 5
      vertex 8 10.1167 3.8
      vertex 8 10.1167 5
    endloop
  endfacet
  facet normal 0.67832 -0.734766 0
    outer loop
      vertex 7.93934 10.0607 0
      vertex 8 10.1167 3.8
      vertex 7.93934 10.0607 5
    endloop
  endfacet
  facet normal 0.678569 -0.734536 -7.36186e-06
    outer loop
      vertex 8.02583 10.1406 0
      vertex 8 10.1167 3.8
      vertex 7.93934 10.0607 0
    endloop
  endfacet
  facet normal 0.679153 -0.733997 0
    outer loop
      vertex 8 10.1167 3.8
      vertex 8.02583 10.1406 0
      vertex 8.02583 10.1406 3.8
    endloop
  endfacet
  facet normal 0.346374 -0.938096 0
    outer loop
      vertex 8.42597 10.3858 0
      vertex 8.53647 10.4266 3.8
      vertex 8.42597 10.3858 3.8
    endloop
  endfacet
  facet normal 0.346374 -0.938096 0
    outer loop
      vertex 8.53647 10.4266 3.8
      vertex 8.42597 10.3858 0
      vertex 8.53647 10.4266 0
    endloop
  endfacet
  facet normal 0.118014 -0.993012 0
    outer loop
      vertex 8.76535 10.4815 0
      vertex 8.88231 10.4954 3.8
      vertex 8.76535 10.4815 3.8
    endloop
  endfacet
  facet normal 0.118014 -0.993012 0
    outer loop
      vertex 8.88231 10.4954 3.8
      vertex 8.76535 10.4815 0
      vertex 8.88231 10.4954 0
    endloop
  endfacet
  facet normal -0.117595 0.993062 0
    outer loop
      vertex 9.23465 7.51847 0
      vertex 9.11769 7.50462 5
      vertex 9.23465 7.51847 5
    endloop
  endfacet
  facet normal -0.117595 0.993062 0
    outer loop
      vertex 9.11769 7.50462 5
      vertex 9.23465 7.51847 0
      vertex 9.11769 7.50462 0
    endloop
  endfacet
  facet normal -0.488632 0.87249 0
    outer loop
      vertex 9.78375 7.72104 0
      vertex 9.68099 7.66349 5
      vertex 9.78375 7.72104 5
    endloop
  endfacet
  facet normal -0.488632 0.87249 0
    outer loop
      vertex 9.68099 7.66349 5
      vertex 9.78375 7.72104 0
      vertex 9.68099 7.66349 0
    endloop
  endfacet
  facet normal -0.678629 0.734481 0
    outer loop
      vertex 10.0607 7.93934 0
      vertex 9.97417 7.85939 5
      vertex 10.0607 7.93934 5
    endloop
  endfacet
  facet normal -0.678629 0.734481 0
    outer loop
      vertex 9.97417 7.85939 5
      vertex 10.0607 7.93934 0
      vertex 9.97417 7.85939 0
    endloop
  endfacet
  facet normal -0.785372 0.619025 0
    outer loop
      vertex 10.1406 8.02583 0
      vertex 10.2135 8.11832 3.8
      vertex 10.2135 8.11832 0
    endloop
  endfacet
  facet normal -0.785372 0.619025 0
    outer loop
      vertex 10.2135 8.11832 3.8
      vertex 10.1406 8.02583 0
      vertex 10.1406 8.02583 3.8
    endloop
  endfacet
  facet normal -0.831214 0.555953 0
    outer loop
      vertex 10.2135 8.11832 0
      vertex 10.279 8.21625 3.8
      vertex 10.279 8.21625 0
    endloop
  endfacet
  facet normal -0.831214 0.555953 0
    outer loop
      vertex 10.279 8.21625 3.8
      vertex 10.2135 8.11832 0
      vertex 10.2135 8.11832 3.8
    endloop
  endfacet
  facet normal 0.619129 0.785289 -0
    outer loop
      vertex 8.11832 7.78647 0
      vertex 8.02583 7.85939 5
      vertex 8.11832 7.78647 5
    endloop
  endfacet
  facet normal 0.619129 0.785289 0
    outer loop
      vertex 8.02583 7.85939 5
      vertex 8.11832 7.78647 0
      vertex 8.02583 7.85939 0
    endloop
  endfacet
  facet normal 0.555542 0.831488 -0
    outer loop
      vertex 8.21625 7.72104 0
      vertex 8.11832 7.78647 5
      vertex 8.21625 7.72104 5
    endloop
  endfacet
  facet normal 0.555542 0.831488 0
    outer loop
      vertex 8.11832 7.78647 5
      vertex 8.21625 7.72104 0
      vertex 8.11832 7.78647 0
    endloop
  endfacet
  facet normal 0.488632 0.87249 -0
    outer loop
      vertex 8.31901 7.66349 0
      vertex 8.21625 7.72104 5
      vertex 8.31901 7.66349 5
    endloop
  endfacet
  facet normal 0.488632 0.87249 0
    outer loop
      vertex 8.21625 7.72104 5
      vertex 8.31901 7.66349 0
      vertex 8.21625 7.72104 0
    endloop
  endfacet
  facet normal 0.117595 0.993062 -0
    outer loop
      vertex 8.88231 7.50462 0
      vertex 8.76535 7.51847 5
      vertex 8.88231 7.50462 5
    endloop
  endfacet
  facet normal 0.117595 0.993062 0
    outer loop
      vertex 8.76535 7.51847 5
      vertex 8.88231 7.50462 0
      vertex 8.76535 7.51847 0
    endloop
  endfacet
  facet normal 0.87249 0.488632 0
    outer loop
      vertex 7.72104 8.21625 5
      vertex 7.66349 8.31901 0
      vertex 7.66349 8.31901 5
    endloop
  endfacet
  facet normal 0.87249 0.488632 0
    outer loop
      vertex 7.66349 8.31901 0
      vertex 7.72104 8.21625 5
      vertex 7.72104 8.21625 0
    endloop
  endfacet
  facet normal 0.785289 0.619129 0
    outer loop
      vertex 7.85939 8.02583 5
      vertex 7.78647 8.11832 0
      vertex 7.78647 8.11832 5
    endloop
  endfacet
  facet normal 0.785289 0.619129 0
    outer loop
      vertex 7.78647 8.11832 0
      vertex 7.85939 8.02583 5
      vertex 7.85939 8.02583 0
    endloop
  endfacet
  facet normal 0.993062 0.117595 0
    outer loop
      vertex 7.51847 8.76535 5
      vertex 7.50462 8.88231 0
      vertex 7.50462 8.88231 5
    endloop
  endfacet
  facet normal 0.993062 0.117595 0
    outer loop
      vertex 7.50462 8.88231 0
      vertex 7.51847 8.76535 5
      vertex 7.51847 8.76535 0
    endloop
  endfacet
  facet normal -0.962384 -0.271692 0
    outer loop
      vertex 10.4586 9.35017 0
      vertex 10.4266 9.46352 3.8
      vertex 10.4266 9.46352 0
    endloop
  endfacet
  facet normal -0.962384 -0.271692 0
    outer loop
      vertex 10.4266 9.46352 3.8
      vertex 10.4586 9.35017 0
      vertex 10.4586 9.35017 3.8
    endloop
  endfacet
  facet normal -0.980912 -0.19445 0
    outer loop
      vertex 10.4815 9.23465 0
      vertex 10.4586 9.35017 3.8
      vertex 10.4586 9.35017 0
    endloop
  endfacet
  facet normal -0.980912 -0.19445 0
    outer loop
      vertex 10.4586 9.35017 3.8
      vertex 10.4815 9.23465 0
      vertex 10.4815 9.23465 3.8
    endloop
  endfacet
  facet normal -0.785372 -0.619025 0
    outer loop
      vertex 10.2135 9.88168 0
      vertex 10.1406 9.97417 3.8
      vertex 10.1406 9.97417 0
    endloop
  endfacet
  facet normal -0.785372 -0.619025 0
    outer loop
      vertex 10.1406 9.97417 3.8
      vertex 10.2135 9.88168 0
      vertex 10.2135 9.88168 3.8
    endloop
  endfacet
  facet normal -0.831214 -0.555953 0
    outer loop
      vertex 10.279 9.78375 0
      vertex 10.2135 9.88168 3.8
      vertex 10.2135 9.88168 0
    endloop
  endfacet
  facet normal -0.831214 -0.555953 0
    outer loop
      vertex 10.2135 9.88168 3.8
      vertex 10.279 9.78375 0
      vertex 10.279 9.78375 3.8
    endloop
  endfacet
  facet normal -0.271692 -0.962384 0
    outer loop
      vertex 9.35017 10.4586 0
      vertex 9.46352 10.4266 3.8
      vertex 9.35017 10.4586 3.8
    endloop
  endfacet
  facet normal -0.271692 -0.962384 -0
    outer loop
      vertex 9.46352 10.4266 3.8
      vertex 9.35017 10.4586 0
      vertex 9.46352 10.4266 0
    endloop
  endfacet
  facet normal -0.118014 -0.993012 0
    outer loop
      vertex 9.11769 10.4954 0
      vertex 9.23465 10.4815 3.8
      vertex 9.11769 10.4954 3.8
    endloop
  endfacet
  facet normal -0.118014 -0.993012 -0
    outer loop
      vertex 9.23465 10.4815 3.8
      vertex 9.11769 10.4954 0
      vertex 9.23465 10.4815 0
    endloop
  endfacet
  facet normal -0.0390559 -0.999237 0
    outer loop
      vertex 9 10.5 0
      vertex 9.11769 10.4954 3.8
      vertex 9 10.5 3.8
    endloop
  endfacet
  facet normal -0.0390559 -0.999237 -0
    outer loop
      vertex 9.11769 10.4954 3.8
      vertex 9 10.5 0
      vertex 9.11769 10.4954 0
    endloop
  endfacet
  facet normal -0.346374 -0.938096 0
    outer loop
      vertex 9.46352 10.4266 0
      vertex 9.57402 10.3858 3.8
      vertex 9.46352 10.4266 3.8
    endloop
  endfacet
  facet normal -0.346374 -0.938096 -0
    outer loop
      vertex 9.57402 10.3858 3.8
      vertex 9.46352 10.4266 0
      vertex 9.57402 10.3858 0
    endloop
  endfacet
  facet normal 0.938179 -0.34615 0
    outer loop
      vertex 7.57341 9.46352 5
      vertex 7.61418 9.57402 0
      vertex 7.61418 9.57402 5
    endloop
  endfacet
  facet normal 0.938179 -0.34615 0
    outer loop
      vertex 7.61418 9.57402 0
      vertex 7.57341 9.46352 5
      vertex 7.57341 9.46352 0
    endloop
  endfacet
  facet normal 0.908156 -0.418633 0
    outer loop
      vertex 7.61418 9.57402 5
      vertex 7.66349 9.68099 0
      vertex 7.66349 9.68099 5
    endloop
  endfacet
  facet normal 0.908156 -0.418633 0
    outer loop
      vertex 7.66349 9.68099 0
      vertex 7.61418 9.57402 5
      vertex 7.61418 9.57402 0
    endloop
  endfacet
  facet normal 0.962451 -0.271456 0
    outer loop
      vertex 7.54144 9.35017 5
      vertex 7.57341 9.46352 0
      vertex 7.57341 9.46352 5
    endloop
  endfacet
  facet normal 0.962451 -0.271456 0
    outer loop
      vertex 7.57341 9.46352 0
      vertex 7.54144 9.35017 5
      vertex 7.54144 9.35017 0
    endloop
  endfacet
  facet normal 0.99923 -0.0392255 0
    outer loop
      vertex 7.5 9 5
      vertex 7.50462 9.11769 0
      vertex 7.50462 9.11769 5
    endloop
  endfacet
  facet normal 0.99923 -0.0392255 0
    outer loop
      vertex 7.50462 9.11769 0
      vertex 7.5 9 5
      vertex 7.5 9 0
    endloop
  endfacet
  facet normal 0.555953 -0.831214 0
    outer loop
      vertex 8.11832 10.2135 0
      vertex 8.21625 10.279 3.8
      vertex 8.11832 10.2135 3.8
    endloop
  endfacet
  facet normal 0.555953 -0.831214 0
    outer loop
      vertex 8.21625 10.279 3.8
      vertex 8.11832 10.2135 0
      vertex 8.21625 10.279 0
    endloop
  endfacet
  facet normal 0.27167 -0.962391 0
    outer loop
      vertex 8.53647 10.4266 0
      vertex 8.64983 10.4586 3.8
      vertex 8.53647 10.4266 3.8
    endloop
  endfacet
  facet normal 0.27167 -0.962391 0
    outer loop
      vertex 8.64983 10.4586 3.8
      vertex 8.53647 10.4266 0
      vertex 8.64983 10.4586 0
    endloop
  endfacet
  facet normal -0.195022 0.980799 0
    outer loop
      vertex 9.35017 7.54144 0
      vertex 9.23465 7.51847 5
      vertex 9.35017 7.54144 5
    endloop
  endfacet
  facet normal -0.195022 0.980799 0
    outer loop
      vertex 9.23465 7.51847 5
      vertex 9.35017 7.54144 0
      vertex 9.23465 7.51847 0
    endloop
  endfacet
  facet normal -0.418633 0.908156 0
    outer loop
      vertex 9.68099 7.66349 0
      vertex 9.57402 7.61418 5
      vertex 9.68099 7.66349 5
    endloop
  endfacet
  facet normal -0.418633 0.908156 0
    outer loop
      vertex 9.57402 7.61418 5
      vertex 9.68099 7.66349 0
      vertex 9.57402 7.61418 0
    endloop
  endfacet
  facet normal -0.555542 0.831488 0
    outer loop
      vertex 9.88168 7.78647 0
      vertex 9.78375 7.72104 5
      vertex 9.88168 7.78647 5
    endloop
  endfacet
  facet normal -0.555542 0.831488 0
    outer loop
      vertex 9.78375 7.72104 5
      vertex 9.88168 7.78647 0
      vertex 9.78375 7.72104 0
    endloop
  endfacet
  facet normal -0.619129 0.785289 0
    outer loop
      vertex 9.97417 7.85939 0
      vertex 9.88168 7.78647 5
      vertex 9.97417 7.85939 5
    endloop
  endfacet
  facet normal -0.619129 0.785289 0
    outer loop
      vertex 9.88168 7.78647 5
      vertex 9.97417 7.85939 0
      vertex 9.88168 7.78647 0
    endloop
  endfacet
  facet normal -0.938096 0.346374 0
    outer loop
      vertex 10.3858 8.42597 0
      vertex 10.4266 8.53647 3.8
      vertex 10.4266 8.53647 0
    endloop
  endfacet
  facet normal -0.938096 0.346374 0
    outer loop
      vertex 10.4266 8.53647 3.8
      vertex 10.3858 8.42597 0
      vertex 10.3858 8.42597 3.8
    endloop
  endfacet
  facet normal -0.908173 0.418595 0
    outer loop
      vertex 10.3365 8.31901 0
      vertex 10.3858 8.42597 3.8
      vertex 10.3858 8.42597 0
    endloop
  endfacet
  facet normal -0.908173 0.418595 0
    outer loop
      vertex 10.3858 8.42597 3.8
      vertex 10.3365 8.31901 0
      vertex 10.3365 8.31901 3.8
    endloop
  endfacet
  facet normal -0.980912 0.19445 0
    outer loop
      vertex 10.4586 8.64983 0
      vertex 10.4815 8.76535 3.8
      vertex 10.4815 8.76535 0
    endloop
  endfacet
  facet normal -0.980912 0.19445 0
    outer loop
      vertex 10.4815 8.76535 3.8
      vertex 10.4586 8.64983 0
      vertex 10.4586 8.64983 3.8
    endloop
  endfacet
  facet normal -0.993012 0.118014 0
    outer loop
      vertex 10.4815 8.76535 0
      vertex 10.4954 8.88231 3.8
      vertex 10.4954 8.88231 0
    endloop
  endfacet
  facet normal -0.993012 0.118014 0
    outer loop
      vertex 10.4954 8.88231 3.8
      vertex 10.4815 8.76535 0
      vertex 10.4815 8.76535 3.8
    endloop
  endfacet
  facet normal 0.34615 0.938179 -0
    outer loop
      vertex 8.53647 7.57341 0
      vertex 8.42597 7.61418 5
      vertex 8.53647 7.57341 5
    endloop
  endfacet
  facet normal 0.34615 0.938179 0
    outer loop
      vertex 8.42597 7.61418 5
      vertex 8.53647 7.57341 0
      vertex 8.42597 7.61418 0
    endloop
  endfacet
  facet normal 0.418665 0.908141 -0
    outer loop
      vertex 8.42597 7.61418 0
      vertex 8.31901 7.66349 5
      vertex 8.42597 7.61418 5
    endloop
  endfacet
  facet normal 0.418665 0.908141 0
    outer loop
      vertex 8.31901 7.66349 5
      vertex 8.42597 7.61418 0
      vertex 8.31901 7.66349 0
    endloop
  endfacet
  facet normal 0.195022 0.980799 -0
    outer loop
      vertex 8.76535 7.51847 0
      vertex 8.64983 7.54144 5
      vertex 8.76535 7.51847 5
    endloop
  endfacet
  facet normal 0.195022 0.980799 0
    outer loop
      vertex 8.64983 7.54144 5
      vertex 8.76535 7.51847 0
      vertex 8.64983 7.54144 0
    endloop
  endfacet
  facet normal 0.0392255 0.99923 -0
    outer loop
      vertex 9 7.5 0
      vertex 8.88231 7.50462 5
      vertex 9 7.5 5
    endloop
  endfacet
  facet normal 0.0392255 0.99923 0
    outer loop
      vertex 8.88231 7.50462 5
      vertex 9 7.5 0
      vertex 8.88231 7.50462 0
    endloop
  endfacet
  facet normal 0.831488 0.555542 0
    outer loop
      vertex 7.78647 8.11832 5
      vertex 7.72104 8.21625 0
      vertex 7.72104 8.21625 5
    endloop
  endfacet
  facet normal 0.831488 0.555542 0
    outer loop
      vertex 7.72104 8.21625 0
      vertex 7.78647 8.11832 5
      vertex 7.78647 8.11832 0
    endloop
  endfacet
  facet normal 0.908141 0.418665 0
    outer loop
      vertex 7.66349 8.31901 5
      vertex 7.61418 8.42597 0
      vertex 7.61418 8.42597 5
    endloop
  endfacet
  facet normal 0.908141 0.418665 0
    outer loop
      vertex 7.61418 8.42597 0
      vertex 7.66349 8.31901 5
      vertex 7.66349 8.31901 0
    endloop
  endfacet
  facet normal 0.980799 0.195022 0
    outer loop
      vertex 7.54144 8.64983 5
      vertex 7.51847 8.76535 0
      vertex 7.51847 8.76535 5
    endloop
  endfacet
  facet normal 0.980799 0.195022 0
    outer loop
      vertex 7.51847 8.76535 0
      vertex 7.54144 8.64983 5
      vertex 7.54144 8.64983 0
    endloop
  endfacet
  facet normal -0.271456 0.962451 0
    outer loop
      vertex 9.46352 7.57341 0
      vertex 9.35017 7.54144 5
      vertex 9.46352 7.57341 5
    endloop
  endfacet
  facet normal -0.271456 0.962451 0
    outer loop
      vertex 9.35017 7.54144 5
      vertex 9.46352 7.57341 0
      vertex 9.35017 7.54144 0
    endloop
  endfacet
  facet normal -0.999237 0.0390559 0
    outer loop
      vertex 10.4954 8.88231 0
      vertex 10.5 9 3.8
      vertex 10.5 9 0
    endloop
  endfacet
  facet normal -0.999237 0.0390559 0
    outer loop
      vertex 10.5 9 3.8
      vertex 10.4954 8.88231 0
      vertex 10.4954 8.88231 3.8
    endloop
  endfacet
  facet normal 0.962457 0.271434 0
    outer loop
      vertex 7.57341 8.53647 5
      vertex 7.54144 8.64983 0
      vertex 7.54144 8.64983 5
    endloop
  endfacet
  facet normal 0.962457 0.271434 0
    outer loop
      vertex 7.54144 8.64983 0
      vertex 7.57341 8.53647 5
      vertex 7.57341 8.53647 0
    endloop
  endfacet
  facet normal -0.999237 -0.0390526 0
    outer loop
      vertex 10.5 83 0
      vertex 10.4954 83.1177 3.8
      vertex 10.4954 83.1177 0
    endloop
  endfacet
  facet normal -0.999237 -0.0390526 0
    outer loop
      vertex 10.4954 83.1177 3.8
      vertex 10.5 83 0
      vertex 10.5 83 3.8
    endloop
  endfacet
  facet normal 0.999231 0.0392221 0
    outer loop
      vertex 7.50462 82.8823 5
      vertex 7.5 83 0
      vertex 7.5 83 5
    endloop
  endfacet
  facet normal 0.999231 0.0392221 0
    outer loop
      vertex 7.5 83 0
      vertex 7.50462 82.8823 5
      vertex 7.50462 82.8823 0
    endloop
  endfacet
  facet normal 0.0390559 -0.999237 0
    outer loop
      vertex 8.88231 84.4954 0
      vertex 9 84.5 5
      vertex 8.88231 84.4954 5
    endloop
  endfacet
  facet normal 0.0390559 -0.999237 0
    outer loop
      vertex 9 84.5 5
      vertex 8.88231 84.4954 0
      vertex 9 84.5 0
    endloop
  endfacet
  facet normal 0.679153 0.733997 0
    outer loop
      vertex 8.02583 81.8594 3.8
      vertex 8.02583 81.8594 0
      vertex 8 81.8833 3.8
    endloop
  endfacet
  facet normal 0.67832 0.734766 -0
    outer loop
      vertex 8 81.8833 3.8
      vertex 7.93934 81.9393 5
      vertex 8 81.8833 5
    endloop
  endfacet
  facet normal 0.678569 0.734536 -7.36186e-06
    outer loop
      vertex 7.93934 81.9393 0
      vertex 8 81.8833 3.8
      vertex 8.02583 81.8594 0
    endloop
  endfacet
  facet normal 0.67832 0.734766 0
    outer loop
      vertex 8 81.8833 3.8
      vertex 7.93934 81.9393 0
      vertex 7.93934 81.9393 5
    endloop
  endfacet
  facet normal -0.6784 -0.734693 0
    outer loop
      vertex 9.97417 84.1406 0
      vertex 10.0607 84.0607 5
      vertex 9.97417 84.1406 5
    endloop
  endfacet
  facet normal -0.6784 -0.734693 -0
    outer loop
      vertex 10.0607 84.0607 5
      vertex 9.97417 84.1406 0
      vertex 10.0607 84.0607 0
    endloop
  endfacet
  facet normal 0.734364 -0.678756 0
    outer loop
      vertex 7.85939 83.9742 5
      vertex 7.93934 84.0607 0
      vertex 7.93934 84.0607 5
    endloop
  endfacet
  facet normal 0.734364 -0.678756 0
    outer loop
      vertex 7.93934 84.0607 0
      vertex 7.85939 83.9742 5
      vertex 7.85939 83.9742 0
    endloop
  endfacet
  facet normal 0.418595 -0.908173 0
    outer loop
      vertex 8.31901 84.3365 0
      vertex 8.42597 84.3858 5
      vertex 8.31901 84.3365 5
    endloop
  endfacet
  facet normal 0.418595 -0.908173 0
    outer loop
      vertex 8.42597 84.3858 5
      vertex 8.31901 84.3365 0
      vertex 8.42597 84.3858 0
    endloop
  endfacet
  facet normal 0.9082 0.418536 0
    outer loop
      vertex 7.66349 82.319 5
      vertex 7.61418 82.426 0
      vertex 7.61418 82.426 5
    endloop
  endfacet
  facet normal 0.9082 0.418536 0
    outer loop
      vertex 7.61418 82.426 0
      vertex 7.66349 82.319 5
      vertex 7.66349 82.319 0
    endloop
  endfacet
  facet normal -0.908232 -0.418466 0
    outer loop
      vertex 10.3858 83.574 0
      vertex 10.3365 83.681 3.8
      vertex 10.3365 83.681 0
    endloop
  endfacet
  facet normal -0.908232 -0.418466 0
    outer loop
      vertex 10.3365 83.681 3.8
      vertex 10.3858 83.574 0
      vertex 10.3858 83.574 3.8
    endloop
  endfacet
  facet normal -0.346374 -0.938096 0
    outer loop
      vertex 9.46352 84.4266 0
      vertex 9.57402 84.3858 5
      vertex 9.46352 84.4266 5
    endloop
  endfacet
  facet normal -0.346374 -0.938096 -0
    outer loop
      vertex 9.57402 84.3858 5
      vertex 9.46352 84.4266 0
      vertex 9.57402 84.3858 0
    endloop
  endfacet
  facet normal -0.555953 -0.831214 0
    outer loop
      vertex 9.78375 84.279 0
      vertex 9.88168 84.2135 5
      vertex 9.78375 84.279 5
    endloop
  endfacet
  facet normal -0.555953 -0.831214 -0
    outer loop
      vertex 9.88168 84.2135 5
      vertex 9.78375 84.279 0
      vertex 9.88168 84.2135 0
    endloop
  endfacet
  facet normal 0.938179 -0.34615 0
    outer loop
      vertex 7.57341 83.4635 5
      vertex 7.61418 83.574 0
      vertex 7.61418 83.574 5
    endloop
  endfacet
  facet normal 0.938179 -0.34615 0
    outer loop
      vertex 7.61418 83.574 0
      vertex 7.57341 83.4635 5
      vertex 7.57341 83.4635 0
    endloop
  endfacet
  facet normal 0.27167 -0.962391 0
    outer loop
      vertex 8.53647 84.4266 0
      vertex 8.64983 84.4586 5
      vertex 8.53647 84.4266 5
    endloop
  endfacet
  facet normal 0.27167 -0.962391 0
    outer loop
      vertex 8.64983 84.4586 5
      vertex 8.53647 84.4266 0
      vertex 8.64983 84.4586 0
    endloop
  endfacet
  facet normal -0.962353 -0.271803 0
    outer loop
      vertex 10.4586 83.3502 0
      vertex 10.4266 83.4635 3.8
      vertex 10.4266 83.4635 0
    endloop
  endfacet
  facet normal -0.962353 -0.271803 0
    outer loop
      vertex 10.4266 83.4635 3.8
      vertex 10.4586 83.3502 0
      vertex 10.4586 83.3502 3.8
    endloop
  endfacet
  facet normal -0.993005 -0.118073 0
    outer loop
      vertex 10.4954 83.1177 0
      vertex 10.4815 83.2346 3.8
      vertex 10.4815 83.2346 0
    endloop
  endfacet
  facet normal -0.993005 -0.118073 0
    outer loop
      vertex 10.4815 83.2346 3.8
      vertex 10.4954 83.1177 0
      vertex 10.4954 83.1177 3.8
    endloop
  endfacet
  facet normal -0.938096 -0.346374 0
    outer loop
      vertex 10.4266 83.4635 0
      vertex 10.3858 83.574 3.8
      vertex 10.3858 83.574 0
    endloop
  endfacet
  facet normal -0.938096 -0.346374 0
    outer loop
      vertex 10.3858 83.574 3.8
      vertex 10.4266 83.4635 0
      vertex 10.4266 83.4635 3.8
    endloop
  endfacet
  facet normal -0.785404 -0.618983 0
    outer loop
      vertex 10.2135 83.8817 0
      vertex 10.1406 83.9742 3.8
      vertex 10.1406 83.9742 0
    endloop
  endfacet
  facet normal -0.785404 -0.618983 0
    outer loop
      vertex 10.1406 83.9742 3.8
      vertex 10.2135 83.8817 0
      vertex 10.2135 83.8817 3.8
    endloop
  endfacet
  facet normal -0.734989 -0.678079 0
    outer loop
      vertex 10.0607 84.0607 0
      vertex 10.1167 84 3.8
      vertex 10.0607 84.0607 5
    endloop
  endfacet
  facet normal -0.734575 -0.678527 -1.32523e-05
    outer loop
      vertex 10.1406 83.9742 0
      vertex 10.1167 84 3.8
      vertex 10.0607 84.0607 0
    endloop
  endfacet
  facet normal -0.733603 -0.679578 0
    outer loop
      vertex 10.1167 84 3.8
      vertex 10.1406 83.9742 0
      vertex 10.1406 83.9742 3.8
    endloop
  endfacet
  facet normal -0.734989 -0.678079 0
    outer loop
      vertex 10.0607 84.0607 5
      vertex 10.1167 84 3.8
      vertex 10.1167 84 5
    endloop
  endfacet
  facet normal -0.872549 -0.488526 0
    outer loop
      vertex 10.3365 83.681 0
      vertex 10.279 83.7837 3.8
      vertex 10.279 83.7837 0
    endloop
  endfacet
  facet normal -0.872549 -0.488526 0
    outer loop
      vertex 10.279 83.7837 3.8
      vertex 10.3365 83.681 0
      vertex 10.3365 83.681 3.8
    endloop
  endfacet
  facet normal -0.19445 -0.980912 0
    outer loop
      vertex 9.23465 84.4815 0
      vertex 9.35017 84.4586 5
      vertex 9.23465 84.4815 5
    endloop
  endfacet
  facet normal -0.19445 -0.980912 -0
    outer loop
      vertex 9.35017 84.4586 5
      vertex 9.23465 84.4815 0
      vertex 9.35017 84.4586 0
    endloop
  endfacet
  facet normal -0.271692 -0.962384 0
    outer loop
      vertex 9.35017 84.4586 0
      vertex 9.46352 84.4266 5
      vertex 9.35017 84.4586 5
    endloop
  endfacet
  facet normal -0.271692 -0.962384 -0
    outer loop
      vertex 9.46352 84.4266 5
      vertex 9.35017 84.4586 0
      vertex 9.46352 84.4266 0
    endloop
  endfacet
  facet normal -0.488309 -0.872671 0
    outer loop
      vertex 9.68099 84.3365 0
      vertex 9.78375 84.279 5
      vertex 9.68099 84.3365 5
    endloop
  endfacet
  facet normal -0.488309 -0.872671 -0
    outer loop
      vertex 9.78375 84.279 5
      vertex 9.68099 84.3365 0
      vertex 9.78375 84.279 0
    endloop
  endfacet
  facet normal -0.619025 -0.785372 0
    outer loop
      vertex 9.88168 84.2135 0
      vertex 9.97417 84.1406 5
      vertex 9.88168 84.2135 5
    endloop
  endfacet
  facet normal -0.619025 -0.785372 -0
    outer loop
      vertex 9.97417 84.1406 5
      vertex 9.88168 84.2135 0
      vertex 9.97417 84.1406 0
    endloop
  endfacet
  facet normal 0.980825 -0.194892 0
    outer loop
      vertex 7.51847 83.2346 5
      vertex 7.54144 83.3502 0
      vertex 7.54144 83.3502 5
    endloop
  endfacet
  facet normal 0.980825 -0.194892 0
    outer loop
      vertex 7.54144 83.3502 0
      vertex 7.51847 83.2346 5
      vertex 7.51847 83.2346 0
    endloop
  endfacet
  facet normal 0.831671 -0.555268 0
    outer loop
      vertex 7.72104 83.7837 5
      vertex 7.78647 83.8817 0
      vertex 7.78647 83.8817 5
    endloop
  endfacet
  facet normal 0.831671 -0.555268 0
    outer loop
      vertex 7.78647 83.8817 0
      vertex 7.72104 83.7837 5
      vertex 7.72104 83.7837 0
    endloop
  endfacet
  facet normal 0.785322 -0.619088 0
    outer loop
      vertex 7.78647 83.8817 5
      vertex 7.85939 83.9742 0
      vertex 7.85939 83.9742 5
    endloop
  endfacet
  facet normal 0.785322 -0.619088 0
    outer loop
      vertex 7.85939 83.9742 0
      vertex 7.78647 83.8817 5
      vertex 7.78647 83.8817 0
    endloop
  endfacet
  facet normal 0.872368 -0.488849 0
    outer loop
      vertex 7.66349 83.681 5
      vertex 7.72104 83.7837 0
      vertex 7.72104 83.7837 5
    endloop
  endfacet
  facet normal 0.872368 -0.488849 0
    outer loop
      vertex 7.72104 83.7837 0
      vertex 7.66349 83.681 5
      vertex 7.66349 83.681 0
    endloop
  endfacet
  facet normal 0.96242 -0.271567 0
    outer loop
      vertex 7.54144 83.3502 5
      vertex 7.57341 83.4635 0
      vertex 7.57341 83.4635 5
    endloop
  endfacet
  facet normal 0.96242 -0.271567 0
    outer loop
      vertex 7.57341 83.4635 0
      vertex 7.54144 83.3502 5
      vertex 7.54144 83.3502 0
    endloop
  endfacet
  facet normal 0.993055 -0.117654 0
    outer loop
      vertex 7.50462 83.1177 5
      vertex 7.51847 83.2346 0
      vertex 7.51847 83.2346 5
    endloop
  endfacet
  facet normal 0.993055 -0.117654 0
    outer loop
      vertex 7.51847 83.2346 0
      vertex 7.50462 83.1177 5
      vertex 7.50462 83.1177 0
    endloop
  endfacet
  facet normal 0.619025 -0.785372 0
    outer loop
      vertex 8.02583 84.1406 0
      vertex 8.11832 84.2135 5
      vertex 8.02583 84.1406 5
    endloop
  endfacet
  facet normal 0.619025 -0.785372 0
    outer loop
      vertex 8.11832 84.2135 5
      vertex 8.02583 84.1406 0
      vertex 8.11832 84.2135 0
    endloop
  endfacet
  facet normal 0.488309 -0.872671 0
    outer loop
      vertex 8.21625 84.279 0
      vertex 8.31901 84.3365 5
      vertex 8.21625 84.279 5
    endloop
  endfacet
  facet normal 0.488309 -0.872671 0
    outer loop
      vertex 8.31901 84.3365 5
      vertex 8.21625 84.279 0
      vertex 8.31901 84.3365 0
    endloop
  endfacet
  facet normal 0.678569 -0.734536 0
    outer loop
      vertex 7.93934 84.0607 0
      vertex 8.02583 84.1406 5
      vertex 7.93934 84.0607 5
    endloop
  endfacet
  facet normal 0.678569 -0.734536 0
    outer loop
      vertex 8.02583 84.1406 5
      vertex 7.93934 84.0607 0
      vertex 8.02583 84.1406 0
    endloop
  endfacet
  facet normal 0.346374 -0.938096 0
    outer loop
      vertex 8.42597 84.3858 0
      vertex 8.53647 84.4266 5
      vertex 8.42597 84.3858 5
    endloop
  endfacet
  facet normal 0.346374 -0.938096 0
    outer loop
      vertex 8.53647 84.4266 5
      vertex 8.42597 84.3858 0
      vertex 8.53647 84.4266 0
    endloop
  endfacet
  facet normal 0.118014 -0.993012 0
    outer loop
      vertex 8.76535 84.4815 0
      vertex 8.88231 84.4954 5
      vertex 8.76535 84.4815 5
    endloop
  endfacet
  facet normal 0.118014 -0.993012 0
    outer loop
      vertex 8.88231 84.4954 5
      vertex 8.76535 84.4815 0
      vertex 8.88231 84.4954 0
    endloop
  endfacet
  facet normal -0.118014 0.993012 0
    outer loop
      vertex 9.23465 81.5185 0
      vertex 9.11769 81.5046 3.8
      vertex 9.23465 81.5185 3.8
    endloop
  endfacet
  facet normal -0.118014 0.993012 0
    outer loop
      vertex 9.11769 81.5046 3.8
      vertex 9.23465 81.5185 0
      vertex 9.11769 81.5046 0
    endloop
  endfacet
  facet normal -0.346374 0.938096 0
    outer loop
      vertex 9.57402 81.6142 0
      vertex 9.46352 81.5734 3.8
      vertex 9.57402 81.6142 3.8
    endloop
  endfacet
  facet normal -0.346374 0.938096 0
    outer loop
      vertex 9.46352 81.5734 3.8
      vertex 9.57402 81.6142 0
      vertex 9.46352 81.5734 0
    endloop
  endfacet
  facet normal -0.6784 0.734693 0
    outer loop
      vertex 10.0607 81.9393 0
      vertex 9.97417 81.8594 3.8
      vertex 10.0607 81.9393 3.8
    endloop
  endfacet
  facet normal -0.6784 0.734693 0
    outer loop
      vertex 9.97417 81.8594 3.8
      vertex 10.0607 81.9393 0
      vertex 9.97417 81.8594 0
    endloop
  endfacet
  facet normal -0.488309 0.872671 0
    outer loop
      vertex 9.78375 81.721 0
      vertex 9.68099 81.6635 3.8
      vertex 9.78375 81.721 3.8
    endloop
  endfacet
  facet normal -0.488309 0.872671 0
    outer loop
      vertex 9.68099 81.6635 3.8
      vertex 9.78375 81.721 0
      vertex 9.68099 81.6635 0
    endloop
  endfacet
  facet normal -0.785404 0.618983 0
    outer loop
      vertex 10.1406 82.0258 0
      vertex 10.2135 82.1183 3.8
      vertex 10.2135 82.1183 0
    endloop
  endfacet
  facet normal -0.785404 0.618983 0
    outer loop
      vertex 10.2135 82.1183 3.8
      vertex 10.1406 82.0258 0
      vertex 10.1406 82.0258 3.8
    endloop
  endfacet
  facet normal -0.872752 0.488164 0
    outer loop
      vertex 10.279 82.2162 0
      vertex 10.3365 82.319 3.8
      vertex 10.3365 82.319 0
    endloop
  endfacet
  facet normal -0.872752 0.488164 0
    outer loop
      vertex 10.3365 82.319 3.8
      vertex 10.279 82.2162 0
      vertex 10.279 82.2162 3.8
    endloop
  endfacet
  facet normal 0.619025 0.785372 -0
    outer loop
      vertex 8.11832 81.7865 0
      vertex 8.02583 81.8594 3.8
      vertex 8.11832 81.7865 3.8
    endloop
  endfacet
  facet normal 0.619025 0.785372 0
    outer loop
      vertex 8.02583 81.8594 3.8
      vertex 8.11832 81.7865 0
      vertex 8.02583 81.8594 0
    endloop
  endfacet
  facet normal 0.488309 0.872671 -0
    outer loop
      vertex 8.31901 81.6635 0
      vertex 8.21625 81.721 3.8
      vertex 8.31901 81.6635 3.8
    endloop
  endfacet
  facet normal 0.488309 0.872671 0
    outer loop
      vertex 8.21625 81.721 3.8
      vertex 8.31901 81.6635 0
      vertex 8.21625 81.721 0
    endloop
  endfacet
  facet normal 0.27167 0.962391 -0
    outer loop
      vertex 8.64983 81.5414 0
      vertex 8.53647 81.5734 3.8
      vertex 8.64983 81.5414 3.8
    endloop
  endfacet
  facet normal 0.27167 0.962391 0
    outer loop
      vertex 8.53647 81.5734 3.8
      vertex 8.64983 81.5414 0
      vertex 8.53647 81.5734 0
    endloop
  endfacet
  facet normal 0.118014 0.993012 -0
    outer loop
      vertex 8.88231 81.5046 0
      vertex 8.76535 81.5185 3.8
      vertex 8.88231 81.5046 3.8
    endloop
  endfacet
  facet normal 0.118014 0.993012 0
    outer loop
      vertex 8.76535 81.5185 3.8
      vertex 8.88231 81.5046 0
      vertex 8.76535 81.5185 0
    endloop
  endfacet
  facet normal 0.872571 0.488487 0
    outer loop
      vertex 7.72104 82.2162 5
      vertex 7.66349 82.319 0
      vertex 7.66349 82.319 5
    endloop
  endfacet
  facet normal 0.872571 0.488487 0
    outer loop
      vertex 7.66349 82.319 0
      vertex 7.72104 82.2162 5
      vertex 7.72104 82.2162 0
    endloop
  endfacet
  facet normal 0.734364 0.678756 0
    outer loop
      vertex 7.93934 81.9393 5
      vertex 7.85939 82.0258 0
      vertex 7.85939 82.0258 5
    endloop
  endfacet
  facet normal 0.734364 0.678756 0
    outer loop
      vertex 7.85939 82.0258 0
      vertex 7.93934 81.9393 5
      vertex 7.93934 81.9393 0
    endloop
  endfacet
  facet normal 0.938179 0.34615 0
    outer loop
      vertex 7.61418 82.426 5
      vertex 7.57341 82.5365 0
      vertex 7.57341 82.5365 5
    endloop
  endfacet
  facet normal 0.938179 0.34615 0
    outer loop
      vertex 7.57341 82.5365 0
      vertex 7.61418 82.426 5
      vertex 7.61418 82.426 0
    endloop
  endfacet
  facet normal 0.993055 0.117654 0
    outer loop
      vertex 7.51847 82.7654 5
      vertex 7.50462 82.8823 0
      vertex 7.50462 82.8823 5
    endloop
  endfacet
  facet normal 0.993055 0.117654 0
    outer loop
      vertex 7.50462 82.8823 0
      vertex 7.51847 82.7654 5
      vertex 7.51847 82.7654 0
    endloop
  endfacet
  facet normal -0.980938 -0.194321 0
    outer loop
      vertex 10.4815 83.2346 0
      vertex 10.4586 83.3502 3.8
      vertex 10.4586 83.3502 0
    endloop
  endfacet
  facet normal -0.980938 -0.194321 0
    outer loop
      vertex 10.4586 83.3502 3.8
      vertex 10.4815 83.2346 0
      vertex 10.4815 83.2346 3.8
    endloop
  endfacet
  facet normal -0.831397 -0.555679 0
    outer loop
      vertex 10.279 83.7837 0
      vertex 10.2135 83.8817 3.8
      vertex 10.2135 83.8817 0
    endloop
  endfacet
  facet normal -0.831397 -0.555679 0
    outer loop
      vertex 10.2135 83.8817 3.8
      vertex 10.279 83.7837 0
      vertex 10.279 83.7837 3.8
    endloop
  endfacet
  facet normal -0.118014 -0.993012 0
    outer loop
      vertex 9.11769 84.4954 0
      vertex 9.23465 84.4815 5
      vertex 9.11769 84.4954 5
    endloop
  endfacet
  facet normal -0.118014 -0.993012 -0
    outer loop
      vertex 9.23465 84.4815 5
      vertex 9.11769 84.4954 0
      vertex 9.23465 84.4815 0
    endloop
  endfacet
  facet normal -0.0390559 -0.999237 0
    outer loop
      vertex 9 84.5 0
      vertex 9.11769 84.4954 5
      vertex 9 84.5 5
    endloop
  endfacet
  facet normal -0.0390559 -0.999237 -0
    outer loop
      vertex 9.11769 84.4954 5
      vertex 9 84.5 0
      vertex 9.11769 84.4954 0
    endloop
  endfacet
  facet normal -0.418563 -0.908188 0
    outer loop
      vertex 9.57402 84.3858 0
      vertex 9.68099 84.3365 5
      vertex 9.57402 84.3858 5
    endloop
  endfacet
  facet normal -0.418563 -0.908188 -0
    outer loop
      vertex 9.68099 84.3365 5
      vertex 9.57402 84.3858 0
      vertex 9.68099 84.3365 0
    endloop
  endfacet
  facet normal 0.9082 -0.418536 0
    outer loop
      vertex 7.61418 83.574 5
      vertex 7.66349 83.681 0
      vertex 7.66349 83.681 5
    endloop
  endfacet
  facet normal 0.9082 -0.418536 0
    outer loop
      vertex 7.66349 83.681 0
      vertex 7.61418 83.574 5
      vertex 7.61418 83.574 0
    endloop
  endfacet
  facet normal 0.999231 -0.0392221 0
    outer loop
      vertex 7.5 83 5
      vertex 7.50462 83.1177 0
      vertex 7.50462 83.1177 5
    endloop
  endfacet
  facet normal 0.999231 -0.0392221 0
    outer loop
      vertex 7.50462 83.1177 0
      vertex 7.5 83 5
      vertex 7.5 83 0
    endloop
  endfacet
  facet normal 0.555953 -0.831214 0
    outer loop
      vertex 8.11832 84.2135 0
      vertex 8.21625 84.279 5
      vertex 8.11832 84.2135 5
    endloop
  endfacet
  facet normal 0.555953 -0.831214 0
    outer loop
      vertex 8.21625 84.279 5
      vertex 8.11832 84.2135 0
      vertex 8.21625 84.279 0
    endloop
  endfacet
  facet normal 0.19445 -0.980912 0
    outer loop
      vertex 8.64983 84.4586 0
      vertex 8.76535 84.4815 5
      vertex 8.64983 84.4586 5
    endloop
  endfacet
  facet normal 0.19445 -0.980912 0
    outer loop
      vertex 8.76535 84.4815 5
      vertex 8.64983 84.4586 0
      vertex 8.76535 84.4815 0
    endloop
  endfacet
  facet normal -0.19445 0.980912 0
    outer loop
      vertex 9.35017 81.5414 0
      vertex 9.23465 81.5185 3.8
      vertex 9.35017 81.5414 3.8
    endloop
  endfacet
  facet normal -0.19445 0.980912 0
    outer loop
      vertex 9.23465 81.5185 3.8
      vertex 9.35017 81.5414 0
      vertex 9.23465 81.5185 0
    endloop
  endfacet
  facet normal -0.418563 0.908188 0
    outer loop
      vertex 9.68099 81.6635 0
      vertex 9.57402 81.6142 3.8
      vertex 9.68099 81.6635 3.8
    endloop
  endfacet
  facet normal -0.418563 0.908188 0
    outer loop
      vertex 9.57402 81.6142 3.8
      vertex 9.68099 81.6635 0
      vertex 9.57402 81.6142 0
    endloop
  endfacet
  facet normal -0.734575 0.678527 0
    outer loop
      vertex 10.0607 81.9393 0
      vertex 10.1406 82.0258 3.8
      vertex 10.1406 82.0258 0
    endloop
  endfacet
  facet normal -0.734575 0.678527 0
    outer loop
      vertex 10.1406 82.0258 3.8
      vertex 10.0607 81.9393 0
      vertex 10.0607 81.9393 3.8
    endloop
  endfacet
  facet normal -0.555953 0.831214 0
    outer loop
      vertex 9.88168 81.7865 0
      vertex 9.78375 81.721 3.8
      vertex 9.88168 81.7865 3.8
    endloop
  endfacet
  facet normal -0.555953 0.831214 0
    outer loop
      vertex 9.78375 81.721 3.8
      vertex 9.88168 81.7865 0
      vertex 9.78375 81.721 0
    endloop
  endfacet
  facet normal -0.831135 0.556071 0
    outer loop
      vertex 10.2135 82.1183 0
      vertex 10.279 82.2162 3.8
      vertex 10.279 82.2162 0
    endloop
  endfacet
  facet normal -0.831135 0.556071 0
    outer loop
      vertex 10.279 82.2162 3.8
      vertex 10.2135 82.1183 0
      vertex 10.2135 82.1183 3.8
    endloop
  endfacet
  facet normal -0.908232 0.418466 0
    outer loop
      vertex 10.3365 82.319 0
      vertex 10.3858 82.426 3.8
      vertex 10.3858 82.426 0
    endloop
  endfacet
  facet normal -0.908232 0.418466 0
    outer loop
      vertex 10.3858 82.426 3.8
      vertex 10.3365 82.319 0
      vertex 10.3365 82.319 3.8
    endloop
  endfacet
  facet normal -0.980938 0.194321 0
    outer loop
      vertex 10.4586 82.6498 0
      vertex 10.4815 82.7654 3.8
      vertex 10.4815 82.7654 0
    endloop
  endfacet
  facet normal -0.980938 0.194321 0
    outer loop
      vertex 10.4815 82.7654 3.8
      vertex 10.4586 82.6498 0
      vertex 10.4586 82.6498 3.8
    endloop
  endfacet
  facet normal -0.962353 0.271803 0
    outer loop
      vertex 10.4266 82.5365 0
      vertex 10.4586 82.6498 3.8
      vertex 10.4586 82.6498 0
    endloop
  endfacet
  facet normal -0.962353 0.271803 0
    outer loop
      vertex 10.4586 82.6498 3.8
      vertex 10.4266 82.5365 0
      vertex 10.4266 82.5365 3.8
    endloop
  endfacet
  facet normal -0.993005 0.118073 0
    outer loop
      vertex 10.4815 82.7654 0
      vertex 10.4954 82.8823 3.8
      vertex 10.4954 82.8823 0
    endloop
  endfacet
  facet normal -0.993005 0.118073 0
    outer loop
      vertex 10.4954 82.8823 3.8
      vertex 10.4815 82.7654 0
      vertex 10.4815 82.7654 3.8
    endloop
  endfacet
  facet normal 0.555953 0.831214 -0
    outer loop
      vertex 8.21625 81.721 0
      vertex 8.11832 81.7865 3.8
      vertex 8.21625 81.721 3.8
    endloop
  endfacet
  facet normal 0.555953 0.831214 0
    outer loop
      vertex 8.11832 81.7865 3.8
      vertex 8.21625 81.721 0
      vertex 8.11832 81.7865 0
    endloop
  endfacet
  facet normal 0.418595 0.908173 -0
    outer loop
      vertex 8.42597 81.6142 0
      vertex 8.31901 81.6635 3.8
      vertex 8.42597 81.6142 3.8
    endloop
  endfacet
  facet normal 0.418595 0.908173 0
    outer loop
      vertex 8.31901 81.6635 3.8
      vertex 8.42597 81.6142 0
      vertex 8.31901 81.6635 0
    endloop
  endfacet
  facet normal 0.19445 0.980912 -0
    outer loop
      vertex 8.76535 81.5185 0
      vertex 8.64983 81.5414 3.8
      vertex 8.76535 81.5185 3.8
    endloop
  endfacet
  facet normal 0.19445 0.980912 0
    outer loop
      vertex 8.64983 81.5414 3.8
      vertex 8.76535 81.5185 0
      vertex 8.64983 81.5414 0
    endloop
  endfacet
  facet normal 0.0390559 0.999237 -0
    outer loop
      vertex 9 81.5 0
      vertex 8.88231 81.5046 3.8
      vertex 9 81.5 3.8
    endloop
  endfacet
  facet normal 0.0390559 0.999237 0
    outer loop
      vertex 8.88231 81.5046 3.8
      vertex 9 81.5 0
      vertex 8.88231 81.5046 0
    endloop
  endfacet
  facet normal 0.83141 0.55566 0
    outer loop
      vertex 7.78647 82.1183 5
      vertex 7.72104 82.2162 0
      vertex 7.72104 82.2162 5
    endloop
  endfacet
  facet normal 0.83141 0.55566 0
    outer loop
      vertex 7.72104 82.2162 0
      vertex 7.78647 82.1183 5
      vertex 7.78647 82.1183 0
    endloop
  endfacet
  facet normal 0.980825 0.194892 0
    outer loop
      vertex 7.54144 82.6498 5
      vertex 7.51847 82.7654 0
      vertex 7.51847 82.7654 5
    endloop
  endfacet
  facet normal 0.980825 0.194892 0
    outer loop
      vertex 7.51847 82.7654 0
      vertex 7.54144 82.6498 5
      vertex 7.54144 82.6498 0
    endloop
  endfacet
  facet normal -0.271692 0.962384 0
    outer loop
      vertex 9.46352 81.5734 0
      vertex 9.35017 81.5414 3.8
      vertex 9.46352 81.5734 3.8
    endloop
  endfacet
  facet normal -0.271692 0.962384 0
    outer loop
      vertex 9.35017 81.5414 3.8
      vertex 9.46352 81.5734 0
      vertex 9.35017 81.5414 0
    endloop
  endfacet
  facet normal -0.619025 0.785372 0
    outer loop
      vertex 9.97417 81.8594 0
      vertex 9.88168 81.7865 3.8
      vertex 9.97417 81.8594 3.8
    endloop
  endfacet
  facet normal -0.619025 0.785372 0
    outer loop
      vertex 9.88168 81.7865 3.8
      vertex 9.97417 81.8594 0
      vertex 9.88168 81.7865 0
    endloop
  endfacet
  facet normal -0.938096 0.346374 0
    outer loop
      vertex 10.3858 82.426 0
      vertex 10.4266 82.5365 3.8
      vertex 10.4266 82.5365 0
    endloop
  endfacet
  facet normal -0.938096 0.346374 0
    outer loop
      vertex 10.4266 82.5365 3.8
      vertex 10.3858 82.426 0
      vertex 10.3858 82.426 3.8
    endloop
  endfacet
  facet normal -0.999237 0.0390526 0
    outer loop
      vertex 10.4954 82.8823 0
      vertex 10.5 83 3.8
      vertex 10.5 83 0
    endloop
  endfacet
  facet normal -0.999237 0.0390526 0
    outer loop
      vertex 10.5 83 3.8
      vertex 10.4954 82.8823 0
      vertex 10.4954 82.8823 3.8
    endloop
  endfacet
  facet normal 0.346374 0.938096 -0
    outer loop
      vertex 8.53647 81.5734 0
      vertex 8.42597 81.6142 3.8
      vertex 8.53647 81.5734 3.8
    endloop
  endfacet
  facet normal 0.346374 0.938096 0
    outer loop
      vertex 8.42597 81.6142 3.8
      vertex 8.53647 81.5734 0
      vertex 8.42597 81.6142 0
    endloop
  endfacet
  facet normal -0.0390559 0.999237 0
    outer loop
      vertex 9.11769 81.5046 0
      vertex 9 81.5 3.8
      vertex 9.11769 81.5046 3.8
    endloop
  endfacet
  facet normal -0.0390559 0.999237 0
    outer loop
      vertex 9 81.5 3.8
      vertex 9.11769 81.5046 0
      vertex 9 81.5 0
    endloop
  endfacet
  facet normal 0.785322 0.619088 0
    outer loop
      vertex 7.85939 82.0258 5
      vertex 7.78647 82.1183 0
      vertex 7.78647 82.1183 5
    endloop
  endfacet
  facet normal 0.785322 0.619088 0
    outer loop
      vertex 7.78647 82.1183 0
      vertex 7.85939 82.0258 5
      vertex 7.85939 82.0258 0
    endloop
  endfacet
  facet normal 0.96242 0.271567 0
    outer loop
      vertex 7.57341 82.5365 5
      vertex 7.54144 82.6498 0
      vertex 7.54144 82.6498 5
    endloop
  endfacet
  facet normal 0.96242 0.271567 0
    outer loop
      vertex 7.54144 82.6498 0
      vertex 7.57341 82.5365 5
      vertex 7.57341 82.5365 0
    endloop
  endfacet
  facet normal -0.999237 -0.0390559 0
    outer loop
      vertex 84.5 9 0
      vertex 84.4954 9.11769 5
      vertex 84.4954 9.11769 0
    endloop
  endfacet
  facet normal -0.999237 -0.0390559 0
    outer loop
      vertex 84.4954 9.11769 5
      vertex 84.5 9 0
      vertex 84.5 9 5
    endloop
  endfacet
  facet normal 0.999237 0.0390559 0
    outer loop
      vertex 81.5046 8.88231 3.8
      vertex 81.5 9 0
      vertex 81.5 9 3.8
    endloop
  endfacet
  facet normal 0.999237 0.0390559 0
    outer loop
      vertex 81.5 9 0
      vertex 81.5046 8.88231 3.8
      vertex 81.5046 8.88231 0
    endloop
  endfacet
  facet normal 0.0390526 -0.999237 0
    outer loop
      vertex 82.8823 10.4954 0
      vertex 83 10.5 3.8
      vertex 82.8823 10.4954 3.8
    endloop
  endfacet
  facet normal 0.0390526 -0.999237 0
    outer loop
      vertex 83 10.5 3.8
      vertex 82.8823 10.4954 0
      vertex 83 10.5 0
    endloop
  endfacet
  facet normal -0.679578 -0.733603 -0
    outer loop
      vertex 83.9742 10.1406 3.8
      vertex 83.9742 10.1406 0
      vertex 84 10.1167 3.8
    endloop
  endfacet
  facet normal -0.678079 -0.734989 0
    outer loop
      vertex 84 10.1167 3.8
      vertex 84.0607 10.0607 5
      vertex 84 10.1167 5
    endloop
  endfacet
  facet normal -0.678527 -0.734575 -1.32523e-05
    outer loop
      vertex 84.0607 10.0607 0
      vertex 84 10.1167 3.8
      vertex 83.9742 10.1406 0
    endloop
  endfacet
  facet normal -0.678079 -0.734989 0
    outer loop
      vertex 84 10.1167 3.8
      vertex 84.0607 10.0607 0
      vertex 84.0607 10.0607 5
    endloop
  endfacet
  facet normal 0.734693 -0.6784 0
    outer loop
      vertex 81.8594 9.97417 3.8
      vertex 81.9393 10.0607 0
      vertex 81.9393 10.0607 3.8
    endloop
  endfacet
  facet normal 0.734693 -0.6784 0
    outer loop
      vertex 81.9393 10.0607 0
      vertex 81.8594 9.97417 3.8
      vertex 81.8594 9.97417 0
    endloop
  endfacet
  facet normal 0.418466 -0.908232 0
    outer loop
      vertex 82.319 10.3365 0
      vertex 82.426 10.3858 3.8
      vertex 82.319 10.3365 3.8
    endloop
  endfacet
  facet normal 0.418466 -0.908232 0
    outer loop
      vertex 82.426 10.3858 3.8
      vertex 82.319 10.3365 0
      vertex 82.426 10.3858 0
    endloop
  endfacet
  facet normal -0.908188 -0.418563 0
    outer loop
      vertex 84.3858 9.57402 0
      vertex 84.3365 9.68099 5
      vertex 84.3365 9.68099 0
    endloop
  endfacet
  facet normal -0.908188 -0.418563 0
    outer loop
      vertex 84.3365 9.68099 5
      vertex 84.3858 9.57402 0
      vertex 84.3858 9.57402 5
    endloop
  endfacet
  facet normal -0.346374 -0.938096 0
    outer loop
      vertex 83.4635 10.4266 0
      vertex 83.574 10.3858 3.8
      vertex 83.4635 10.4266 3.8
    endloop
  endfacet
  facet normal -0.346374 -0.938096 -0
    outer loop
      vertex 83.574 10.3858 3.8
      vertex 83.4635 10.4266 0
      vertex 83.574 10.3858 0
    endloop
  endfacet
  facet normal -0.555679 -0.831397 0
    outer loop
      vertex 83.7837 10.279 0
      vertex 83.8817 10.2135 3.8
      vertex 83.7837 10.279 3.8
    endloop
  endfacet
  facet normal -0.555679 -0.831397 -0
    outer loop
      vertex 83.8817 10.2135 3.8
      vertex 83.7837 10.279 0
      vertex 83.8817 10.2135 0
    endloop
  endfacet
  facet normal 0.938096 -0.346374 0
    outer loop
      vertex 81.5734 9.46352 3.8
      vertex 81.6142 9.57402 0
      vertex 81.6142 9.57402 3.8
    endloop
  endfacet
  facet normal 0.938096 -0.346374 0
    outer loop
      vertex 81.6142 9.57402 0
      vertex 81.5734 9.46352 3.8
      vertex 81.5734 9.46352 0
    endloop
  endfacet
  facet normal 0.271803 -0.962353 0
    outer loop
      vertex 82.5365 10.4266 0
      vertex 82.6498 10.4586 3.8
      vertex 82.5365 10.4266 3.8
    endloop
  endfacet
  facet normal 0.271803 -0.962353 0
    outer loop
      vertex 82.6498 10.4586 3.8
      vertex 82.5365 10.4266 0
      vertex 82.6498 10.4586 0
    endloop
  endfacet
  facet normal -0.962391 0.27167 0
    outer loop
      vertex 84.4266 8.53647 0
      vertex 84.4586 8.64983 5
      vertex 84.4586 8.64983 0
    endloop
  endfacet
  facet normal -0.962391 0.27167 0
    outer loop
      vertex 84.4586 8.64983 5
      vertex 84.4266 8.53647 0
      vertex 84.4266 8.53647 5
    endloop
  endfacet
  facet normal -0.962384 -0.271692 0
    outer loop
      vertex 84.4586 9.35017 0
      vertex 84.4266 9.46352 5
      vertex 84.4266 9.46352 0
    endloop
  endfacet
  facet normal -0.962384 -0.271692 0
    outer loop
      vertex 84.4266 9.46352 5
      vertex 84.4586 9.35017 0
      vertex 84.4586 9.35017 5
    endloop
  endfacet
  facet normal -0.993012 -0.118014 0
    outer loop
      vertex 84.4954 9.11769 0
      vertex 84.4815 9.23465 5
      vertex 84.4815 9.23465 0
    endloop
  endfacet
  facet normal -0.993012 -0.118014 0
    outer loop
      vertex 84.4815 9.23465 5
      vertex 84.4954 9.11769 0
      vertex 84.4954 9.11769 5
    endloop
  endfacet
  facet normal -0.938096 -0.346374 0
    outer loop
      vertex 84.4266 9.46352 0
      vertex 84.3858 9.57402 5
      vertex 84.3858 9.57402 0
    endloop
  endfacet
  facet normal -0.938096 -0.346374 0
    outer loop
      vertex 84.3858 9.57402 5
      vertex 84.4266 9.46352 0
      vertex 84.4266 9.46352 5
    endloop
  endfacet
  facet normal -0.785372 -0.619025 0
    outer loop
      vertex 84.2135 9.88168 0
      vertex 84.1406 9.97417 5
      vertex 84.1406 9.97417 0
    endloop
  endfacet
  facet normal -0.785372 -0.619025 0
    outer loop
      vertex 84.1406 9.97417 5
      vertex 84.2135 9.88168 0
      vertex 84.2135 9.88168 5
    endloop
  endfacet
  facet normal -0.734693 -0.6784 0
    outer loop
      vertex 84.1406 9.97417 0
      vertex 84.0607 10.0607 5
      vertex 84.0607 10.0607 0
    endloop
  endfacet
  facet normal -0.734693 -0.6784 0
    outer loop
      vertex 84.0607 10.0607 5
      vertex 84.1406 9.97417 0
      vertex 84.1406 9.97417 5
    endloop
  endfacet
  facet normal -0.872671 -0.488309 0
    outer loop
      vertex 84.3365 9.68099 0
      vertex 84.279 9.78375 5
      vertex 84.279 9.78375 0
    endloop
  endfacet
  facet normal -0.872671 -0.488309 0
    outer loop
      vertex 84.279 9.78375 5
      vertex 84.3365 9.68099 0
      vertex 84.3365 9.68099 5
    endloop
  endfacet
  facet normal -0.194321 -0.980938 0
    outer loop
      vertex 83.2346 10.4815 0
      vertex 83.3502 10.4586 3.8
      vertex 83.2346 10.4815 3.8
    endloop
  endfacet
  facet normal -0.194321 -0.980938 -0
    outer loop
      vertex 83.3502 10.4586 3.8
      vertex 83.2346 10.4815 0
      vertex 83.3502 10.4586 0
    endloop
  endfacet
  facet normal -0.271803 -0.962353 0
    outer loop
      vertex 83.3502 10.4586 0
      vertex 83.4635 10.4266 3.8
      vertex 83.3502 10.4586 3.8
    endloop
  endfacet
  facet normal -0.271803 -0.962353 -0
    outer loop
      vertex 83.4635 10.4266 3.8
      vertex 83.3502 10.4586 0
      vertex 83.4635 10.4266 0
    endloop
  endfacet
  facet normal -0.488526 -0.872549 0
    outer loop
      vertex 83.681 10.3365 0
      vertex 83.7837 10.279 3.8
      vertex 83.681 10.3365 3.8
    endloop
  endfacet
  facet normal -0.488526 -0.872549 -0
    outer loop
      vertex 83.7837 10.279 3.8
      vertex 83.681 10.3365 0
      vertex 83.7837 10.279 0
    endloop
  endfacet
  facet normal -0.618983 -0.785404 0
    outer loop
      vertex 83.8817 10.2135 0
      vertex 83.9742 10.1406 3.8
      vertex 83.8817 10.2135 3.8
    endloop
  endfacet
  facet normal -0.618983 -0.785404 -0
    outer loop
      vertex 83.9742 10.1406 3.8
      vertex 83.8817 10.2135 0
      vertex 83.9742 10.1406 0
    endloop
  endfacet
  facet normal 0.980912 -0.19445 0
    outer loop
      vertex 81.5185 9.23465 3.8
      vertex 81.5414 9.35017 0
      vertex 81.5414 9.35017 3.8
    endloop
  endfacet
  facet normal 0.980912 -0.19445 0
    outer loop
      vertex 81.5414 9.35017 0
      vertex 81.5185 9.23465 3.8
      vertex 81.5185 9.23465 0
    endloop
  endfacet
  facet normal 0.831214 -0.555953 0
    outer loop
      vertex 81.721 9.78375 3.8
      vertex 81.7865 9.88168 0
      vertex 81.7865 9.88168 3.8
    endloop
  endfacet
  facet normal 0.831214 -0.555953 0
    outer loop
      vertex 81.7865 9.88168 0
      vertex 81.721 9.78375 3.8
      vertex 81.721 9.78375 0
    endloop
  endfacet
  facet normal 0.785372 -0.619025 0
    outer loop
      vertex 81.7865 9.88168 3.8
      vertex 81.8594 9.97417 0
      vertex 81.8594 9.97417 3.8
    endloop
  endfacet
  facet normal 0.785372 -0.619025 0
    outer loop
      vertex 81.8594 9.97417 0
      vertex 81.7865 9.88168 3.8
      vertex 81.7865 9.88168 0
    endloop
  endfacet
  facet normal 0.872671 -0.488309 0
    outer loop
      vertex 81.6635 9.68099 3.8
      vertex 81.721 9.78375 0
      vertex 81.721 9.78375 3.8
    endloop
  endfacet
  facet normal 0.872671 -0.488309 0
    outer loop
      vertex 81.721 9.78375 0
      vertex 81.6635 9.68099 3.8
      vertex 81.6635 9.68099 0
    endloop
  endfacet
  facet normal 0.962384 -0.271692 0
    outer loop
      vertex 81.5414 9.35017 3.8
      vertex 81.5734 9.46352 0
      vertex 81.5734 9.46352 3.8
    endloop
  endfacet
  facet normal 0.962384 -0.271692 0
    outer loop
      vertex 81.5734 9.46352 0
      vertex 81.5414 9.35017 3.8
      vertex 81.5414 9.35017 0
    endloop
  endfacet
  facet normal 0.993012 -0.118014 0
    outer loop
      vertex 81.5046 9.11769 3.8
      vertex 81.5185 9.23465 0
      vertex 81.5185 9.23465 3.8
    endloop
  endfacet
  facet normal 0.993012 -0.118014 0
    outer loop
      vertex 81.5185 9.23465 0
      vertex 81.5046 9.11769 3.8
      vertex 81.5046 9.11769 0
    endloop
  endfacet
  facet normal 0.618983 -0.785404 0
    outer loop
      vertex 82.0258 10.1406 0
      vertex 82.1183 10.2135 3.8
      vertex 82.0258 10.1406 3.8
    endloop
  endfacet
  facet normal 0.618983 -0.785404 0
    outer loop
      vertex 82.1183 10.2135 3.8
      vertex 82.0258 10.1406 0
      vertex 82.1183 10.2135 0
    endloop
  endfacet
  facet normal 0.488164 -0.872752 0
    outer loop
      vertex 82.2162 10.279 0
      vertex 82.319 10.3365 3.8
      vertex 82.2162 10.279 3.8
    endloop
  endfacet
  facet normal 0.488164 -0.872752 0
    outer loop
      vertex 82.319 10.3365 3.8
      vertex 82.2162 10.279 0
      vertex 82.319 10.3365 0
    endloop
  endfacet
  facet normal 0.678527 -0.734575 0
    outer loop
      vertex 81.9393 10.0607 0
      vertex 82.0258 10.1406 3.8
      vertex 81.9393 10.0607 3.8
    endloop
  endfacet
  facet normal 0.678527 -0.734575 0
    outer loop
      vertex 82.0258 10.1406 3.8
      vertex 81.9393 10.0607 0
      vertex 82.0258 10.1406 0
    endloop
  endfacet
  facet normal 0.346374 -0.938096 0
    outer loop
      vertex 82.426 10.3858 0
      vertex 82.5365 10.4266 3.8
      vertex 82.426 10.3858 3.8
    endloop
  endfacet
  facet normal 0.346374 -0.938096 0
    outer loop
      vertex 82.5365 10.4266 3.8
      vertex 82.426 10.3858 0
      vertex 82.5365 10.4266 0
    endloop
  endfacet
  facet normal 0.118073 -0.993005 0
    outer loop
      vertex 82.7654 10.4815 0
      vertex 82.8823 10.4954 3.8
      vertex 82.7654 10.4815 3.8
    endloop
  endfacet
  facet normal 0.118073 -0.993005 0
    outer loop
      vertex 82.8823 10.4954 3.8
      vertex 82.7654 10.4815 0
      vertex 82.8823 10.4954 0
    endloop
  endfacet
  facet normal -0.117654 0.993055 0
    outer loop
      vertex 83.2346 7.51847 0
      vertex 83.1177 7.50462 5
      vertex 83.2346 7.51847 5
    endloop
  endfacet
  facet normal -0.117654 0.993055 0
    outer loop
      vertex 83.1177 7.50462 5
      vertex 83.2346 7.51847 0
      vertex 83.1177 7.50462 0
    endloop
  endfacet
  facet normal -0.34615 0.938179 0
    outer loop
      vertex 83.574 7.61418 0
      vertex 83.4635 7.57341 5
      vertex 83.574 7.61418 5
    endloop
  endfacet
  facet normal -0.34615 0.938179 0
    outer loop
      vertex 83.4635 7.57341 5
      vertex 83.574 7.61418 0
      vertex 83.4635 7.57341 0
    endloop
  endfacet
  facet normal -0.678756 0.734364 0
    outer loop
      vertex 84.0607 7.93934 0
      vertex 83.9742 7.85939 5
      vertex 84.0607 7.93934 5
    endloop
  endfacet
  facet normal -0.678756 0.734364 0
    outer loop
      vertex 83.9742 7.85939 5
      vertex 84.0607 7.93934 0
      vertex 83.9742 7.85939 0
    endloop
  endfacet
  facet normal -0.488849 0.872368 0
    outer loop
      vertex 83.7837 7.72104 0
      vertex 83.681 7.66349 5
      vertex 83.7837 7.72104 5
    endloop
  endfacet
  facet normal -0.488849 0.872368 0
    outer loop
      vertex 83.681 7.66349 5
      vertex 83.7837 7.72104 0
      vertex 83.681 7.66349 0
    endloop
  endfacet
  facet normal -0.785372 0.619025 0
    outer loop
      vertex 84.1406 8.02583 0
      vertex 84.2135 8.11832 5
      vertex 84.2135 8.11832 0
    endloop
  endfacet
  facet normal -0.785372 0.619025 0
    outer loop
      vertex 84.2135 8.11832 5
      vertex 84.1406 8.02583 0
      vertex 84.1406 8.02583 5
    endloop
  endfacet
  facet normal -0.872671 0.488309 0
    outer loop
      vertex 84.279 8.21625 0
      vertex 84.3365 8.31901 5
      vertex 84.3365 8.31901 0
    endloop
  endfacet
  facet normal -0.872671 0.488309 0
    outer loop
      vertex 84.3365 8.31901 5
      vertex 84.279 8.21625 0
      vertex 84.279 8.21625 5
    endloop
  endfacet
  facet normal 0.619088 0.785322 -0
    outer loop
      vertex 82.1183 7.78647 0
      vertex 82.0258 7.85939 5
      vertex 82.1183 7.78647 5
    endloop
  endfacet
  facet normal 0.619088 0.785322 0
    outer loop
      vertex 82.0258 7.85939 5
      vertex 82.1183 7.78647 0
      vertex 82.0258 7.85939 0
    endloop
  endfacet
  facet normal 0.488487 0.872571 -0
    outer loop
      vertex 82.319 7.66349 0
      vertex 82.2162 7.72104 5
      vertex 82.319 7.66349 5
    endloop
  endfacet
  facet normal 0.488487 0.872571 0
    outer loop
      vertex 82.2162 7.72104 5
      vertex 82.319 7.66349 0
      vertex 82.2162 7.72104 0
    endloop
  endfacet
  facet normal 0.271567 0.96242 -0
    outer loop
      vertex 82.6498 7.54144 0
      vertex 82.5365 7.57341 5
      vertex 82.6498 7.54144 5
    endloop
  endfacet
  facet normal 0.271567 0.96242 0
    outer loop
      vertex 82.5365 7.57341 5
      vertex 82.6498 7.54144 0
      vertex 82.5365 7.57341 0
    endloop
  endfacet
  facet normal 0.117654 0.993055 -0
    outer loop
      vertex 82.8823 7.50462 0
      vertex 82.7654 7.51847 5
      vertex 82.8823 7.50462 5
    endloop
  endfacet
  facet normal 0.117654 0.993055 0
    outer loop
      vertex 82.7654 7.51847 5
      vertex 82.8823 7.50462 0
      vertex 82.7654 7.51847 0
    endloop
  endfacet
  facet normal 0.785372 0.619025 0
    outer loop
      vertex 81.8594 8.02583 3.8
      vertex 81.7865 8.11832 0
      vertex 81.7865 8.11832 3.8
    endloop
  endfacet
  facet normal 0.785372 0.619025 0
    outer loop
      vertex 81.7865 8.11832 0
      vertex 81.8594 8.02583 3.8
      vertex 81.8594 8.02583 0
    endloop
  endfacet
  facet normal 0.872671 0.488309 0
    outer loop
      vertex 81.721 8.21625 3.8
      vertex 81.6635 8.31901 0
      vertex 81.6635 8.31901 3.8
    endloop
  endfacet
  facet normal 0.872671 0.488309 0
    outer loop
      vertex 81.6635 8.31901 0
      vertex 81.721 8.21625 3.8
      vertex 81.721 8.21625 0
    endloop
  endfacet
  facet normal 0.734766 0.67832 0
    outer loop
      vertex 81.8833 8 5
      vertex 81.9393 7.93934 5
      vertex 81.8833 8 3.8
    endloop
  endfacet
  facet normal 0.733997 0.679153 0
    outer loop
      vertex 81.8833 8 3.8
      vertex 81.8594 8.02583 0
      vertex 81.8594 8.02583 3.8
    endloop
  endfacet
  facet normal 0.734766 0.67832 -0
    outer loop
      vertex 81.9393 7.93934 0
      vertex 81.8833 8 3.8
      vertex 81.9393 7.93934 5
    endloop
  endfacet
  facet normal 0.734536 0.678569 -7.36186e-06
    outer loop
      vertex 81.8833 8 3.8
      vertex 81.9393 7.93934 0
      vertex 81.8594 8.02583 0
    endloop
  endfacet
  facet normal 0.938096 0.346374 0
    outer loop
      vertex 81.6142 8.42597 3.8
      vertex 81.5734 8.53647 0
      vertex 81.5734 8.53647 3.8
    endloop
  endfacet
  facet normal 0.938096 0.346374 0
    outer loop
      vertex 81.5734 8.53647 0
      vertex 81.6142 8.42597 3.8
      vertex 81.6142 8.42597 0
    endloop
  endfacet
  facet normal 0.993012 0.118014 0
    outer loop
      vertex 81.5185 8.76535 3.8
      vertex 81.5046 8.88231 0
      vertex 81.5046 8.88231 3.8
    endloop
  endfacet
  facet normal 0.993012 0.118014 0
    outer loop
      vertex 81.5046 8.88231 0
      vertex 81.5185 8.76535 3.8
      vertex 81.5185 8.76535 0
    endloop
  endfacet
  facet normal -0.980912 -0.19445 0
    outer loop
      vertex 84.4815 9.23465 0
      vertex 84.4586 9.35017 5
      vertex 84.4586 9.35017 0
    endloop
  endfacet
  facet normal -0.980912 -0.19445 0
    outer loop
      vertex 84.4586 9.35017 5
      vertex 84.4815 9.23465 0
      vertex 84.4815 9.23465 5
    endloop
  endfacet
  facet normal -0.831214 -0.555953 0
    outer loop
      vertex 84.279 9.78375 0
      vertex 84.2135 9.88168 5
      vertex 84.2135 9.88168 0
    endloop
  endfacet
  facet normal -0.831214 -0.555953 0
    outer loop
      vertex 84.2135 9.88168 5
      vertex 84.279 9.78375 0
      vertex 84.279 9.78375 5
    endloop
  endfacet
  facet normal -0.118073 -0.993005 0
    outer loop
      vertex 83.1177 10.4954 0
      vertex 83.2346 10.4815 3.8
      vertex 83.1177 10.4954 3.8
    endloop
  endfacet
  facet normal -0.118073 -0.993005 -0
    outer loop
      vertex 83.2346 10.4815 3.8
      vertex 83.1177 10.4954 0
      vertex 83.2346 10.4815 0
    endloop
  endfacet
  facet normal -0.0390526 -0.999237 0
    outer loop
      vertex 83 10.5 0
      vertex 83.1177 10.4954 3.8
      vertex 83 10.5 3.8
    endloop
  endfacet
  facet normal -0.0390526 -0.999237 -0
    outer loop
      vertex 83.1177 10.4954 3.8
      vertex 83 10.5 0
      vertex 83.1177 10.4954 0
    endloop
  endfacet
  facet normal -0.418466 -0.908232 0
    outer loop
      vertex 83.574 10.3858 0
      vertex 83.681 10.3365 3.8
      vertex 83.574 10.3858 3.8
    endloop
  endfacet
  facet normal -0.418466 -0.908232 -0
    outer loop
      vertex 83.681 10.3365 3.8
      vertex 83.574 10.3858 0
      vertex 83.681 10.3365 0
    endloop
  endfacet
  facet normal 0.908188 -0.418563 0
    outer loop
      vertex 81.6142 9.57402 3.8
      vertex 81.6635 9.68099 0
      vertex 81.6635 9.68099 3.8
    endloop
  endfacet
  facet normal 0.908188 -0.418563 0
    outer loop
      vertex 81.6635 9.68099 0
      vertex 81.6142 9.57402 3.8
      vertex 81.6142 9.57402 0
    endloop
  endfacet
  facet normal 0.999237 -0.0390559 0
    outer loop
      vertex 81.5 9 3.8
      vertex 81.5046 9.11769 0
      vertex 81.5046 9.11769 3.8
    endloop
  endfacet
  facet normal 0.999237 -0.0390559 0
    outer loop
      vertex 81.5046 9.11769 0
      vertex 81.5 9 3.8
      vertex 81.5 9 0
    endloop
  endfacet
  facet normal 0.556071 -0.831135 0
    outer loop
      vertex 82.1183 10.2135 0
      vertex 82.2162 10.279 3.8
      vertex 82.1183 10.2135 3.8
    endloop
  endfacet
  facet normal 0.556071 -0.831135 0
    outer loop
      vertex 82.2162 10.279 3.8
      vertex 82.1183 10.2135 0
      vertex 82.2162 10.279 0
    endloop
  endfacet
  facet normal 0.194321 -0.980938 0
    outer loop
      vertex 82.6498 10.4586 0
      vertex 82.7654 10.4815 3.8
      vertex 82.6498 10.4586 3.8
    endloop
  endfacet
  facet normal 0.194321 -0.980938 0
    outer loop
      vertex 82.7654 10.4815 3.8
      vertex 82.6498 10.4586 0
      vertex 82.7654 10.4815 0
    endloop
  endfacet
  facet normal -0.194892 0.980825 0
    outer loop
      vertex 83.3502 7.54144 0
      vertex 83.2346 7.51847 5
      vertex 83.3502 7.54144 5
    endloop
  endfacet
  facet normal -0.194892 0.980825 0
    outer loop
      vertex 83.2346 7.51847 5
      vertex 83.3502 7.54144 0
      vertex 83.2346 7.51847 0
    endloop
  endfacet
  facet normal -0.418536 0.9082 0
    outer loop
      vertex 83.681 7.66349 0
      vertex 83.574 7.61418 5
      vertex 83.681 7.66349 5
    endloop
  endfacet
  facet normal -0.418536 0.9082 0
    outer loop
      vertex 83.574 7.61418 5
      vertex 83.681 7.66349 0
      vertex 83.574 7.61418 0
    endloop
  endfacet
  facet normal -0.734536 0.678569 0
    outer loop
      vertex 84.0607 7.93934 0
      vertex 84.1406 8.02583 5
      vertex 84.1406 8.02583 0
    endloop
  endfacet
  facet normal -0.734536 0.678569 0
    outer loop
      vertex 84.1406 8.02583 5
      vertex 84.0607 7.93934 0
      vertex 84.0607 7.93934 5
    endloop
  endfacet
  facet normal -0.555268 0.831671 0
    outer loop
      vertex 83.8817 7.78647 0
      vertex 83.7837 7.72104 5
      vertex 83.8817 7.78647 5
    endloop
  endfacet
  facet normal -0.555268 0.831671 0
    outer loop
      vertex 83.7837 7.72104 5
      vertex 83.8817 7.78647 0
      vertex 83.7837 7.72104 0
    endloop
  endfacet
  facet normal -0.831214 0.555953 0
    outer loop
      vertex 84.2135 8.11832 0
      vertex 84.279 8.21625 5
      vertex 84.279 8.21625 0
    endloop
  endfacet
  facet normal -0.831214 0.555953 0
    outer loop
      vertex 84.279 8.21625 5
      vertex 84.2135 8.11832 0
      vertex 84.2135 8.11832 5
    endloop
  endfacet
  facet normal -0.908173 0.418595 0
    outer loop
      vertex 84.3365 8.31901 0
      vertex 84.3858 8.42597 5
      vertex 84.3858 8.42597 0
    endloop
  endfacet
  facet normal -0.908173 0.418595 0
    outer loop
      vertex 84.3858 8.42597 5
      vertex 84.3365 8.31901 0
      vertex 84.3365 8.31901 5
    endloop
  endfacet
  facet normal -0.980912 0.19445 0
    outer loop
      vertex 84.4586 8.64983 0
      vertex 84.4815 8.76535 5
      vertex 84.4815 8.76535 0
    endloop
  endfacet
  facet normal -0.980912 0.19445 0
    outer loop
      vertex 84.4815 8.76535 5
      vertex 84.4586 8.64983 0
      vertex 84.4586 8.64983 5
    endloop
  endfacet
  facet normal -0.993012 0.118014 0
    outer loop
      vertex 84.4815 8.76535 0
      vertex 84.4954 8.88231 5
      vertex 84.4954 8.88231 0
    endloop
  endfacet
  facet normal -0.993012 0.118014 0
    outer loop
      vertex 84.4954 8.88231 5
      vertex 84.4815 8.76535 0
      vertex 84.4815 8.76535 5
    endloop
  endfacet
  facet normal 0.55566 0.83141 -0
    outer loop
      vertex 82.2162 7.72104 0
      vertex 82.1183 7.78647 5
      vertex 82.2162 7.72104 5
    endloop
  endfacet
  facet normal 0.55566 0.83141 0
    outer loop
      vertex 82.1183 7.78647 5
      vertex 82.2162 7.72104 0
      vertex 82.1183 7.78647 0
    endloop
  endfacet
  facet normal 0.418536 0.9082 -0
    outer loop
      vertex 82.426 7.61418 0
      vertex 82.319 7.66349 5
      vertex 82.426 7.61418 5
    endloop
  endfacet
  facet normal 0.418536 0.9082 0
    outer loop
      vertex 82.319 7.66349 5
      vertex 82.426 7.61418 0
      vertex 82.319 7.66349 0
    endloop
  endfacet
  facet normal 0.194892 0.980825 -0
    outer loop
      vertex 82.7654 7.51847 0
      vertex 82.6498 7.54144 5
      vertex 82.7654 7.51847 5
    endloop
  endfacet
  facet normal 0.194892 0.980825 0
    outer loop
      vertex 82.6498 7.54144 5
      vertex 82.7654 7.51847 0
      vertex 82.6498 7.54144 0
    endloop
  endfacet
  facet normal 0.0392221 0.999231 -0
    outer loop
      vertex 83 7.5 0
      vertex 82.8823 7.50462 5
      vertex 83 7.5 5
    endloop
  endfacet
  facet normal 0.0392221 0.999231 0
    outer loop
      vertex 82.8823 7.50462 5
      vertex 83 7.5 0
      vertex 82.8823 7.50462 0
    endloop
  endfacet
  facet normal 0.831214 0.555953 0
    outer loop
      vertex 81.7865 8.11832 3.8
      vertex 81.721 8.21625 0
      vertex 81.721 8.21625 3.8
    endloop
  endfacet
  facet normal 0.831214 0.555953 0
    outer loop
      vertex 81.721 8.21625 0
      vertex 81.7865 8.11832 3.8
      vertex 81.7865 8.11832 0
    endloop
  endfacet
  facet normal 0.678756 0.734364 -0
    outer loop
      vertex 82.0258 7.85939 0
      vertex 81.9393 7.93934 5
      vertex 82.0258 7.85939 5
    endloop
  endfacet
  facet normal 0.678756 0.734364 0
    outer loop
      vertex 81.9393 7.93934 5
      vertex 82.0258 7.85939 0
      vertex 81.9393 7.93934 0
    endloop
  endfacet
  facet normal 0.908173 0.418595 0
    outer loop
      vertex 81.6635 8.31901 3.8
      vertex 81.6142 8.42597 0
      vertex 81.6142 8.42597 3.8
    endloop
  endfacet
  facet normal 0.908173 0.418595 0
    outer loop
      vertex 81.6142 8.42597 0
      vertex 81.6635 8.31901 3.8
      vertex 81.6635 8.31901 0
    endloop
  endfacet
  facet normal 0.980912 0.19445 0
    outer loop
      vertex 81.5414 8.64983 3.8
      vertex 81.5185 8.76535 0
      vertex 81.5185 8.76535 3.8
    endloop
  endfacet
  facet normal 0.980912 0.19445 0
    outer loop
      vertex 81.5185 8.76535 0
      vertex 81.5414 8.64983 3.8
      vertex 81.5414 8.64983 0
    endloop
  endfacet
  facet normal -0.271567 0.96242 0
    outer loop
      vertex 83.4635 7.57341 0
      vertex 83.3502 7.54144 5
      vertex 83.4635 7.57341 5
    endloop
  endfacet
  facet normal -0.271567 0.96242 0
    outer loop
      vertex 83.3502 7.54144 5
      vertex 83.4635 7.57341 0
      vertex 83.3502 7.54144 0
    endloop
  endfacet
  facet normal -0.619088 0.785322 0
    outer loop
      vertex 83.9742 7.85939 0
      vertex 83.8817 7.78647 5
      vertex 83.9742 7.85939 5
    endloop
  endfacet
  facet normal -0.619088 0.785322 0
    outer loop
      vertex 83.8817 7.78647 5
      vertex 83.9742 7.85939 0
      vertex 83.8817 7.78647 0
    endloop
  endfacet
  facet normal -0.938096 0.346374 0
    outer loop
      vertex 84.3858 8.42597 0
      vertex 84.4266 8.53647 5
      vertex 84.4266 8.53647 0
    endloop
  endfacet
  facet normal -0.938096 0.346374 0
    outer loop
      vertex 84.4266 8.53647 5
      vertex 84.3858 8.42597 0
      vertex 84.3858 8.42597 5
    endloop
  endfacet
  facet normal -0.999237 0.0390559 0
    outer loop
      vertex 84.4954 8.88231 0
      vertex 84.5 9 5
      vertex 84.5 9 0
    endloop
  endfacet
  facet normal -0.999237 0.0390559 0
    outer loop
      vertex 84.5 9 5
      vertex 84.4954 8.88231 0
      vertex 84.4954 8.88231 5
    endloop
  endfacet
  facet normal 0.34615 0.938179 -0
    outer loop
      vertex 82.5365 7.57341 0
      vertex 82.426 7.61418 5
      vertex 82.5365 7.57341 5
    endloop
  endfacet
  facet normal 0.34615 0.938179 0
    outer loop
      vertex 82.426 7.61418 5
      vertex 82.5365 7.57341 0
      vertex 82.426 7.61418 0
    endloop
  endfacet
  facet normal -0.0392221 0.999231 0
    outer loop
      vertex 83.1177 7.50462 0
      vertex 83 7.5 5
      vertex 83.1177 7.50462 5
    endloop
  endfacet
  facet normal -0.0392221 0.999231 0
    outer loop
      vertex 83 7.5 5
      vertex 83.1177 7.50462 0
      vertex 83 7.5 0
    endloop
  endfacet
  facet normal 0.962391 0.27167 0
    outer loop
      vertex 81.5734 8.53647 3.8
      vertex 81.5414 8.64983 0
      vertex 81.5414 8.64983 3.8
    endloop
  endfacet
  facet normal 0.962391 0.27167 0
    outer loop
      vertex 81.5414 8.64983 0
      vertex 81.5734 8.53647 3.8
      vertex 81.5734 8.53647 0
    endloop
  endfacet
  facet normal -0.999237 -0.0390526 0
    outer loop
      vertex 84.5 83 0
      vertex 84.4954 83.1177 5
      vertex 84.4954 83.1177 0
    endloop
  endfacet
  facet normal -0.999237 -0.0390526 0
    outer loop
      vertex 84.4954 83.1177 5
      vertex 84.5 83 0
      vertex 84.5 83 5
    endloop
  endfacet
  facet normal 0.0390526 -0.999237 0
    outer loop
      vertex 82.8823 84.4954 0
      vertex 83 84.5 5
      vertex 82.8823 84.4954 5
    endloop
  endfacet
  facet normal 0.0390526 -0.999237 0
    outer loop
      vertex 83 84.5 5
      vertex 82.8823 84.4954 0
      vertex 83 84.5 0
    endloop
  endfacet
  facet normal -0.678527 -0.734575 0
    outer loop
      vertex 83.9742 84.1406 0
      vertex 84.0607 84.0607 5
      vertex 83.9742 84.1406 5
    endloop
  endfacet
  facet normal -0.678527 -0.734575 -0
    outer loop
      vertex 84.0607 84.0607 5
      vertex 83.9742 84.1406 0
      vertex 84.0607 84.0607 0
    endloop
  endfacet
  facet normal 0.734989 -0.678079 0
    outer loop
      vertex 81.8833 84 3.8
      vertex 81.9393 84.0607 5
      vertex 81.8833 84 5
    endloop
  endfacet
  facet normal 0.734989 -0.678079 0
    outer loop
      vertex 81.9393 84.0607 5
      vertex 81.8833 84 3.8
      vertex 81.9393 84.0607 0
    endloop
  endfacet
  facet normal 0.733603 -0.679578 0
    outer loop
      vertex 81.8594 83.9742 0
      vertex 81.8833 84 3.8
      vertex 81.8594 83.9742 3.8
    endloop
  endfacet
  facet normal 0.734575 -0.678527 -1.32523e-05
    outer loop
      vertex 81.8833 84 3.8
      vertex 81.8594 83.9742 0
      vertex 81.9393 84.0607 0
    endloop
  endfacet
  facet normal 0.418466 -0.908232 0
    outer loop
      vertex 82.319 84.3365 0
      vertex 82.426 84.3858 5
      vertex 82.319 84.3365 5
    endloop
  endfacet
  facet normal 0.418466 -0.908232 0
    outer loop
      vertex 82.426 84.3858 5
      vertex 82.319 84.3365 0
      vertex 82.426 84.3858 0
    endloop
  endfacet
  facet normal 0.908232 0.418466 0
    outer loop
      vertex 81.6635 82.319 3.8
      vertex 81.6142 82.426 0
      vertex 81.6142 82.426 3.8
    endloop
  endfacet
  facet normal 0.908232 0.418466 0
    outer loop
      vertex 81.6142 82.426 0
      vertex 81.6635 82.319 3.8
      vertex 81.6635 82.319 0
    endloop
  endfacet
  facet normal -0.908232 -0.418466 0
    outer loop
      vertex 84.3858 83.574 0
      vertex 84.3365 83.681 5
      vertex 84.3365 83.681 0
    endloop
  endfacet
  facet normal -0.908232 -0.418466 0
    outer loop
      vertex 84.3365 83.681 5
      vertex 84.3858 83.574 0
      vertex 84.3858 83.574 5
    endloop
  endfacet
  facet normal -0.346374 -0.938096 0
    outer loop
      vertex 83.4635 84.4266 0
      vertex 83.574 84.3858 5
      vertex 83.4635 84.4266 5
    endloop
  endfacet
  facet normal -0.346374 -0.938096 -0
    outer loop
      vertex 83.574 84.3858 5
      vertex 83.4635 84.4266 0
      vertex 83.574 84.3858 0
    endloop
  endfacet
  facet normal -0.555679 -0.831397 0
    outer loop
      vertex 83.7837 84.279 0
      vertex 83.8817 84.2135 5
      vertex 83.7837 84.279 5
    endloop
  endfacet
  facet normal -0.555679 -0.831397 -0
    outer loop
      vertex 83.8817 84.2135 5
      vertex 83.7837 84.279 0
      vertex 83.8817 84.2135 0
    endloop
  endfacet
  facet normal 0.938096 -0.346374 0
    outer loop
      vertex 81.5734 83.4635 3.8
      vertex 81.6142 83.574 0
      vertex 81.6142 83.574 3.8
    endloop
  endfacet
  facet normal 0.938096 -0.346374 0
    outer loop
      vertex 81.6142 83.574 0
      vertex 81.5734 83.4635 3.8
      vertex 81.5734 83.4635 0
    endloop
  endfacet
  facet normal 0.271803 -0.962353 0
    outer loop
      vertex 82.5365 84.4266 0
      vertex 82.6498 84.4586 5
      vertex 82.5365 84.4266 5
    endloop
  endfacet
  facet normal 0.271803 -0.962353 0
    outer loop
      vertex 82.6498 84.4586 5
      vertex 82.5365 84.4266 0
      vertex 82.6498 84.4586 0
    endloop
  endfacet
  facet normal -0.938096 0.346374 0
    outer loop
      vertex 84.3858 82.426 0
      vertex 84.4266 82.5365 5
      vertex 84.4266 82.5365 0
    endloop
  endfacet
  facet normal -0.938096 0.346374 0
    outer loop
      vertex 84.4266 82.5365 5
      vertex 84.3858 82.426 0
      vertex 84.3858 82.426 5
    endloop
  endfacet
  facet normal -0.962353 0.271803 0
    outer loop
      vertex 84.4266 82.5365 0
      vertex 84.4586 82.6498 5
      vertex 84.4586 82.6498 0
    endloop
  endfacet
  facet normal -0.962353 0.271803 0
    outer loop
      vertex 84.4586 82.6498 5
      vertex 84.4266 82.5365 0
      vertex 84.4266 82.5365 5
    endloop
  endfacet
  facet normal 0.346374 0.938096 -0
    outer loop
      vertex 82.5365 81.5734 0
      vertex 82.426 81.6142 3.8
      vertex 82.5365 81.5734 3.8
    endloop
  endfacet
  facet normal 0.346374 0.938096 0
    outer loop
      vertex 82.426 81.6142 3.8
      vertex 82.5365 81.5734 0
      vertex 82.426 81.6142 0
    endloop
  endfacet
  facet normal 0.962353 0.271803 0
    outer loop
      vertex 81.5734 82.5365 3.8
      vertex 81.5414 82.6498 0
      vertex 81.5414 82.6498 3.8
    endloop
  endfacet
  facet normal 0.962353 0.271803 0
    outer loop
      vertex 81.5414 82.6498 0
      vertex 81.5734 82.5365 3.8
      vertex 81.5734 82.5365 0
    endloop
  endfacet
  facet normal -0.962353 -0.271803 0
    outer loop
      vertex 84.4586 83.3502 0
      vertex 84.4266 83.4635 5
      vertex 84.4266 83.4635 0
    endloop
  endfacet
  facet normal -0.962353 -0.271803 0
    outer loop
      vertex 84.4266 83.4635 5
      vertex 84.4586 83.3502 0
      vertex 84.4586 83.3502 5
    endloop
  endfacet
  facet normal -0.993005 -0.118073 0
    outer loop
      vertex 84.4954 83.1177 0
      vertex 84.4815 83.2346 5
      vertex 84.4815 83.2346 0
    endloop
  endfacet
  facet normal -0.993005 -0.118073 0
    outer loop
      vertex 84.4815 83.2346 5
      vertex 84.4954 83.1177 0
      vertex 84.4954 83.1177 5
    endloop
  endfacet
  facet normal -0.938096 -0.346374 0
    outer loop
      vertex 84.4266 83.4635 0
      vertex 84.3858 83.574 5
      vertex 84.3858 83.574 0
    endloop
  endfacet
  facet normal -0.938096 -0.346374 0
    outer loop
      vertex 84.3858 83.574 5
      vertex 84.4266 83.4635 0
      vertex 84.4266 83.4635 5
    endloop
  endfacet
  facet normal -0.785404 -0.618983 0
    outer loop
      vertex 84.2135 83.8817 0
      vertex 84.1406 83.9742 5
      vertex 84.1406 83.9742 0
    endloop
  endfacet
  facet normal -0.785404 -0.618983 0
    outer loop
      vertex 84.1406 83.9742 5
      vertex 84.2135 83.8817 0
      vertex 84.2135 83.8817 5
    endloop
  endfacet
  facet normal -0.734575 -0.678527 0
    outer loop
      vertex 84.1406 83.9742 0
      vertex 84.0607 84.0607 5
      vertex 84.0607 84.0607 0
    endloop
  endfacet
  facet normal -0.734575 -0.678527 0
    outer loop
      vertex 84.0607 84.0607 5
      vertex 84.1406 83.9742 0
      vertex 84.1406 83.9742 5
    endloop
  endfacet
  facet normal -0.872549 -0.488526 0
    outer loop
      vertex 84.3365 83.681 0
      vertex 84.279 83.7837 5
      vertex 84.279 83.7837 0
    endloop
  endfacet
  facet normal -0.872549 -0.488526 0
    outer loop
      vertex 84.279 83.7837 5
      vertex 84.3365 83.681 0
      vertex 84.3365 83.681 5
    endloop
  endfacet
  facet normal -0.194321 -0.980938 0
    outer loop
      vertex 83.2346 84.4815 0
      vertex 83.3502 84.4586 5
      vertex 83.2346 84.4815 5
    endloop
  endfacet
  facet normal -0.194321 -0.980938 -0
    outer loop
      vertex 83.3502 84.4586 5
      vertex 83.2346 84.4815 0
      vertex 83.3502 84.4586 0
    endloop
  endfacet
  facet normal -0.271803 -0.962353 0
    outer loop
      vertex 83.3502 84.4586 0
      vertex 83.4635 84.4266 5
      vertex 83.3502 84.4586 5
    endloop
  endfacet
  facet normal -0.271803 -0.962353 -0
    outer loop
      vertex 83.4635 84.4266 5
      vertex 83.3502 84.4586 0
      vertex 83.4635 84.4266 0
    endloop
  endfacet
  facet normal -0.488526 -0.872549 0
    outer loop
      vertex 83.681 84.3365 0
      vertex 83.7837 84.279 5
      vertex 83.681 84.3365 5
    endloop
  endfacet
  facet normal -0.488526 -0.872549 -0
    outer loop
      vertex 83.7837 84.279 5
      vertex 83.681 84.3365 0
      vertex 83.7837 84.279 0
    endloop
  endfacet
  facet normal -0.618983 -0.785404 0
    outer loop
      vertex 83.8817 84.2135 0
      vertex 83.9742 84.1406 5
      vertex 83.8817 84.2135 5
    endloop
  endfacet
  facet normal -0.618983 -0.785404 -0
    outer loop
      vertex 83.9742 84.1406 5
      vertex 83.8817 84.2135 0
      vertex 83.9742 84.1406 0
    endloop
  endfacet
  facet normal 0.980938 -0.194321 0
    outer loop
      vertex 81.5185 83.2346 3.8
      vertex 81.5414 83.3502 0
      vertex 81.5414 83.3502 3.8
    endloop
  endfacet
  facet normal 0.980938 -0.194321 0
    outer loop
      vertex 81.5414 83.3502 0
      vertex 81.5185 83.2346 3.8
      vertex 81.5185 83.2346 0
    endloop
  endfacet
  facet normal 0.831397 -0.555679 0
    outer loop
      vertex 81.721 83.7837 3.8
      vertex 81.7865 83.8817 0
      vertex 81.7865 83.8817 3.8
    endloop
  endfacet
  facet normal 0.831397 -0.555679 0
    outer loop
      vertex 81.7865 83.8817 0
      vertex 81.721 83.7837 3.8
      vertex 81.721 83.7837 0
    endloop
  endfacet
  facet normal 0.785404 -0.618983 0
    outer loop
      vertex 81.7865 83.8817 3.8
      vertex 81.8594 83.9742 0
      vertex 81.8594 83.9742 3.8
    endloop
  endfacet
  facet normal 0.785404 -0.618983 0
    outer loop
      vertex 81.8594 83.9742 0
      vertex 81.7865 83.8817 3.8
      vertex 81.7865 83.8817 0
    endloop
  endfacet
  facet normal 0.872549 -0.488526 0
    outer loop
      vertex 81.6635 83.681 3.8
      vertex 81.721 83.7837 0
      vertex 81.721 83.7837 3.8
    endloop
  endfacet
  facet normal 0.872549 -0.488526 0
    outer loop
      vertex 81.721 83.7837 0
      vertex 81.6635 83.681 3.8
      vertex 81.6635 83.681 0
    endloop
  endfacet
  facet normal 0.962353 -0.271803 0
    outer loop
      vertex 81.5414 83.3502 3.8
      vertex 81.5734 83.4635 0
      vertex 81.5734 83.4635 3.8
    endloop
  endfacet
  facet normal 0.962353 -0.271803 0
    outer loop
      vertex 81.5734 83.4635 0
      vertex 81.5414 83.3502 3.8
      vertex 81.5414 83.3502 0
    endloop
  endfacet
  facet normal 0.993005 -0.118073 0
    outer loop
      vertex 81.5046 83.1177 3.8
      vertex 81.5185 83.2346 0
      vertex 81.5185 83.2346 3.8
    endloop
  endfacet
  facet normal 0.993005 -0.118073 0
    outer loop
      vertex 81.5185 83.2346 0
      vertex 81.5046 83.1177 3.8
      vertex 81.5046 83.1177 0
    endloop
  endfacet
  facet normal 0.618983 -0.785404 0
    outer loop
      vertex 82.0258 84.1406 0
      vertex 82.1183 84.2135 5
      vertex 82.0258 84.1406 5
    endloop
  endfacet
  facet normal 0.618983 -0.785404 0
    outer loop
      vertex 82.1183 84.2135 5
      vertex 82.0258 84.1406 0
      vertex 82.1183 84.2135 0
    endloop
  endfacet
  facet normal 0.488164 -0.872752 0
    outer loop
      vertex 82.2162 84.279 0
      vertex 82.319 84.3365 5
      vertex 82.2162 84.279 5
    endloop
  endfacet
  facet normal 0.488164 -0.872752 0
    outer loop
      vertex 82.319 84.3365 5
      vertex 82.2162 84.279 0
      vertex 82.319 84.3365 0
    endloop
  endfacet
  facet normal 0.678527 -0.734575 0
    outer loop
      vertex 81.9393 84.0607 0
      vertex 82.0258 84.1406 5
      vertex 81.9393 84.0607 5
    endloop
  endfacet
  facet normal 0.678527 -0.734575 0
    outer loop
      vertex 82.0258 84.1406 5
      vertex 81.9393 84.0607 0
      vertex 82.0258 84.1406 0
    endloop
  endfacet
  facet normal 0.346374 -0.938096 0
    outer loop
      vertex 82.426 84.3858 0
      vertex 82.5365 84.4266 5
      vertex 82.426 84.3858 5
    endloop
  endfacet
  facet normal 0.346374 -0.938096 0
    outer loop
      vertex 82.5365 84.4266 5
      vertex 82.426 84.3858 0
      vertex 82.5365 84.4266 0
    endloop
  endfacet
  facet normal 0.118073 -0.993005 0
    outer loop
      vertex 82.7654 84.4815 0
      vertex 82.8823 84.4954 5
      vertex 82.7654 84.4815 5
    endloop
  endfacet
  facet normal 0.118073 -0.993005 0
    outer loop
      vertex 82.8823 84.4954 5
      vertex 82.7654 84.4815 0
      vertex 82.8823 84.4954 0
    endloop
  endfacet
  facet normal -0.271803 0.962353 0
    outer loop
      vertex 83.4635 81.5734 0
      vertex 83.3502 81.5414 3.8
      vertex 83.4635 81.5734 3.8
    endloop
  endfacet
  facet normal -0.271803 0.962353 0
    outer loop
      vertex 83.3502 81.5414 3.8
      vertex 83.4635 81.5734 0
      vertex 83.3502 81.5414 0
    endloop
  endfacet
  facet normal -0.118073 0.993005 0
    outer loop
      vertex 83.2346 81.5185 0
      vertex 83.1177 81.5046 3.8
      vertex 83.2346 81.5185 3.8
    endloop
  endfacet
  facet normal -0.118073 0.993005 0
    outer loop
      vertex 83.1177 81.5046 3.8
      vertex 83.2346 81.5185 0
      vertex 83.1177 81.5046 0
    endloop
  endfacet
  facet normal -0.346374 0.938096 0
    outer loop
      vertex 83.574 81.6142 0
      vertex 83.4635 81.5734 3.8
      vertex 83.574 81.6142 3.8
    endloop
  endfacet
  facet normal -0.346374 0.938096 0
    outer loop
      vertex 83.4635 81.5734 3.8
      vertex 83.574 81.6142 0
      vertex 83.4635 81.5734 0
    endloop
  endfacet
  facet normal -0.618983 0.785404 0
    outer loop
      vertex 83.9742 81.8594 0
      vertex 83.8817 81.7865 3.8
      vertex 83.9742 81.8594 3.8
    endloop
  endfacet
  facet normal -0.618983 0.785404 0
    outer loop
      vertex 83.8817 81.7865 3.8
      vertex 83.9742 81.8594 0
      vertex 83.8817 81.7865 0
    endloop
  endfacet
  facet normal -0.678079 0.734989 0
    outer loop
      vertex 84.0607 81.9393 5
      vertex 84 81.8833 3.8
      vertex 84 81.8833 5
    endloop
  endfacet
  facet normal -0.678079 0.734989 0
    outer loop
      vertex 84.0607 81.9393 0
      vertex 84 81.8833 3.8
      vertex 84.0607 81.9393 5
    endloop
  endfacet
  facet normal -0.678527 0.734575 -1.32523e-05
    outer loop
      vertex 83.9742 81.8594 0
      vertex 84 81.8833 3.8
      vertex 84.0607 81.9393 0
    endloop
  endfacet
  facet normal -0.679578 0.733603 0
    outer loop
      vertex 84 81.8833 3.8
      vertex 83.9742 81.8594 0
      vertex 83.9742 81.8594 3.8
    endloop
  endfacet
  facet normal -0.488526 0.872549 0
    outer loop
      vertex 83.7837 81.721 0
      vertex 83.681 81.6635 3.8
      vertex 83.7837 81.721 3.8
    endloop
  endfacet
  facet normal -0.488526 0.872549 0
    outer loop
      vertex 83.681 81.6635 3.8
      vertex 83.7837 81.721 0
      vertex 83.681 81.6635 0
    endloop
  endfacet
  facet normal -0.785404 0.618983 0
    outer loop
      vertex 84.1406 82.0258 0
      vertex 84.2135 82.1183 5
      vertex 84.2135 82.1183 0
    endloop
  endfacet
  facet normal -0.785404 0.618983 0
    outer loop
      vertex 84.2135 82.1183 5
      vertex 84.1406 82.0258 0
      vertex 84.1406 82.0258 5
    endloop
  endfacet
  facet normal -0.872752 0.488164 0
    outer loop
      vertex 84.279 82.2162 0
      vertex 84.3365 82.319 5
      vertex 84.3365 82.319 0
    endloop
  endfacet
  facet normal -0.872752 0.488164 0
    outer loop
      vertex 84.3365 82.319 5
      vertex 84.279 82.2162 0
      vertex 84.279 82.2162 5
    endloop
  endfacet
  facet normal 0.618983 0.785404 -0
    outer loop
      vertex 82.1183 81.7865 0
      vertex 82.0258 81.8594 3.8
      vertex 82.1183 81.7865 3.8
    endloop
  endfacet
  facet normal 0.618983 0.785404 0
    outer loop
      vertex 82.0258 81.8594 3.8
      vertex 82.1183 81.7865 0
      vertex 82.0258 81.8594 0
    endloop
  endfacet
  facet normal 0.488164 0.872752 -0
    outer loop
      vertex 82.319 81.6635 0
      vertex 82.2162 81.721 3.8
      vertex 82.319 81.6635 3.8
    endloop
  endfacet
  facet normal 0.488164 0.872752 0
    outer loop
      vertex 82.2162 81.721 3.8
      vertex 82.319 81.6635 0
      vertex 82.2162 81.721 0
    endloop
  endfacet
  facet normal 0.271803 0.962353 -0
    outer loop
      vertex 82.6498 81.5414 0
      vertex 82.5365 81.5734 3.8
      vertex 82.6498 81.5414 3.8
    endloop
  endfacet
  facet normal 0.271803 0.962353 0
    outer loop
      vertex 82.5365 81.5734 3.8
      vertex 82.6498 81.5414 0
      vertex 82.5365 81.5734 0
    endloop
  endfacet
  facet normal 0.118073 0.993005 -0
    outer loop
      vertex 82.8823 81.5046 0
      vertex 82.7654 81.5185 3.8
      vertex 82.8823 81.5046 3.8
    endloop
  endfacet
  facet normal 0.118073 0.993005 0
    outer loop
      vertex 82.7654 81.5185 3.8
      vertex 82.8823 81.5046 0
      vertex 82.7654 81.5185 0
    endloop
  endfacet
  facet normal 0.785404 0.618983 0
    outer loop
      vertex 81.8594 82.0258 3.8
      vertex 81.7865 82.1183 0
      vertex 81.7865 82.1183 3.8
    endloop
  endfacet
  facet normal 0.785404 0.618983 0
    outer loop
      vertex 81.7865 82.1183 0
      vertex 81.8594 82.0258 3.8
      vertex 81.8594 82.0258 0
    endloop
  endfacet
  facet normal 0.872752 0.488164 0
    outer loop
      vertex 81.721 82.2162 3.8
      vertex 81.6635 82.319 0
      vertex 81.6635 82.319 3.8
    endloop
  endfacet
  facet normal 0.872752 0.488164 0
    outer loop
      vertex 81.6635 82.319 0
      vertex 81.721 82.2162 3.8
      vertex 81.721 82.2162 0
    endloop
  endfacet
  facet normal 0.734575 0.678527 0
    outer loop
      vertex 81.9393 81.9393 3.8
      vertex 81.8594 82.0258 0
      vertex 81.8594 82.0258 3.8
    endloop
  endfacet
  facet normal 0.734575 0.678527 0
    outer loop
      vertex 81.8594 82.0258 0
      vertex 81.9393 81.9393 3.8
      vertex 81.9393 81.9393 0
    endloop
  endfacet
  facet normal 0.938096 0.346374 0
    outer loop
      vertex 81.6142 82.426 3.8
      vertex 81.5734 82.5365 0
      vertex 81.5734 82.5365 3.8
    endloop
  endfacet
  facet normal 0.938096 0.346374 0
    outer loop
      vertex 81.5734 82.5365 0
      vertex 81.6142 82.426 3.8
      vertex 81.6142 82.426 0
    endloop
  endfacet
  facet normal 0.993005 0.118073 0
    outer loop
      vertex 81.5185 82.7654 3.8
      vertex 81.5046 82.8823 0
      vertex 81.5046 82.8823 3.8
    endloop
  endfacet
  facet normal 0.993005 0.118073 0
    outer loop
      vertex 81.5046 82.8823 0
      vertex 81.5185 82.7654 3.8
      vertex 81.5185 82.7654 0
    endloop
  endfacet
  facet normal -0.980938 -0.194321 0
    outer loop
      vertex 84.4815 83.2346 0
      vertex 84.4586 83.3502 5
      vertex 84.4586 83.3502 0
    endloop
  endfacet
  facet normal -0.980938 -0.194321 0
    outer loop
      vertex 84.4586 83.3502 5
      vertex 84.4815 83.2346 0
      vertex 84.4815 83.2346 5
    endloop
  endfacet
  facet normal -0.831397 -0.555679 0
    outer loop
      vertex 84.279 83.7837 0
      vertex 84.2135 83.8817 5
      vertex 84.2135 83.8817 0
    endloop
  endfacet
  facet normal -0.831397 -0.555679 0
    outer loop
      vertex 84.2135 83.8817 5
      vertex 84.279 83.7837 0
      vertex 84.279 83.7837 5
    endloop
  endfacet
  facet normal -0.118073 -0.993005 0
    outer loop
      vertex 83.1177 84.4954 0
      vertex 83.2346 84.4815 5
      vertex 83.1177 84.4954 5
    endloop
  endfacet
  facet normal -0.118073 -0.993005 -0
    outer loop
      vertex 83.2346 84.4815 5
      vertex 83.1177 84.4954 0
      vertex 83.2346 84.4815 0
    endloop
  endfacet
  facet normal -0.0390526 -0.999237 0
    outer loop
      vertex 83 84.5 0
      vertex 83.1177 84.4954 5
      vertex 83 84.5 5
    endloop
  endfacet
  facet normal -0.0390526 -0.999237 -0
    outer loop
      vertex 83.1177 84.4954 5
      vertex 83 84.5 0
      vertex 83.1177 84.4954 0
    endloop
  endfacet
  facet normal -0.418466 -0.908232 0
    outer loop
      vertex 83.574 84.3858 0
      vertex 83.681 84.3365 5
      vertex 83.574 84.3858 5
    endloop
  endfacet
  facet normal -0.418466 -0.908232 -0
    outer loop
      vertex 83.681 84.3365 5
      vertex 83.574 84.3858 0
      vertex 83.681 84.3365 0
    endloop
  endfacet
  facet normal 0.908232 -0.418466 0
    outer loop
      vertex 81.6142 83.574 3.8
      vertex 81.6635 83.681 0
      vertex 81.6635 83.681 3.8
    endloop
  endfacet
  facet normal 0.908232 -0.418466 0
    outer loop
      vertex 81.6635 83.681 0
      vertex 81.6142 83.574 3.8
      vertex 81.6142 83.574 0
    endloop
  endfacet
  facet normal 0.999237 -0.0390526 0
    outer loop
      vertex 81.5 83 3.8
      vertex 81.5046 83.1177 0
      vertex 81.5046 83.1177 3.8
    endloop
  endfacet
  facet normal 0.999237 -0.0390526 0
    outer loop
      vertex 81.5046 83.1177 0
      vertex 81.5 83 3.8
      vertex 81.5 83 0
    endloop
  endfacet
  facet normal 0.556071 -0.831135 0
    outer loop
      vertex 82.1183 84.2135 0
      vertex 82.2162 84.279 5
      vertex 82.1183 84.2135 5
    endloop
  endfacet
  facet normal 0.556071 -0.831135 0
    outer loop
      vertex 82.2162 84.279 5
      vertex 82.1183 84.2135 0
      vertex 82.2162 84.279 0
    endloop
  endfacet
  facet normal 0.194321 -0.980938 0
    outer loop
      vertex 82.6498 84.4586 0
      vertex 82.7654 84.4815 5
      vertex 82.6498 84.4586 5
    endloop
  endfacet
  facet normal 0.194321 -0.980938 0
    outer loop
      vertex 82.7654 84.4815 5
      vertex 82.6498 84.4586 0
      vertex 82.7654 84.4815 0
    endloop
  endfacet
  facet normal -0.194321 0.980938 0
    outer loop
      vertex 83.3502 81.5414 0
      vertex 83.2346 81.5185 3.8
      vertex 83.3502 81.5414 3.8
    endloop
  endfacet
  facet normal -0.194321 0.980938 0
    outer loop
      vertex 83.2346 81.5185 3.8
      vertex 83.3502 81.5414 0
      vertex 83.2346 81.5185 0
    endloop
  endfacet
  facet normal -0.418466 0.908232 0
    outer loop
      vertex 83.681 81.6635 0
      vertex 83.574 81.6142 3.8
      vertex 83.681 81.6635 3.8
    endloop
  endfacet
  facet normal -0.418466 0.908232 0
    outer loop
      vertex 83.574 81.6142 3.8
      vertex 83.681 81.6635 0
      vertex 83.574 81.6142 0
    endloop
  endfacet
  facet normal -0.734575 0.678527 0
    outer loop
      vertex 84.0607 81.9393 0
      vertex 84.1406 82.0258 5
      vertex 84.1406 82.0258 0
    endloop
  endfacet
  facet normal -0.734575 0.678527 0
    outer loop
      vertex 84.1406 82.0258 5
      vertex 84.0607 81.9393 0
      vertex 84.0607 81.9393 5
    endloop
  endfacet
  facet normal -0.555679 0.831397 0
    outer loop
      vertex 83.8817 81.7865 0
      vertex 83.7837 81.721 3.8
      vertex 83.8817 81.7865 3.8
    endloop
  endfacet
  facet normal -0.555679 0.831397 0
    outer loop
      vertex 83.7837 81.721 3.8
      vertex 83.8817 81.7865 0
      vertex 83.7837 81.721 0
    endloop
  endfacet
  facet normal -0.831135 0.556071 0
    outer loop
      vertex 84.2135 82.1183 0
      vertex 84.279 82.2162 5
      vertex 84.279 82.2162 0
    endloop
  endfacet
  facet normal -0.831135 0.556071 0
    outer loop
      vertex 84.279 82.2162 5
      vertex 84.2135 82.1183 0
      vertex 84.2135 82.1183 5
    endloop
  endfacet
  facet normal -0.908232 0.418466 0
    outer loop
      vertex 84.3365 82.319 0
      vertex 84.3858 82.426 5
      vertex 84.3858 82.426 0
    endloop
  endfacet
  facet normal -0.908232 0.418466 0
    outer loop
      vertex 84.3858 82.426 5
      vertex 84.3365 82.319 0
      vertex 84.3365 82.319 5
    endloop
  endfacet
  facet normal -0.980938 0.194321 0
    outer loop
      vertex 84.4586 82.6498 0
      vertex 84.4815 82.7654 5
      vertex 84.4815 82.7654 0
    endloop
  endfacet
  facet normal -0.980938 0.194321 0
    outer loop
      vertex 84.4815 82.7654 5
      vertex 84.4586 82.6498 0
      vertex 84.4586 82.6498 5
    endloop
  endfacet
  facet normal -0.993005 0.118073 0
    outer loop
      vertex 84.4815 82.7654 0
      vertex 84.4954 82.8823 5
      vertex 84.4954 82.8823 0
    endloop
  endfacet
  facet normal -0.993005 0.118073 0
    outer loop
      vertex 84.4954 82.8823 5
      vertex 84.4815 82.7654 0
      vertex 84.4815 82.7654 5
    endloop
  endfacet
  facet normal 0.556071 0.831135 -0
    outer loop
      vertex 82.2162 81.721 0
      vertex 82.1183 81.7865 3.8
      vertex 82.2162 81.721 3.8
    endloop
  endfacet
  facet normal 0.556071 0.831135 0
    outer loop
      vertex 82.1183 81.7865 3.8
      vertex 82.2162 81.721 0
      vertex 82.1183 81.7865 0
    endloop
  endfacet
  facet normal 0.418466 0.908232 -0
    outer loop
      vertex 82.426 81.6142 0
      vertex 82.319 81.6635 3.8
      vertex 82.426 81.6142 3.8
    endloop
  endfacet
  facet normal 0.418466 0.908232 0
    outer loop
      vertex 82.319 81.6635 3.8
      vertex 82.426 81.6142 0
      vertex 82.319 81.6635 0
    endloop
  endfacet
  facet normal 0.194321 0.980938 -0
    outer loop
      vertex 82.7654 81.5185 0
      vertex 82.6498 81.5414 3.8
      vertex 82.7654 81.5185 3.8
    endloop
  endfacet
  facet normal 0.194321 0.980938 0
    outer loop
      vertex 82.6498 81.5414 3.8
      vertex 82.7654 81.5185 0
      vertex 82.6498 81.5414 0
    endloop
  endfacet
  facet normal 0.0390526 0.999237 -0
    outer loop
      vertex 83 81.5 0
      vertex 82.8823 81.5046 3.8
      vertex 83 81.5 3.8
    endloop
  endfacet
  facet normal 0.0390526 0.999237 0
    outer loop
      vertex 82.8823 81.5046 3.8
      vertex 83 81.5 0
      vertex 82.8823 81.5046 0
    endloop
  endfacet
  facet normal 0.831135 0.556071 0
    outer loop
      vertex 81.7865 82.1183 3.8
      vertex 81.721 82.2162 0
      vertex 81.721 82.2162 3.8
    endloop
  endfacet
  facet normal 0.831135 0.556071 0
    outer loop
      vertex 81.721 82.2162 0
      vertex 81.7865 82.1183 3.8
      vertex 81.7865 82.1183 0
    endloop
  endfacet
  facet normal 0.678527 0.734575 -0
    outer loop
      vertex 82.0258 81.8594 0
      vertex 81.9393 81.9393 3.8
      vertex 82.0258 81.8594 3.8
    endloop
  endfacet
  facet normal 0.678527 0.734575 0
    outer loop
      vertex 81.9393 81.9393 3.8
      vertex 82.0258 81.8594 0
      vertex 81.9393 81.9393 0
    endloop
  endfacet
  facet normal 0.980938 0.194321 0
    outer loop
      vertex 81.5414 82.6498 3.8
      vertex 81.5185 82.7654 0
      vertex 81.5185 82.7654 3.8
    endloop
  endfacet
  facet normal 0.980938 0.194321 0
    outer loop
      vertex 81.5185 82.7654 0
      vertex 81.5414 82.6498 3.8
      vertex 81.5414 82.6498 0
    endloop
  endfacet
  facet normal 0.999237 0.0390526 0
    outer loop
      vertex 81.5046 82.8823 3.8
      vertex 81.5 83 0
      vertex 81.5 83 3.8
    endloop
  endfacet
  facet normal 0.999237 0.0390526 0
    outer loop
      vertex 81.5 83 0
      vertex 81.5046 82.8823 3.8
      vertex 81.5046 82.8823 0
    endloop
  endfacet
  facet normal -0.999237 0.0390526 0
    outer loop
      vertex 84.4954 82.8823 0
      vertex 84.5 83 5
      vertex 84.5 83 0
    endloop
  endfacet
  facet normal -0.999237 0.0390526 0
    outer loop
      vertex 84.5 83 5
      vertex 84.4954 82.8823 0
      vertex 84.4954 82.8823 5
    endloop
  endfacet
  facet normal -0.0390526 0.999237 0
    outer loop
      vertex 83.1177 81.5046 0
      vertex 83 81.5 3.8
      vertex 83.1177 81.5046 3.8
    endloop
  endfacet
  facet normal -0.0390526 0.999237 0
    outer loop
      vertex 83 81.5 3.8
      vertex 83.1177 81.5046 0
      vertex 83 81.5 0
    endloop
  endfacet
  facet normal -0.999233 -0.0391669 0
    outer loop
      vertex 50 57 0
      vertex 49.9877 57.3138 3.8
      vertex 49.9877 57.3138 0
    endloop
  endfacet
  facet normal -0.999233 -0.0391669 0
    outer loop
      vertex 49.9877 57.3138 3.8
      vertex 50 57 0
      vertex 50 57 3.8
    endloop
  endfacet
  facet normal -0.678862 -0.734266 0
    outer loop
      vertex 48.5978 60.0416 0
      vertex 48.8284 59.8284 3.8
      vertex 48.5978 60.0416 3.8
    endloop
  endfacet
  facet normal -0.678862 -0.734266 -0
    outer loop
      vertex 48.8284 59.8284 3.8
      vertex 48.5978 60.0416 0
      vertex 48.8284 59.8284 0
    endloop
  endfacet
  facet normal 0.734266 -0.678862 0
    outer loop
      vertex 42.9584 59.5978 3.8
      vertex 43.1716 59.8284 0
      vertex 43.1716 59.8284 3.8
    endloop
  endfacet
  facet normal 0.734266 -0.678862 0
    outer loop
      vertex 43.1716 59.8284 0
      vertex 42.9584 59.5978 3.8
      vertex 42.9584 59.5978 0
    endloop
  endfacet
  facet normal -0.908174 -0.418594 0
    outer loop
      vertex 49.6955 58.5307 0
      vertex 49.564 58.816 3.8
      vertex 49.564 58.816 0
    endloop
  endfacet
  facet normal -0.908174 -0.418594 0
    outer loop
      vertex 49.564 58.816 3.8
      vertex 49.6955 58.5307 0
      vertex 49.6955 58.5307 3.8
    endloop
  endfacet
  facet normal -0.488603 -0.872506 0
    outer loop
      vertex 48 60.461 0
      vertex 48.09 60.4106 3.8
      vertex 48 60.461 3.8
    endloop
  endfacet
  facet normal -0.488603 -0.872506 -0
    outer loop
      vertex 48.09 60.4106 3.8
      vertex 48 60.461 0
      vertex 48.09 60.4106 0
    endloop
  endfacet
  facet normal 0.938174 -0.346163 0
    outer loop
      vertex 42.1958 58.2361 3.8
      vertex 42.3045 58.5307 0
      vertex 42.3045 58.5307 3.8
    endloop
  endfacet
  facet normal 0.938174 -0.346163 0
    outer loop
      vertex 42.3045 58.5307 0
      vertex 42.1958 58.2361 3.8
      vertex 42.1958 58.2361 0
    endloop
  endfacet
  facet normal -0.96242 -0.271566 0
    outer loop
      vertex 49.8895 57.9338 0
      vertex 49.8042 58.2361 3.8
      vertex 49.8042 58.2361 0
    endloop
  endfacet
  facet normal -0.96242 -0.271566 0
    outer loop
      vertex 49.8042 58.2361 3.8
      vertex 49.8895 57.9338 0
      vertex 49.8895 57.9338 3.8
    endloop
  endfacet
  facet normal -0.938174 -0.346163 0
    outer loop
      vertex 49.8042 58.2361 0
      vertex 49.6955 58.5307 3.8
      vertex 49.6955 58.5307 0
    endloop
  endfacet
  facet normal -0.938174 -0.346163 0
    outer loop
      vertex 49.6955 58.5307 3.8
      vertex 49.8042 58.2361 0
      vertex 49.8042 58.2361 3.8
    endloop
  endfacet
  facet normal -0.831413 -0.555655 0
    outer loop
      vertex 49.4106 59.09 0
      vertex 49.2361 59.3511 3.8
      vertex 49.2361 59.3511 0
    endloop
  endfacet
  facet normal -0.831413 -0.555655 0
    outer loop
      vertex 49.2361 59.3511 3.8
      vertex 49.4106 59.09 0
      vertex 49.4106 59.09 3.8
    endloop
  endfacet
  facet normal -0.87256 -0.488506 0
    outer loop
      vertex 49.564 58.816 0
      vertex 49.4106 59.09 3.8
      vertex 49.4106 59.09 0
    endloop
  endfacet
  facet normal -0.87256 -0.488506 0
    outer loop
      vertex 49.4106 59.09 3.8
      vertex 49.564 58.816 0
      vertex 49.564 58.816 3.8
    endloop
  endfacet
  facet normal -0.619128 -0.78529 0
    outer loop
      vertex 48.3511 60.2361 0
      vertex 48.5978 60.0416 3.8
      vertex 48.3511 60.2361 3.8
    endloop
  endfacet
  facet normal -0.619128 -0.78529 -0
    outer loop
      vertex 48.5978 60.0416 3.8
      vertex 48.3511 60.2361 0
      vertex 48.5978 60.0416 0
    endloop
  endfacet
  facet normal 0.980776 -0.195137 0
    outer loop
      vertex 42.0492 57.6257 3.8
      vertex 42.1105 57.9338 0
      vertex 42.1105 57.9338 3.8
    endloop
  endfacet
  facet normal 0.980776 -0.195137 0
    outer loop
      vertex 42.1105 57.9338 0
      vertex 42.0492 57.6257 3.8
      vertex 42.0492 57.6257 0
    endloop
  endfacet
  facet normal 0.87256 -0.488506 0
    outer loop
      vertex 42.436 58.816 3.8
      vertex 42.5894 59.09 0
      vertex 42.5894 59.09 3.8
    endloop
  endfacet
  facet normal 0.87256 -0.488506 0
    outer loop
      vertex 42.5894 59.09 0
      vertex 42.436 58.816 3.8
      vertex 42.436 58.816 0
    endloop
  endfacet
  facet normal 0.78529 -0.619128 0
    outer loop
      vertex 42.7639 59.3511 3.8
      vertex 42.9584 59.5978 0
      vertex 42.9584 59.5978 3.8
    endloop
  endfacet
  facet normal 0.78529 -0.619128 0
    outer loop
      vertex 42.9584 59.5978 0
      vertex 42.7639 59.3511 3.8
      vertex 42.7639 59.3511 0
    endloop
  endfacet
  facet normal 0.908174 -0.418594 0
    outer loop
      vertex 42.3045 58.5307 3.8
      vertex 42.436 58.816 0
      vertex 42.436 58.816 3.8
    endloop
  endfacet
  facet normal 0.908174 -0.418594 0
    outer loop
      vertex 42.436 58.816 0
      vertex 42.3045 58.5307 3.8
      vertex 42.3045 58.5307 0
    endloop
  endfacet
  facet normal 0.96242 -0.271566 0
    outer loop
      vertex 42.1105 57.9338 3.8
      vertex 42.1958 58.2361 0
      vertex 42.1958 58.2361 3.8
    endloop
  endfacet
  facet normal 0.96242 -0.271566 0
    outer loop
      vertex 42.1958 58.2361 0
      vertex 42.1105 57.9338 3.8
      vertex 42.1105 57.9338 0
    endloop
  endfacet
  facet normal 0.993074 -0.117488 0
    outer loop
      vertex 42.0123 57.3138 3.8
      vertex 42.0492 57.6257 0
      vertex 42.0492 57.6257 3.8
    endloop
  endfacet
  facet normal 0.993074 -0.117488 0
    outer loop
      vertex 42.0492 57.6257 0
      vertex 42.0123 57.3138 3.8
      vertex 42.0123 57.3138 0
    endloop
  endfacet
  facet normal 0.555655 -0.831413 0
    outer loop
      vertex 43.6489 60.2361 0
      vertex 43.91 60.4106 3.8
      vertex 43.6489 60.2361 3.8
    endloop
  endfacet
  facet normal 0.555655 -0.831413 0
    outer loop
      vertex 43.91 60.4106 3.8
      vertex 43.6489 60.2361 0
      vertex 43.91 60.4106 0
    endloop
  endfacet
  facet normal 0.488603 -0.872506 0
    outer loop
      vertex 43.91 60.4106 0
      vertex 44 60.461 3.8
      vertex 43.91 60.4106 3.8
    endloop
  endfacet
  facet normal 0.488603 -0.872506 0
    outer loop
      vertex 44 60.461 3.8
      vertex 43.91 60.4106 0
      vertex 44 60.461 0
    endloop
  endfacet
  facet normal -0.346163 0.938174 0
    outer loop
      vertex 47.5307 53.3045 0
      vertex 47.2361 53.1958 3.8
      vertex 47.5307 53.3045 3.8
    endloop
  endfacet
  facet normal -0.346163 0.938174 0
    outer loop
      vertex 47.2361 53.1958 3.8
      vertex 47.5307 53.3045 0
      vertex 47.2361 53.1958 0
    endloop
  endfacet
  facet normal -0.488506 0.87256 0
    outer loop
      vertex 48.09 53.5894 0
      vertex 47.816 53.436 3.8
      vertex 48.09 53.5894 3.8
    endloop
  endfacet
  facet normal -0.488506 0.87256 0
    outer loop
      vertex 47.816 53.436 3.8
      vertex 48.09 53.5894 0
      vertex 47.816 53.436 0
    endloop
  endfacet
  facet normal -0.78529 0.619128 0
    outer loop
      vertex 49.0416 54.4022 0
      vertex 49.2361 54.6489 3.8
      vertex 49.2361 54.6489 0
    endloop
  endfacet
  facet normal -0.78529 0.619128 0
    outer loop
      vertex 49.2361 54.6489 3.8
      vertex 49.0416 54.4022 0
      vertex 49.0416 54.4022 3.8
    endloop
  endfacet
  facet normal -0.908174 0.418594 0
    outer loop
      vertex 49.564 55.184 0
      vertex 49.6955 55.4693 3.8
      vertex 49.6955 55.4693 0
    endloop
  endfacet
  facet normal -0.908174 0.418594 0
    outer loop
      vertex 49.6955 55.4693 3.8
      vertex 49.564 55.184 0
      vertex 49.564 55.184 3.8
    endloop
  endfacet
  facet normal 0.619128 0.78529 -0
    outer loop
      vertex 43.6489 53.7639 0
      vertex 43.4022 53.9584 3.8
      vertex 43.6489 53.7639 3.8
    endloop
  endfacet
  facet normal 0.619128 0.78529 0
    outer loop
      vertex 43.4022 53.9584 3.8
      vertex 43.6489 53.7639 0
      vertex 43.4022 53.9584 0
    endloop
  endfacet
  facet normal 0.418594 0.908174 -0
    outer loop
      vertex 44.4693 53.3045 0
      vertex 44.184 53.436 3.8
      vertex 44.4693 53.3045 3.8
    endloop
  endfacet
  facet normal 0.418594 0.908174 0
    outer loop
      vertex 44.184 53.436 3.8
      vertex 44.4693 53.3045 0
      vertex 44.184 53.436 0
    endloop
  endfacet
  facet normal 0.271566 0.96242 -0
    outer loop
      vertex 45.0662 53.1105 0
      vertex 44.7639 53.1958 3.8
      vertex 45.0662 53.1105 3.8
    endloop
  endfacet
  facet normal 0.271566 0.96242 0
    outer loop
      vertex 44.7639 53.1958 3.8
      vertex 45.0662 53.1105 0
      vertex 44.7639 53.1958 0
    endloop
  endfacet
  facet normal 0.117488 0.993074 -0
    outer loop
      vertex 45.6862 53.0123 0
      vertex 45.3743 53.0492 3.8
      vertex 45.6862 53.0123 3.8
    endloop
  endfacet
  facet normal 0.117488 0.993074 0
    outer loop
      vertex 45.3743 53.0492 3.8
      vertex 45.6862 53.0123 0
      vertex 45.3743 53.0492 0
    endloop
  endfacet
  facet normal 0.87256 0.488506 0
    outer loop
      vertex 42.5894 54.91 3.8
      vertex 42.436 55.184 0
      vertex 42.436 55.184 3.8
    endloop
  endfacet
  facet normal 0.87256 0.488506 0
    outer loop
      vertex 42.436 55.184 0
      vertex 42.5894 54.91 3.8
      vertex 42.5894 54.91 0
    endloop
  endfacet
  facet normal 0.938174 0.346163 0
    outer loop
      vertex 42.3045 55.4693 3.8
      vertex 42.1958 55.7639 0
      vertex 42.1958 55.7639 3.8
    endloop
  endfacet
  facet normal 0.938174 0.346163 0
    outer loop
      vertex 42.1958 55.7639 0
      vertex 42.3045 55.4693 3.8
      vertex 42.3045 55.4693 0
    endloop
  endfacet
  facet normal -0.980776 -0.195137 0
    outer loop
      vertex 49.9508 57.6257 0
      vertex 49.8895 57.9338 3.8
      vertex 49.8895 57.9338 0
    endloop
  endfacet
  facet normal -0.980776 -0.195137 0
    outer loop
      vertex 49.8895 57.9338 3.8
      vertex 49.9508 57.6257 0
      vertex 49.9508 57.6257 3.8
    endloop
  endfacet
  facet normal -0.993074 -0.117488 0
    outer loop
      vertex 49.9877 57.3138 0
      vertex 49.9508 57.6257 3.8
      vertex 49.9508 57.6257 0
    endloop
  endfacet
  facet normal -0.993074 -0.117488 0
    outer loop
      vertex 49.9508 57.6257 3.8
      vertex 49.9877 57.3138 0
      vertex 49.9877 57.3138 3.8
    endloop
  endfacet
  facet normal -0.78529 -0.619128 0
    outer loop
      vertex 49.2361 59.3511 0
      vertex 49.0416 59.5978 3.8
      vertex 49.0416 59.5978 0
    endloop
  endfacet
  facet normal -0.78529 -0.619128 0
    outer loop
      vertex 49.0416 59.5978 3.8
      vertex 49.2361 59.3511 0
      vertex 49.2361 59.3511 3.8
    endloop
  endfacet
  facet normal -0.734266 -0.678862 0
    outer loop
      vertex 49.0416 59.5978 0
      vertex 48.8284 59.8284 3.8
      vertex 48.8284 59.8284 0
    endloop
  endfacet
  facet normal -0.734266 -0.678862 0
    outer loop
      vertex 48.8284 59.8284 3.8
      vertex 49.0416 59.5978 0
      vertex 49.0416 59.5978 3.8
    endloop
  endfacet
  facet normal -0.555655 -0.831413 0
    outer loop
      vertex 48.09 60.4106 0
      vertex 48.3511 60.2361 3.8
      vertex 48.09 60.4106 3.8
    endloop
  endfacet
  facet normal -0.555655 -0.831413 -0
    outer loop
      vertex 48.3511 60.2361 3.8
      vertex 48.09 60.4106 0
      vertex 48.3511 60.2361 0
    endloop
  endfacet
  facet normal 0.831413 -0.555655 0
    outer loop
      vertex 42.5894 59.09 3.8
      vertex 42.7639 59.3511 0
      vertex 42.7639 59.3511 3.8
    endloop
  endfacet
  facet normal 0.831413 -0.555655 0
    outer loop
      vertex 42.7639 59.3511 0
      vertex 42.5894 59.09 3.8
      vertex 42.5894 59.09 0
    endloop
  endfacet
  facet normal 0.999233 -0.0391669 0
    outer loop
      vertex 42 57 3.8
      vertex 42.0123 57.3138 0
      vertex 42.0123 57.3138 3.8
    endloop
  endfacet
  facet normal 0.999233 -0.0391669 0
    outer loop
      vertex 42.0123 57.3138 0
      vertex 42 57 3.8
      vertex 42 57 0
    endloop
  endfacet
  facet normal 0.619128 -0.78529 0
    outer loop
      vertex 43.4022 60.0416 0
      vertex 43.6489 60.2361 3.8
      vertex 43.4022 60.0416 3.8
    endloop
  endfacet
  facet normal 0.619128 -0.78529 0
    outer loop
      vertex 43.6489 60.2361 3.8
      vertex 43.4022 60.0416 0
      vertex 43.6489 60.2361 0
    endloop
  endfacet
  facet normal 0.678862 -0.734266 0
    outer loop
      vertex 43.1716 59.8284 0
      vertex 43.4022 60.0416 3.8
      vertex 43.1716 59.8284 3.8
    endloop
  endfacet
  facet normal 0.678862 -0.734266 0
    outer loop
      vertex 43.4022 60.0416 3.8
      vertex 43.1716 59.8284 0
      vertex 43.4022 60.0416 0
    endloop
  endfacet
  facet normal -0.999233 0.0391669 0
    outer loop
      vertex 49.9877 56.6862 0
      vertex 50 57 3.8
      vertex 50 57 0
    endloop
  endfacet
  facet normal -0.999233 0.0391669 0
    outer loop
      vertex 50 57 3.8
      vertex 49.9877 56.6862 0
      vertex 49.9877 56.6862 3.8
    endloop
  endfacet
  facet normal -0.117488 0.993074 0
    outer loop
      vertex 46.6257 53.0492 0
      vertex 46.3138 53.0123 3.8
      vertex 46.6257 53.0492 3.8
    endloop
  endfacet
  facet normal -0.117488 0.993074 0
    outer loop
      vertex 46.3138 53.0123 3.8
      vertex 46.6257 53.0492 0
      vertex 46.3138 53.0123 0
    endloop
  endfacet
  facet normal -0.271566 0.96242 0
    outer loop
      vertex 47.2361 53.1958 0
      vertex 46.9338 53.1105 3.8
      vertex 47.2361 53.1958 3.8
    endloop
  endfacet
  facet normal -0.271566 0.96242 0
    outer loop
      vertex 46.9338 53.1105 3.8
      vertex 47.2361 53.1958 0
      vertex 46.9338 53.1105 0
    endloop
  endfacet
  facet normal -0.418594 0.908174 0
    outer loop
      vertex 47.816 53.436 0
      vertex 47.5307 53.3045 3.8
      vertex 47.816 53.436 3.8
    endloop
  endfacet
  facet normal -0.418594 0.908174 0
    outer loop
      vertex 47.5307 53.3045 3.8
      vertex 47.816 53.436 0
      vertex 47.5307 53.3045 0
    endloop
  endfacet
  facet normal -0.619128 0.78529 0
    outer loop
      vertex 48.5978 53.9584 0
      vertex 48.3511 53.7639 3.8
      vertex 48.5978 53.9584 3.8
    endloop
  endfacet
  facet normal -0.619128 0.78529 0
    outer loop
      vertex 48.3511 53.7639 3.8
      vertex 48.5978 53.9584 0
      vertex 48.3511 53.7639 0
    endloop
  endfacet
  facet normal -0.734266 0.678862 0
    outer loop
      vertex 48.8284 54.1716 0
      vertex 49.0416 54.4022 3.8
      vertex 49.0416 54.4022 0
    endloop
  endfacet
  facet normal -0.734266 0.678862 0
    outer loop
      vertex 49.0416 54.4022 3.8
      vertex 48.8284 54.1716 0
      vertex 48.8284 54.1716 3.8
    endloop
  endfacet
  facet normal -0.555655 0.831413 0
    outer loop
      vertex 48.3511 53.7639 0
      vertex 48.09 53.5894 3.8
      vertex 48.3511 53.7639 3.8
    endloop
  endfacet
  facet normal -0.555655 0.831413 0
    outer loop
      vertex 48.09 53.5894 3.8
      vertex 48.3511 53.7639 0
      vertex 48.09 53.5894 0
    endloop
  endfacet
  facet normal -0.831413 0.555655 0
    outer loop
      vertex 49.2361 54.6489 0
      vertex 49.4106 54.91 3.8
      vertex 49.4106 54.91 0
    endloop
  endfacet
  facet normal -0.831413 0.555655 0
    outer loop
      vertex 49.4106 54.91 3.8
      vertex 49.2361 54.6489 0
      vertex 49.2361 54.6489 3.8
    endloop
  endfacet
  facet normal -0.938174 0.346163 0
    outer loop
      vertex 49.6955 55.4693 0
      vertex 49.8042 55.7639 3.8
      vertex 49.8042 55.7639 0
    endloop
  endfacet
  facet normal -0.938174 0.346163 0
    outer loop
      vertex 49.8042 55.7639 3.8
      vertex 49.6955 55.4693 0
      vertex 49.6955 55.4693 3.8
    endloop
  endfacet
  facet normal -0.980776 0.195137 0
    outer loop
      vertex 49.8895 56.0662 0
      vertex 49.9508 56.3743 3.8
      vertex 49.9508 56.3743 0
    endloop
  endfacet
  facet normal -0.980776 0.195137 0
    outer loop
      vertex 49.9508 56.3743 3.8
      vertex 49.8895 56.0662 0
      vertex 49.8895 56.0662 3.8
    endloop
  endfacet
  facet normal -0.96242 0.271566 0
    outer loop
      vertex 49.8042 55.7639 0
      vertex 49.8895 56.0662 3.8
      vertex 49.8895 56.0662 0
    endloop
  endfacet
  facet normal -0.96242 0.271566 0
    outer loop
      vertex 49.8895 56.0662 3.8
      vertex 49.8042 55.7639 0
      vertex 49.8042 55.7639 3.8
    endloop
  endfacet
  facet normal -0.993074 0.117488 0
    outer loop
      vertex 49.9508 56.3743 0
      vertex 49.9877 56.6862 3.8
      vertex 49.9877 56.6862 0
    endloop
  endfacet
  facet normal -0.993074 0.117488 0
    outer loop
      vertex 49.9877 56.6862 3.8
      vertex 49.9508 56.3743 0
      vertex 49.9508 56.3743 3.8
    endloop
  endfacet
  facet normal 0.555655 0.831413 -0
    outer loop
      vertex 43.91 53.5894 0
      vertex 43.6489 53.7639 3.8
      vertex 43.91 53.5894 3.8
    endloop
  endfacet
  facet normal 0.555655 0.831413 0
    outer loop
      vertex 43.6489 53.7639 3.8
      vertex 43.91 53.5894 0
      vertex 43.6489 53.7639 0
    endloop
  endfacet
  facet normal 0.346163 0.938174 -0
    outer loop
      vertex 44.7639 53.1958 0
      vertex 44.4693 53.3045 3.8
      vertex 44.7639 53.1958 3.8
    endloop
  endfacet
  facet normal 0.346163 0.938174 0
    outer loop
      vertex 44.4693 53.3045 3.8
      vertex 44.7639 53.1958 0
      vertex 44.4693 53.3045 0
    endloop
  endfacet
  facet normal 0.195137 0.980776 -0
    outer loop
      vertex 45.3743 53.0492 0
      vertex 45.0662 53.1105 3.8
      vertex 45.3743 53.0492 3.8
    endloop
  endfacet
  facet normal 0.195137 0.980776 0
    outer loop
      vertex 45.0662 53.1105 3.8
      vertex 45.3743 53.0492 0
      vertex 45.0662 53.1105 0
    endloop
  endfacet
  facet normal 0.0391669 0.999233 -0
    outer loop
      vertex 46 53 0
      vertex 45.6862 53.0123 3.8
      vertex 46 53 3.8
    endloop
  endfacet
  facet normal 0.0391669 0.999233 0
    outer loop
      vertex 45.6862 53.0123 3.8
      vertex 46 53 0
      vertex 45.6862 53.0123 0
    endloop
  endfacet
  facet normal 0.831413 0.555655 0
    outer loop
      vertex 42.7639 54.6489 3.8
      vertex 42.5894 54.91 0
      vertex 42.5894 54.91 3.8
    endloop
  endfacet
  facet normal 0.831413 0.555655 0
    outer loop
      vertex 42.5894 54.91 0
      vertex 42.7639 54.6489 3.8
      vertex 42.7639 54.6489 0
    endloop
  endfacet
  facet normal 0.78529 0.619128 0
    outer loop
      vertex 42.9584 54.4022 3.8
      vertex 42.7639 54.6489 0
      vertex 42.7639 54.6489 3.8
    endloop
  endfacet
  facet normal 0.78529 0.619128 0
    outer loop
      vertex 42.7639 54.6489 0
      vertex 42.9584 54.4022 3.8
      vertex 42.9584 54.4022 0
    endloop
  endfacet
  facet normal 0.678862 0.734266 -0
    outer loop
      vertex 43.4022 53.9584 0
      vertex 43.1716 54.1716 3.8
      vertex 43.4022 53.9584 3.8
    endloop
  endfacet
  facet normal 0.678862 0.734266 0
    outer loop
      vertex 43.1716 54.1716 3.8
      vertex 43.4022 53.9584 0
      vertex 43.1716 54.1716 0
    endloop
  endfacet
  facet normal 0.908174 0.418594 0
    outer loop
      vertex 42.436 55.184 3.8
      vertex 42.3045 55.4693 0
      vertex 42.3045 55.4693 3.8
    endloop
  endfacet
  facet normal 0.908174 0.418594 0
    outer loop
      vertex 42.3045 55.4693 0
      vertex 42.436 55.184 3.8
      vertex 42.436 55.184 0
    endloop
  endfacet
  facet normal 0.96242 0.271566 0
    outer loop
      vertex 42.1958 55.7639 3.8
      vertex 42.1105 56.0662 0
      vertex 42.1105 56.0662 3.8
    endloop
  endfacet
  facet normal 0.96242 0.271566 0
    outer loop
      vertex 42.1105 56.0662 0
      vertex 42.1958 55.7639 3.8
      vertex 42.1958 55.7639 0
    endloop
  endfacet
  facet normal 0.993074 0.117488 0
    outer loop
      vertex 42.0492 56.3743 3.8
      vertex 42.0123 56.6862 0
      vertex 42.0123 56.6862 3.8
    endloop
  endfacet
  facet normal 0.993074 0.117488 0
    outer loop
      vertex 42.0123 56.6862 0
      vertex 42.0492 56.3743 3.8
      vertex 42.0492 56.3743 0
    endloop
  endfacet
  facet normal 0.999233 0.0391669 0
    outer loop
      vertex 42.0123 56.6862 3.8
      vertex 42 57 0
      vertex 42 57 3.8
    endloop
  endfacet
  facet normal 0.999233 0.0391669 0
    outer loop
      vertex 42 57 0
      vertex 42.0123 56.6862 3.8
      vertex 42.0123 56.6862 0
    endloop
  endfacet
  facet normal -0.195137 0.980776 0
    outer loop
      vertex 46.9338 53.1105 0
      vertex 46.6257 53.0492 3.8
      vertex 46.9338 53.1105 3.8
    endloop
  endfacet
  facet normal -0.195137 0.980776 0
    outer loop
      vertex 46.6257 53.0492 3.8
      vertex 46.9338 53.1105 0
      vertex 46.6257 53.0492 0
    endloop
  endfacet
  facet normal -0.678862 0.734266 0
    outer loop
      vertex 48.8284 54.1716 0
      vertex 48.5978 53.9584 3.8
      vertex 48.8284 54.1716 3.8
    endloop
  endfacet
  facet normal -0.678862 0.734266 0
    outer loop
      vertex 48.5978 53.9584 3.8
      vertex 48.8284 54.1716 0
      vertex 48.5978 53.9584 0
    endloop
  endfacet
  facet normal -0.87256 0.488506 0
    outer loop
      vertex 49.4106 54.91 0
      vertex 49.564 55.184 3.8
      vertex 49.564 55.184 0
    endloop
  endfacet
  facet normal -0.87256 0.488506 0
    outer loop
      vertex 49.564 55.184 3.8
      vertex 49.4106 54.91 0
      vertex 49.4106 54.91 3.8
    endloop
  endfacet
  facet normal 0.488506 0.87256 -0
    outer loop
      vertex 44.184 53.436 0
      vertex 43.91 53.5894 3.8
      vertex 44.184 53.436 3.8
    endloop
  endfacet
  facet normal 0.488506 0.87256 0
    outer loop
      vertex 43.91 53.5894 3.8
      vertex 44.184 53.436 0
      vertex 43.91 53.5894 0
    endloop
  endfacet
  facet normal -0.0391669 0.999233 0
    outer loop
      vertex 46.3138 53.0123 0
      vertex 46 53 3.8
      vertex 46.3138 53.0123 3.8
    endloop
  endfacet
  facet normal -0.0391669 0.999233 0
    outer loop
      vertex 46 53 3.8
      vertex 46.3138 53.0123 0
      vertex 46 53 0
    endloop
  endfacet
  facet normal 0.734266 0.678862 0
    outer loop
      vertex 43.1716 54.1716 3.8
      vertex 42.9584 54.4022 0
      vertex 42.9584 54.4022 3.8
    endloop
  endfacet
  facet normal 0.734266 0.678862 0
    outer loop
      vertex 42.9584 54.4022 0
      vertex 43.1716 54.1716 3.8
      vertex 43.1716 54.1716 0
    endloop
  endfacet
  facet normal 0.980776 0.195137 0
    outer loop
      vertex 42.1105 56.0662 3.8
      vertex 42.0492 56.3743 0
      vertex 42.0492 56.3743 3.8
    endloop
  endfacet
  facet normal 0.980776 0.195137 0
    outer loop
      vertex 42.0492 56.3743 0
      vertex 42.1105 56.0662 3.8
      vertex 42.1105 56.0662 0
    endloop
  endfacet
  facet normal -0.980744 -0.1953 0
    outer loop
      vertex 47.9852 68.9877 0
      vertex 47.9668 69.0801 3.8
      vertex 47.9668 69.0801 0
    endloop
  endfacet
  facet normal -0.980744 -0.1953 0
    outer loop
      vertex 47.9668 69.0801 3.8
      vertex 47.9852 68.9877 0
      vertex 47.9852 68.9877 3.8
    endloop
  endfacet
  facet normal 0.962677 -0.270653 0
    outer loop
      vertex 44.0332 69.0801 3.8
      vertex 44.0587 69.1708 0
      vertex 44.0587 69.1708 3.8
    endloop
  endfacet
  facet normal 0.962677 -0.270653 0
    outer loop
      vertex 44.0587 69.1708 0
      vertex 44.0332 69.0801 3.8
      vertex 44.0332 69.0801 0
    endloop
  endfacet
  facet normal 1 -0 0
    outer loop
      vertex 44 60.461 3.8
      vertex 44 68.8 0
      vertex 44 68.8 3.8
    endloop
  endfacet
  facet normal 1 0 0
    outer loop
      vertex 44 68.8 0
      vertex 44 60.461 3.8
      vertex 44 60.461 0
    endloop
  endfacet
  facet normal 0.938234 -0.346 0
    outer loop
      vertex 44.0587 69.1708 3.8
      vertex 44.0913 69.2592 0
      vertex 44.0913 69.2592 3.8
    endloop
  endfacet
  facet normal 0.938234 -0.346 0
    outer loop
      vertex 44.0913 69.2592 0
      vertex 44.0587 69.1708 3.8
      vertex 44.0587 69.1708 0
    endloop
  endfacet
  facet normal 0.999228 -0.0392895 0
    outer loop
      vertex 44 68.8 3.8
      vertex 44.0037 68.8941 0
      vertex 44.0037 68.8941 3.8
    endloop
  endfacet
  facet normal 0.999228 -0.0392895 0
    outer loop
      vertex 44.0037 68.8941 0
      vertex 44 68.8 3.8
      vertex 44 68.8 0
    endloop
  endfacet
  facet normal 0.993042 -0.117765 0
    outer loop
      vertex 44.0037 68.8941 3.8
      vertex 44.0148 68.9877 0
      vertex 44.0148 68.9877 3.8
    endloop
  endfacet
  facet normal 0.993042 -0.117765 0
    outer loop
      vertex 44.0148 68.9877 0
      vertex 44.0037 68.8941 3.8
      vertex 44.0037 68.8941 0
    endloop
  endfacet
  facet normal 0.980744 -0.1953 0
    outer loop
      vertex 44.0148 68.9877 3.8
      vertex 44.0332 69.0801 0
      vertex 44.0332 69.0801 3.8
    endloop
  endfacet
  facet normal 0.980744 -0.1953 0
    outer loop
      vertex 44.0332 69.0801 0
      vertex 44.0148 68.9877 3.8
      vertex 44.0148 68.9877 0
    endloop
  endfacet
  facet normal -1 0 0
    outer loop
      vertex 48 60.461 0
      vertex 48 68.8 3.8
      vertex 48 68.8 0
    endloop
  endfacet
  facet normal -1 -0 0
    outer loop
      vertex 48 68.8 3.8
      vertex 48 60.461 0
      vertex 48 60.461 3.8
    endloop
  endfacet
  facet normal -0.999228 -0.0392895 0
    outer loop
      vertex 48 68.8 0
      vertex 47.9963 68.8941 3.8
      vertex 47.9963 68.8941 0
    endloop
  endfacet
  facet normal -0.999228 -0.0392895 0
    outer loop
      vertex 47.9963 68.8941 3.8
      vertex 48 68.8 0
      vertex 48 68.8 3.8
    endloop
  endfacet
  facet normal -0.90799 -0.418991 0
    outer loop
      vertex 47.9087 69.2592 0
      vertex 47.8692 69.3448 3.8
      vertex 47.8692 69.3448 0
    endloop
  endfacet
  facet normal -0.90799 -0.418991 0
    outer loop
      vertex 47.8692 69.3448 3.8
      vertex 47.9087 69.2592 0
      vertex 47.9087 69.2592 3.8
    endloop
  endfacet
  facet normal -0.270653 -0.962677 0
    outer loop
      vertex 47.0801 69.9668 0
      vertex 47.1708 69.9413 3.8
      vertex 47.0801 69.9668 3.8
    endloop
  endfacet
  facet normal -0.270653 -0.962677 -0
    outer loop
      vertex 47.1708 69.9413 3.8
      vertex 47.0801 69.9668 0
      vertex 47.1708 69.9413 0
    endloop
  endfacet
  facet normal -0.872651 -0.488345 0
    outer loop
      vertex 47.8692 69.3448 0
      vertex 47.8232 69.427 3.8
      vertex 47.8232 69.427 0
    endloop
  endfacet
  facet normal -0.872651 -0.488345 0
    outer loop
      vertex 47.8232 69.427 3.8
      vertex 47.8692 69.3448 0
      vertex 47.8692 69.3448 3.8
    endloop
  endfacet
  facet normal 0.270653 -0.962677 0
    outer loop
      vertex 44.8292 69.9413 0
      vertex 44.9199 69.9668 3.8
      vertex 44.8292 69.9413 3.8
    endloop
  endfacet
  facet normal 0.270653 -0.962677 0
    outer loop
      vertex 44.9199 69.9668 3.8
      vertex 44.8292 69.9413 0
      vertex 44.9199 69.9668 0
    endloop
  endfacet
  facet normal 0 -1 0
    outer loop
      vertex 45.2 70 0
      vertex 46.8 70 3.8
      vertex 45.2 70 3.8
    endloop
  endfacet
  facet normal 0 -1 -0
    outer loop
      vertex 46.8 70 3.8
      vertex 45.2 70 0
      vertex 46.8 70 0
    endloop
  endfacet
  facet normal -0.993042 -0.117765 0
    outer loop
      vertex 47.9963 68.8941 0
      vertex 47.9852 68.9877 3.8
      vertex 47.9852 68.9877 0
    endloop
  endfacet
  facet normal -0.993042 -0.117765 0
    outer loop
      vertex 47.9852 68.9877 3.8
      vertex 47.9963 68.8941 0
      vertex 47.9963 68.8941 3.8
    endloop
  endfacet
  facet normal -0.0392895 -0.999228 0
    outer loop
      vertex 46.8 70 0
      vertex 46.8941 69.9963 3.8
      vertex 46.8 70 3.8
    endloop
  endfacet
  facet normal -0.0392895 -0.999228 -0
    outer loop
      vertex 46.8941 69.9963 3.8
      vertex 46.8 70 0
      vertex 46.8941 69.9963 0
    endloop
  endfacet
  facet normal -0.346 -0.938234 0
    outer loop
      vertex 47.1708 69.9413 0
      vertex 47.2592 69.9087 3.8
      vertex 47.1708 69.9413 3.8
    endloop
  endfacet
  facet normal -0.346 -0.938234 -0
    outer loop
      vertex 47.2592 69.9087 3.8
      vertex 47.1708 69.9413 0
      vertex 47.2592 69.9087 0
    endloop
  endfacet
  facet normal 0.734152 -0.678985 0
    outer loop
      vertex 44.2875 69.5793 3.8
      vertex 44.3515 69.6485 0
      vertex 44.3515 69.6485 3.8
    endloop
  endfacet
  facet normal 0.734152 -0.678985 0
    outer loop
      vertex 44.3515 69.6485 0
      vertex 44.2875 69.5793 3.8
      vertex 44.2875 69.5793 0
    endloop
  endfacet
  facet normal -0.418991 -0.90799 0
    outer loop
      vertex 47.2592 69.9087 0
      vertex 47.3448 69.8692 3.8
      vertex 47.2592 69.9087 3.8
    endloop
  endfacet
  facet normal -0.418991 -0.90799 -0
    outer loop
      vertex 47.3448 69.8692 3.8
      vertex 47.2592 69.9087 0
      vertex 47.3448 69.8692 0
    endloop
  endfacet
  facet normal -0.734152 -0.678985 0
    outer loop
      vertex 47.7125 69.5793 0
      vertex 47.6485 69.6485 3.8
      vertex 47.6485 69.6485 0
    endloop
  endfacet
  facet normal -0.734152 -0.678985 0
    outer loop
      vertex 47.6485 69.6485 3.8
      vertex 47.7125 69.5793 0
      vertex 47.7125 69.5793 3.8
    endloop
  endfacet
  facet normal 0.872651 -0.488345 0
    outer loop
      vertex 44.1308 69.3448 3.8
      vertex 44.1768 69.427 0
      vertex 44.1768 69.427 3.8
    endloop
  endfacet
  facet normal 0.872651 -0.488345 0
    outer loop
      vertex 44.1768 69.427 0
      vertex 44.1308 69.3448 3.8
      vertex 44.1308 69.3448 0
    endloop
  endfacet
  facet normal 0.831069 -0.556169 0
    outer loop
      vertex 44.1768 69.427 3.8
      vertex 44.2292 69.5053 0
      vertex 44.2292 69.5053 3.8
    endloop
  endfacet
  facet normal 0.831069 -0.556169 0
    outer loop
      vertex 44.2292 69.5053 0
      vertex 44.1768 69.427 3.8
      vertex 44.1768 69.427 0
    endloop
  endfacet
  facet normal 0.678985 -0.734152 0
    outer loop
      vertex 44.3515 69.6485 0
      vertex 44.4207 69.7125 3.8
      vertex 44.3515 69.6485 3.8
    endloop
  endfacet
  facet normal 0.678985 -0.734152 0
    outer loop
      vertex 44.4207 69.7125 3.8
      vertex 44.3515 69.6485 0
      vertex 44.4207 69.7125 0
    endloop
  endfacet
  facet normal 0.1953 -0.980744 0
    outer loop
      vertex 44.9199 69.9668 0
      vertex 45.0123 69.9852 3.8
      vertex 44.9199 69.9668 3.8
    endloop
  endfacet
  facet normal 0.1953 -0.980744 0
    outer loop
      vertex 45.0123 69.9852 3.8
      vertex 44.9199 69.9668 0
      vertex 45.0123 69.9852 0
    endloop
  endfacet
  facet normal 0.117765 -0.993042 0
    outer loop
      vertex 45.0123 69.9852 0
      vertex 45.1059 69.9963 3.8
      vertex 45.0123 69.9852 3.8
    endloop
  endfacet
  facet normal 0.117765 -0.993042 0
    outer loop
      vertex 45.1059 69.9963 3.8
      vertex 45.0123 69.9852 0
      vertex 45.1059 69.9963 0
    endloop
  endfacet
  facet normal 0.0392895 -0.999228 0
    outer loop
      vertex 45.1059 69.9963 0
      vertex 45.2 70 3.8
      vertex 45.1059 69.9963 3.8
    endloop
  endfacet
  facet normal 0.0392895 -0.999228 0
    outer loop
      vertex 45.2 70 3.8
      vertex 45.1059 69.9963 0
      vertex 45.2 70 0
    endloop
  endfacet
  facet normal -0.785507 -0.618852 0
    outer loop
      vertex 47.7708 69.5053 0
      vertex 47.7125 69.5793 3.8
      vertex 47.7125 69.5793 0
    endloop
  endfacet
  facet normal -0.785507 -0.618852 0
    outer loop
      vertex 47.7125 69.5793 3.8
      vertex 47.7708 69.5053 0
      vertex 47.7708 69.5053 3.8
    endloop
  endfacet
  facet normal -0.556169 -0.831069 0
    outer loop
      vertex 47.427 69.8232 0
      vertex 47.5053 69.7708 3.8
      vertex 47.427 69.8232 3.8
    endloop
  endfacet
  facet normal -0.556169 -0.831069 -0
    outer loop
      vertex 47.5053 69.7708 3.8
      vertex 47.427 69.8232 0
      vertex 47.5053 69.7708 0
    endloop
  endfacet
  facet normal -0.117765 -0.993042 0
    outer loop
      vertex 46.8941 69.9963 0
      vertex 46.9877 69.9852 3.8
      vertex 46.8941 69.9963 3.8
    endloop
  endfacet
  facet normal -0.117765 -0.993042 -0
    outer loop
      vertex 46.9877 69.9852 3.8
      vertex 46.8941 69.9963 0
      vertex 46.9877 69.9852 0
    endloop
  endfacet
  facet normal -0.1953 -0.980744 0
    outer loop
      vertex 46.9877 69.9852 0
      vertex 47.0801 69.9668 3.8
      vertex 46.9877 69.9852 3.8
    endloop
  endfacet
  facet normal -0.1953 -0.980744 -0
    outer loop
      vertex 47.0801 69.9668 3.8
      vertex 46.9877 69.9852 0
      vertex 47.0801 69.9668 0
    endloop
  endfacet
  facet normal -0.678985 -0.734152 0
    outer loop
      vertex 47.5793 69.7125 0
      vertex 47.6485 69.6485 3.8
      vertex 47.5793 69.7125 3.8
    endloop
  endfacet
  facet normal -0.678985 -0.734152 -0
    outer loop
      vertex 47.6485 69.6485 3.8
      vertex 47.5793 69.7125 0
      vertex 47.6485 69.6485 0
    endloop
  endfacet
  facet normal 0.90799 -0.418991 0
    outer loop
      vertex 44.0913 69.2592 3.8
      vertex 44.1308 69.3448 0
      vertex 44.1308 69.3448 3.8
    endloop
  endfacet
  facet normal 0.90799 -0.418991 0
    outer loop
      vertex 44.1308 69.3448 0
      vertex 44.0913 69.2592 3.8
      vertex 44.0913 69.2592 0
    endloop
  endfacet
  facet normal 0.785507 -0.618852 0
    outer loop
      vertex 44.2292 69.5053 3.8
      vertex 44.2875 69.5793 0
      vertex 44.2875 69.5793 3.8
    endloop
  endfacet
  facet normal 0.785507 -0.618852 0
    outer loop
      vertex 44.2875 69.5793 0
      vertex 44.2292 69.5053 3.8
      vertex 44.2292 69.5053 0
    endloop
  endfacet
  facet normal 0.488345 -0.872651 0
    outer loop
      vertex 44.573 69.8232 0
      vertex 44.6552 69.8692 3.8
      vertex 44.573 69.8232 3.8
    endloop
  endfacet
  facet normal 0.488345 -0.872651 0
    outer loop
      vertex 44.6552 69.8692 3.8
      vertex 44.573 69.8232 0
      vertex 44.6552 69.8692 0
    endloop
  endfacet
  facet normal -0.831069 -0.556169 0
    outer loop
      vertex 47.8232 69.427 0
      vertex 47.7708 69.5053 3.8
      vertex 47.7708 69.5053 0
    endloop
  endfacet
  facet normal -0.831069 -0.556169 0
    outer loop
      vertex 47.7708 69.5053 3.8
      vertex 47.8232 69.427 0
      vertex 47.8232 69.427 3.8
    endloop
  endfacet
  facet normal -0.938234 -0.346 0
    outer loop
      vertex 47.9413 69.1708 0
      vertex 47.9087 69.2592 3.8
      vertex 47.9087 69.2592 0
    endloop
  endfacet
  facet normal -0.938234 -0.346 0
    outer loop
      vertex 47.9087 69.2592 3.8
      vertex 47.9413 69.1708 0
      vertex 47.9413 69.1708 3.8
    endloop
  endfacet
  facet normal -0.962677 -0.270653 0
    outer loop
      vertex 47.9668 69.0801 0
      vertex 47.9413 69.1708 3.8
      vertex 47.9413 69.1708 0
    endloop
  endfacet
  facet normal -0.962677 -0.270653 0
    outer loop
      vertex 47.9413 69.1708 3.8
      vertex 47.9668 69.0801 0
      vertex 47.9668 69.0801 3.8
    endloop
  endfacet
  facet normal -0.488345 -0.872651 0
    outer loop
      vertex 47.3448 69.8692 0
      vertex 47.427 69.8232 3.8
      vertex 47.3448 69.8692 3.8
    endloop
  endfacet
  facet normal -0.488345 -0.872651 -0
    outer loop
      vertex 47.427 69.8232 3.8
      vertex 47.3448 69.8692 0
      vertex 47.427 69.8232 0
    endloop
  endfacet
  facet normal -0.618852 -0.785507 0
    outer loop
      vertex 47.5053 69.7708 0
      vertex 47.5793 69.7125 3.8
      vertex 47.5053 69.7708 3.8
    endloop
  endfacet
  facet normal -0.618852 -0.785507 -0
    outer loop
      vertex 47.5793 69.7125 3.8
      vertex 47.5053 69.7708 0
      vertex 47.5793 69.7125 0
    endloop
  endfacet
  facet normal 0.418991 -0.90799 0
    outer loop
      vertex 44.6552 69.8692 0
      vertex 44.7408 69.9087 3.8
      vertex 44.6552 69.8692 3.8
    endloop
  endfacet
  facet normal 0.418991 -0.90799 0
    outer loop
      vertex 44.7408 69.9087 3.8
      vertex 44.6552 69.8692 0
      vertex 44.7408 69.9087 0
    endloop
  endfacet
  facet normal 0.346 -0.938234 0
    outer loop
      vertex 44.7408 69.9087 0
      vertex 44.8292 69.9413 3.8
      vertex 44.7408 69.9087 3.8
    endloop
  endfacet
  facet normal 0.346 -0.938234 0
    outer loop
      vertex 44.8292 69.9413 3.8
      vertex 44.7408 69.9087 0
      vertex 44.8292 69.9413 0
    endloop
  endfacet
  facet normal 0.618852 -0.785507 0
    outer loop
      vertex 44.4207 69.7125 0
      vertex 44.4947 69.7708 3.8
      vertex 44.4207 69.7125 3.8
    endloop
  endfacet
  facet normal 0.618852 -0.785507 0
    outer loop
      vertex 44.4947 69.7708 3.8
      vertex 44.4207 69.7125 0
      vertex 44.4947 69.7708 0
    endloop
  endfacet
  facet normal 0.556169 -0.831069 0
    outer loop
      vertex 44.4947 69.7708 0
      vertex 44.573 69.8232 3.8
      vertex 44.4947 69.7708 3.8
    endloop
  endfacet
  facet normal 0.556169 -0.831069 0
    outer loop
      vertex 44.573 69.8232 3.8
      vertex 44.4947 69.7708 0
      vertex 44.573 69.8232 0
    endloop
  endfacet
  facet normal -0 0 1
    outer loop
      vertex 9.97417 81.8594 3.8
      vertex 42.3045 58.5307 3.8
      vertex 10.0607 81.9393 3.8
    endloop
  endfacet
  facet normal 0 0 1
    outer loop
      vertex 42.1958 55.7639 3.8
      vertex 10.4954 9.11769 3.8
      vertex 10.5 9 3.8
    endloop
  endfacet
  facet normal 0 0 1
    outer loop
      vertex 42.3045 58.5307 3.8
      vertex 9.97417 81.8594 3.8
      vertex 42.1958 58.2361 3.8
    endloop
  endfacet
  facet normal 0 0 1
    outer loop
      vertex 42.1958 55.7639 3.8
      vertex 10.4815 9.23465 3.8
      vertex 10.4954 9.11769 3.8
    endloop
  endfacet
  facet normal -0 0 1
    outer loop
      vertex 9.88168 81.7865 3.8
      vertex 42.1958 58.2361 3.8
      vertex 9.97417 81.8594 3.8
    endloop
  endfacet
  facet normal 0 0 1
    outer loop
      vertex 42.1958 55.7639 3.8
      vertex 10.4586 9.35017 3.8
      vertex 10.4815 9.23465 3.8
    endloop
  endfacet
  facet normal 0 0 1
    outer loop
      vertex 42.1958 58.2361 3.8
      vertex 9.88168 81.7865 3.8
      vertex 42.1105 57.9338 3.8
    endloop
  endfacet
  facet normal 0 0 1
    outer loop
      vertex 42.1958 55.7639 3.8
      vertex 10.4266 9.46352 3.8
      vertex 10.4586 9.35017 3.8
    endloop
  endfacet
  facet normal -0 0 1
    outer loop
      vertex 9.78375 81.721 3.8
      vertex 42.1105 57.9338 3.8
      vertex 9.88168 81.7865 3.8
    endloop
  endfacet
  facet normal 0 0 1
    outer loop
      vertex 42.1958 55.7639 3.8
      vertex 10.3858 9.57402 3.8
      vertex 10.4266 9.46352 3.8
    endloop
  endfacet
  facet normal -0 0 1
    outer loop
      vertex 9.68099 81.6635 3.8
      vertex 42.1105 57.9338 3.8
      vertex 9.78375 81.721 3.8
    endloop
  endfacet
  facet normal 0 0 1
    outer loop
      vertex 42.1958 55.7639 3.8
      vertex 10.3365 9.68099 3.8
      vertex 10.3858 9.57402 3.8
    endloop
  endfacet
  facet normal 0 0 1
    outer loop
      vertex 42.1105 57.9338 3.8
      vertex 9.68099 81.6635 3.8
      vertex 42.0492 57.6257 3.8
    endloop
  endfacet
  facet normal 0 0 1
    outer loop
      vertex 42.1958 55.7639 3.8
      vertex 10.279 9.78375 3.8
      vertex 10.3365 9.68099 3.8
    endloop
  endfacet
  facet normal -0 0 1
    outer loop
      vertex 9.57402 81.6142 3.8
      vertex 42.0492 57.6257 3.8
      vertex 9.68099 81.6635 3.8
    endloop
  endfacet
  facet normal 0 0 1
    outer loop
      vertex 42.1958 55.7639 3.8
      vertex 10.2135 9.88168 3.8
      vertex 10.279 9.78375 3.8
    endloop
  endfacet
  facet normal 0 0 1
    outer loop
      vertex 42.0492 57.6257 3.8
      vertex 9.57402 81.6142 3.8
      vertex 42.0123 57.3138 3.8
    endloop
  endfacet
  facet normal 0 0 1
    outer loop
      vertex 42.1958 55.7639 3.8
      vertex 10.1406 9.97417 3.8
      vertex 10.2135 9.88168 3.8
    endloop
  endfacet
  facet normal -0 0 1
    outer loop
      vertex 9.46352 81.5734 3.8
      vertex 42.0123 57.3138 3.8
      vertex 9.57402 81.6142 3.8
    endloop
  endfacet
  facet normal 0 0 1
    outer loop
      vertex 42.1958 55.7639 3.8
      vertex 10.0607 10.0607 3.8
      vertex 10.1406 9.97417 3.8
    endloop
  endfacet
  facet normal 0 0 1
    outer loop
      vertex 42.0123 57.3138 3.8
      vertex 9.46352 81.5734 3.8
      vertex 42 57 3.8
    endloop
  endfacet
  facet normal 0 0 1
    outer loop
      vertex 42.1958 55.7639 3.8
      vertex 9.97417 10.1406 3.8
      vertex 10.0607 10.0607 3.8
    endloop
  endfacet
  facet normal -0 0 1
    outer loop
      vertex 9.35017 81.5414 3.8
      vertex 42 57 3.8
      vertex 9.46352 81.5734 3.8
    endloop
  endfacet
  facet normal 0 0 1
    outer loop
      vertex 42.1958 55.7639 3.8
      vertex 9.88168 10.2135 3.8
      vertex 9.97417 10.1406 3.8
    endloop
  endfacet
  facet normal 0 0 1
    outer loop
      vertex 42 57 3.8
      vertex 9.35017 81.5414 3.8
      vertex 42.0123 56.6862 3.8
    endloop
  endfacet
  facet normal 0 0 1
    outer loop
      vertex 42.1958 55.7639 3.8
      vertex 9.78375 10.279 3.8
      vertex 9.88168 10.2135 3.8
    endloop
  endfacet
  facet normal -0 0 1
    outer loop
      vertex 9.23465 81.5185 3.8
      vertex 42.0123 56.6862 3.8
      vertex 9.35017 81.5414 3.8
    endloop
  endfacet
  facet normal 0 0 1
    outer loop
      vertex 42.1958 55.7639 3.8
      vertex 9.68099 10.3365 3.8
      vertex 9.78375 10.279 3.8
    endloop
  endfacet
  facet normal 0 0 1
    outer loop
      vertex 42.0123 56.6862 3.8
      vertex 9.23465 81.5185 3.8
      vertex 42.0492 56.3743 3.8
    endloop
  endfacet
  facet normal 0 0 1
    outer loop
      vertex 42.1958 55.7639 3.8
      vertex 9.57402 10.3858 3.8
      vertex 9.68099 10.3365 3.8
    endloop
  endfacet
  facet normal -0 0 1
    outer loop
      vertex 9.11769 81.5046 3.8
      vertex 42.0492 56.3743 3.8
      vertex 9.23465 81.5185 3.8
    endloop
  endfacet
  facet normal 0 0 1
    outer loop
      vertex 42.1958 55.7639 3.8
      vertex 9.46352 10.4266 3.8
      vertex 9.57402 10.3858 3.8
    endloop
  endfacet
  facet normal 0 0 1
    outer loop
      vertex 42.0492 56.3743 3.8
      vertex 9.11769 81.5046 3.8
      vertex 42.1105 56.0662 3.8
    endloop
  endfacet
  facet normal 0 0 1
    outer loop
      vertex 42.1958 55.7639 3.8
      vertex 9.35017 10.4586 3.8
      vertex 9.46352 10.4266 3.8
    endloop
  endfacet
  facet normal -0 0 1
    outer loop
      vertex 9 81.5 3.8
      vertex 42.1105 56.0662 3.8
      vertex 9.11769 81.5046 3.8
    endloop
  endfacet
  facet normal 0 0 1
    outer loop
      vertex 42.1958 55.7639 3.8
      vertex 9.23465 10.4815 3.8
      vertex 9.35017 10.4586 3.8
    endloop
  endfacet
  facet normal 0 0 1
    outer loop
      vertex 42.1105 56.0662 3.8
      vertex 9 81.5 3.8
      vertex 42.1958 55.7639 3.8
    endloop
  endfacet
  facet normal 0 0 1
    outer loop
      vertex 42.1958 55.7639 3.8
      vertex 9.11769 10.4954 3.8
      vertex 9.23465 10.4815 3.8
    endloop
  endfacet
  facet normal 0 0 1
    outer loop
      vertex 9 10.5 3.8
      vertex 42.1958 55.7639 3.8
      vertex 9 81.5 3.8
    endloop
  endfacet
  facet normal 0 0 1
    outer loop
      vertex 42.1958 55.7639 3.8
      vertex 9 10.5 3.8
      vertex 9.11769 10.4954 3.8
    endloop
  endfacet
  facet normal 0 0 1
    outer loop
      vertex 8.88231 81.5046 3.8
      vertex 9 10.5 3.8
      vertex 9 81.5 3.8
    endloop
  endfacet
  facet normal 0 0 1
    outer loop
      vertex 8.88231 81.5046 3.8
      vertex 8.88231 10.4954 3.8
      vertex 9 10.5 3.8
    endloop
  endfacet
  facet normal 0 0 1
    outer loop
      vertex 8.76535 81.5185 3.8
      vertex 8.88231 10.4954 3.8
      vertex 8.88231 81.5046 3.8
    endloop
  endfacet
  facet normal 0 0 1
    outer loop
      vertex 8.76535 81.5185 3.8
      vertex 8.76535 10.4815 3.8
      vertex 8.88231 10.4954 3.8
    endloop
  endfacet
  facet normal 0 0 1
    outer loop
      vertex 8.64983 81.5414 3.8
      vertex 8.76535 10.4815 3.8
      vertex 8.76535 81.5185 3.8
    endloop
  endfacet
  facet normal 0 0 1
    outer loop
      vertex 8.64983 81.5414 3.8
      vertex 8.64983 10.4586 3.8
      vertex 8.76535 10.4815 3.8
    endloop
  endfacet
  facet normal 0 0 1
    outer loop
      vertex 8.53647 81.5734 3.8
      vertex 8.64983 10.4586 3.8
      vertex 8.64983 81.5414 3.8
    endloop
  endfacet
  facet normal 0 0 1
    outer loop
      vertex 8.53647 81.5734 3.8
      vertex 8.53647 10.4266 3.8
      vertex 8.64983 10.4586 3.8
    endloop
  endfacet
  facet normal 0 0 1
    outer loop
      vertex 8.42597 81.6142 3.8
      vertex 8.53647 10.4266 3.8
      vertex 8.53647 81.5734 3.8
    endloop
  endfacet
  facet normal 0 0 1
    outer loop
      vertex 8.42597 81.6142 3.8
      vertex 8.42597 10.3858 3.8
      vertex 8.53647 10.4266 3.8
    endloop
  endfacet
  facet normal 0 0 1
    outer loop
      vertex 8.31901 81.6635 3.8
      vertex 8.42597 10.3858 3.8
      vertex 8.42597 81.6142 3.8
    endloop
  endfacet
  facet normal 0 0 1
    outer loop
      vertex 8.31901 81.6635 3.8
      vertex 8.31901 10.3365 3.8
      vertex 8.42597 10.3858 3.8
    endloop
  endfacet
  facet normal 0 0 1
    outer loop
      vertex 8.21625 81.721 3.8
      vertex 8.31901 10.3365 3.8
      vertex 8.31901 81.6635 3.8
    endloop
  endfacet
  facet normal 0 0 1
    outer loop
      vertex 8.21625 81.721 3.8
      vertex 8.21625 10.279 3.8
      vertex 8.31901 10.3365 3.8
    endloop
  endfacet
  facet normal 0 0 1
    outer loop
      vertex 8.11832 81.7865 3.8
      vertex 8.21625 10.279 3.8
      vertex 8.21625 81.721 3.8
    endloop
  endfacet
  facet normal 0 0 1
    outer loop
      vertex 8.11832 81.7865 3.8
      vertex 8.11832 10.2135 3.8
      vertex 8.21625 10.279 3.8
    endloop
  endfacet
  facet normal 0 0 1
    outer loop
      vertex 8.02583 81.8594 3.8
      vertex 8.11832 10.2135 3.8
      vertex 8.11832 81.7865 3.8
    endloop
  endfacet
  facet normal 0 0 1
    outer loop
      vertex 8.02583 81.8594 3.8
      vertex 8.02583 10.1406 3.8
      vertex 8.11832 10.2135 3.8
    endloop
  endfacet
  facet normal 0 0 1
    outer loop
      vertex 8 81.8833 3.8
      vertex 8.02583 10.1406 3.8
      vertex 8.02583 81.8594 3.8
    endloop
  endfacet
  facet normal 0 0 1
    outer loop
      vertex 8.02583 10.1406 3.8
      vertex 8 81.8833 3.8
      vertex 8 10.1167 3.8
    endloop
  endfacet
  facet normal -0 0 1
    outer loop
      vertex 48.3511 53.7639 3.8
      vertex 82.1183 10.2135 3.8
      vertex 48.5978 53.9584 3.8
    endloop
  endfacet
  facet normal 0 0 1
    outer loop
      vertex 47.6485 69.6485 3.8
      vertex 81.5 83 3.8
      vertex 81.5046 83.1177 3.8
    endloop
  endfacet
  facet normal 0 0 1
    outer loop
      vertex 47.5793 69.7125 3.8
      vertex 81.5046 83.1177 3.8
      vertex 81.5185 83.2346 3.8
    endloop
  endfacet
  facet normal 0 0 1
    outer loop
      vertex 47.5053 69.7708 3.8
      vertex 81.5185 83.2346 3.8
      vertex 81.5414 83.3502 3.8
    endloop
  endfacet
  facet normal 0 0 1
    outer loop
      vertex 47.427 69.8232 3.8
      vertex 81.5414 83.3502 3.8
      vertex 81.5734 83.4635 3.8
    endloop
  endfacet
  facet normal 0 0 1
    outer loop
      vertex 47.3448 69.8692 3.8
      vertex 81.5734 83.4635 3.8
      vertex 81.6142 83.574 3.8
    endloop
  endfacet
  facet normal 0 0 1
    outer loop
      vertex 47.2592 69.9087 3.8
      vertex 81.6142 83.574 3.8
      vertex 81.6635 83.681 3.8
    endloop
  endfacet
  facet normal 0 0 1
    outer loop
      vertex 47.1708 69.9413 3.8
      vertex 81.6635 83.681 3.8
      vertex 81.721 83.7837 3.8
    endloop
  endfacet
  facet normal 0 0 1
    outer loop
      vertex 47.0801 69.9668 3.8
      vertex 81.721 83.7837 3.8
      vertex 81.7865 83.8817 3.8
    endloop
  endfacet
  facet normal 0 0 1
    outer loop
      vertex 46.9877 69.9852 3.8
      vertex 81.7865 83.8817 3.8
      vertex 81.8594 83.9742 3.8
    endloop
  endfacet
  facet normal 0 0 1
    outer loop
      vertex 46.8941 69.9963 3.8
      vertex 81.8594 83.9742 3.8
      vertex 81.8833 84 3.8
    endloop
  endfacet
  facet normal 0 0 1
    outer loop
      vertex 81.5046 82.8823 3.8
      vertex 49.9877 57.3138 3.8
      vertex 50 57 3.8
    endloop
  endfacet
  facet normal 0 0 1
    outer loop
      vertex 81.5046 82.8823 3.8
      vertex 49.9508 57.6257 3.8
      vertex 49.9877 57.3138 3.8
    endloop
  endfacet
  facet normal 0 0 1
    outer loop
      vertex 81.5046 82.8823 3.8
      vertex 49.8895 57.9338 3.8
      vertex 49.9508 57.6257 3.8
    endloop
  endfacet
  facet normal 0 0 1
    outer loop
      vertex 81.5046 82.8823 3.8
      vertex 49.8042 58.2361 3.8
      vertex 49.8895 57.9338 3.8
    endloop
  endfacet
  facet normal 0 0 1
    outer loop
      vertex 81.5046 82.8823 3.8
      vertex 49.6955 58.5307 3.8
      vertex 49.8042 58.2361 3.8
    endloop
  endfacet
  facet normal 0 0 1
    outer loop
      vertex 81.5046 82.8823 3.8
      vertex 48 68.8 3.8
      vertex 49.6955 58.5307 3.8
    endloop
  endfacet
  facet normal 0 0 1
    outer loop
      vertex 49.6955 58.5307 3.8
      vertex 48 68.8 3.8
      vertex 49.564 58.816 3.8
    endloop
  endfacet
  facet normal 0 0 1
    outer loop
      vertex 49.564 58.816 3.8
      vertex 48 68.8 3.8
      vertex 49.4106 59.09 3.8
    endloop
  endfacet
  facet normal 0 0 1
    outer loop
      vertex 49.4106 59.09 3.8
      vertex 48 68.8 3.8
      vertex 49.2361 59.3511 3.8
    endloop
  endfacet
  facet normal 0 0 1
    outer loop
      vertex 49.2361 59.3511 3.8
      vertex 48 68.8 3.8
      vertex 49.0416 59.5978 3.8
    endloop
  endfacet
  facet normal 0 0 1
    outer loop
      vertex 49.0416 59.5978 3.8
      vertex 48 68.8 3.8
      vertex 48.8284 59.8284 3.8
    endloop
  endfacet
  facet normal 0 0 1
    outer loop
      vertex 48.8284 59.8284 3.8
      vertex 48 68.8 3.8
      vertex 48.5978 60.0416 3.8
    endloop
  endfacet
  facet normal 0 0 1
    outer loop
      vertex 48.5978 60.0416 3.8
      vertex 48 68.8 3.8
      vertex 48.3511 60.2361 3.8
    endloop
  endfacet
  facet normal 0 0 1
    outer loop
      vertex 48.3511 60.2361 3.8
      vertex 48 68.8 3.8
      vertex 48.09 60.4106 3.8
    endloop
  endfacet
  facet normal 0 0 1
    outer loop
      vertex 81.5046 82.8823 3.8
      vertex 47.9963 68.8941 3.8
      vertex 48 68.8 3.8
    endloop
  endfacet
  facet normal 0 0 1
    outer loop
      vertex 81.5046 82.8823 3.8
      vertex 47.9852 68.9877 3.8
      vertex 47.9963 68.8941 3.8
    endloop
  endfacet
  facet normal 0 0 1
    outer loop
      vertex 81.5046 82.8823 3.8
      vertex 47.9668 69.0801 3.8
      vertex 47.9852 68.9877 3.8
    endloop
  endfacet
  facet normal 0 0 1
    outer loop
      vertex 81.5046 82.8823 3.8
      vertex 47.9413 69.1708 3.8
      vertex 47.9668 69.0801 3.8
    endloop
  endfacet
  facet normal 0 0 1
    outer loop
      vertex 81.5046 82.8823 3.8
      vertex 47.9087 69.2592 3.8
      vertex 47.9413 69.1708 3.8
    endloop
  endfacet
  facet normal 0 0 1
    outer loop
      vertex 81.5046 82.8823 3.8
      vertex 47.8692 69.3448 3.8
      vertex 47.9087 69.2592 3.8
    endloop
  endfacet
  facet normal 0 0 1
    outer loop
      vertex 81.5046 82.8823 3.8
      vertex 47.8232 69.427 3.8
      vertex 47.8692 69.3448 3.8
    endloop
  endfacet
  facet normal 0 0 1
    outer loop
      vertex 81.5046 82.8823 3.8
      vertex 47.7708 69.5053 3.8
      vertex 47.8232 69.427 3.8
    endloop
  endfacet
  facet normal 0 0 1
    outer loop
      vertex 81.5046 82.8823 3.8
      vertex 47.7125 69.5793 3.8
      vertex 47.7708 69.5053 3.8
    endloop
  endfacet
  facet normal 0 0 1
    outer loop
      vertex 81.5 83 3.8
      vertex 47.6485 69.6485 3.8
      vertex 47.7125 69.5793 3.8
    endloop
  endfacet
  facet normal 0 0 1
    outer loop
      vertex 81.5046 83.1177 3.8
      vertex 47.5793 69.7125 3.8
      vertex 47.6485 69.6485 3.8
    endloop
  endfacet
  facet normal 0 0 1
    outer loop
      vertex 81.5185 83.2346 3.8
      vertex 47.5053 69.7708 3.8
      vertex 47.5793 69.7125 3.8
    endloop
  endfacet
  facet normal 0 0 1
    outer loop
      vertex 81.5414 83.3502 3.8
      vertex 47.427 69.8232 3.8
      vertex 47.5053 69.7708 3.8
    endloop
  endfacet
  facet normal 0 0 1
    outer loop
      vertex 81.5734 83.4635 3.8
      vertex 47.3448 69.8692 3.8
      vertex 47.427 69.8232 3.8
    endloop
  endfacet
  facet normal 0 0 1
    outer loop
      vertex 81.6142 83.574 3.8
      vertex 47.2592 69.9087 3.8
      vertex 47.3448 69.8692 3.8
    endloop
  endfacet
  facet normal 0 0 1
    outer loop
      vertex 81.6635 83.681 3.8
      vertex 47.1708 69.9413 3.8
      vertex 47.2592 69.9087 3.8
    endloop
  endfacet
  facet normal 0 0 1
    outer loop
      vertex 81.721 83.7837 3.8
      vertex 47.0801 69.9668 3.8
      vertex 47.1708 69.9413 3.8
    endloop
  endfacet
  facet normal 0 0 1
    outer loop
      vertex 81.7865 83.8817 3.8
      vertex 46.9877 69.9852 3.8
      vertex 47.0801 69.9668 3.8
    endloop
  endfacet
  facet normal 0 0 1
    outer loop
      vertex 81.8594 83.9742 3.8
      vertex 46.8941 69.9963 3.8
      vertex 46.9877 69.9852 3.8
    endloop
  endfacet
  facet normal 0 0 1
    outer loop
      vertex 81.8833 84 3.8
      vertex 46.8 70 3.8
      vertex 46.8941 69.9963 3.8
    endloop
  endfacet
  facet normal 0 0 1
    outer loop
      vertex 81.8833 84 3.8
      vertex 45.2 70 3.8
      vertex 46.8 70 3.8
    endloop
  endfacet
  facet normal -0 0 1
    outer loop
      vertex 10.1167 84 3.8
      vertex 45.2 70 3.8
      vertex 81.8833 84 3.8
    endloop
  endfacet
  facet normal 0 0 1
    outer loop
      vertex 45.2 70 3.8
      vertex 10.1167 84 3.8
      vertex 45.1059 69.9963 3.8
    endloop
  endfacet
  facet normal -0 -0 1
    outer loop
      vertex 10.1406 83.9742 3.8
      vertex 45.1059 69.9963 3.8
      vertex 10.1167 84 3.8
    endloop
  endfacet
  facet normal 0 0 1
    outer loop
      vertex 45.1059 69.9963 3.8
      vertex 10.1406 83.9742 3.8
      vertex 45.0123 69.9852 3.8
    endloop
  endfacet
  facet normal -0 -0 1
    outer loop
      vertex 10.2135 83.8817 3.8
      vertex 45.0123 69.9852 3.8
      vertex 10.1406 83.9742 3.8
    endloop
  endfacet
  facet normal 0 0 1
    outer loop
      vertex 44 68.8 3.8
      vertex 43.91 60.4106 3.8
      vertex 44 60.461 3.8
    endloop
  endfacet
  facet normal 0 0 1
    outer loop
      vertex 44 68.8 3.8
      vertex 43.6489 60.2361 3.8
      vertex 43.91 60.4106 3.8
    endloop
  endfacet
  facet normal -0 0 1
    outer loop
      vertex 10.3858 82.426 3.8
      vertex 44.0913 69.2592 3.8
      vertex 10.4266 82.5365 3.8
    endloop
  endfacet
  facet normal 0 0 1
    outer loop
      vertex 44 68.8 3.8
      vertex 43.4022 60.0416 3.8
      vertex 43.6489 60.2361 3.8
    endloop
  endfacet
  facet normal 0 0 1
    outer loop
      vertex 44 68.8 3.8
      vertex 43.1716 59.8284 3.8
      vertex 43.4022 60.0416 3.8
    endloop
  endfacet
  facet normal 0 0 1
    outer loop
      vertex 44 68.8 3.8
      vertex 42.9584 59.5978 3.8
      vertex 43.1716 59.8284 3.8
    endloop
  endfacet
  facet normal 0 0 1
    outer loop
      vertex 44 68.8 3.8
      vertex 42.7639 59.3511 3.8
      vertex 42.9584 59.5978 3.8
    endloop
  endfacet
  facet normal 0 0 1
    outer loop
      vertex 44.1308 69.3448 3.8
      vertex 10.4266 82.5365 3.8
      vertex 44.0913 69.2592 3.8
    endloop
  endfacet
  facet normal 0 0 1
    outer loop
      vertex 44 68.8 3.8
      vertex 42.5894 59.09 3.8
      vertex 42.7639 59.3511 3.8
    endloop
  endfacet
  facet normal 0 0 1
    outer loop
      vertex 44 68.8 3.8
      vertex 42.436 58.816 3.8
      vertex 42.5894 59.09 3.8
    endloop
  endfacet
  facet normal 0 0 1
    outer loop
      vertex 44 68.8 3.8
      vertex 42.3045 58.5307 3.8
      vertex 42.436 58.816 3.8
    endloop
  endfacet
  facet normal 0 0 1
    outer loop
      vertex 44.0913 69.2592 3.8
      vertex 10.3858 82.426 3.8
      vertex 44.0587 69.1708 3.8
    endloop
  endfacet
  facet normal -0 0 1
    outer loop
      vertex 10.3365 82.319 3.8
      vertex 44.0587 69.1708 3.8
      vertex 10.3858 82.426 3.8
    endloop
  endfacet
  facet normal 0 0 1
    outer loop
      vertex 44.0587 69.1708 3.8
      vertex 10.3365 82.319 3.8
      vertex 44.0332 69.0801 3.8
    endloop
  endfacet
  facet normal -0 0 1
    outer loop
      vertex 10.2135 82.1183 3.8
      vertex 44.0148 68.9877 3.8
      vertex 10.279 82.2162 3.8
    endloop
  endfacet
  facet normal 0 0 1
    outer loop
      vertex 44.0332 69.0801 3.8
      vertex 10.279 82.2162 3.8
      vertex 44.0148 68.9877 3.8
    endloop
  endfacet
  facet normal -0 0 1
    outer loop
      vertex 10.279 82.2162 3.8
      vertex 44.0332 69.0801 3.8
      vertex 10.3365 82.319 3.8
    endloop
  endfacet
  facet normal -0 0 1
    outer loop
      vertex 10.4266 82.5365 3.8
      vertex 44.1308 69.3448 3.8
      vertex 10.4586 82.6498 3.8
    endloop
  endfacet
  facet normal 0 0 1
    outer loop
      vertex 44.1768 69.427 3.8
      vertex 10.4586 82.6498 3.8
      vertex 44.1308 69.3448 3.8
    endloop
  endfacet
  facet normal -0 0 1
    outer loop
      vertex 10.4586 82.6498 3.8
      vertex 44.1768 69.427 3.8
      vertex 10.4815 82.7654 3.8
    endloop
  endfacet
  facet normal 0 0 1
    outer loop
      vertex 44.2292 69.5053 3.8
      vertex 10.4815 82.7654 3.8
      vertex 44.1768 69.427 3.8
    endloop
  endfacet
  facet normal -0 0 1
    outer loop
      vertex 10.4815 82.7654 3.8
      vertex 44.2292 69.5053 3.8
      vertex 10.4954 82.8823 3.8
    endloop
  endfacet
  facet normal 0 0 1
    outer loop
      vertex 44.2875 69.5793 3.8
      vertex 10.4954 82.8823 3.8
      vertex 44.2292 69.5053 3.8
    endloop
  endfacet
  facet normal -0 0 1
    outer loop
      vertex 10.4954 82.8823 3.8
      vertex 44.2875 69.5793 3.8
      vertex 10.5 83 3.8
    endloop
  endfacet
  facet normal 0 0 1
    outer loop
      vertex 44.3515 69.6485 3.8
      vertex 10.5 83 3.8
      vertex 44.2875 69.5793 3.8
    endloop
  endfacet
  facet normal 0 0 1
    outer loop
      vertex 10.4954 83.1177 3.8
      vertex 44.3515 69.6485 3.8
      vertex 44.4207 69.7125 3.8
    endloop
  endfacet
  facet normal 0 0 1
    outer loop
      vertex 10.4815 83.2346 3.8
      vertex 44.4207 69.7125 3.8
      vertex 44.4947 69.7708 3.8
    endloop
  endfacet
  facet normal 0 0 1
    outer loop
      vertex 10.4586 83.3502 3.8
      vertex 44.4947 69.7708 3.8
      vertex 44.573 69.8232 3.8
    endloop
  endfacet
  facet normal 0 0 1
    outer loop
      vertex 10.4266 83.4635 3.8
      vertex 44.573 69.8232 3.8
      vertex 44.6552 69.8692 3.8
    endloop
  endfacet
  facet normal 0 0 1
    outer loop
      vertex 10.3858 83.574 3.8
      vertex 44.6552 69.8692 3.8
      vertex 44.7408 69.9087 3.8
    endloop
  endfacet
  facet normal 0 0 1
    outer loop
      vertex 45.0123 69.9852 3.8
      vertex 10.2135 83.8817 3.8
      vertex 44.9199 69.9668 3.8
    endloop
  endfacet
  facet normal 0 0 1
    outer loop
      vertex 44.3515 69.6485 3.8
      vertex 10.4954 83.1177 3.8
      vertex 10.5 83 3.8
    endloop
  endfacet
  facet normal 0 0 1
    outer loop
      vertex 44.4207 69.7125 3.8
      vertex 10.4815 83.2346 3.8
      vertex 10.4954 83.1177 3.8
    endloop
  endfacet
  facet normal 0 0 1
    outer loop
      vertex 44.4947 69.7708 3.8
      vertex 10.4586 83.3502 3.8
      vertex 10.4815 83.2346 3.8
    endloop
  endfacet
  facet normal 0 0 1
    outer loop
      vertex 44.573 69.8232 3.8
      vertex 10.4266 83.4635 3.8
      vertex 10.4586 83.3502 3.8
    endloop
  endfacet
  facet normal 0 0 1
    outer loop
      vertex 44.6552 69.8692 3.8
      vertex 10.3858 83.574 3.8
      vertex 10.4266 83.4635 3.8
    endloop
  endfacet
  facet normal 0 0 1
    outer loop
      vertex 44.7408 69.9087 3.8
      vertex 10.3365 83.681 3.8
      vertex 10.3858 83.574 3.8
    endloop
  endfacet
  facet normal 0 0 1
    outer loop
      vertex 44.8292 69.9413 3.8
      vertex 10.3365 83.681 3.8
      vertex 44.7408 69.9087 3.8
    endloop
  endfacet
  facet normal -0 -0 1
    outer loop
      vertex 10.3365 83.681 3.8
      vertex 44.8292 69.9413 3.8
      vertex 10.279 83.7837 3.8
    endloop
  endfacet
  facet normal 0 0 1
    outer loop
      vertex 44.9199 69.9668 3.8
      vertex 10.279 83.7837 3.8
      vertex 44.8292 69.9413 3.8
    endloop
  endfacet
  facet normal -0 -0 1
    outer loop
      vertex 10.279 83.7837 3.8
      vertex 44.9199 69.9668 3.8
      vertex 10.2135 83.8817 3.8
    endloop
  endfacet
  facet normal -0 0 1
    outer loop
      vertex 83.9742 81.8594 3.8
      vertex 84 10.1167 3.8
      vertex 84 81.8833 3.8
    endloop
  endfacet
  facet normal 0 0 1
    outer loop
      vertex 83.9742 81.8594 3.8
      vertex 83.9742 10.1406 3.8
      vertex 84 10.1167 3.8
    endloop
  endfacet
  facet normal -0 0 1
    outer loop
      vertex 83.8817 81.7865 3.8
      vertex 83.9742 10.1406 3.8
      vertex 83.9742 81.8594 3.8
    endloop
  endfacet
  facet normal 0 0 1
    outer loop
      vertex 83.8817 81.7865 3.8
      vertex 83.8817 10.2135 3.8
      vertex 83.9742 10.1406 3.8
    endloop
  endfacet
  facet normal -0 0 1
    outer loop
      vertex 83.7837 81.721 3.8
      vertex 83.8817 10.2135 3.8
      vertex 83.8817 81.7865 3.8
    endloop
  endfacet
  facet normal 0 0 1
    outer loop
      vertex 83.7837 81.721 3.8
      vertex 83.7837 10.279 3.8
      vertex 83.8817 10.2135 3.8
    endloop
  endfacet
  facet normal -0 0 1
    outer loop
      vertex 83.681 81.6635 3.8
      vertex 83.7837 10.279 3.8
      vertex 83.7837 81.721 3.8
    endloop
  endfacet
  facet normal 0 0 1
    outer loop
      vertex 83.681 81.6635 3.8
      vertex 83.681 10.3365 3.8
      vertex 83.7837 10.279 3.8
    endloop
  endfacet
  facet normal -0 0 1
    outer loop
      vertex 83.574 81.6142 3.8
      vertex 83.681 10.3365 3.8
      vertex 83.681 81.6635 3.8
    endloop
  endfacet
  facet normal 0 0 1
    outer loop
      vertex 83.574 81.6142 3.8
      vertex 83.574 10.3858 3.8
      vertex 83.681 10.3365 3.8
    endloop
  endfacet
  facet normal -0 0 1
    outer loop
      vertex 83.4635 81.5734 3.8
      vertex 83.574 10.3858 3.8
      vertex 83.574 81.6142 3.8
    endloop
  endfacet
  facet normal 0 0 1
    outer loop
      vertex 83.4635 81.5734 3.8
      vertex 83.4635 10.4266 3.8
      vertex 83.574 10.3858 3.8
    endloop
  endfacet
  facet normal -0 0 1
    outer loop
      vertex 83.3502 81.5414 3.8
      vertex 83.4635 10.4266 3.8
      vertex 83.4635 81.5734 3.8
    endloop
  endfacet
  facet normal 0 0 1
    outer loop
      vertex 83.3502 81.5414 3.8
      vertex 83.3502 10.4586 3.8
      vertex 83.4635 10.4266 3.8
    endloop
  endfacet
  facet normal -0 0 1
    outer loop
      vertex 83.2346 81.5185 3.8
      vertex 83.3502 10.4586 3.8
      vertex 83.3502 81.5414 3.8
    endloop
  endfacet
  facet normal 0 0 1
    outer loop
      vertex 83.2346 81.5185 3.8
      vertex 83.2346 10.4815 3.8
      vertex 83.3502 10.4586 3.8
    endloop
  endfacet
  facet normal -0 0 1
    outer loop
      vertex 83.1177 81.5046 3.8
      vertex 83.2346 10.4815 3.8
      vertex 83.2346 81.5185 3.8
    endloop
  endfacet
  facet normal 0 0 1
    outer loop
      vertex 83.1177 81.5046 3.8
      vertex 83.1177 10.4954 3.8
      vertex 83.2346 10.4815 3.8
    endloop
  endfacet
  facet normal -0 0 1
    outer loop
      vertex 83 81.5 3.8
      vertex 83.1177 10.4954 3.8
      vertex 83.1177 81.5046 3.8
    endloop
  endfacet
  facet normal 0 0 1
    outer loop
      vertex 83 81.5 3.8
      vertex 83 10.5 3.8
      vertex 83.1177 10.4954 3.8
    endloop
  endfacet
  facet normal 0 0 1
    outer loop
      vertex 49.9508 56.3743 3.8
      vertex 82.7654 81.5185 3.8
      vertex 49.9877 56.6862 3.8
    endloop
  endfacet
  facet normal 0 0 1
    outer loop
      vertex 82.7654 81.5185 3.8
      vertex 49.9508 56.3743 3.8
      vertex 82.8823 81.5046 3.8
    endloop
  endfacet
  facet normal 0 0 1
    outer loop
      vertex 82.6498 81.5414 3.8
      vertex 49.9877 56.6862 3.8
      vertex 82.7654 81.5185 3.8
    endloop
  endfacet
  facet normal 0 0 1
    outer loop
      vertex 49.8895 56.0662 3.8
      vertex 82.8823 81.5046 3.8
      vertex 49.9508 56.3743 3.8
    endloop
  endfacet
  facet normal 0 0 1
    outer loop
      vertex 49.9877 56.6862 3.8
      vertex 82.6498 81.5414 3.8
      vertex 50 57 3.8
    endloop
  endfacet
  facet normal 0 0 1
    outer loop
      vertex 82.8823 81.5046 3.8
      vertex 49.8895 56.0662 3.8
      vertex 83 81.5 3.8
    endloop
  endfacet
  facet normal 0 0 1
    outer loop
      vertex 50 57 3.8
      vertex 82.6498 81.5414 3.8
      vertex 82.5365 81.5734 3.8
    endloop
  endfacet
  facet normal 0 0 1
    outer loop
      vertex 83 81.5 3.8
      vertex 49.8895 56.0662 3.8
      vertex 83 10.5 3.8
    endloop
  endfacet
  facet normal 0 0 1
    outer loop
      vertex 50 57 3.8
      vertex 82.5365 81.5734 3.8
      vertex 82.426 81.6142 3.8
    endloop
  endfacet
  facet normal -0 0 1
    outer loop
      vertex 49.8042 55.7639 3.8
      vertex 83 10.5 3.8
      vertex 49.8895 56.0662 3.8
    endloop
  endfacet
  facet normal 0 0 1
    outer loop
      vertex 50 57 3.8
      vertex 82.426 81.6142 3.8
      vertex 82.319 81.6635 3.8
    endloop
  endfacet
  facet normal 0 0 1
    outer loop
      vertex 83 10.5 3.8
      vertex 49.8042 55.7639 3.8
      vertex 82.8823 10.4954 3.8
    endloop
  endfacet
  facet normal 0 0 1
    outer loop
      vertex 50 57 3.8
      vertex 82.319 81.6635 3.8
      vertex 82.2162 81.721 3.8
    endloop
  endfacet
  facet normal -0 0 1
    outer loop
      vertex 49.6955 55.4693 3.8
      vertex 82.8823 10.4954 3.8
      vertex 49.8042 55.7639 3.8
    endloop
  endfacet
  facet normal 0 0 1
    outer loop
      vertex 50 57 3.8
      vertex 82.2162 81.721 3.8
      vertex 82.1183 81.7865 3.8
    endloop
  endfacet
  facet normal 0 0 1
    outer loop
      vertex 82.8823 10.4954 3.8
      vertex 49.6955 55.4693 3.8
      vertex 82.7654 10.4815 3.8
    endloop
  endfacet
  facet normal 0 0 1
    outer loop
      vertex 50 57 3.8
      vertex 82.1183 81.7865 3.8
      vertex 82.0258 81.8594 3.8
    endloop
  endfacet
  facet normal -0 0 1
    outer loop
      vertex 49.564 55.184 3.8
      vertex 82.7654 10.4815 3.8
      vertex 49.6955 55.4693 3.8
    endloop
  endfacet
  facet normal 0 0 1
    outer loop
      vertex 50 57 3.8
      vertex 82.0258 81.8594 3.8
      vertex 81.9393 81.9393 3.8
    endloop
  endfacet
  facet normal 0 0 1
    outer loop
      vertex 82.7654 10.4815 3.8
      vertex 49.564 55.184 3.8
      vertex 82.6498 10.4586 3.8
    endloop
  endfacet
  facet normal 0 0 1
    outer loop
      vertex 50 57 3.8
      vertex 81.9393 81.9393 3.8
      vertex 81.8594 82.0258 3.8
    endloop
  endfacet
  facet normal -0 0 1
    outer loop
      vertex 49.4106 54.91 3.8
      vertex 82.6498 10.4586 3.8
      vertex 49.564 55.184 3.8
    endloop
  endfacet
  facet normal 0 0 1
    outer loop
      vertex 50 57 3.8
      vertex 81.8594 82.0258 3.8
      vertex 81.7865 82.1183 3.8
    endloop
  endfacet
  facet normal 0 0 1
    outer loop
      vertex 82.6498 10.4586 3.8
      vertex 49.4106 54.91 3.8
      vertex 82.5365 10.4266 3.8
    endloop
  endfacet
  facet normal 0 0 1
    outer loop
      vertex 50 57 3.8
      vertex 81.7865 82.1183 3.8
      vertex 81.721 82.2162 3.8
    endloop
  endfacet
  facet normal -0 0 1
    outer loop
      vertex 49.2361 54.6489 3.8
      vertex 82.5365 10.4266 3.8
      vertex 49.4106 54.91 3.8
    endloop
  endfacet
  facet normal 0 0 1
    outer loop
      vertex 50 57 3.8
      vertex 81.721 82.2162 3.8
      vertex 81.6635 82.319 3.8
    endloop
  endfacet
  facet normal 0 0 1
    outer loop
      vertex 82.5365 10.4266 3.8
      vertex 49.2361 54.6489 3.8
      vertex 82.426 10.3858 3.8
    endloop
  endfacet
  facet normal 0 0 1
    outer loop
      vertex 50 57 3.8
      vertex 81.6635 82.319 3.8
      vertex 81.6142 82.426 3.8
    endloop
  endfacet
  facet normal -0 0 1
    outer loop
      vertex 49.0416 54.4022 3.8
      vertex 82.426 10.3858 3.8
      vertex 49.2361 54.6489 3.8
    endloop
  endfacet
  facet normal 0 0 1
    outer loop
      vertex 50 57 3.8
      vertex 81.6142 82.426 3.8
      vertex 81.5734 82.5365 3.8
    endloop
  endfacet
  facet normal 0 0 1
    outer loop
      vertex 82.426 10.3858 3.8
      vertex 49.0416 54.4022 3.8
      vertex 82.319 10.3365 3.8
    endloop
  endfacet
  facet normal 0 0 1
    outer loop
      vertex 50 57 3.8
      vertex 81.5734 82.5365 3.8
      vertex 81.5414 82.6498 3.8
    endloop
  endfacet
  facet normal -0 0 1
    outer loop
      vertex 48.8284 54.1716 3.8
      vertex 82.319 10.3365 3.8
      vertex 49.0416 54.4022 3.8
    endloop
  endfacet
  facet normal 0 0 1
    outer loop
      vertex 50 57 3.8
      vertex 81.5414 82.6498 3.8
      vertex 81.5185 82.7654 3.8
    endloop
  endfacet
  facet normal 0 0 1
    outer loop
      vertex 82.319 10.3365 3.8
      vertex 48.8284 54.1716 3.8
      vertex 82.2162 10.279 3.8
    endloop
  endfacet
  facet normal 0 0 1
    outer loop
      vertex 50 57 3.8
      vertex 81.5185 82.7654 3.8
      vertex 81.5046 82.8823 3.8
    endloop
  endfacet
  facet normal -0 0 1
    outer loop
      vertex 48.5978 53.9584 3.8
      vertex 82.2162 10.279 3.8
      vertex 48.8284 54.1716 3.8
    endloop
  endfacet
  facet normal 0 0 1
    outer loop
      vertex 47.7125 69.5793 3.8
      vertex 81.5046 82.8823 3.8
      vertex 81.5 83 3.8
    endloop
  endfacet
  facet normal 0 0 1
    outer loop
      vertex 82.2162 10.279 3.8
      vertex 48.5978 53.9584 3.8
      vertex 82.1183 10.2135 3.8
    endloop
  endfacet
  facet normal 0 0 1
    outer loop
      vertex 82.1183 10.2135 3.8
      vertex 48.3511 53.7639 3.8
      vertex 82.0258 10.1406 3.8
    endloop
  endfacet
  facet normal -0 0 1
    outer loop
      vertex 48.09 53.5894 3.8
      vertex 82.0258 10.1406 3.8
      vertex 48.3511 53.7639 3.8
    endloop
  endfacet
  facet normal 0 0 1
    outer loop
      vertex 82.0258 10.1406 3.8
      vertex 48.09 53.5894 3.8
      vertex 81.9393 10.0607 3.8
    endloop
  endfacet
  facet normal 0 0 1
    outer loop
      vertex 81.9393 10.0607 3.8
      vertex 48.09 53.5894 3.8
      vertex 81.8594 9.97417 3.8
    endloop
  endfacet
  facet normal -0 0 1
    outer loop
      vertex 47.816 53.436 3.8
      vertex 81.8594 9.97417 3.8
      vertex 48.09 53.5894 3.8
    endloop
  endfacet
  facet normal 0 0 1
    outer loop
      vertex 81.8594 9.97417 3.8
      vertex 47.816 53.436 3.8
      vertex 81.7865 9.88168 3.8
    endloop
  endfacet
  facet normal -0 0 1
    outer loop
      vertex 47.5307 53.3045 3.8
      vertex 81.7865 9.88168 3.8
      vertex 47.816 53.436 3.8
    endloop
  endfacet
  facet normal 0 0 1
    outer loop
      vertex 81.7865 9.88168 3.8
      vertex 47.5307 53.3045 3.8
      vertex 81.721 9.78375 3.8
    endloop
  endfacet
  facet normal -0 0 1
    outer loop
      vertex 47.2361 53.1958 3.8
      vertex 81.721 9.78375 3.8
      vertex 47.5307 53.3045 3.8
    endloop
  endfacet
  facet normal 0 0 1
    outer loop
      vertex 81.721 9.78375 3.8
      vertex 47.2361 53.1958 3.8
      vertex 81.6635 9.68099 3.8
    endloop
  endfacet
  facet normal -0 0 1
    outer loop
      vertex 46.9338 53.1105 3.8
      vertex 81.6635 9.68099 3.8
      vertex 47.2361 53.1958 3.8
    endloop
  endfacet
  facet normal 0 0 1
    outer loop
      vertex 81.6635 9.68099 3.8
      vertex 46.9338 53.1105 3.8
      vertex 81.6142 9.57402 3.8
    endloop
  endfacet
  facet normal -0 0 1
    outer loop
      vertex 46.6257 53.0492 3.8
      vertex 81.6142 9.57402 3.8
      vertex 46.9338 53.1105 3.8
    endloop
  endfacet
  facet normal 0 0 1
    outer loop
      vertex 81.6142 9.57402 3.8
      vertex 46.6257 53.0492 3.8
      vertex 81.5734 9.46352 3.8
    endloop
  endfacet
  facet normal -0 0 1
    outer loop
      vertex 46.3138 53.0123 3.8
      vertex 81.5734 9.46352 3.8
      vertex 46.6257 53.0492 3.8
    endloop
  endfacet
  facet normal 0 0 1
    outer loop
      vertex 81.5734 9.46352 3.8
      vertex 46.3138 53.0123 3.8
      vertex 81.5414 9.35017 3.8
    endloop
  endfacet
  facet normal -0 0 1
    outer loop
      vertex 46 53 3.8
      vertex 81.5414 9.35017 3.8
      vertex 46.3138 53.0123 3.8
    endloop
  endfacet
  facet normal 0 0 1
    outer loop
      vertex 81.5414 9.35017 3.8
      vertex 46 53 3.8
      vertex 81.5185 9.23465 3.8
    endloop
  endfacet
  facet normal 0 0 1
    outer loop
      vertex 10.5 9 3.8
      vertex 81.5185 9.23465 3.8
      vertex 46 53 3.8
    endloop
  endfacet
  facet normal 0 0 1
    outer loop
      vertex 81.5185 9.23465 3.8
      vertex 10.5 9 3.8
      vertex 81.5046 9.11769 3.8
    endloop
  endfacet
  facet normal 0 0 1
    outer loop
      vertex 81.5046 9.11769 3.8
      vertex 10.5 9 3.8
      vertex 81.5 9 3.8
    endloop
  endfacet
  facet normal 0 0 1
    outer loop
      vertex 81.5 9 3.8
      vertex 10.5 9 3.8
      vertex 81.5046 8.88231 3.8
    endloop
  endfacet
  facet normal 0 0 1
    outer loop
      vertex 10.4954 8.88231 3.8
      vertex 81.5046 8.88231 3.8
      vertex 10.5 9 3.8
    endloop
  endfacet
  facet normal 0 0 1
    outer loop
      vertex 81.5046 8.88231 3.8
      vertex 10.4954 8.88231 3.8
      vertex 81.5185 8.76535 3.8
    endloop
  endfacet
  facet normal 0 0 1
    outer loop
      vertex 10.4815 8.76535 3.8
      vertex 81.5185 8.76535 3.8
      vertex 10.4954 8.88231 3.8
    endloop
  endfacet
  facet normal 0 0 1
    outer loop
      vertex 81.5185 8.76535 3.8
      vertex 10.4815 8.76535 3.8
      vertex 81.5414 8.64983 3.8
    endloop
  endfacet
  facet normal 0 0 1
    outer loop
      vertex 10.4586 8.64983 3.8
      vertex 81.5414 8.64983 3.8
      vertex 10.4815 8.76535 3.8
    endloop
  endfacet
  facet normal 0 0 1
    outer loop
      vertex 81.5414 8.64983 3.8
      vertex 10.4586 8.64983 3.8
      vertex 81.5734 8.53647 3.8
    endloop
  endfacet
  facet normal 0 0 1
    outer loop
      vertex 10.4266 8.53647 3.8
      vertex 81.5734 8.53647 3.8
      vertex 10.4586 8.64983 3.8
    endloop
  endfacet
  facet normal 0 0 1
    outer loop
      vertex 10.5 9 3.8
      vertex 46 53 3.8
      vertex 45.6862 53.0123 3.8
    endloop
  endfacet
  facet normal 0 0 1
    outer loop
      vertex 10.5 9 3.8
      vertex 45.6862 53.0123 3.8
      vertex 45.3743 53.0492 3.8
    endloop
  endfacet
  facet normal 0 0 1
    outer loop
      vertex 10.5 9 3.8
      vertex 45.3743 53.0492 3.8
      vertex 45.0662 53.1105 3.8
    endloop
  endfacet
  facet normal 0 0 1
    outer loop
      vertex 10.5 9 3.8
      vertex 45.0662 53.1105 3.8
      vertex 44.7639 53.1958 3.8
    endloop
  endfacet
  facet normal 0 0 1
    outer loop
      vertex 10.5 9 3.8
      vertex 44.7639 53.1958 3.8
      vertex 44.4693 53.3045 3.8
    endloop
  endfacet
  facet normal 0 0 1
    outer loop
      vertex 10.5 9 3.8
      vertex 44.4693 53.3045 3.8
      vertex 44.184 53.436 3.8
    endloop
  endfacet
  facet normal 0 0 1
    outer loop
      vertex 10.5 9 3.8
      vertex 44.184 53.436 3.8
      vertex 43.91 53.5894 3.8
    endloop
  endfacet
  facet normal 0 0 1
    outer loop
      vertex 10.5 9 3.8
      vertex 43.91 53.5894 3.8
      vertex 43.6489 53.7639 3.8
    endloop
  endfacet
  facet normal 0 0 1
    outer loop
      vertex 10.5 9 3.8
      vertex 43.6489 53.7639 3.8
      vertex 43.4022 53.9584 3.8
    endloop
  endfacet
  facet normal 0 0 1
    outer loop
      vertex 10.5 9 3.8
      vertex 43.4022 53.9584 3.8
      vertex 43.1716 54.1716 3.8
    endloop
  endfacet
  facet normal 0 0 1
    outer loop
      vertex 10.5 9 3.8
      vertex 43.1716 54.1716 3.8
      vertex 42.9584 54.4022 3.8
    endloop
  endfacet
  facet normal 0 0 1
    outer loop
      vertex 44.0148 68.9877 3.8
      vertex 10.2135 82.1183 3.8
      vertex 44.0037 68.8941 3.8
    endloop
  endfacet
  facet normal -0 0 1
    outer loop
      vertex 10.1406 82.0258 3.8
      vertex 44.0037 68.8941 3.8
      vertex 10.2135 82.1183 3.8
    endloop
  endfacet
  facet normal 0 0 1
    outer loop
      vertex 44.0037 68.8941 3.8
      vertex 10.1406 82.0258 3.8
      vertex 44 68.8 3.8
    endloop
  endfacet
  facet normal -0 0 1
    outer loop
      vertex 10.0607 81.9393 3.8
      vertex 44 68.8 3.8
      vertex 10.1406 82.0258 3.8
    endloop
  endfacet
  facet normal 0 0 1
    outer loop
      vertex 44 68.8 3.8
      vertex 10.0607 81.9393 3.8
      vertex 42.3045 58.5307 3.8
    endloop
  endfacet
  facet normal 0 0 1
    outer loop
      vertex 42.1958 55.7639 3.8
      vertex 10.5 9 3.8
      vertex 42.3045 55.4693 3.8
    endloop
  endfacet
  facet normal 0 0 1
    outer loop
      vertex 42.3045 55.4693 3.8
      vertex 10.5 9 3.8
      vertex 42.436 55.184 3.8
    endloop
  endfacet
  facet normal 0 0 1
    outer loop
      vertex 42.436 55.184 3.8
      vertex 10.5 9 3.8
      vertex 42.5894 54.91 3.8
    endloop
  endfacet
  facet normal 0 0 1
    outer loop
      vertex 42.5894 54.91 3.8
      vertex 10.5 9 3.8
      vertex 42.7639 54.6489 3.8
    endloop
  endfacet
  facet normal 0 0 1
    outer loop
      vertex 42.7639 54.6489 3.8
      vertex 10.5 9 3.8
      vertex 42.9584 54.4022 3.8
    endloop
  endfacet
  facet normal 0 0 1
    outer loop
      vertex 81.5734 8.53647 3.8
      vertex 10.4266 8.53647 3.8
      vertex 81.6142 8.42597 3.8
    endloop
  endfacet
  facet normal 0 0 1
    outer loop
      vertex 10.3858 8.42597 3.8
      vertex 81.6142 8.42597 3.8
      vertex 10.4266 8.53647 3.8
    endloop
  endfacet
  facet normal 0 0 1
    outer loop
      vertex 81.6142 8.42597 3.8
      vertex 10.3858 8.42597 3.8
      vertex 81.6635 8.31901 3.8
    endloop
  endfacet
  facet normal 0 0 1
    outer loop
      vertex 10.3365 8.31901 3.8
      vertex 81.6635 8.31901 3.8
      vertex 10.3858 8.42597 3.8
    endloop
  endfacet
  facet normal 0 0 1
    outer loop
      vertex 81.6635 8.31901 3.8
      vertex 10.3365 8.31901 3.8
      vertex 81.721 8.21625 3.8
    endloop
  endfacet
  facet normal 0 0 1
    outer loop
      vertex 10.279 8.21625 3.8
      vertex 81.721 8.21625 3.8
      vertex 10.3365 8.31901 3.8
    endloop
  endfacet
  facet normal 0 0 1
    outer loop
      vertex 81.721 8.21625 3.8
      vertex 10.279 8.21625 3.8
      vertex 81.7865 8.11832 3.8
    endloop
  endfacet
  facet normal 0 0 1
    outer loop
      vertex 10.2135 8.11832 3.8
      vertex 81.7865 8.11832 3.8
      vertex 10.279 8.21625 3.8
    endloop
  endfacet
  facet normal 0 0 1
    outer loop
      vertex 81.7865 8.11832 3.8
      vertex 10.2135 8.11832 3.8
      vertex 81.8594 8.02583 3.8
    endloop
  endfacet
  facet normal 0 0 1
    outer loop
      vertex 10.1406 8.02583 3.8
      vertex 81.8594 8.02583 3.8
      vertex 10.2135 8.11832 3.8
    endloop
  endfacet
  facet normal 0 0 1
    outer loop
      vertex 81.8594 8.02583 3.8
      vertex 10.1406 8.02583 3.8
      vertex 81.8833 8 3.8
    endloop
  endfacet
  facet normal 0 0 1
    outer loop
      vertex 81.8833 8 3.8
      vertex 10.1406 8.02583 3.8
      vertex 10.1167 8 3.8
    endloop
  endfacet
  facet normal 0 0 1
    outer loop
      vertex 48.09 60.4106 3.8
      vertex 48 68.8 3.8
      vertex 48 60.461 3.8
    endloop
  endfacet
  facet normal 1 -0 0
    outer loop
      vertex 8 10.1167 5
      vertex 8 81.8833 3.8
      vertex 8 81.8833 5
    endloop
  endfacet
  facet normal 1 0 0
    outer loop
      vertex 8 81.8833 3.8
      vertex 8 10.1167 5
      vertex 8 10.1167 3.8
    endloop
  endfacet
  facet normal 0 -1 0
    outer loop
      vertex 10.1167 84 3.8
      vertex 81.8833 84 5
      vertex 10.1167 84 5
    endloop
  endfacet
  facet normal 0 -1 -0
    outer loop
      vertex 81.8833 84 5
      vertex 10.1167 84 3.8
      vertex 81.8833 84 3.8
    endloop
  endfacet
  facet normal -1 0 0
    outer loop
      vertex 84 10.1167 3.8
      vertex 84 81.8833 5
      vertex 84 81.8833 3.8
    endloop
  endfacet
  facet normal -1 -0 0
    outer loop
      vertex 84 81.8833 5
      vertex 84 10.1167 3.8
      vertex 84 10.1167 5
    endloop
  endfacet
  facet normal 0 1 -0
    outer loop
      vertex 81.8833 8 3.8
      vertex 10.1167 8 5
      vertex 81.8833 8 5
    endloop
  endfacet
  facet normal 0 1 0
    outer loop
      vertex 10.1167 8 5
      vertex 81.8833 8 3.8
      vertex 10.1167 8 3.8
    endloop
  endfacet
endsolid OpenSCAD_Model
